date,weekday,hour,category,title,title_len,likes,comments,body_chars,images,headings,self_links,url
2026-09-21,Mon,6,"'데미안'의 단상, 생각",작가는 불을 건네는 사람이다: 아이디어와 영감의 공유,29,80,9,2382,1,0,0,https://blog.naver.com/jklovelike/224418264248
2026-09-21,Mon,6,수능/수능공부법/합격수기,2026년 세종대학교 정시등급 입결 정리 (세종대 정시 수능 백분위 상위 70%컷),46,38,0,2152,1,1,0,https://blog.naver.com/jklovelike/224418256303
2026-09-20,Sun,21,"'데미안'의 단상, 생각",48시간 목소리를 잃었던 날 - 갑자기 목소리가 나오지 않았다,34,157,40,,,,,https://blog.naver.com/jklovelike/224417991416
2026-09-20,Sun,15,'데미안'의 자기혁신,갓생 사는 사람들에게는 세 가지가 있다,21,191,17,,,,,https://blog.naver.com/jklovelike/224417758199
2026-09-20,Sun,7,"'데미안'의 단상, 생각","'시간이 약이다' 정말일까? (feat.시간이 약이 되는 사람, 그렇지 않은 사람)",46,140,11,853,0,0,0,https://blog.naver.com/jklovelike/224417488739
2026-09-20,Sun,6,'데미안'의 수능 칼럼 ,오늘 수능 디데이 60일이다. 60일 수능 역전의 비밀과 기적은 바로 이거다! (feat.막판 역전하는 법),60,112,5,3036,13,4,4,https://blog.naver.com/jklovelike/224417469433
2026-09-20,Sun,5,수능/수능공부법/합격수기,"서울대 정시 합격생이 말하는 ""수험생 때 명심했던 것들"" + 서울대 합격 수기",43,67,4,2837,3,10,2,https://blog.naver.com/jklovelike/224417451527
2026-09-19,Sat,22,지성과 사랑,"'생각의 힘'에 관한 명언 10선, 인생과 마음을 바꾸는 좋은 글귀",37,123,8,,,,,https://blog.naver.com/jklovelike/224417258829
2026-09-19,Sat,18,블로그 성장/노하우/팁,4년 가까이 블로그를 꾸준히 하면서 얻은 6가지 장점,29,186,14,,,,,https://blog.naver.com/jklovelike/224417136399
2026-09-19,Sat,16,"'데미안'의 단상, 생각",못해도 되니 우선 시작해 보자,16,165,13,,,,,https://blog.naver.com/jklovelike/224417038717
2026-09-19,Sat,6,"'데미안'의 단상, 생각",성공한다고 불안이 사라지는 것은 아니다. 자신을 잃지 않는 능력이 중요하다,41,132,8,,,,,https://blog.naver.com/jklovelike/224416690068
2026-09-19,Sat,6,수능/수능공부법/합격수기,성적이 무조건 오르는 사고방식 (feat.공부를 많이 하는데 성적이 안 오르는 이유),47,90,2,1116,3,0,0,https://blog.naver.com/jklovelike/224416679743
2026-09-19,Sat,5,수능/수능공부법/합격수기,2026년 한국외국어대학교 정시등급 (한국외대 정시 입결 정리 - 수능 상위 백분위 70%컷),52,60,0,2545,1,0,0,https://blog.naver.com/jklovelike/224416673794
2026-09-18,Fri,22,Na,목소리를 다 써버린 하루,13,130,21,318,0,0,0,https://blog.naver.com/jklovelike/224416497028
2026-09-18,Fri,5,"'데미안'의 단상, 생각",나이가 들어도 냉소적인 사람이 되지 말자,22,176,12,,,,,https://blog.naver.com/jklovelike/224415571101
2026-09-17,Thu,20,'데미안'의 수능 칼럼 ,공부에서 의외로 과소평가되는 세 가지 (feat.수능 공부법),34,124,4,464,1,4,0,https://blog.naver.com/jklovelike/224415266280
2026-09-17,Thu,16,'데미안'의 자기혁신,골목대장이 되는 것 또한 하나의 전략이다 (feat.작은 시장에서 1등이 되는 니치 전략),50,143,9,,,,,https://blog.naver.com/jklovelike/224415045468
2026-09-17,Thu,5,지성과 사랑,더욱 넓은 지붕을 펼쳐 너의 세계를 넓혀가라 (올리버 웬델 홈즈 - 앵무조개),43,135,5,,,,,https://blog.naver.com/jklovelike/224414421262
2026-09-16,Wed,21,"'데미안'의 단상, 생각",<시대를 초월해 한 사람을 만날 수 있다면?> 공생애 직전의 인간 예수를 만나고 싶다 (feat.함께쓰요일),60,166,18,,,,,https://blog.naver.com/jklovelike/224414143584
2026-09-16,Wed,16,'데미안'의 자기혁신,내가 생각하는 '끌어당김의 법칙' (2),22,159,9,,,,,https://blog.naver.com/jklovelike/224413895659
2026-09-16,Wed,6,"'데미안'의 단상, 생각","불안에 너무 많은 의미를 부여하지 말자, 성숙해질수록 모든 감정을 믿지 않게 된다",45,182,6,,,,,https://blog.naver.com/jklovelike/224413241922
2026-09-16,Wed,5,수능/수능공부법/합격수기,의외로 수능 성적을 끌어올리는 세 가지 공부 방법,27,138,3,2087,6,1,1,https://blog.naver.com/jklovelike/224413229284
2026-09-16,Wed,4,수능/수능공부법/합격수기,2026년 동국대 정시등급 입시결과 (동국대학교 수능 백분위 상위 70%컷 정시 입결),48,67,0,2880,1,2,1,https://blog.naver.com/jklovelike/224413213295
2026-09-15,Tue,21,으쌰으쌰+블로그는 마술이다,내일 함께쓰요일 주제는  <시대를 초월해 한 사람을 만날 수 있다면?>입니다. 같은 주제로 함께 써 봐요,58,141,11,,,,,https://blog.naver.com/jklovelike/224412938659
2026-09-15,Tue,19,'데미안'의 수능 칼럼 ,"""선생님, 저 머리가 안 좋은가 봐요?"" ㅡ ""아니다. 네 문제는 바로 반복하지 않는 거야"" (feat.수능 수학 공부와 반복 복습)",74,104,4,2482,49,0,3,https://blog.naver.com/jklovelike/224412847390
2026-09-15,Tue,18,수능/수능공부법/합격수기,공부량으로만 본 1980년대와 현재 대학 입학 난이도와 경쟁 비교,36,101,5,1228,6,0,0,https://blog.naver.com/jklovelike/224412744972
2026-09-15,Tue,17,"'데미안'의 단상, 생각",창작의 목적은 자아의 표출이다,16,158,7,,,,,https://blog.naver.com/jklovelike/224412669645
2026-09-15,Tue,6,블로그 성장/노하우/팁,내 블로그는 이제 시작이다!,15,193,22,,,,,https://blog.naver.com/jklovelike/224412000033
2026-09-15,Tue,5,수능/수능공부법/합격수기,2026년 가천대 정시등급 입결 정리｜의대 한의대 약대 간호학과 등등 상위 수능 백분위 70%컷,53,65,0,2081,1,4,2,https://blog.naver.com/jklovelike/224411987745
2026-09-14,Mon,22,블로그 성장/노하우/팁,"10년, 20년 전의 내 생각을 찾을 수 있나요?",27,132,13,848,1,0,1,https://blog.naver.com/jklovelike/224411774647
2026-09-14,Mon,16,배움에 대하여,"필즈상 허준이 교수 서울대 졸업식 축사 전문, ""제 대학생활은 길 잃음의 연속이었습니다""",49,133,11,2140,1,1,0,https://blog.naver.com/jklovelike/224411404382
2026-09-14,Mon,6,'데미안'의 자기혁신,"낡은 뇌의 전조증상은 무엇일까? ㅡ ""나는 늙는 것보다 낡는 것이 두렵다""",41,163,11,1491,2,0,4,https://blog.naver.com/jklovelike/224410761487
2026-09-14,Mon,6,으쌰으쌰+블로그는 마술이다,"17기 으쌰으쌰 1일 2포 챌린지, 14일차 현재 110명 중 108명이 남았습니다",46,99,6,,,,,https://blog.naver.com/jklovelike/224410751483
2026-09-14,Mon,5,'데미안'의 수능 칼럼 ,수능 수학 1일 1실모 공부법 (수학 실전 모의고사 추천 학습 방법),38,81,3,5152,3,12,14,https://blog.naver.com/jklovelike/224410742489
2026-09-13,Sun,22,"'데미안'의 단상, 생각","글을 잘 쓰고 싶다면 질문을 품고 살아라 - ""오늘 스쳐 지나간 장면 하나에도 물음표를 붙여보자""",54,171,12,,,,,https://blog.naver.com/jklovelike/224410504995
2026-09-13,Sun,19,으쌰으쌰+블로그는 마술이다,<으쌰으쌰 365일 1일1포방>에서 매일 1포 인증 함께하실 분들을 조금 더 모집합니다.,49,130,45,,,,,https://blog.naver.com/jklovelike/224410356250
2026-09-13,Sun,6,블로그 성장/노하우/팁,블로그에서 새벽반이 줄어든 기분이다,19,230,15,,,,,https://blog.naver.com/jklovelike/224409863562
2026-09-13,Sun,5,수능/수능공부법/합격수기,2026년 성균관대 정시등급 입시결과 (성대 입결 - 수능 백분위 상위 70%컷),45,76,1,2534,1,4,0,https://blog.naver.com/jklovelike/224409845037
2026-09-12,Sat,23,블로그 성장/노하우/팁,"9월 네이버 메이트 선정 후, AI 브리핑 인용수가 크게 늘었습니다",37,173,12,949,1,0,1,https://blog.naver.com/jklovelike/224409692178
2026-09-12,Sat,17,"'데미안'의 단상, 생각",고작 15분 따위가 아니다,14,217,15,,,,,https://blog.naver.com/jklovelike/224409469472
2026-09-12,Sat,6,"'데미안'의 단상, 생각",황홀한 루틴이 만드는 마법,14,179,13,,,,,https://blog.naver.com/jklovelike/224409002959
2026-09-12,Sat,6,수능/수능공부법/합격수기,2027학년도(2026년) 시대인재 서바이벌 수학 모의고사 1회~9회 등급컷,42,89,4,1182,3,1,1,https://blog.naver.com/jklovelike/224408992421
2026-09-11,Fri,23,"'데미안'의 단상, 생각",무시할 줄 아는 것도 지혜다,15,167,15,,,,,https://blog.naver.com/jklovelike/224408793027
2026-09-11,Fri,6,"'데미안'의 단상, 생각",무언가를 오래 잘하고 싶다면 잘하는 날보다 못하는 날을 사랑해야 한다,38,203,19,,,,,https://blog.naver.com/jklovelike/224407868398
2026-09-11,Fri,6,수능/수능공부법/합격수기,2027수능 대비 수학 강대모의고사K 1~16회 예상 등급컷 정리 (2026년 강k 수학 회차별 등급컷),58,87,1,807,3,8,0,https://blog.naver.com/jklovelike/224407859377
2026-09-10,Thu,22,블로그 성장/노하우/팁,글쓰기는 희열과 함께 하는 지적인 두뇌게임이다,25,159,9,1084,3,0,1,https://blog.naver.com/jklovelike/224407623752
2026-09-10,Thu,6,"'데미안'의 단상, 생각",매일매일의 한 걸음은 결코 작지 않다,20,196,14,,,,,https://blog.naver.com/jklovelike/224406685484
2026-09-10,Thu,5,수능/수능공부법/합격수기,2026년 국민대 정시등급｜국민대학교 정시 입결 학과별 수능 백분위 70%컷,42,80,1,2694,1,5,0,https://blog.naver.com/jklovelike/224406677097
2026-09-09,Wed,20,자녀교육,"[교육칼럼]부모가 공부하라는 말을 많이 할수록 아이가 공부를 안 하는 이유 - ""왜 잔소리는 역효과만 날까요?""",62,116,11,3209,2,4,0,https://blog.naver.com/jklovelike/224406348483
2026-09-09,Wed,15,"'데미안'의 단상, 생각",<나에게 가장 나다운 순간은?> ㅡ '나홀로 읽고 쓸 때' (feat.함께쓰요일),45,187,12,,,,,https://blog.naver.com/jklovelike/224406028394
2026-09-09,Wed,6,으쌰으쌰+블로그는 마술이다,오늘 함께쓰요일 주제입니다 <나에게 가장 나다운 순간은?> - 함께 같은 주제로 글 써 봐요^^,53,149,10,,,,,https://blog.naver.com/jklovelike/224405524101
2026-09-09,Wed,6,수능/수능공부법/합격수기,현역 고3 서울대 의대 정시 합격생 - 수능 D-1과 당일 시험장 후기,39,104,2,4584,16,2,1,https://blog.naver.com/jklovelike/224405519700
2026-09-08,Tue,21,블로그 성장/노하우/팁,블로그 글감이 없다면 이렇게 해 보자,20,189,11,,,,,https://blog.naver.com/jklovelike/224405258251
2026-09-08,Tue,5,"'데미안'의 단상, 생각",신은 디테일에 있다 — 할 수 있을 때 제대로 하자,28,182,15,,,,,https://blog.naver.com/jklovelike/224404331399
2026-09-07,Mon,19,"'데미안'의 단상, 생각",화 날 때 읽기 좋은 글,13,203,14,,,,,https://blog.naver.com/jklovelike/224403981079
2026-09-07,Mon,17,'데미안'의 수능 칼럼 ,"수능 수학 계산 실수를 줄이는 방법 - ""실수도 연습으로 줄일 수 있는 8가지 이야기""",48,116,2,3731,3,9,5,https://blog.naver.com/jklovelike/224403816043
2026-09-07,Mon,7,'데미안'의 자기혁신,밥보다 먼저 글을 챙기려고 합니다,18,202,21,,,,,https://blog.naver.com/jklovelike/224403194779
2026-09-07,Mon,5,"'데미안'의 단상, 생각",자기계발에는 의외의 함정이 하나 있다,20,179,8,,,,,https://blog.naver.com/jklovelike/224403163739
2026-09-07,Mon,5,수능/수능공부법/합격수기,2026년 숭실대학교 정시등급 (숭실대 수능 입결 백분위 상위 70%컷),40,84,3,2975,1,3,0,https://blog.naver.com/jklovelike/224403158540
2026-09-06,Sun,19,"'데미안'의 단상, 생각","선택 과잉의 시대 - ""선택을 멈추는 능력도 필요합니다.""",32,203,11,1706,1,0,0,https://blog.naver.com/jklovelike/224402840731
2026-09-06,Sun,19,수능/수능공부법/합격수기,수능날 인생 최고점을 받는 학생들의 공부법 (수능 실전력을 키우는 공부법),41,242,7,3063,8,6,1,https://blog.naver.com/jklovelike/224402817101
2026-09-06,Sun,6,"'데미안'의 단상, 생각",하기 싫은 일을 하지 않을 자유를 누리려면,23,180,9,,,,,https://blog.naver.com/jklovelike/224402338802
2026-09-05,Sat,23,일상의 기록,오늘 즐거운호호씨님의 <당신이 내게 건넨 삶> 북토크에 다녀왔습니다 (후기는 따로 쓰겠습니다^^),54,185,11,453,1,0,0,https://blog.naver.com/jklovelike/224402195373
2026-09-05,Sat,7,"'데미안'의 단상, 생각","20년 전 읽었던 사람들이 아직도 현역이다 ㅡ ""나 또한 20년 뒤에도 현역이고 싶다""",48,185,9,,,,,https://blog.naver.com/jklovelike/224401540804
2026-09-05,Sat,6,수능/수능공부법/합격수기,서른살에 수능을 다시 보고 31살에 원광대 한의대 입학한 장수생 합격 수기,41,154,5,4530,45,9,0,https://blog.naver.com/jklovelike/224401529347
2026-09-05,Sat,5,수능/수능공부법/합격수기,2026년 건국대학교 정시등급 입시결과 (2026학년도 건국대 정시 입결 - 학과별 70%컷),52,80,1,2721,9,2,0,https://blog.naver.com/jklovelike/224401516395
2026-09-04,Fri,22,블로그 성장/노하우/팁,결국 블로그는 주인을 닮아간다,16,209,19,,,,,https://blog.naver.com/jklovelike/224401351862
2026-09-04,Fri,7,"'데미안'의 단상, 생각",염세적인 내가 낙관적인 인간이 된 방법,21,175,11,672,2,0,5,https://blog.naver.com/jklovelike/224400431717
2026-09-04,Fri,6,'데미안'의 수능 칼럼 ,"매일 열 시간 공부하고도 실력이 안 느는 이유 - ""공부하고도 쌓이고 있다는 느낌이 없다면 무언가 잘못된 것이다""",63,125,1,1773,6,3,3,https://blog.naver.com/jklovelike/224400419676
2026-09-03,Thu,22,"'데미안'의 단상, 생각",인생이 재미없다면 목표가 없는지 살펴보자,22,156,12,,,,,https://blog.naver.com/jklovelike/224400196955
2026-09-03,Thu,16,인생의 계획(천 개의 꿈),9월 블마 공언 - 절제 / 공동체 / 블로그 성장 / 삶,32,162,14,,,,,https://blog.naver.com/jklovelike/224399883695
2026-09-03,Thu,7,'데미안'의 자기혁신,행운이 들어올 문을 많이 만들어라,18,212,19,1139,3,0,6,https://blog.naver.com/jklovelike/224399270643
2026-09-03,Thu,7,으쌰으쌰+블로그는 마술이다,16기 8월 으쌰으쌰 1일 2포 챌린지는 93명으로 시작하여 87명 완주했습니다(완주율 93.5%) + 상장 있습니다,65,132,8,694,145,0,1,https://blog.naver.com/jklovelike/224399253541
2026-09-03,Thu,5,수능/수능공부법/합격수기,2026년 9월 모의평가 수학 정답률 (2027학년도 9월 모의고사 확통 미적 기하 오답률),51,94,6,548,7,4,0,https://blog.naver.com/jklovelike/224399216349
2026-09-02,Wed,22,으쌰으쌰+블로그는 마술이다,"역대 최다 110명, 으쌰으쌰 17기가 시작됐습니다 - ""9월 첫날부터 110명 모두 1일 2포 성공했습니다""",61,128,17,,,,,https://blog.naver.com/jklovelike/224398977777
2026-09-02,Wed,19,수능/수능공부법/합격수기,2026년 9월 모의고사 국어 수학 예상 등급컷 (2027학년도 9월 모의평가 원점수 추정 등급컷 / 9모 가채점 등급),67,117,3,707,18,4,7,https://blog.naver.com/jklovelike/224398824150
2026-09-02,Wed,16,블로그 이웃 포스트 공유,[공유] 으쌰으쌰17기에서 함께하는 이웃을 소개합니다! (110명),37,94,0,,,,,https://blog.naver.com/jklovelike/224398686221
2026-09-02,Wed,14,"'데미안'의 단상, 생각",미래의 나를 너무 얕보지 말자,16,182,8,,,,,https://blog.naver.com/jklovelike/224398513858
2026-09-02,Wed,14,수능/수능공부법/합격수기,2026년 9월 모의평가 국어 수학 시험지 답지 (2027학년도 9월 모의고사 시험지 다운로드),53,106,2,623,4,0,4,https://blog.naver.com/jklovelike/224398490075
2026-09-02,Wed,8,'데미안'의 자기혁신,"<내 인생에서 다시 만나고 싶은 순간> - ""불행했지만, 가장 강렬하게 살아 있던 순간과 마주하고 싶다"" (feat.함께쓰요일)",71,181,22,,,,,https://blog.naver.com/jklovelike/224398102974
2026-09-02,Wed,6,일상의 기록,9월 네이버 메이트가 되었습니다. 30만원의 활동비를 주나 봅니다,36,206,62,611,7,0,0,https://blog.naver.com/jklovelike/224398054295
2026-09-02,Wed,6,수능/수능공부법/합격수기,고3 수능 수학 64점에서 재수 반수 수학 100점 후기 (수의대 합격 수기),43,85,1,2655,6,7,1,https://blog.naver.com/jklovelike/224398045030
2026-09-01,Tue,23,수능/수능공부법/합격수기,"최근 3년 9월 모의평가 등급컷 비교, 국어 수학 난이도는 어떻게 달라졌을까? (2024~2026학년도 9월 모의고사 원점수 등급컷)",74,100,1,1040,18,8,0,https://blog.naver.com/jklovelike/224397865410
2026-09-01,Tue,22,'데미안'의 수능 칼럼 ,"나는 고3, 재수생 제자에게 같은 과제를 내주지 않는다 - ""성적을 빠르게 올리려면 빈도 높은 유형&약점을 공부해야 한다""",68,112,2,2323,1,5,0,https://blog.naver.com/jklovelike/224397785642
2026-09-01,Tue,19,으쌰으쌰+블로그는 마술이다,9월 함께쓰요일 1주~5주차 주제입니다 - 1주차 주제는  <내 인생에서 다시 만나고 싶은 순간>입니다,57,148,9,,,,,https://blog.naver.com/jklovelike/224397673120
2026-09-01,Tue,16,일상의 기록,삶은 언제나 지금에 있다. 최선을 다음으로 미루지 말자,30,160,12,,,,,https://blog.naver.com/jklovelike/224397483462
2026-09-01,Tue,7,"'데미안'의 단상, 생각","<9월의 행운 편지> 이 글을 읽는 당신, 9월에는 좋은 일이 생길 겁니다",41,172,24,750,1,0,1,https://blog.naver.com/jklovelike/224396873129
2026-09-01,Tue,6,"'데미안'의 단상, 생각",아침부터 스스로를 축하하라,14,174,15,189,0,0,0,https://blog.naver.com/jklovelike/224396844311
2026-09-01,Tue,5,수능/수능공부법/합격수기,"서울대 의대 정시 합격자가 말하는 상위권이 수능 수학 문제를 푸는 방법 ""뇌 먼저, 손 다음"" (feat.수학 공부법)",66,80,3,3138,11,8,2,https://blog.naver.com/jklovelike/224396828920
2026-08-31,Mon,19,으쌰으쌰+블로그는 마술이다,"올해가 넉 달 남았습니다, 9월의 목표를 함께 공언해봐요｜블마 공언 챌린지",41,154,21,1680,7,5,7,https://blog.naver.com/jklovelike/224396422336
2026-08-31,Mon,16,'데미안'의 자기혁신,희망도 자산이다,8,152,15,1313,3,0,2,https://blog.naver.com/jklovelike/224396213001
2026-08-31,Mon,7,"'데미안'의 단상, 생각",에고가 강할수록 인생은 좁아진다. 나를 내려놓으니 인생이 넓어졌다,36,162,9,824,2,0,1,https://blog.naver.com/jklovelike/224395635047
2026-08-31,Mon,7,"'데미안'의 단상, 생각",벌써 8월이 떠난다. 그리고 아직 아무도 밟지 않은 9월이 온다,35,154,8,,,,,https://blog.naver.com/jklovelike/224395619269
2026-08-31,Mon,6,수능/수능공부법/합격수기,독학으로 수능 전과목 30등급 올린 역전 수기 (수포자 노베이스 17점에서 수학 1등급까지),51,83,2,4186,25,10,1,https://blog.naver.com/jklovelike/224395595203
2026-08-31,Mon,5,수능/수능공부법/합격수기,2026년 7월 시대인재 서바이벌 프로 전국 모의고사(서프) 등급컷,37,74,2,405,10,1,1,https://blog.naver.com/jklovelike/224395580001
2026-08-30,Sun,22,"'데미안'의 단상, 생각","오늘따라 수학 계산 실수를 연발했다, 머리도 몸이다 (feat.공부할 때 잠을 함부로 줄이면 안 되는 이유)",60,154,7,,,,,https://blog.naver.com/jklovelike/224395383048
2026-08-30,Sun,7,"'데미안'의 단상, 생각",인생은 기세다. 쫄지 말고 밀어붙이자,20,213,32,,,,,https://blog.naver.com/jklovelike/224394722916
2026-08-30,Sun,6,수능/수능공부법/합격수기,고3 현역 문과 학생이 이과 공부 7개월만에 고려대 의대 정시 합격한 수능 수기 (출처: 오르비),54,92,4,5144,10,10,2,https://blog.naver.com/jklovelike/224394716186
2026-08-30,Sun,5,수능/수능공부법/합격수기,2026년 서강대학교 정시등급 입시결과 - 학과별 수능 백분위 70%컷 정시 입결,45,66,3,1684,1,2,1,https://blog.naver.com/jklovelike/224394688416
2026-08-29,Sat,12,블로그 성장/노하우/팁,내가 작가가 될 줄이야,12,218,28,,,,,https://blog.naver.com/jklovelike/224394103694
2026-08-29,Sat,6,으쌰으쌰+블로그는 마술이다,"함께쓰요일, 여러분은 어떤 주제로 함께 쓰고 싶나요? (같이 쓰고 싶은 주제 추천해 주세요^^)",53,127,18,,,,,https://blog.naver.com/jklovelike/224393881638
2026-08-29,Sat,5,"'데미안'의 단상, 생각",새벽은 자존감을 심는 땅이다,15,146,9,207,0,0,0,https://blog.naver.com/jklovelike/224393858727
2026-08-29,Sat,5,'데미안'의 수능 칼럼 ,"수능 디데이 80여일, 이제 공부는 달라져야 한다 (고3 9월 모의고사 이후 수능 공부법)",50,87,2,3394,4,14,5,https://blog.naver.com/jklovelike/224393856417
2026-08-28,Fri,23,Na,일하느라 힘든 하루였지만,13,150,20,,,,,https://blog.naver.com/jklovelike/224393687455
2026-08-28,Fri,19,으쌰으쌰+블로그는 마술이다,으쌰으쌰 17기 2026년 9월 <1일 2포스팅 챌린지> 선착순 100명 모집합니다!,47,158,257,,,,,https://blog.naver.com/jklovelike/224392696203
2026-08-28,Fri,6,일상의 기록,"<오십, 지금이 당신의 시작입니다> 저자 이정의 작가님(눈누난나 리님)을 만나고 왔습니다",49,231,28,,,,,https://blog.naver.com/jklovelike/224392743197
2026-08-27,Thu,22,으쌰으쌰+블로그는 마술이다,내일 17기 으쌰으쌰 1일2포 챌린지 모집에도 신청 선착순 3등까지 작은 선물을 드립니다,49,125,7,,,,,https://blog.naver.com/jklovelike/224392509640
2026-08-27,Thu,19,"'데미안'의 단상, 생각",내 선택을 의심하며 가지 않은 길을 미화하지 말자,27,171,9,,,,,https://blog.naver.com/jklovelike/224392370364
2026-08-27,Thu,7,으쌰으쌰+블로그는 마술이다,"17기 9월 으쌰으쌰 1일 2포 챌린지, 내일 저녁 7시에 딱 100명만 선착순 모집합니다 - ""101달마시안 대신 101으쌰으쌰""",73,142,7,,,,,https://blog.naver.com/jklovelike/224391586526
2026-08-27,Thu,6,'데미안'의 수능 칼럼 ,수능 디데이 84일 남은 시점 - 모든 것은 두 달이다(2),33,149,9,477,6,1,4,https://blog.naver.com/jklovelike/224391571129
2026-08-27,Thu,6,'데미안'의 수능 칼럼 ,"9월 모의평가를 앞둔 고3 정시파이터에게 ""수미잡을 기억하자""",34,96,1,2101,1,8,1,https://blog.naver.com/jklovelike/224391562204
2026-08-26,Wed,22,인생의 계획(천 개의 꿈),"""3년 뒤, 나는 어떤 사람이 되어 있을까?"" (feat.함께쓰요일)",38,177,17,,,,,https://blog.naver.com/jklovelike/224391320807
2026-08-26,Wed,17,'데미안'의 수능 칼럼 ,"2027 수능 원서접수, 제2외국어는 이왕이면 신청하세요 (+수능 고사장 빌런 + 제2외국어 시험장 분위기)",60,141,10,2820,3,0,3,https://blog.naver.com/jklovelike/224391064788
2026-08-26,Wed,6,으쌰으쌰+블로그는 마술이다,"으쌰으쌰 16기 - 93명이 시작했다, 25일이 지나고 89명이 남았다 (17기 모집은 이번 주 금요일 19시!)",63,136,15,,,,,https://blog.naver.com/jklovelike/224390408901
2026-08-26,Wed,5,"'데미안'의 단상, 생각",함께 성공하자. 같이 성장하자,16,183,16,,,,,https://blog.naver.com/jklovelike/224390387134
2026-08-26,Wed,5,수능/수능공부법/합격수기,2026년 8월 시대인재 서바이벌 프로 전국 모의고사(서프) 등급컷,37,98,7,562,7,1,0,https://blog.naver.com/jklovelike/224390378741
2026-08-26,Wed,5,수능/수능공부법/합격수기,2026년 8월 더프 모의고사 등급컷 (실제컷과 예상 등급 보정컷),37,77,3,309,4,1,0,https://blog.naver.com/jklovelike/224390375334
2026-08-25,Tue,20,으쌰으쌰+블로그는 마술이다,"내일 함께 글 써요! 8월 4주차 함께쓰요일 주제  <3년 뒤, 나는 어떤 사람이 되어 있을까?>",54,172,7,,,,,https://blog.naver.com/jklovelike/224390063585
2026-08-25,Tue,17,"'데미안'의 단상, 생각",본인의 타성과 소심함에 대항하는 것이야말로 우리 자신의 가장 어려운 과제다,41,161,12,444,2,0,1,https://blog.naver.com/jklovelike/224389874444
2026-08-25,Tue,7,"'데미안'의 단상, 생각","절제의 즐거움 - ""하고 싶은 것을 하지 않을 자유""",29,206,15,,,,,https://blog.naver.com/jklovelike/224389260944
2026-08-25,Tue,6,'데미안'의 자기혁신,"왜 지금 시대에 언어력을 길러야 하는가 - ""언어력이 커질수록 삶의 반경도 넓어진다""",47,166,11,,,,,https://blog.naver.com/jklovelike/224389226079
2026-08-25,Tue,5,수능/수능공부법/합격수기,재수 연세대 공대에서 이화여대 의대로 삼반수 성공한 수험생의 공부법 수기 (수능 수학 100점 후기 ),57,175,4,2739,7,8,1,https://blog.naver.com/jklovelike/224389215326
2026-08-24,Mon,23,지성과 사랑,오렌지 하나로 평범한 하루가 문득 좋아지는 순간 | 웬디 코프 〈The Orange〉,47,135,18,,,,,https://blog.naver.com/jklovelike/224389036951
2026-08-24,Mon,20,"'데미안'의 단상, 생각",지금 일이 안 풀린다고 인생까지 안 풀리는 건 아니다,29,189,14,840,0,0,0,https://blog.naver.com/jklovelike/224388853294
2026-08-24,Mon,16,블로그 성장/노하우/팁,글 쓸 마음이 들 때 얼른 쓰자. 영감에는 유통기한이 있으니까,34,146,22,,,,,https://blog.naver.com/jklovelike/224388652256
2026-08-24,Mon,14,수능/수능공부법/합격수기,2027학년도 수능 원서접수 총정리 l 기간 준비물 사진 비용 재수생 N수생 접수 방법,48,78,1,4286,2,12,0,https://blog.naver.com/jklovelike/224388522057
2026-08-24,Mon,7,"'데미안'의 단상, 생각","잘 산다는 건, 대체 무엇일까?",17,168,11,,,,,https://blog.naver.com/jklovelike/224388088867
2026-08-24,Mon,6,"'데미안'의 단상, 생각",내면을 채우면 밀려 나올 수밖에 없다,20,160,12,,,,,https://blog.naver.com/jklovelike/224388050164
2026-08-24,Mon,5,수능/수능공부법/합격수기,"글을 잘 읽는데 왜 수능 국어는 2등급일까? 국어 고득점의 핵심 ""독해력보다 먼저 점검할 것""",52,92,1,2716,5,6,0,https://blog.naver.com/jklovelike/224388031289
2026-08-23,Sun,23,'데미안'의 수능 칼럼 ,"""수능 90일 남았는데 역전 가능할까요?"" 묻는 고3 재수생들에게 해 주고 싶은 답변",47,90,2,3123,3,4,2,https://blog.naver.com/jklovelike/224387846385
2026-08-23,Sun,16,'데미안'의 자기혁신,"남과 비교하는 습관에서 벗어나는 방법 - ""질투를 성장의 연료로 바꾸자""",40,148,9,,,,,https://blog.naver.com/jklovelike/224387538686
2026-08-23,Sun,6,"'데미안'의 단상, 생각","아침에는 기대하고, 낮에는 몰입하고, 밤에는 감사하자",29,196,11,,,,,https://blog.naver.com/jklovelike/224387140927
2026-08-23,Sun,6,수능/수능공부법/합격수기,"재수 실패, 무휴학 삼반수로 서울대 경영학과 입학한 수기 (삼수하며 이과에서 문과로 전과해서 성공한 수능 후기)",62,125,5,2917,12,6,2,https://blog.naver.com/jklovelike/224387134517
2026-08-23,Sun,5,수능/수능공부법/합격수기,2026년 서울대학교 정시등급 입시 결과 (서울대 입결 수능 상위 백분위 70%컷),46,85,0,2623,1,0,0,https://blog.naver.com/jklovelike/224387118775
2026-08-22,Sat,20,으쌰으쌰+블로그는 마술이다,"100명에게 물었습니다. ""나를 다시 일으켜 세우는 방법은?"" (feat.자산메이커 픽맘님)",51,175,9,1042,5,1,5,https://blog.naver.com/jklovelike/224386830020
2026-08-22,Sat,20,블로그 이웃 포스트 공유,[공유] 으쌰으쌰&블마 이웃님들이 들려주는 힘들 때 <나를 다시 일으켜 세우는 방법> 은?,50,106,0,,,,,https://blog.naver.com/jklovelike/224386815782
2026-08-22,Sat,15,지성과 사랑,"다시 쓰고 싶게 만드는, 세계적인 작가 8명이 남긴 글쓰기 명언",35,185,15,,,,,https://blog.naver.com/jklovelike/224386627188
2026-08-22,Sat,8,블로그 이웃 포스트 공유,[공유] [예약판매 공지] 지금 후회 없이 사랑하고 있는가,32,97,3,,,,,https://blog.naver.com/jklovelike/224386346122
2026-08-22,Sat,7,"'데미안'의 단상, 생각",기대하는 마음으로 살아보자,14,175,8,,,,,https://blog.naver.com/jklovelike/224386305713
2026-08-22,Sat,6,수능/수능공부법/합격수기,수능 정시 공부하는 학생들을 위한 동기부여 자극 글 (출처: 오르비),38,169,5,2036,4,6,1,https://blog.naver.com/jklovelike/224386296935
2026-08-22,Sat,6,수능/수능공부법/합격수기,2026년 홍익대학교 정시등급 (홍대 정시 입결 - 수능 백분위 상위 70%컷),44,75,3,3047,1,10,6,https://blog.naver.com/jklovelike/224386289898
2026-08-21,Fri,23,"'데미안'의 단상, 생각",잘될 사람처럼 움직이자,12,161,8,275,0,0,0,https://blog.naver.com/jklovelike/224386133589
2026-08-21,Fri,16,으쌰으쌰+블로그는 마술이다,"서로의 꾸준함을 빌려 쓰는 곳, 으쌰으쌰 챌린지",26,157,9,,,,,https://blog.naver.com/jklovelike/224385777518
2026-08-21,Fri,6,"'데미안'의 단상, 생각",내 인생에 조금 더 욕심내자,15,199,22,,,,,https://blog.naver.com/jklovelike/224385178761
2026-08-21,Fri,5,수능/수능공부법/합격수기,"""재수하고 유일하게 자랑스러운 것"" (재수 성공 수기 - 알바하면서 공부해 수학 4등급에서 1등급까지)",57,108,4,1819,4,0,0,https://blog.naver.com/jklovelike/224385172352
2026-08-20,Thu,22,"'데미안'의 단상, 생각",성장은 뒤를 돌아봐야 보일 때가 있습니다 - 기록의 힘,30,188,10,1032,1,0,1,https://blog.naver.com/jklovelike/224384962321
2026-08-20,Thu,15,"'데미안'의 단상, 생각",좋은 하루를 보내는 사람들은 이것을 기다리지 않는다,28,191,19,651,0,0,0,https://blog.naver.com/jklovelike/224384539505
2026-08-20,Thu,15,수능/수능공부법/합격수기,"2026년 광운대 정시 입결｜광운대학교 정시등급, 수능 상위 백분위 70%컷",42,94,9,1660,2,0,0,https://blog.naver.com/jklovelike/224384514947
2026-08-20,Thu,6,"'데미안'의 단상, 생각",생각보다 잘될 수도 있다,13,204,11,292,0,0,0,https://blog.naver.com/jklovelike/224384018200
2026-08-20,Thu,5,수능/수능공부법/합격수기,국어 노베이스를 위한 수능 국어 공부법 및 공부 순서 (수능 국어를 막 시작하는 고2 들을 위한 글),56,95,2,2364,2,2,4,https://blog.naver.com/jklovelike/224384012926
2026-08-19,Wed,20,"'데미안'의 단상, 생각",돈보다 더 아껴야 할 것이 있다. 무엇일까?,24,213,13,,,,,https://blog.naver.com/jklovelike/224383674155
2026-08-19,Wed,19,관심사/이슈,"이번 시즌 라리가가 기대되는 세 가지 이유 (바르셀로나 - 로드리, 레알 마드리드 - 무리뉴, AT - 이강인)",62,108,15,2692,3,5,0,https://blog.naver.com/jklovelike/224383636704
2026-08-19,Wed,13,'데미안'의 수능 칼럼 ,"9월 모의평가를 준비하는 방법과 마인드 ― ""수능을 두 번 본다고 생각하자"" (고3 재수생 9월 모의고사 대비법)",63,93,1,4519,2,9,5,https://blog.naver.com/jklovelike/224383270020
2026-08-19,Wed,7,"'데미안'의 단상, 생각",오늘의 경쟁자는 어제의 나 정도면 충분하다,23,173,16,,,,,https://blog.naver.com/jklovelike/224382906508
2026-08-19,Wed,5,'데미안'의 자기혁신,'나를 다시 일으켜 세우는 방법'은 바로 나 자신과의 ㄷㅎ였다- (feat.함께쓰요일),48,163,20,,,,,https://blog.naver.com/jklovelike/224382874322
2026-08-19,Wed,5,수능/수능공부법/합격수기,2026년 연세대학교 정시 등급 입시 결과｜최종등록자 수능 백분위 70%컷 입결,44,83,1,2730,1,3,4,https://blog.naver.com/jklovelike/224382861691
2026-08-18,Tue,22,"'데미안'의 단상, 생각","""네 삶은 왜 이리 풀리지 않냐""라는 말을 들은 적이 있다",32,156,14,391,0,0,0,https://blog.naver.com/jklovelike/224382676919
2026-08-18,Tue,19,으쌰으쌰+블로그는 마술이다,내일 함께 글 써요! 8월 3주차 함께쓰요일 주제  <나를 다시 일으켜 세우는 방법>​,48,137,13,,,,,https://blog.naver.com/jklovelike/224382523213
2026-08-18,Tue,17,"'데미안'의 단상, 생각","잘되고 싶다면 안 되는 날을 관리해야 한다 - ""꾸준함의 실력은 하기 싫은 날에 드러난다""",50,173,13,,,,,https://blog.naver.com/jklovelike/224382432938
2026-08-18,Tue,6,블로그 성장/노하우/팁,글을 아끼지 말자,9,190,17,,,,,https://blog.naver.com/jklovelike/224381750511
2026-08-18,Tue,6,수능/수능공부법/합격수기,수능 디데이 100일의 기적 - 100일 동안 국어2 수학3 영어3 탐구13등급에서 의대 합격까지 (반수 역전 합격 수기),68,113,4,3322,15,10,2,https://blog.naver.com/jklovelike/224381740432
2026-08-17,Mon,23,"'데미안'의 단상, 생각",나는 왜 일하는 게 힘들지 않을까? 오히려 일할 때 마음이 편한 이유,38,145,18,,,,,https://blog.naver.com/jklovelike/224381567087
2026-08-17,Mon,19,'데미안'의 자기혁신,자기계발의 본질은 바로 이거다,16,209,14,,,,,https://blog.naver.com/jklovelike/224381373007
2026-08-17,Mon,15,'데미안'의 수능 칼럼 ,무조건 공부를 잘 할 수밖에 없는 공부법과 공부습관 - 수능 성적을 올리는 '복기의 힘',49,129,5,4360,1,7,4,https://blog.naver.com/jklovelike/224381189510
2026-08-17,Mon,6,"'데미안'의 단상, 생각","여러분은 과거, 현재, 미래 중 어디에 살고 있나요?",29,171,15,1976,1,3,0,https://blog.naver.com/jklovelike/224380836170
2026-08-17,Mon,5,"'데미안'의 단상, 생각",인간의 상상과 성취 사이에는 커다란 공간이 있다. 오직 우리의 열망만으로만 뛰어 넘을 수 있는...,55,116,7,,,,,https://blog.naver.com/jklovelike/224380812765
2026-08-17,Mon,5,수능/수능공부법/합격수기,2026년 중앙대 정시등급 입시결과 - 학과별 수능 70%컷 정시 입결,39,78,2,3524,1,2,4,https://blog.naver.com/jklovelike/224380807634
2026-08-16,Sun,20,"'데미안'의 단상, 생각",고통에도 이자가 붙는다. 가장 쌀 때 지불하는 사람이 현명하다,34,194,8,,,,,https://blog.naver.com/jklovelike/224380489435
2026-08-16,Sun,16,"'데미안'의 단상, 생각",너 변했다는 말을 두려워하지 마,17,166,6,146,2,0,1,https://blog.naver.com/jklovelike/224380358493
2026-08-16,Sun,6,"'데미안'의 단상, 생각","영화 <오디세이>를 보고, 돌아간다는 것에 대하여 - 나만의 이타카는 어디에 있는가?",47,204,17,,,,,https://blog.naver.com/jklovelike/224379984838
2026-08-16,Sun,5,수능/수능공부법/합격수기,"국어 3등급에서 수능 백분위 99, 수학 2등급에서 수능 만점 받은 재수생의 국어 수학 공부법",52,179,5,3022,16,6,1,https://blog.naver.com/jklovelike/224379977878
2026-08-15,Sat,23,"'데미안'의 단상, 생각","만약 인생이 재미없어졌다면, 당신에게 사라진 한 가지",29,188,9,,,,,https://blog.naver.com/jklovelike/224379803760
2026-08-15,Sat,20,'데미안'의 자기혁신,왜 <오디세이> 감독 크리스토퍼 놀란은 14년 넘게 스마트폰을 쓰지 않는가?,42,216,23,,,,,https://blog.naver.com/jklovelike/224379697862
2026-08-15,Sat,15,"'데미안'의 단상, 생각","20대 초반에 알게 된 글쓰기의 힘 - ""글쓰기는 인생의 레버리지다""",38,167,11,,,,,https://blog.naver.com/jklovelike/224379510898
2026-08-15,Sat,14,수능/수능공부법/합격수기,2026년 고려대 정시등급 입시결과 (최종등록자 수능 백분위 상위 70%컷 정시 입결),48,110,3,2561,1,13,0,https://blog.naver.com/jklovelike/224379463915
2026-08-15,Sat,6,"'데미안'의 단상, 생각","지속하고 있다면, 조금 더 기다려 보세요",22,174,16,240,0,0,0,https://blog.naver.com/jklovelike/224379175467
2026-08-15,Sat,5,수능/수능공부법/합격수기,혼자 공부하는 법 - 독학 자습할 때 반드시 지켜야 할 공부 습관 9가지 (출처 : 오르비),51,105,5,2150,4,9,0,https://blog.naver.com/jklovelike/224379168075
2026-08-14,Fri,23,"'데미안'의 단상, 생각",모든 인연이 함께 늙는 것은 아니다,19,168,16,198,0,0,0,https://blog.naver.com/jklovelike/224378974930
2026-08-14,Fri,5,으쌰으쌰+블로그는 마술이다,16기 8월 으쌰으쌰 1일 2포 챌린지는 현재 91명과 함께 하고 있습니다,41,170,10,,,,,https://blog.naver.com/jklovelike/224378085066
2026-08-14,Fri,5,"'데미안'의 단상, 생각",가끔은 자신에게 어려운 하루를 선물하자,21,164,18,610,0,0,0,https://blog.naver.com/jklovelike/224378078797
2026-08-13,Thu,21,Na,수업 도중에 잠시 쉬는 시간입니다. 5분 정도 글 쓸 여유 시간이 있습니다 (feat.오디세이),53,184,18,,,,,https://blog.naver.com/jklovelike/224377838612
2026-08-13,Thu,16,"'데미안'의 단상, 생각","삶이 뜻대로 되지 않을 때, 이렇게 생각해 봐",25,187,9,310,0,0,0,https://blog.naver.com/jklovelike/224377548650
2026-08-13,Thu,6,"'데미안'의 단상, 생각",고생해서 다행이야,9,206,18,1120,0,0,0,https://blog.naver.com/jklovelike/224376999673
2026-08-13,Thu,5,'데미안'의 수능 칼럼 ,"<해설지 공부법> - 수능 수학 실력을 빠르게, 속성으로 올리는 방법",38,97,2,2653,1,4,28,https://blog.naver.com/jklovelike/224376980649
2026-08-12,Wed,20,'데미안'의 수능 칼럼 ,남들이 하기 싫어하는 일을 하자 - (feat.수능에서 이기는 법),37,155,6,1664,1,0,1,https://blog.naver.com/jklovelike/224376662896
2026-08-12,Wed,16,블로그 성장/노하우/팁,오늘 쓴 글의 조회수가 낮다고 너무 실망하지 말자,27,192,22,462,2,0,0,https://blog.naver.com/jklovelike/224376470200
2026-08-12,Wed,6,으쌰으쌰+블로그는 마술이다,"올해 내가 가장 잘 지키고 있는 루틴 하나 - ""새벽 글쓰기"" (feat.함께쓰요일)",47,198,16,,,,,https://blog.naver.com/jklovelike/224375819284
2026-08-12,Wed,5,수능/수능공부법/합격수기,"수능 디데이 100일, 정시 의대생이 남기는 응원의 메세지 - ""하면 됩니다. 노력은 배신하지 않아요""",57,109,4,2049,5,0,3,https://blog.naver.com/jklovelike/224375806616
2026-08-11,Tue,21,으쌰으쌰+블로그는 마술이다,'함께쓰요일' 8월 2주차 주제는 <올해 내가 가장 잘 지키고 있는 루틴 하나> 입니다^^,50,153,7,217,1,0,1,https://blog.naver.com/jklovelike/224375576235
2026-08-11,Tue,20,'데미안'의 수능 칼럼 ,"수능 디데이 100일, 고3과 재수생 수능 역전을 위한 십계명",34,132,5,4000,5,15,1,https://blog.naver.com/jklovelike/224375505408
2026-08-11,Tue,17,"'데미안'의 단상, 생각",뜨겁게 열망하자. 생에 대한 열망이 최고의 강장제다,28,167,17,,,,,https://blog.naver.com/jklovelike/224375354486
2026-08-11,Tue,15,"'데미안'의 단상, 생각",운명은 사소한 반복 속에서 만들어진다,20,178,8,155,0,0,0,https://blog.naver.com/jklovelike/224375219424
2026-08-11,Tue,6,독서 단상,즐거운 호호씨님 저서 <당신이 내게 건넨 삶>에 추천사를 썼습니다 + 책 나눔 이벤트 소개(feat.사랑주니님 이벤트),66,140,5,1588,2,0,1,https://blog.naver.com/jklovelike/224374714299
2026-08-11,Tue,6,"'데미안'의 단상, 생각",하루의 사소한 꾸준함을 경시하지 말자,20,174,14,215,0,0,0,https://blog.naver.com/jklovelike/224374705328
2026-08-11,Tue,5,수능/수능공부법/합격수기,수능 수학 80~92점에서 성적이 오르지 않는 이유 + 1등급의 벽을 넘는 수학 공부법 (출처 : 오르비),59,137,1,2674,14,1,0,https://blog.naver.com/jklovelike/224374690598
2026-08-10,Mon,23,"'데미안'의 단상, 생각","수업을 모두 마치고 퇴근하는 길 - ""나는 가르치면서 충전된다""",35,138,16,833,0,0,0,https://blog.naver.com/jklovelike/224374523364
2026-08-10,Mon,16,블로그 성장/노하우/팁,똥글이어도 계속 쓰자,11,189,23,,,,,https://blog.naver.com/jklovelike/224374136826
2026-08-10,Mon,15,블로그 이웃 포스트 공유,[공유] 『당신이 내게 건넨 삶』 책 10권 나눔합니다,30,87,1,,,,,https://blog.naver.com/jklovelike/224374022215
2026-08-10,Mon,6,"'데미안'의 단상, 생각","내가 만든 거짓말이 내 운명이 된다면, 억울하지 않겠어?",31,165,10,263,0,0,0,https://blog.naver.com/jklovelike/224373522875
2026-08-10,Mon,6,'데미안'의 수능 칼럼 ,"인강을 많이 들어도 성적이 오르지 않는 이유, 수능 공부용 인강 제대로 듣는 법",44,98,4,2802,1,9,0,https://blog.naver.com/jklovelike/224373515816
2026-08-09,Sun,22,"'데미안'의 단상, 생각",낡은 껍질이 답답해질 때,13,175,7,401,0,0,0,https://blog.naver.com/jklovelike/224373302269
2026-08-09,Sun,16,"'데미안'의 단상, 생각",다시 태어나고 싶을 때가 있어,16,182,10,,,,,https://blog.naver.com/jklovelike/224373036062
2026-08-09,Sun,13,"'데미안'의 단상, 생각",모두에게 좋은 사람이 되려고 하지 말자,21,192,18,,,,,https://blog.naver.com/jklovelike/224372903866
2026-08-09,Sun,6,"'데미안'의 단상, 생각",쉬운 길과 어려운 길 사이에서 고민하는 친구에게,26,168,10,,,,,https://blog.naver.com/jklovelike/224372665187
2026-08-09,Sun,5,수능/수능공부법/합격수기,공부해도 수능 성적이 안 오르는 이유 - 열심히 하는 수험생이 실패하는 5가지 공부 습관,49,127,3,2911,15,6,1,https://blog.naver.com/jklovelike/224372649881
2026-08-08,Sat,16,지성과 사랑,"<사랑하라, 한 번도 상처받지 않은 것처럼>에서 만난 '무사의 노래'",38,180,18,688,1,1,0,https://blog.naver.com/jklovelike/224372178795
2026-08-08,Sat,6,"'데미안'의 단상, 생각",저는 나이를 먹는 것보다 낡아가는 것을 경계합니다,27,176,13,,,,,https://blog.naver.com/jklovelike/224371759491
2026-08-08,Sat,6,수능/수능공부법/합격수기,"수능 사탐 vs 과탐 난이도 비교, 둘 다 만점 받아본 학생의 현실적인 평가 (출처 : 오르비)",53,114,2,1243,5,0,2,https://blog.naver.com/jklovelike/224371750775
2026-08-07,Fri,23,Na,늦은 퇴근길 도중에 쓰는 일기,16,146,18,,,,,https://blog.naver.com/jklovelike/224371582468
2026-08-07,Fri,23,"'데미안'의 단상, 생각",저는 후회가 많은 인간입니다,15,165,11,520,0,0,0,https://blog.naver.com/jklovelike/224371553569
2026-08-07,Fri,5,'데미안'의 자기혁신,"나는 또 무엇을 끊어낼 것인가? - ""탈학습의 힘, 성장은 버리는 것에서 시작된다""",46,179,20,,,,,https://blog.naver.com/jklovelike/224370652595
2026-08-06,Thu,16,블로그 성장/노하우/팁,내가 블로그 1일 N포를 3년 8개월 동안 해온 이유 - 글쓰기에도 마태효과가 존재합니다,49,266,32,,,,,https://blog.naver.com/jklovelike/224370161084
2026-08-06,Thu,7,"'데미안'의 단상, 생각",오랜만에 '사명'이란 단어를 생각해 본다,22,160,15,408,0,0,0,https://blog.naver.com/jklovelike/224369599978
2026-08-06,Thu,6,"'데미안'의 단상, 생각",도파민에 지배당하지 않기,13,178,12,1073,0,0,0,https://blog.naver.com/jklovelike/224369545876
2026-08-06,Thu,5,수능/수능공부법/합격수기,170일 집중 공부로 울산대 의대 정시 합격한 삼수생 수기 (N수 실패와 성공 이유가 담긴 수능 후기),57,156,2,2177,20,9,0,https://blog.naver.com/jklovelike/224369531784
2026-08-05,Wed,19,일상의 기록,반년 만에 서로이웃 신청 100명 받습니다^^,25,206,116,,,,,https://blog.naver.com/jklovelike/224369178734
2026-08-05,Wed,6,으쌰으쌰+블로그는 마술이다,내게 블로그란 무엇인가? (feat.함께쓰요일),26,196,13,,,,,https://blog.naver.com/jklovelike/224368478368
2026-08-05,Wed,6,수능/수능공부법/합격수기,"고3 수능 국어 5등급 수학 4등급 영어 2등급 과탐 5,3등급 => 재수해서 전과목 1등급까지 (꾸준한 노력의 결과물) 출처 : 오르비",76,133,2,1020,7,2,0,https://blog.naver.com/jklovelike/224368461848
2026-08-04,Tue,21,'데미안'의 자기혁신,공부 잘하거나 일 잘하는 사람들은 '집중력'보다 이것부터 구분합니다,37,147,10,,,,,https://blog.naver.com/jklovelike/224368220281
2026-08-04,Tue,17,블로그 성장/노하우/팁,블로그 정체성이 고민되나요? 답은 의외로 여기에 있습니다,31,218,26,1332,1,0,0,https://blog.naver.com/jklovelike/224368009369
2026-08-04,Tue,14,으쌰으쌰+블로그는 마술이다,"이번 주 함께쓰요일, '내게 블로그란 무엇인가'를 함께 써요",33,142,9,1015,1,3,1,https://blog.naver.com/jklovelike/224367804588
2026-08-04,Tue,5,"'데미안'의 단상, 생각",뇌를 갈고 닦는다,9,187,16,,,,,https://blog.naver.com/jklovelike/224367356454
2026-08-04,Tue,5,수능/수능공부법/합격수기,"2027 수시 사탐런, 정말 유리할까? 수능최저의 함정",30,96,4,1023,2,1,0,https://blog.naver.com/jklovelike/224367349418
2026-08-03,Mon,22,인생의 계획(천 개의 꿈),2026년 8월 블마 공언 - 8월의 키워드는 절제와 의미입니다,35,122,10,,,,,https://blog.naver.com/jklovelike/224367167902
2026-08-03,Mon,20,"'데미안'의 단상, 생각",잠시 11분 정도 시간이 남았습니다. 저는 이 시간 동안 뭘할까요?,37,168,14,565,0,0,3,https://blog.naver.com/jklovelike/224367026001
2026-08-03,Mon,18,수능/수능공부법/합격수기,2027학년도 경찰대학교 국어 수학 영어 시험지 답지 다운로드 + 이번 2026년 경찰대 수학 기출문제도 풀어보세요,64,85,1,954,1,0,2,https://blog.naver.com/jklovelike/224366941446
2026-08-03,Mon,14,"'데미안'의 단상, 생각",삶은 생각이 먼저 도착한 곳으로 흘러간다,22,179,7,,,,,https://blog.naver.com/jklovelike/224366685447
2026-08-03,Mon,14,블로그 이웃 포스트 공유,[공유] 저의 에세이 당신이 내게 건넨 삶 예약 판매 시작합니다.,36,88,0,,,,,https://blog.naver.com/jklovelike/224366653280
2026-08-03,Mon,7,"'데미안'의 단상, 생각","언제 판단하고, 언제 무심해야 하는가",20,151,4,,,,,https://blog.naver.com/jklovelike/224366270954
2026-08-03,Mon,6,자녀교육,"공부를 잘하는 아이들의 공통점, 집중력이 아니었다",27,129,3,1562,1,5,0,https://blog.naver.com/jklovelike/224366255222
2026-08-03,Mon,4,수능/수능공부법/합격수기,"공부를 많이 하는데도 성적이 안 오른다면, 반드시 점검해야 할 수능 공부법",41,89,1,1430,19,9,0,https://blog.naver.com/jklovelike/224366225833
2026-08-02,Sun,19,으쌰으쌰+블로그는 마술이다,<함께쓰요일> 8월 1주차~4주차 주제입니다. 같은 주제로 함께 글 써 봐요^^,44,167,9,,,,,https://blog.naver.com/jklovelike/224365893982
2026-08-02,Sun,14,으쌰으쌰+블로그는 마술이다,[공유] 으쌰으쌰16기에서 함께하는 이웃을 소개합니다! (93명),36,93,6,,,,,https://blog.naver.com/jklovelike/224365666172
2026-08-02,Sun,6,"'데미안'의 단상, 생각",아파도 포기하지 않는 것 - 독서와 글쓰기,23,165,25,1431,6,0,2,https://blog.naver.com/jklovelike/224365396964
2026-08-02,Sun,5,수능/수능공부법/합격수기,고3 현역 정시로 의대 합격한 수기 (고려대 의대 수능 합격 후기),37,145,1,1208,7,7,0,https://blog.naver.com/jklovelike/224365382851
2026-08-01,Sat,22,으쌰으쌰+블로그는 마술이다,15기 7월 으쌰으쌰는 완주율 100%로 끝났습니다. 81명으로 시작하여 81명 모두 완주 성공했습니다 + 상장 수여입니다,68,138,22,,,,,https://blog.naver.com/jklovelike/224365159726
2026-08-01,Sat,18,'데미안'의 수능 칼럼 ,"공부를 오래하는 학생들의 비밀, 도파민을 공부에 연결하는 법",33,150,14,2798,5,5,2,https://blog.naver.com/jklovelike/224364994264
2026-08-01,Sat,17,수능/수능공부법/합격수기,"2027학년도 사관학교 시험지 (2026년 육사 공사 해사 사관학교 시험 기출) - ""수능 수험생이라면 꼭 받아두세요. 기출 시험지와 답지 8월 4일까지만 공개합니다.""",94,127,4,514,2,1,1,https://blog.naver.com/jklovelike/224364968862
2026-08-01,Sat,6,"'데미안'의 단상, 생각","8월의 첫날, 블로그 이웃분에게 보내는 행운 편지",27,157,31,,,,,https://blog.naver.com/jklovelike/224364551346
2026-08-01,Sat,6,블로그 성장/노하우/팁,고등학생 때 제 글을 읽던 학생이 대학생이 되어 남긴 한마디,33,104,4,,,,,https://blog.naver.com/jklovelike/224364540287
2026-07-31,Fri,23,"'데미안'의 단상, 생각",번잡한 소음보다 내 마음의 목소리에 조금 더 귀를 기울여 보자,34,145,8,,,,,https://blog.naver.com/jklovelike/224364342297
2026-07-31,Fri,19,으쌰으쌰+블로그는 마술이다,"8월을 보다 더 잘 보내고 싶다면, 이것부터 해보세요 - ""함께 8월에 대해 공언해 보죠""",50,161,17,,,,,https://blog.naver.com/jklovelike/224364154686
2026-07-31,Fri,6,블로그 성장/노하우/팁,"블로그 1,000일 글쓰기 - 꾸준함이 피워낸 아름다운 결실 '내 이름이 박힌 책'",46,196,24,1270,2,0,3,https://blog.naver.com/jklovelike/224363454204
2026-07-31,Fri,5,수능/수능공부법/합격수기,서울대 합격한 친구가 항상 했던 습관과 행동,24,177,6,886,10,7,1,https://blog.naver.com/jklovelike/224363443738
2026-07-30,Thu,23,"'데미안'의 단상, 생각",집중과 꾸준함,7,141,8,188,0,0,0,https://blog.naver.com/jklovelike/224363301504
2026-07-30,Thu,16,"'데미안'의 단상, 생각",새롭게 시도한 일이 어색하고 미숙하다면 오히려 잘하고 있는 거다,35,163,14,267,0,0,0,https://blog.naver.com/jklovelike/224362962445
2026-07-30,Thu,7,일상의 기록,오늘 새벽과 아침까지 내가 한 일,18,180,17,794,0,0,1,https://blog.naver.com/jklovelike/224362421048
2026-07-30,Thu,5,"'데미안'의 단상, 생각",괜히 삽질하지 말라는 말에 속지 말자,20,183,10,,,,,https://blog.naver.com/jklovelike/224362390263
2026-07-30,Thu,5,수능/수능공부법/합격수기,수능 수학 미적분 만점자&서울대 의대 합격자가 말하는 수학 시험 운영법 (출처: 오르비),49,108,1,1225,7,4,0,https://blog.naver.com/jklovelike/224362381983
2026-07-29,Wed,19,인생의 계획(천 개의 꿈),"미래 언젠가, 쉰을 앞둔 나에게 (함께쓰요일)",25,176,21,1265,1,1,1,https://blog.naver.com/jklovelike/224362034150
2026-07-29,Wed,19,으쌰으쌰+블로그는 마술이다,으쌰으쌰 16기 2026년 8월 <1일 2포스팅 챌린지> 모집합니다!,38,159,257,,,,,https://blog.naver.com/jklovelike/224361655222
2026-07-29,Wed,13,으쌰으쌰+블로그는 마술이다,오늘 16기 으쌰으쌰 1일2포 챌린지 모집에도 신청 선착순 3등까지 작은 선물을 드립니다,49,152,14,,,,,https://blog.naver.com/jklovelike/224361646948
2026-07-29,Wed,6,"'데미안'의 단상, 생각","사랑하는 것들은 영원하지 않기에, 오늘 더 사랑해야 한다",31,194,13,,,,,https://blog.naver.com/jklovelike/224361235153
2026-07-28,Tue,19,으쌰으쌰+블로그는 마술이다,수필가로부터 듣는 '평범한 하루를 글로 바꾸는 법' 함께 들어보실래요? (내일 밤 8시에 블마 줌 강의 신청 받아요),65,158,89,493,2,1,1,https://blog.naver.com/jklovelike/224360823820
2026-07-28,Tue,15,"'데미안'의 단상, 생각",성장의 추월차선은 대다수가 포기하는 곳에서 시작된다,28,166,10,,,,,https://blog.naver.com/jklovelike/224360607171
2026-07-28,Tue,14,으쌰으쌰+블로그는 마술이다,7월 5주차 글쓰기 공동 미션은 <미래의 나에게 보내는 편지>입니다 (feat.함께쓰요일),50,153,2,358,1,0,2,https://blog.naver.com/jklovelike/224360524693
2026-07-28,Tue,5,블로그 성장/노하우/팁,"지금 쌓여있는 블로그 글감이 3,041편입니다 - 미루지 말고 바로바로 글을 쓰세요",46,176,20,786,1,2,5,https://blog.naver.com/jklovelike/224360020406
2026-07-28,Tue,5,수능/수능공부법/합격수기,"고3 수능 수학 만점자는 여름방학에 어떻게 공부했을까? (수학 1등급 컷에서 만점까지, 성적을 올린 폐관수련 공부법)",65,113,5,1137,7,6,0,https://blog.naver.com/jklovelike/224360012330
2026-07-27,Mon,22,독서 단상,독서를 좋아하는 사람은 무엇이 다를까? 그들의 공통점 7가지,33,200,23,1409,1,7,2,https://blog.naver.com/jklovelike/224359821469
2026-07-27,Mon,20,으쌰으쌰+블로그는 마술이다,이번 주 29일 수요일 저녁 7시에 으쌰으쌰 16기 선착순 모집합니다,38,122,4,,,,,https://blog.naver.com/jklovelike/224359661186
2026-07-27,Mon,19,자녀교육,"아이를 위한 잔소리였는데, 왜 싸움이 될까요? ""자녀를 위한다는 말이 아이를 힘들게 할 수도 있습니다""",57,133,7,1527,1,0,0,https://blog.naver.com/jklovelike/224359647223
2026-07-27,Mon,15,블로그 이웃 포스트 공유,[공유] [도서 신청 이벤트] 온유경의 <너로 피어 꽃이 되다>,35,87,6,,,,,https://blog.naver.com/jklovelike/224359424220
2026-07-27,Mon,15,수능/수능공부법/합격수기,2026년 7월 더프 모의고사 등급컷 (대성학원 주관 사설 모의고사 실제컷과 보정컷),47,88,2,186,3,1,0,https://blog.naver.com/jklovelike/224359398489
2026-07-27,Mon,6,블로그 성장/노하우/팁,왜 블로그 글쓰기를 추천할까요? 블로그 글쓰기를 권하는 진짜 이유,36,247,22,,,,,https://blog.naver.com/jklovelike/224358899498
2026-07-27,Mon,6,'데미안'의 수능 칼럼 ,"고3 여름방학, 공부량을 집중적으로 올려야 합니다. (수능 디데이 100일 앞두고, 공부 시간 늘리는 실전 팁)",62,97,6,3299,20,0,13,https://blog.naver.com/jklovelike/224358890390
2026-07-26,Sun,16,일상의 기록,"18년 만에 켠 구형폰, 그 안에서 시간을 만났습니다 (20년 가까이 미뤄 둔 일을 오늘 시작했습니다)",57,161,17,,,,,https://blog.naver.com/jklovelike/224358429826
2026-07-26,Sun,5,"'데미안'의 단상, 생각",꿈은 바뀌어도 괜찮다. 꿈보다 중요한 건 나 자신에 대한 믿음이다,36,169,29,,,,,https://blog.naver.com/jklovelike/224358006084
2026-07-25,Sat,21,으쌰으쌰+블로그는 마술이다,"으쌰으쌰 15기, 이러다 정말 완주율 100% 나오겠습니다",32,161,17,,,,,https://blog.naver.com/jklovelike/224357721127
2026-07-25,Sat,17,"'데미안'의 단상, 생각",인생이 우상향하기 시작한 단 세 가지,20,213,21,,,,,https://blog.naver.com/jklovelike/224357595221
2026-07-25,Sat,5,"'데미안'의 단상, 생각",내 인생이 재밌는 이유,12,207,21,707,0,0,0,https://blog.naver.com/jklovelike/224357174951
2026-07-24,Fri,23,"'데미안'의 단상, 생각",지금 퇴근길입니다. 저는 피곤을 보람으로 번역합니다,28,188,10,414,0,0,1,https://blog.naver.com/jklovelike/224357028805
2026-07-24,Fri,22,"'데미안'의 단상, 생각",긍정으로 부정을 상쇄시킨다,14,157,9,,,,,https://blog.naver.com/jklovelike/224357003310
2026-07-24,Fri,5,"'데미안'의 단상, 생각",운이 아니라 습관이 우리 인생을 결정한다,22,203,18,,,,,https://blog.naver.com/jklovelike/224356147911
2026-07-23,Thu,20,으쌰으쌰+블로그는 마술이다,자산메이커 픽맘님 감사합니다. 95명의 목표를 한 편에 담아주셨습니다,38,167,12,,,,,https://blog.naver.com/jklovelike/224355796345
2026-07-23,Thu,16,"'데미안'의 단상, 생각",인생은 거울이 아니라 메아리입니다,18,171,15,,,,,https://blog.naver.com/jklovelike/224355609054
2026-07-23,Thu,15,수능/수능공부법/합격수기,"2026년 입결 경희대 정시등급 자료 (70% 등급컷, 상위 80% 평균 점수, 경쟁률, 수학선택과목 비율 등 수능 입시결과)",70,105,4,481,9,0,0,https://blog.naver.com/jklovelike/224355517785
2026-07-23,Thu,6,"'데미안'의 단상, 생각",오늘 한 번 이기면 내일은 더 쉽습니다,21,160,9,971,2,0,1,https://blog.naver.com/jklovelike/224355044936
2026-07-23,Thu,5,"'데미안'의 단상, 생각",글쓰기는 내 카페인이다 (feat.2년 넘게 커피 끊기),31,151,19,835,1,0,7,https://blog.naver.com/jklovelike/224355019441
2026-07-23,Thu,5,수능/수능공부법/합격수기,7월부터 반수해서 5개월 만에 정시 의대 세 곳 합격한 수능 공부법 후기 (출처 : 오르비),51,209,4,1528,9,9,0,https://blog.naver.com/jklovelike/224355012266
2026-07-22,Wed,19,블로그 성장/노하우/팁,"블로그에서 함께 성장하는 기쁨 - ""좋은 성장은 전염됩니다""",33,229,25,,,,,https://blog.naver.com/jklovelike/224354653811
2026-07-22,Wed,16,수능/수능공부법/합격수기,2026년 고3 7월 모의고사 국어 수학 확정 등급컷 (7모 교육청 등급컷),42,112,1,201,5,0,1,https://blog.naver.com/jklovelike/224354465049
2026-07-22,Wed,13,인생의 계획(천 개의 꿈),올해 꼭 이루고 싶은 한 가지 - 세 번째 책 <나만 뒤처지는 것 같을 때> 출간하기,47,162,29,,,,,https://blog.naver.com/jklovelike/224354285643
2026-07-22,Wed,6,"'데미안'의 단상, 생각","오늘 새벽과 아침, 나는 가장 어려운 상대를 이겼다",28,177,12,,,,,https://blog.naver.com/jklovelike/224353893558
2026-07-22,Wed,5,"'데미안'의 단상, 생각",인생은 제때 하는 사람이 이깁니다,18,171,15,,,,,https://blog.naver.com/jklovelike/224353878624
2026-07-22,Wed,5,수능/수능공부법/합격수기,정시 서울대 의대생이 말하는 수능 국어 공부법,25,144,7,1663,5,10,0,https://blog.naver.com/jklovelike/224353871777
2026-07-21,Tue,22,으쌰으쌰+블로그는 마술이다,함께쓰요일 4주차 주제 - <올해 꼭 이루고 싶은 한 가지> 함께 써 봐요,41,133,7,,,,,https://blog.naver.com/jklovelike/224353662798
2026-07-21,Tue,19,으쌰으쌰+블로그는 마술이다,내일 〈낭독의 즐거움〉 줌 강의가 있습니다. 오늘까지 마지막으로 신청 받습니다,43,126,3,,,,,https://blog.naver.com/jklovelike/224353531138
2026-07-21,Tue,4,"'데미안'의 단상, 생각",새벽 예찬,5,165,12,298,1,0,3,https://blog.naver.com/jklovelike/224352746007
2026-07-21,Tue,4,수능/수능공부법/합격수기,수능 실전 모의고사 제대로 푸는 법 (국어 수학 영어 실모 활용법),37,99,8,1302,6,4,8,https://blog.naver.com/jklovelike/224352738088
2026-07-20,Mon,22,"'데미안'의 단상, 생각","시간은 재료일 뿐, 성장은 선택입니다",20,169,10,489,0,0,0,https://blog.naver.com/jklovelike/224352512872
2026-07-20,Mon,17,"'데미안'의 단상, 생각",나는 블로그와 함께 걸어간다,15,113,13,,,,,https://blog.naver.com/jklovelike/224352225111
2026-07-20,Mon,7,"'데미안'의 단상, 생각",기록은 왜 좋은가요?,11,236,17,,,,,https://blog.naver.com/jklovelike/224351629267
2026-07-19,Sun,20,관심사/이슈,우연히 발견한 19년 전 메시에 대한 글 (마라도나 재림에서 Goat까지),41,118,9,,,,,https://blog.naver.com/jklovelike/224351225078
2026-07-19,Sun,7,일상의 기록,"2026 북중미 월드컵 결승 아르헨티나 스페인전, 메가박스 상영 극장과 예매 후기",45,117,6,,,,,https://blog.naver.com/jklovelike/224350757635
2026-07-19,Sun,6,"'데미안'의 단상, 생각",인생은 우리가 반복한 것을 돌려준다,19,172,16,,,,,https://blog.naver.com/jklovelike/224350735621
2026-07-18,Sat,19,으쌰으쌰+블로그는 마술이다,"성우 서혜정 선생님과 함께 하는 <낭독의 즐거움> 줌 강의가 준비되어 있습니다 -  입술을 떼는 순간, 새로운 세계가 열립니다",70,136,5,,,,,https://blog.naver.com/jklovelike/224350431287
2026-07-18,Sat,17,"'데미안'의 단상, 생각",조급함은 인생의 적이다,12,188,12,410,0,0,0,https://blog.naver.com/jklovelike/224350373473
2026-07-18,Sat,7,'데미안'의 자기혁신,좋은 습관을 가져도 인생이 안 바뀌는 이유는 무엇일까?,30,191,15,,,,,https://blog.naver.com/jklovelike/224349970275
2026-07-18,Sat,6,일상의 기록,AI 덕분에 다시 만난 어린 시절의 만화 주제가 (비 오는 새벽의 추억 여행),43,131,12,1982,5,0,1,https://blog.naver.com/jklovelike/224349958923
2026-07-17,Fri,22,독서 단상,책을 '제대로' 많이 읽을수록 겸손해지는 이유,25,192,14,443,1,0,0,https://blog.naver.com/jklovelike/224349768654
2026-07-17,Fri,16,으쌰으쌰+블로그는 마술이다,15기 으쌰으쌰 81명 전원이 1일 2포스팅 3일 연속 성공한 이유,37,134,12,717,6,1,0,https://blog.naver.com/jklovelike/224349504078
2026-07-17,Fri,5,"'데미안'의 단상, 생각",글쓰기는 낭만이다,9,176,16,577,0,0,0,https://blog.naver.com/jklovelike/224349106863
2026-07-16,Thu,22,"'데미안'의 단상, 생각",잘하면서 좋아하는 일을 하면 에너지가 생기는 이유,27,192,14,,,,,https://blog.naver.com/jklovelike/224348896549
2026-07-16,Thu,19,으쌰으쌰+블로그는 마술이다,"<선착순 모집> 국내 성우를 대표하는 서혜정 선생님과 함께하는 ""낭독의 즐거움"" 블마 줌강의",51,196,184,,,,,https://blog.naver.com/jklovelike/224348755090
2026-07-16,Thu,15,블로그 이웃 포스트 공유,"[공유] [예약판매] 첫 종이책, 온유경의 <너를 피워 꽃이 되다> 예약판매 시작합니다.",49,84,7,,,,,https://blog.naver.com/jklovelike/224348564379
2026-07-16,Thu,7,관심사/이슈,"2026 북중미 월드컵 아르헨티나 결승 진출, 39세 메시의 라스트 댄스는 끝나지 않았다 (4강 잉글랜드전 도파민 터지는 역전승)",72,135,14,,,,,https://blog.naver.com/jklovelike/224348088944
2026-07-15,Wed,22,"'데미안'의 단상, 생각",인생은 생각보다 우리를 오래 기다려준다,21,170,6,310,0,0,0,https://blog.naver.com/jklovelike/224347868206
2026-07-15,Wed,13,"'데미안'의 단상, 생각","요즘 가장 많이 하는 생각 ""선택과 집중"" (feat.함께쓰요일)",36,157,12,,,,,https://blog.naver.com/jklovelike/224347356102
2026-07-15,Wed,7,"'데미안'의 단상, 생각",비는 언제나 개인적인 날씨다 (feat.여름비에 대한 단상),33,173,7,,,,,https://blog.naver.com/jklovelike/224347016568
2026-07-15,Wed,7,"'데미안'의 단상, 생각",기억은 인생의 무늬를 만든다 - 나는 아름다운 기억을 오래 품기로 했다,39,138,5,,,,,https://blog.naver.com/jklovelike/224346999363
2026-07-15,Wed,4,수능/수능공부법/합격수기,수능 수학 1등급은 어떻게 만들어질까? 성적이 계단처럼 오르는 이유 (출처 : 오르비),48,99,4,1375,12,5,0,https://blog.naver.com/jklovelike/224346945897
2026-07-14,Tue,21,으쌰으쌰+블로그는 마술이다,7월 3주차 함께쓰요일｜요즘 가장 많이 하는 생각은 무엇인가요? (함께 같은 주제로 글 써 봐요),54,147,9,,,,,https://blog.naver.com/jklovelike/224346720433
2026-07-14,Tue,17,관심사/이슈,2026 월드컵 4강 대진 및 결승 진출 확률 + 득점왕 발롱도르 배당률 (메시 음바페 케인 뎀벨레) + 우승 확률 등 여러 통계,72,95,5,,,,,https://blog.naver.com/jklovelike/224346478048
2026-07-14,Tue,16,"'데미안'의 단상, 생각",다시 시작하자,7,155,14,,,,,https://blog.naver.com/jklovelike/224346408208
2026-07-14,Tue,7,"'데미안'의 단상, 생각",사람에게 상처받는 것이 두려운 당신에게,21,200,7,415,1,0,0,https://blog.naver.com/jklovelike/224345874226
2026-07-14,Tue,6,수능/수능공부법/합격수기,장수생의 아주 구체적인 수능 공부 후기 (수능 고득점 합격수기 핵심 정리),41,99,1,6425,37,1,6,https://blog.naver.com/jklovelike/224345859458
2026-07-13,Mon,22,"'데미안'의 단상, 생각",사람은 자신이 오래 머문 감정을 닮는다,21,182,18,384,0,0,0,https://blog.naver.com/jklovelike/224345597314
2026-07-13,Mon,19,'데미안'의 수능 칼럼 ,수능 공부가 지겨울 때 제가 고3 재수생 제자들에게 하는 조언 (feat.공부 슬럼프),48,148,3,1841,5,5,4,https://blog.naver.com/jklovelike/224345455253
2026-07-13,Mon,16,"'데미안'의 단상, 생각",아직 늦지 않았다,9,202,12,,,,,https://blog.naver.com/jklovelike/224345250348
2026-07-13,Mon,7,"'데미안'의 단상, 생각",꾸준한 사람은 쉽게 무너지지 않는다,19,195,22,,,,,https://blog.naver.com/jklovelike/224344716559
2026-07-13,Mon,6,'데미안'의 자기혁신,자기계발을 많이 할수록 자신을 미워하게 되는 이유,27,241,21,,,,,https://blog.naver.com/jklovelike/224344675616
2026-07-13,Mon,5,수능/수능공부법/합격수기,"수학 공부법 -  ""수학은 이해일까, 암기일까?"" (출처: 오르비)",37,94,4,828,7,1,0,https://blog.naver.com/jklovelike/224344663793
2026-07-12,Sun,16,'데미안'의 수능 칼럼 ,<공부 잘하는 법> - 공부가 재밌어지는 순간은 언제일까?,32,142,8,1342,1,1,3,https://blog.naver.com/jklovelike/224344221587
2026-07-12,Sun,6,블로그 성장/노하우/팁,블로그 글감은 어떻게 생기는가,16,156,10,541,1,0,3,https://blog.naver.com/jklovelike/224343882494
2026-07-11,Sat,22,"'데미안'의 단상, 생각",모든 것을 이해하려고 애쓰지 않아도 된다,22,202,15,,,,,https://blog.naver.com/jklovelike/224343681932
2026-07-11,Sat,16,블로그 이웃 포스트 공유,"[공유] 첫 단독 시집 북토크, 다시 한번 초대합니다.",30,106,1,,,,,https://blog.naver.com/jklovelike/224343468089
2026-07-11,Sat,6,"'데미안'의 단상, 생각",살고 싶다. 살고 싶다.,13,225,18,,,,,https://blog.naver.com/jklovelike/224343129810
2026-07-10,Fri,23,"'데미안'의 단상, 생각",리니지와 바람의 나라가 내게 남긴 것 - 오늘도 나는 현실에서 경험치를 모은다,43,176,14,,,,,https://blog.naver.com/jklovelike/224342952278
2026-07-10,Fri,20,수능/수능공부법/합격수기,2026년 고3 7월 모의고사 수학(미적 확통 기하) 국어(언매 화작) 정답률/오답률,47,101,4,316,10,0,0,https://blog.naver.com/jklovelike/224342823205
2026-07-10,Fri,6,"'데미안'의 단상, 생각",가장 위험한 중독은 타인의 인정이다,19,225,19,550,0,0,0,https://blog.naver.com/jklovelike/224342097405
2026-07-09,Thu,22,"'데미안'의 단상, 생각",희망은 감정이 아니라 습관이다,16,192,12,,,,,https://blog.naver.com/jklovelike/224341905848
2026-07-09,Thu,19,블로그 이웃 포스트 공유,[공유] 으쌰으쌰&블마 이웃들이 직접 추천해주는 <내 인생 최고의 책 한권>,42,104,0,53,0,0,0,https://blog.naver.com/jklovelike/224341777354
2026-07-09,Thu,6,'데미안'의 자기혁신,열아홉 살 때 우리 집은 파산했지만 나는 더욱 많은 재산을 물려받았다,38,249,21,,,,,https://blog.naver.com/jklovelike/224341033010
2026-07-09,Thu,5,수능/수능공부법/합격수기,공군 군수 후기 + 군대에서 수능 성공할 확률은 정말 5%일까? (출처: 오르비),45,121,1,587,4,0,4,https://blog.naver.com/jklovelike/224341015464
2026-07-08,Wed,21,내가 만난 [책],<내 인생 최고의 책 한 권> 20년째 반복해서 읽는 인생책이 있다 (feat.함께쓰요일),50,196,15,,,,,https://blog.naver.com/jklovelike/224340741500
2026-07-08,Wed,19,수능/수능공부법/합격수기,2026년 고3 7월 교육청 모의고사 등급컷 (7월 학력평가 국어 수학 예상 등급컷),47,114,2,317,9,0,0,https://blog.naver.com/jklovelike/224340650006
2026-07-08,Wed,15,으쌰으쌰+블로그는 마술이다,오늘은 '인생 최고의 책 한 권'에 대해 함께 써볼까요?,31,144,10,391,0,0,1,https://blog.naver.com/jklovelike/224340427189
2026-07-08,Wed,14,수능/수능공부법/합격수기,7월 고3 모의고사 국어 수학 시험지 다운로드 (출처 - ebsi),37,98,2,197,1,0,2,https://blog.naver.com/jklovelike/224340349923
2026-07-08,Wed,8,"'데미안'의 단상, 생각",실패보다 더 위험한 것은 성급한 결론이다,22,198,8,,,,,https://blog.naver.com/jklovelike/224339954634
2026-07-08,Wed,7,'데미안'의 수능 칼럼 ,고3 5월 모의고사 수학 69점 3등급에서 6월 모의평가 92점(확통1등급 백분위 97) 상승한 제자 사례 (수학 성적 향상 노하우 및 수능 공부법),83,112,3,3592,35,8,35,https://blog.naver.com/jklovelike/224339923439
2026-07-07,Tue,19,으쌰으쌰+블로그는 마술이다,내일 함께쓰요일 주제는 '내 인생 최고의 책 한 권'입니다. 같은 주제로 함께 써 봐요^^,50,157,15,571,1,1,1,https://blog.naver.com/jklovelike/224339522143
2026-07-07,Tue,16,"'데미안'의 단상, 생각",마음에 들지 않는 결과가 나올 때가 있습니다. 어떻게 할까요?,34,170,13,,,,,https://blog.naver.com/jklovelike/224339332498
2026-07-07,Tue,6,"'데미안'의 단상, 생각",잘하는 사람은 무엇을 버릴지 먼저 정한다,22,178,7,,,,,https://blog.naver.com/jklovelike/224338773398
2026-07-06,Mon,23,관심사/이슈,"2026 월드컵 득점 순위, 골든부츠(월드컵 득점왕)와 발롱도르까지 흔든다",41,92,9,,,,,https://blog.naver.com/jklovelike/224338581221
2026-07-06,Mon,22,'데미안'의 수능 칼럼 ,수능은 과거의 데이터베이스를 활용하는 시험이다 (수능 공부법은 이미 명쾌하다),43,110,9,1721,1,1,8,https://blog.naver.com/jklovelike/224338531642
2026-07-06,Mon,19,"'데미안'의 단상, 생각",우울한 사람 곁에서 가장 필요한 사람,20,185,11,441,0,0,0,https://blog.naver.com/jklovelike/224338377890
2026-07-06,Mon,5,"'데미안'의 단상, 생각",대부분의 성공은 두 번째 용기에서 만들어진다,24,196,20,746,0,0,0,https://blog.naver.com/jklovelike/224337587622
2026-07-05,Sun,22,Na,만약 10억을 준다면 산속 폐교에서 혼자 하룻밤 보내실 건가요? (feat.폐가 흉가 체험),51,151,38,,,,,https://blog.naver.com/jklovelike/224337374131
2026-07-05,Sun,16,"'데미안'의 단상, 생각","남들이 늦었다고 생각한 순간, 인생은 오히려 시작됐다",29,198,21,,,,,https://blog.naver.com/jklovelike/224337102205
2026-07-05,Sun,7,"'데미안'의 단상, 생각","블로그에 장문의 댓글이, 아니 한 편의 에세이가 달렸습니다",32,226,10,537,7,0,2,https://blog.naver.com/jklovelike/224336741104
2026-07-05,Sun,5,"'데미안'의 단상, 생각",진정한 성장은 덜 흔들리는 사람이 되는 것이다,25,161,10,259,0,0,0,https://blog.naver.com/jklovelike/224336695862
2026-07-05,Sun,5,수능/수능공부법/합격수기,의대 합격 수기｜국어 5등급·수학 4등급에서 1년 만에 국수영 1등급이 된 공부법 (출처: 오르비),55,133,5,2170,16,1,1,https://blog.naver.com/jklovelike/224336689776
2026-07-04,Sat,21,"'데미안'의 단상, 생각",차라리 글을 쓰고 후회하자,14,173,20,599,4,2,1,https://blog.naver.com/jklovelike/224336481593
2026-07-04,Sat,20,으쌰으쌰+블로그는 마술이다,"7월을 바꾸는 가장 쉬운 방법, 먼저 공언하세요 (feat.혼자보다 함께, 7월 블마 공언 챌린지)",55,124,8,,,,,https://blog.naver.com/jklovelike/224336422025
2026-07-04,Sat,19,수능/수능공부법/합격수기,"무휴학 반수, 이것만 알아도 성공 확률이 달라진다 (무휴학 반수 방법 및 후기)",44,116,2,1425,7,1,5,https://blog.naver.com/jklovelike/224336411185
2026-07-04,Sat,18,으쌰으쌰+블로그는 마술이다,"현역 병사도, 첫 책 출간도... 으쌰으쌰 15기의 특별한 이야기 (81명과 함께 1일 2포 챌린지 시작합니다)",62,120,5,1185,4,0,2,https://blog.naver.com/jklovelike/224336364843
2026-07-04,Sat,4,'데미안'의 자기혁신,비교가 심할 때 자존감 높이는 가장 현실적인 방법,27,170,17,,,,,https://blog.naver.com/jklovelike/224335918353
2026-07-03,Fri,23,"'데미안'의 단상, 생각",사람은 생각보다 행복한 기억으로 살아간다,22,191,18,,,,,https://blog.naver.com/jklovelike/224335768402
2026-07-03,Fri,19,지성과 사랑,나는 점점 더 넓은 원 안에서 살아간다 - 라이너 마리아 릴케의 시,37,142,4,,,,,https://blog.naver.com/jklovelike/224335638889
2026-07-03,Fri,7,"'데미안'의 단상, 생각",매력적인 사람들은 자신을 증명하지 않는다,22,201,22,660,0,0,0,https://blog.naver.com/jklovelike/224334934189
2026-07-03,Fri,6,'데미안'의 자기혁신,내가 새벽에 근력 운동을 하는 이유 (오늘 새벽 루틴으로 팔굽혀펴기 115회 턱걸이 52회를 한 이유),57,181,7,,,,,https://blog.naver.com/jklovelike/224334877477
2026-07-03,Fri,5,수능/수능공부법/합격수기,"수능 공부 계획 잘 세우는 법 (수험생 공부법, 하루 계획에 집착하면 안 되는 이유)",47,106,2,1021,12,1,0,https://blog.naver.com/jklovelike/224334860526
2026-07-02,Thu,23,관심사/이슈,2026 북중미 월드컵 32강 대진표 나라별 승리 확률 + 16강 대진표,40,107,2,,,,,https://blog.naver.com/jklovelike/224334703607
2026-07-02,Thu,21,으쌰으쌰+블로그는 마술이다,113명 이웃분들과 함께 같은 날에 공동 주제로 글을 써 봤습니다. 그 113편의 글을 모아봤습니다 (feat.함께쓰요일),68,163,31,3324,1,2,55,https://blog.naver.com/jklovelike/224334606070
2026-07-02,Thu,19,수능/수능공부법/합격수기,2026년 고3 6월 모의고사 원점수 확정 등급컷 / 2027수능 대비 6월 모의평가 국어 수학 표준점수별 범위,62,171,3,481,10,12,1,https://blog.naver.com/jklovelike/224334491276
2026-07-02,Thu,18,독서 단상,"눈누난나 리님 <오십, 지금이 당신의 시작입니다> 출간 축하합니다 - 제가 추천사를 쓴 책이 나올 때마다 뿌듯합니다",64,138,14,,,,,https://blog.naver.com/jklovelike/224334440695
2026-07-02,Thu,15,"'데미안'의 단상, 생각",행복에 대해 가장 크게 착각하는 것,19,168,11,,,,,https://blog.naver.com/jklovelike/224334279785
2026-07-02,Thu,5,"'데미안'의 단상, 생각",나이가 들수록 한 사람의 진심이 귀해진다,22,181,17,,,,,https://blog.naver.com/jklovelike/224333722643
2026-07-01,Wed,22,"'데미안'의 단상, 생각","살면서 가장 놀라웠던 사실 하나, 인생은 계획대로 흘러가지 않더군요",37,187,16,673,0,0,1,https://blog.naver.com/jklovelike/224333473718
2026-07-01,Wed,20,인생의 계획(천 개의 꿈),7월 블마 공언 챌린지 - 하반기의 첫 약속 : 성장과 절제를 추구합니다,40,161,8,,,,,https://blog.naver.com/jklovelike/224333354575
2026-07-01,Wed,13,으쌰으쌰+블로그는 마술이다,14기 6월 으쌰으쌰 1일 2포 챌린지 - 81명 중 76명 완주(완주율 93.8%) + 상장 첨부합니다^^,60,116,13,,,,,https://blog.naver.com/jklovelike/224332953485
2026-07-01,Wed,6,"'데미안'의 단상, 생각",7월에는 좋은 일이 찾아옵니다,16,215,24,199,0,0,0,https://blog.naver.com/jklovelike/224332560677
2026-07-01,Wed,5,"'데미안'의 단상, 생각","<함께쓰요일> ""상반기 최고의 배움 하나"" - 주식시장에서 많이 배웠습니다",41,131,7,1428,1,2,2,https://blog.naver.com/jklovelike/224332537483
2026-06-30,Tue,21,으쌰으쌰+블로그는 마술이다,으쌰으쌰 1일 2포 챌린지가 독보적인 이유 세 가지 (15분 만에 모집 마감되는 블로그 챌린지의 비밀),57,106,6,,,,,https://blog.naver.com/jklovelike/224332225778
2026-06-30,Tue,18,으쌰으쌰+블로그는 마술이다,"곧 7월 첫 주, 같은 주제로 글을 써 봐요^^ (feat.함께쓰요일)",39,161,8,,,,,https://blog.naver.com/jklovelike/224332082213
2026-06-30,Tue,15,"'데미안'의 단상, 생각",우리는 세상을 너무 많이 본다. 자기 자신은 너무 적게 본다.,34,158,9,555,0,1,0,https://blog.naver.com/jklovelike/224331872361
2026-06-30,Tue,4,"'데미안'의 단상, 생각",생각을 함부로 하지 않는 이유,16,213,18,477,1,0,4,https://blog.naver.com/jklovelike/224331291799
2026-06-29,Mon,21,으쌰으쌰+블로그는 마술이다,"이웃분들, <7월 블마 공언 챌린지> 함께 해 보실래요? (feat.목표를 쉽게 이루는 비결)",52,190,34,,,,,https://blog.naver.com/jklovelike/224331025638
2026-06-29,Mon,16,블로그 성장/노하우/팁,"3년 7개월, 하루도 쉬지 않고 글을 썼던 이유",26,175,18,,,,,https://blog.naver.com/jklovelike/224330742567
2026-06-29,Mon,5,"'데미안'의 단상, 생각",좋은 글은 좋은 삶에서 나온다,16,208,17,,,,,https://blog.naver.com/jklovelike/224330162005
2026-06-28,Sun,22,"'데미안'의 단상, 생각",지친 사람에게 필요한 것은 채찍이 아니라 회복이다,27,174,9,270,0,0,0,https://blog.naver.com/jklovelike/224329959787
2026-06-28,Sun,20,으쌰으쌰+블로그는 마술이다,"1,400명이 받아간 전자책, 다시 무료 배포합니다! (1년 만에 15,000명 블로거가 된 비결 - <블로그는 마술이다>)",69,169,94,,,,,https://blog.naver.com/jklovelike/224329849763
2026-06-28,Sun,19,으쌰으쌰+블로그는 마술이다,으쌰으쌰 15기 2026년 7월 <1일 2포스팅 챌린지> 모집합니다!,38,174,218,1673,1,7,0,https://blog.naver.com/jklovelike/224329689462
2026-06-28,Sun,16,으쌰으쌰+블로그는 마술이다,지난 13기 5월 으쌰으쌰 다포상 1위 문미영 작가님에게 책을 선물했습니다 (쓰기의 감각+예술가여 무엇이 두려운가+직진형 인간),71,142,11,,,,,https://blog.naver.com/jklovelike/224329705064
2026-06-28,Sun,5,으쌰으쌰+블로그는 마술이다,14기 6월 으쌰으쌰 챌린지 완주율은 94% 예상됩니다 + 오늘 저녁 7시에 15기 선착순 모집합니다!,57,123,15,1056,4,0,2,https://blog.naver.com/jklovelike/224329341015
2026-06-27,Sat,22,관심사/이슈,"한국, 아직 끝나지 않았다 - 대한민국 국가대표 월드컵 32강 경우의 수 총정리",44,131,16,,,,,https://blog.naver.com/jklovelike/224329177191
2026-06-27,Sat,21,블로그 성장/노하우/팁,나는 잡탕 블로거를 두려워하지 않는다,20,260,34,,,,,https://blog.naver.com/jklovelike/224329139362
2026-06-27,Sat,5,독서 단상,힘들 때 책을 읽는 이유 - 제게 독서는 신탁이었습니다,30,187,13,,,,,https://blog.naver.com/jklovelike/224328594406
2026-06-27,Sat,4,수능/수능공부법/합격수기,"고3 6월 모의고사 이후, 제대로 수능 공부하는 법 세 가지 (출처: 오르비)",43,88,3,1121,7,1,0,https://blog.naver.com/jklovelike/224328579208
2026-06-26,Fri,23,"'데미안'의 단상, 생각",컨디션 관리도 실력이다,12,174,13,,,,,https://blog.naver.com/jklovelike/224328433951
2026-06-26,Fri,20,으쌰으쌰+블로그는 마술이다,이번 28일 일요일에 15기 <으쌰으쌰 1일2포 챌린지> 모집합니다. 지원 선착순 1~3등하신 분께 선물 드려요,62,143,13,328,0,0,1,https://blog.naver.com/jklovelike/224328301785
2026-06-26,Fri,16,투자/주식,시장은 기회를 여러 번 준다 - 내가 투자 복기를 하며 깨달은 사실,37,169,7,,,,,https://blog.naver.com/jklovelike/224328113165
2026-06-26,Fri,6,으쌰으쌰+블로그는 마술이다,"6월 공언, 잘 지키고 계신가요?(81명의 블마 공언 포스트 모아봤습니다)",41,129,11,,,,,https://blog.naver.com/jklovelike/224327591344
2026-06-26,Fri,5,"'데미안'의 단상, 생각",사소한 1로 10을 얻는다,14,173,14,,,,,https://blog.naver.com/jklovelike/224327567072
2026-06-26,Fri,4,수능/수능공부법/합격수기,수능 국어 공부법 - 국어 비문학(독서) 지문 배경 지식 쌓는 노하우 (출처: 오르비),48,95,2,990,9,2,1,https://blog.naver.com/jklovelike/224327554628
2026-06-25,Thu,22,"'데미안'의 단상, 생각",인생에는 달려야 할 시기가 있다,17,185,15,631,0,0,0,https://blog.naver.com/jklovelike/224327377040
2026-06-25,Thu,6,"'데미안'의 단상, 생각","갓생 사는 기분 - 새벽과 아침 사이, 주요 루틴을 모두 끝냈다",35,201,16,,,,,https://blog.naver.com/jklovelike/224326497679
2026-06-25,Thu,5,지성과 사랑,니체 명언 20선 - 삶이 흔들릴 때 다시 읽는 문장 (원전에서 고른 니체의 아포리즘),48,145,7,,,,,https://blog.naver.com/jklovelike/224326480496
2026-06-24,Wed,22,"'데미안'의 단상, 생각",행복한 사람들의 공통점은 감사할 이유를 찾는 능력이다,29,179,11,130,0,0,0,https://blog.naver.com/jklovelike/224326246657
2026-06-24,Wed,16,"'데미안'의 단상, 생각","으쌰으쌰 <수요일은 함께쓰요일> - ""6월의 나에게 고마웠던 순간""",37,149,6,,,,,https://blog.naver.com/jklovelike/224325893292
2026-06-24,Wed,6,투자/주식,어제 큰돈을 잃었다. 하지만 검은 화요일에도 평상심을 잃지 않는 이유,38,233,19,,,,,https://blog.naver.com/jklovelike/224325270800
2026-06-24,Wed,4,으쌰으쌰+블로그는 마술이다,81명으로 시작한 14기 6월 으쌰으쌰 현재 76명 생존! - 이틀 연속 1일 2포 전원 달성했습니다,56,133,12,504,3,0,0,https://blog.naver.com/jklovelike/224325233981
2026-06-23,Tue,16,"'데미안'의 단상, 생각",배울 사람은 어디서든 배운다,15,216,13,,,,,https://blog.naver.com/jklovelike/224324681002
2026-06-23,Tue,7,"'데미안'의 단상, 생각",오늘의 우울이 인생 전체를 말해주지는 않는다,24,237,10,,,,,https://blog.naver.com/jklovelike/224324161737
2026-06-23,Tue,5,"'데미안'의 단상, 생각","메시, 월드컵 통산 최다 득점 18골 신기록! 아직 끝나지 않은 라스트 댄스 (2026 월드컵 2경기 5득점)",61,144,25,2820,7,1,1,https://blog.naver.com/jklovelike/224324112813
2026-06-22,Mon,20,'데미안'의 수능 칼럼 ,"오늘 고3 제자의 아이패드를 압수했습니다 - ""저는 통제함으로써 상대의 자기 통제를 키우려고 하는 강사입니다"" (feat.나는 왜 학생들의 스마트폰을 보관할까)",89,189,14,2215,9,0,3,https://blog.naver.com/jklovelike/224323801892
2026-06-22,Mon,16,수능/수능공부법/합격수기,"2027수능까지 D-150, 앞으로 남은 2026년 고3 재수생 모의고사 일정 총정리 (평가원 교육청 사설 모의 포함)",66,109,5,713,3,8,9,https://blog.naver.com/jklovelike/224323601383
2026-06-22,Mon,7,"'데미안'의 단상, 생각",글쓰기에 대하여 - 나는 우둔하기 때문에 글을 쓰기 시작했다,33,192,11,573,1,3,0,https://blog.naver.com/jklovelike/224323024373
2026-06-22,Mon,5,'데미안'의 수능 칼럼 ,21년 동안 고3 재수생들을 가르치며 깨달은 공부의 본질(수능 수험생이 반드시 알아야 할 공부의 원리 9가지),61,144,8,2463,1,15,1,https://blog.naver.com/jklovelike/224322986756
2026-06-21,Sun,23,독서 단상,"오늘밤은 바로 너다 - ""30년 전 기억이 택배로 왔다""",31,139,11,577,6,0,1,https://blog.naver.com/jklovelike/224322827302
2026-06-21,Sun,16,블로그 성장/노하우/팁,블로그는 가장 든든한 고민 해결사다,19,233,9,,,,,https://blog.naver.com/jklovelike/224322557207
2026-06-21,Sun,6,독서 단상,"AI가 찾아준 어린 시절의 책 - ""챗지피티가 30년 전 내 기억을 찾아줬다""",43,164,13,1688,12,0,0,https://blog.naver.com/jklovelike/224322251261
2026-06-20,Sat,22,"'데미안'의 단상, 생각",실패를 결론으로 받아들이지 마라,17,167,6,,,,,https://blog.naver.com/jklovelike/224322036315
2026-06-20,Sat,19,블로그 이웃 포스트 공유,[공유] 최고의 선수는 먹는 것부터 다릅니다제1회 WANNABE MEN’S 엘리트 선수 피지컬 영양 전략 세미나,62,102,2,1991,6,18,0,https://blog.naver.com/jklovelike/224321946465
2026-06-20,Sat,16,"'데미안'의 단상, 생각","사람은 자신이 반복하는 것이 된다 - ""의욕은 손님이고 반복은 집주인이다""",41,192,12,,,,,https://blog.naver.com/jklovelike/224321835267
2026-06-20,Sat,8,"'데미안'의 단상, 생각",포기하고 싶었던 날에도 해야 할 일을 했던 경험이 나를 성장시킨다,36,202,4,139,0,0,0,https://blog.naver.com/jklovelike/224321516454
2026-06-20,Sat,5,독서 단상,AI 시대일수록 나는 더 읽으려 한다. 독해력은 AI가 대신해 줄 수 없다,41,161,11,,,,,https://blog.naver.com/jklovelike/224321466601
2026-06-19,Fri,22,"'데미안'의 단상, 생각",귀차니즘을 이겨야 성장한다,14,225,13,668,3,0,1,https://blog.naver.com/jklovelike/224321292443
2026-06-19,Fri,6,블로그 성장/노하우/팁,"올해 상반기 블로그 포스트 700편, 모든 글을 스마트폰으로 썼습니다 (feat.엄지족)",49,186,15,1512,1,0,7,https://blog.naver.com/jklovelike/224320464598
2026-06-19,Fri,5,"'데미안'의 단상, 생각",나를 함부로 대하지 마라,13,177,17,626,0,0,0,https://blog.naver.com/jklovelike/224320444354
2026-06-18,Thu,19,블로그 성장/노하우/팁,꾸준한 사람이 블로그에 많아서 힘이 됩니다,23,246,45,635,0,0,0,https://blog.naver.com/jklovelike/224320132699
2026-06-18,Thu,6,"'데미안'의 단상, 생각","인정욕구는 타인을 향하고, 자기 신뢰는 자신을 향한다",29,187,17,,,,,https://blog.naver.com/jklovelike/224319428819
2026-06-17,Wed,16,으쌰으쌰+블로그는 마술이다,"오늘 AI(챗지피티, 제미나이 등) 활용에 관한 무료 줌강의가 20시에 있습니다 (feat.황요한 교수님 초청 강의)",65,136,6,,,,,https://blog.naver.com/jklovelike/224318880732
2026-06-17,Wed,13,"'데미안'의 단상, 생각","<으쌰으쌰 함께쓰요일> ""나를 다시 움직이게 한 문장"" - 이전의 모든 것은 연습에 불과하다",51,157,13,,,,,https://blog.naver.com/jklovelike/224318713649
2026-06-17,Wed,5,으쌰으쌰+블로그는 마술이다,"으쌰으쌰 14기 챌린지 - 글쓰기는 혼자 하는 일이지만, 함께하면 달라집니다",42,152,11,,,,,https://blog.naver.com/jklovelike/224318306772
2026-06-16,Tue,22,블로그 성장/노하우/팁,블로그 글쓰기는 좋아해서 하는 일이어야 한다,24,218,38,503,0,0,0,https://blog.naver.com/jklovelike/224318103586
2026-06-16,Tue,17,으쌰으쌰+블로그는 마술이다,"으쌰으쌰 <수요일은 함께쓰요일> - 이번 공동 주제는 ""나를 다시 움직이게 한 문장""입니다",50,163,8,,,,,https://blog.naver.com/jklovelike/224317852915
2026-06-16,Tue,16,블로그 이웃 포스트 공유,[공유] 사유숲 강연레이블 _ 시며듦 1기 모집,26,86,0,,,,,https://blog.naver.com/jklovelike/224317777865
2026-06-16,Tue,6,"'데미안'의 단상, 생각","챗지피티, 제미나이, 클로드로 산다는 것은 어떤 느낌인가?",32,187,18,2368,3,0,0,https://blog.naver.com/jklovelike/224317183887
2026-06-15,Mon,19,"'데미안'의 단상, 생각",명작은 수많은 졸작의 형제다 - 피카소가 평생 5만 점의 작품을 남긴 이유,41,167,13,,,,,https://blog.naver.com/jklovelike/224316789605
2026-06-15,Mon,7,"'데미안'의 단상, 생각","""혹시 언짢은 일 있어요?"" 표정은 생각보다 큰 목소리를 가지고 있다",38,247,10,,,,,https://blog.naver.com/jklovelike/224316066518
2026-06-15,Mon,6,"'데미안'의 단상, 생각",오늘은 기분 좋게 피곤해지자,15,186,13,,,,,https://blog.naver.com/jklovelike/224316021724
2026-06-14,Sun,20,Na,6월 17일 수요일 20시에 <AI 시대의 새로운 문해력> 무료 줌 강의가 있습니다,46,140,3,,,,,https://blog.naver.com/jklovelike/224315699411
2026-06-14,Sun,16,'데미안'의 자기혁신,의지가 약한 것이 아니라 상상이 부족한 것이다,25,172,8,,,,,https://blog.naver.com/jklovelike/224315568065
2026-06-14,Sun,7,"'데미안'의 단상, 생각",방황하는 인간은 생각보다 강하다,17,189,11,684,0,0,0,https://blog.naver.com/jklovelike/224315254322
2026-06-14,Sun,6,"'데미안'의 단상, 생각",글쓰기 실력이 느는 사람들의 공통점,19,195,5,795,1,2,0,https://blog.naver.com/jklovelike/224315232124
2026-06-13,Sat,22,"'데미안'의 단상, 생각",월드컵은 여전히 사람들을 한곳으로 모은다 - (482만 명 이상이 함께 본 대한민국 체코 경기),53,155,11,,,,,https://blog.naver.com/jklovelike/224315051726
2026-06-13,Sat,15,블로그 성장/노하우/팁,블로그 글감이 없다는 블로거에게 필요한 5가지 질문,28,227,13,,,,,https://blog.naver.com/jklovelike/224314799942
2026-06-13,Sat,9,"'데미안'의 단상, 생각",글쓰기의 가치를 알고 싶다면 차라리 한동안 글을 쓰지 말라,32,172,7,,,,,https://blog.naver.com/jklovelike/224314547385
2026-06-13,Sat,6,으쌰으쌰+블로그는 마술이다,토요일 새벽은 평일 새벽보다 블로그 조회수가 덜 나옵니다,31,183,23,487,0,0,0,https://blog.naver.com/jklovelike/224314519169
2026-06-13,Sat,5,"'데미안'의 단상, 생각",사람은 언제 가장 늙는가? <나이보다 먼저 늙는 사람들의 공통점>,36,160,7,,,,,https://blog.naver.com/jklovelike/224314500057
2026-06-12,Fri,16,관심사/이슈,"<월드컵> 대한민국, 체코에 2:1역전승 - 오현규 역전골 뒤에 숨은 4년의 다짐 ""이제 시작이다""",55,150,13,1165,4,0,0,https://blog.naver.com/jklovelike/224314045068
2026-06-12,Fri,6,'데미안'의 자기혁신,나만 뒤처지는 것 같을 때,14,221,24,,,,,https://blog.naver.com/jklovelike/224313477579
2026-06-12,Fri,5,수능/수능공부법/합격수기,서울대 합격생이 말하는 재수 성공의 5가지 공부법 원칙 / 서울대 재수 합격 수기 (출처: 오르비),55,170,2,1223,6,1,0,https://blog.naver.com/jklovelike/224313460707
2026-06-11,Thu,19,으쌰으쌰+블로그는 마술이다,"놓치기 아까운 AI 특강 한 번 더 안내드립니다 - ""AI 시대의 문해력, 당신은 준비되어 있나요?""",56,169,7,663,1,1,2,https://blog.naver.com/jklovelike/224313135024
2026-06-11,Thu,18,블로그 성장/노하우/팁,나는 왜 지금도 블로그를 추천하는가 (아무리 생각해도 네이버 블로그는 아직도 블루오션이다),50,249,14,,,,,https://blog.naver.com/jklovelike/224313066609
2026-06-11,Thu,16,"'데미안'의 단상, 생각",꾸준함의 진정한 보상은 성공이 아니라 자기 신뢰다,27,183,9,,,,,https://blog.naver.com/jklovelike/224312959860
2026-06-11,Thu,4,'데미안'의 자기혁신,사람들은 집중력에 대해 가장 중요한 것을 모른다,26,188,13,1715,1,3,2,https://blog.naver.com/jklovelike/224312370319
2026-06-10,Wed,19,으쌰으쌰+블로그는 마술이다,"으쌰으쌰 6월 미션(2) - ""내가 포기하지 않고 있는 한 가지"" 그 이름은 꿈이다",46,167,10,,,,,https://blog.naver.com/jklovelike/224312039309
2026-06-10,Wed,6,으쌰으쌰+블로그는 마술이다,"<선착순 모집> 블마 무료 줌 강의 - ""현직 교수가 말하는 AI 시대의 새로운 문해력"" (feat.황요한 교수님 강의)",67,213,301,1398,2,6,2,https://blog.naver.com/jklovelike/224311313960
2026-06-10,Wed,5,으쌰으쌰+블로그는 마술이다,"으쌰으쌰 <수요일은 함께쓰요일> - 이번 공동 주제는 ""내가 포기하지 않고 있는 한 가지""입니다",53,145,6,480,3,0,1,https://blog.naver.com/jklovelike/224311292359
2026-06-09,Tue,20,블로그 성장/노하우/팁,<15분 글쓰기> 때로는 무의식적 글쓰기를 해 보자,28,222,17,,,,,https://blog.naver.com/jklovelike/224310967068
2026-06-09,Tue,7,으쌰으쌰+블로그는 마술이다,"으쌰으쌰 <수요일은 함께쓰요일> - ""내가 글을 쓰게 된 이유"" 글 74편을 모았습니다",48,176,25,815,7,0,67,https://blog.naver.com/jklovelike/224310199248
2026-06-09,Tue,5,블로그 성장/노하우/팁,내가 3년 만에 3만 블로거가 되었던 비결 5가지,27,267,33,,,,,https://blog.naver.com/jklovelike/224310155242
2026-06-08,Mon,22,독서 단상,인생이 잘 안 풀릴 때는 독서를 해 보자,22,213,15,414,0,0,0,https://blog.naver.com/jklovelike/224309966896
2026-06-08,Mon,19,"'데미안'의 단상, 생각",블로그 때문에 잃어버린 취미가 있나요?,21,215,27,,,,,https://blog.naver.com/jklovelike/224309807568
2026-06-08,Mon,6,"'데미안'의 단상, 생각",능력은 과소평가하고 불안은 과대평가한다,21,190,9,842,1,3,0,https://blog.naver.com/jklovelike/224309048995
2026-06-08,Mon,6,"'데미안'의 단상, 생각",이상하게도 나는 자주 물건을 주워준다 - '선의는 돌고 돈다',34,178,12,868,0,0,0,https://blog.naver.com/jklovelike/224309032666
2026-06-07,Sun,20,"'데미안'의 단상, 생각",남의 인생을 구경하느라 내 인생을 놓치지 말라,25,247,11,143,0,0,0,https://blog.naver.com/jklovelike/224308716777
2026-06-07,Sun,16,"'데미안'의 단상, 생각",열 가지 좋은 일보다 한 가지 나쁜 일에 휘둘릴 것인가? 행복은 발견되는 것이 아니라 훈련되는 것이다,56,185,27,,,,,https://blog.naver.com/jklovelike/224308575046
2026-06-07,Sun,6,일상의 기록,"검마사님 1,000일 블로그 글쓰기를 축하하기 위해 홍대 고깃집 <형님저요>에 북크북크님과 함께 모였습니다",59,178,16,,,,,https://blog.naver.com/jklovelike/224308255122
2026-06-06,Sat,22,으쌰으쌰+블로그는 마술이다,혼자 다짐하지 말고 함께 공언해 봐요^^ (feat.6월 블마 공언),38,136,6,,,,,https://blog.naver.com/jklovelike/224308076571
2026-06-06,Sat,17,"'데미안'의 단상, 생각",대부분의 성장은 눈 내리는 밤처럼 찾아온다,23,214,10,338,1,0,0,https://blog.naver.com/jklovelike/224307903424
2026-06-06,Sat,14,"'데미안'의 단상, 생각",자신을 믿는다는 것은 잘될 거라 믿는 게 아니다,26,189,9,,,,,https://blog.naver.com/jklovelike/224307786092
2026-06-06,Sat,5,"'데미안'의 단상, 생각","""이런 맛에 강사하지"" - 경청은 가장 큰 존중이다",28,169,14,,,,,https://blog.naver.com/jklovelike/224307472533
2026-06-06,Sat,5,수능/수능공부법/합격수기,"2027학년도 사관학교 입시, 지원 전에 꼭 알아둬야 할 것들(원서 접수 및 1차 시험 일정)",52,82,3,1715,3,4,0,https://blog.naver.com/jklovelike/224307468149
2026-06-05,Fri,23,"'데미안'의 단상, 생각",꾸준한 기록 끝에 발견한 한 가지,18,185,11,,,,,https://blog.naver.com/jklovelike/224307310431
2026-06-05,Fri,19,수능/수능공부법/합격수기,2026년 6월 모의평가 국어 수학 정답률 (2027 6월 모의고사 오답률 순위),45,101,2,176,11,0,0,https://blog.naver.com/jklovelike/224307161292
2026-06-05,Fri,6,"'데미안'의 단상, 생각",새벽 글쓰기는 자기 주도의 또 다른 이름이었다,25,185,8,,,,,https://blog.naver.com/jklovelike/224306414168
2026-06-05,Fri,4,"'데미안'의 단상, 생각",대부분의 좋은 일은 예상보다 늦게 찾아온다,23,192,10,,,,,https://blog.naver.com/jklovelike/224306405507
2026-06-04,Thu,23,"'데미안'의 단상, 생각",인생에는 보이지 않는 적금이 있다,18,208,13,,,,,https://blog.naver.com/jklovelike/224306255227
2026-06-04,Thu,22,블로그 이웃 포스트 공유,[공유] 1일 1포 1000일 기념으로 데미안님과 북크북크님을 만났습니다,40,97,5,,,,,https://blog.naver.com/jklovelike/224306206221
2026-06-04,Thu,19,수능/수능공부법/합격수기,2026년 6월 모의고사 등급컷 (2027 6월 모의평가 국어 수학 예상 등급컷 / EBS 메가 대성 이투스 종로),64,92,7,353,20,0,0,https://blog.naver.com/jklovelike/224306071808
2026-06-04,Thu,14,수능/수능공부법/합격수기,2026년 고3 모의고사 시험지 정답 다운로드 받는 곳 (2027 모의평가 국어 수학 영어 문제지 다운),58,97,6,411,4,0,0,https://blog.naver.com/jklovelike/224305731617
2026-06-04,Thu,5,"'데미안'의 단상, 생각",자기 자신을 사랑하는 일도 연습이 필요하다,23,244,21,1007,1,1,0,https://blog.naver.com/jklovelike/224305283281
2026-06-03,Wed,12,"'데미안'의 단상, 생각","으쌰으쌰 14기 6월 미션 ""내가 글을 쓰게 된 이유""",30,203,20,,,,,https://blog.naver.com/jklovelike/224304684728
2026-06-03,Wed,5,으쌰으쌰+블로그는 마술이다,<블마 공언 챌린지> 6월 공언 + 5월 공언 결산 (feat.여전히 절제의 달),45,131,9,,,,,https://blog.naver.com/jklovelike/224304413542
2026-06-02,Tue,22,으쌰으쌰+블로그는 마술이다,81명 이웃과 함께 14기 6월 <으쌰으쌰 1일2포 챌린지>를 시작합니다. 이번 기수 미션은 다음과 같습니다,60,145,12,,,,,https://blog.naver.com/jklovelike/224304254174
2026-06-02,Tue,19,"'데미안'의 단상, 생각","작가가 되겠다면서 읽지도 쓰지도 않는다면, 그것은 염치없는 일이다",36,202,16,,,,,https://blog.naver.com/jklovelike/224304136691
2026-06-02,Tue,6,으쌰으쌰+블로그는 마술이다,"13기 6월 으쌰으쌰 챌린지 결과 - 86명이 시작한 도전, 75명이 끝까지 살아남았습니다 + 다포상/완주상 수여",63,168,16,969,140,2,0,https://blog.naver.com/jklovelike/224303402402
2026-06-01,Mon,19,"'데미안'의 단상, 생각",기록은 나를 지혜롭게 만든다,15,219,18,,,,,https://blog.naver.com/jklovelike/224303041586
2026-06-01,Mon,7,"'데미안'의 단상, 생각","2026년 6월 1일 아침의 첫 마디 - ""나는 잘될 것이다""",34,195,16,,,,,https://blog.naver.com/jklovelike/224302309733
2026-06-01,Mon,6,블로그 성장/노하우/팁,나는 사람을 남긴다는 마음으로 블로그를 한다,24,214,25,583,1,0,1,https://blog.naver.com/jklovelike/224302269031
2026-05-31,Sun,16,"'데미안'의 단상, 생각","제 이웃분들, 6월 블마 공언 챌린지 함께 해 봐요^^(feat.목표 달성률을 높이는 가장 쉬운 방법)",57,189,36,,,,,https://blog.naver.com/jklovelike/224301750954
2026-05-31,Sun,6,"'데미안'의 단상, 생각",중학교 동창 중에서 가장 성공했다는 이야기를 들었습니다,30,217,12,977,1,0,0,https://blog.naver.com/jklovelike/224301405680
2026-05-30,Sat,21,으쌰으쌰+블로그는 마술이다,<으쌰으쌰>는 챌린지 그 이상입니다 - 왜 사람들은 매달 으쌰으쌰에 다시 올까?,44,168,16,,,,,https://blog.naver.com/jklovelike/224301168175
2026-05-30,Sat,15,"'데미안'의 단상, 생각","마음이 흔들릴 때면 스스로에게 이렇게 말해보자. ""매일매일 나는 나의 길을 간다.""",46,192,16,,,,,https://blog.naver.com/jklovelike/224300965835
2026-05-30,Sat,5,"'데미안'의 단상, 생각","지금 이 새벽, 당신은 혼자가 아니다",20,179,11,416,0,0,0,https://blog.naver.com/jklovelike/224300632108
2026-05-29,Fri,23,'데미안'의 수능 칼럼 ,"열심히 하는 고3, 재수생 제자들을 보면 흐뭇하다",27,126,9,532,5,0,16,https://blog.naver.com/jklovelike/224300502044
2026-05-29,Fri,19,으쌰으쌰+블로그는 마술이다,으쌰으쌰 14기 2026년 6월 <1일 2포스팅 챌린지> 모집합니다!,38,181,231,1446,1,2,0,https://blog.naver.com/jklovelike/224300171210
2026-05-29,Fri,5,"'데미안'의 단상, 생각","안도 다다오, 한 건축가가 늙지 않는 이유 (feat.안도 다다오 어록 + 예술가의 정신)",50,201,15,1670,3,0,0,https://blog.naver.com/jklovelike/224299630548
2026-05-28,Thu,19,으쌰으쌰+블로그는 마술이다,내일 14기 으쌰으쌰 모집합니다. 지원 선착순 1~3등하신 분께 선물 드려요,42,166,14,,,,,https://blog.naver.com/jklovelike/224299323517
2026-05-28,Thu,16,"'데미안'의 단상, 생각","너무 효율적으로 살면, 새로운 사람이 되기 어렵다",27,188,13,,,,,https://blog.naver.com/jklovelike/224299163960
2026-05-28,Thu,15,수능/수능공부법/합격수기,2026년 5월 고3 재수생 더프 모의고사 실제 등급컷 / 예상 등급컷(보정 등급컷),47,114,2,233,7,1,0,https://blog.naver.com/jklovelike/224299084866
2026-05-28,Thu,5,"'데미안'의 단상, 생각",인간은 왜 흔들려야만 움직이는가,17,202,12,,,,,https://blog.naver.com/jklovelike/224298579793
2026-05-27,Wed,20,으쌰으쌰+블로그는 마술이다,"제 이웃분들! 14기 으쌰으쌰, 다음 미션 아이디어를 빌려주세요",35,186,24,,,,,https://blog.naver.com/jklovelike/224298305641
2026-05-27,Wed,20,블로그 이웃 포스트 공유,"[공유] 으쌰으쌰, 이제 오프라인에서 만납니다",25,118,5,,,,,https://blog.naver.com/jklovelike/224298264838
2026-05-27,Wed,19,으쌰으쌰+블로그는 마술이다,이번 주 금요일(29일) 저녁 7시에 6월 <14기 으쌰으쌰 1일2포 챌린지> 모집합니다,49,141,20,,,,,https://blog.naver.com/jklovelike/224298229510
2026-05-27,Wed,5,독서 단상,요즈음에 읽는 시간을 늘렸습니다. 괄목상대하기에 독서만큼 가성비가 월등한 활동은 없습니다,49,221,16,,,,,https://blog.naver.com/jklovelike/224297487404
2026-05-26,Tue,21,블로그 성장/노하우/팁,"매일 블로그 글쓰기를 1,000일 꾸준히 해 온 이웃분이 있습니다(feat.검마사 님)",48,253,36,,,,,https://blog.naver.com/jklovelike/224297222160
2026-05-26,Tue,17,'데미안'의 자기혁신,인생의 변곡점,7,200,28,515,0,1,0,https://blog.naver.com/jklovelike/224297033869
2026-05-26,Tue,8,투자/주식,"""삼성전자 주가 -18% 폭락?"" 아침 NXT장에서 벌어진 일 (feat.삼전 24만 원 프리마켓 해프닝)",59,179,6,,,,,https://blog.naver.com/jklovelike/224296472548
2026-05-26,Tue,6,'데미안'의 수능 칼럼 ,나는 독학생이다 - 수능 독학생을 위한 조언,24,158,7,1826,1,4,1,https://blog.naver.com/jklovelike/224296415110
2026-05-25,Mon,19,"'데미안'의 단상, 생각",5월 블마 공언을 했더니 절제가 잘 됩니다,23,216,13,,,,,https://blog.naver.com/jklovelike/224296078424
2026-05-25,Mon,6,"'데미안'의 단상, 생각",나는 왜 파이어족을 꿈꾸지 않는가?,19,276,24,,,,,https://blog.naver.com/jklovelike/224295563134
2026-05-24,Sun,19,"'데미안'의 단상, 생각","에이즈 걸린 채 태어난 11살 은코시 존슨의 전언 ""그대 가진 모든 것을 다해, 할 수 있는 모든 것을 하라""",61,177,6,,,,,https://blog.naver.com/jklovelike/224295265976
2026-05-24,Sun,16,"'데미안'의 단상, 생각",왜 어떤 사람은 잘나가도 불안정할까? (삶의 질은 능력보다 리듬에서 나온다),42,210,8,,,,,https://blog.naver.com/jklovelike/224295155904
2026-05-24,Sun,6,"'데미안'의 단상, 생각",긴장되는 곳으로 걸어가라,13,177,5,543,2,0,1,https://blog.naver.com/jklovelike/224294826076
2026-05-23,Sat,19,"'데미안'의 단상, 생각","성실과 근면의 차이는 무엇일까? (성공의 열쇠는 성실함과 독창성, 근면함이다)",43,200,7,852,2,0,0,https://blog.naver.com/jklovelike/224294512280
2026-05-23,Sat,6,"'데미안'의 단상, 생각",너를 보니 글 쓰고 싶다는 마음이 들어,21,205,14,,,,,https://blog.naver.com/jklovelike/224294066764
2026-05-22,Fri,23,'데미안'의 수능 칼럼 ,수업 시간에 캐리어를 끌고 공부하러 온 고3 제자가 있었습니다,34,182,20,1070,1,0,1,https://blog.naver.com/jklovelike/224293900739
2026-05-22,Fri,8,으쌰으쌰+블로그는 마술이다,블로그 이웃 시절청춘 님의 36년 군 생활 전역 기념 이벤트가 동탄에서 열립니다,44,158,20,759,1,0,4,https://blog.naver.com/jklovelike/224293104362
2026-05-22,Fri,5,"'데미안'의 단상, 생각",마음의 공간을 넉넉하게 넓히는 건 평화와 해방을 위한 길이다,33,180,14,,,,,https://blog.naver.com/jklovelike/224293023111
2026-05-21,Thu,22,블로그 이웃 포스트 공유,[공유] 여러분들 덕분에 광화문 교보문고 본점 저자 전용 매대에서 사인회를 진행합니다,47,103,4,,,,,https://blog.naver.com/jklovelike/224292849723
2026-05-21,Thu,16,'데미안'의 자기혁신,"AI시대, 글쓰기는 자기만의 운영체제를 만드는 일이다",29,221,11,750,1,4,0,https://blog.naver.com/jklovelike/224292537914
2026-05-21,Thu,6,"'데미안'의 단상, 생각","""나는 제대로 살고 있는 걸까?""라는 고민이 자꾸 든다면",31,200,10,,,,,https://blog.naver.com/jklovelike/224291969900
2026-05-20,Wed,19,"'데미안'의 단상, 생각",실수에 대한 피드백을 스스로 하는 사람만이 성장한다,28,184,13,513,0,2,1,https://blog.naver.com/jklovelike/224291620825
2026-05-20,Wed,6,"'데미안'의 단상, 생각",어떻게든 길은 있을 것이다,14,223,17,483,3,5,1,https://blog.naver.com/jklovelike/224290859949
2026-05-19,Tue,20,블로그 성장/노하우/팁,Q.어제의 자신보다 더 나은 수준의 글을 쓰려고 하다 보니 부담스럽네요. 어떻게 이겨낼까요?,51,198,15,,,,,https://blog.naver.com/jklovelike/224290566167
2026-05-19,Tue,17,블로그 이웃 포스트 공유,[공유] 북크북크 <당신은 이미 기적이다> 나눔 이벤트,30,87,2,,,,,https://blog.naver.com/jklovelike/224290437088
2026-05-19,Tue,15,"'데미안'의 단상, 생각",1년 정도 폐관수련만 해 보고 싶다 - '축적의 광기'에 빠져들고 싶다,39,154,11,842,0,0,0,https://blog.naver.com/jklovelike/224290289157
2026-05-19,Tue,6,블로그 성장/노하우/팁,꾸준한 블로그 글쓰기의 여섯 가지 이점,21,258,26,,,,,https://blog.naver.com/jklovelike/224289778931
2026-05-18,Mon,22,"'데미안'의 단상, 생각","인생이 괴로운 이유 중 하나는 '비교' 자체보다도, 비교의 기준이 늘 타인에게 있다는 점이다",51,175,8,,,,,https://blog.naver.com/jklovelike/224289584423
2026-05-18,Mon,20,"'데미안'의 단상, 생각","""나와 상관없다""라는 생각은 무섭다",19,205,11,,,,,https://blog.naver.com/jklovelike/224289442541
2026-05-18,Mon,16,블로그 성장/노하우/팁,무엇보다 42개월 동안 블로그 글쓰기를 통해 얻은 가치는?,32,176,8,,,,,https://blog.naver.com/jklovelike/224289220989
2026-05-18,Mon,5,'데미안'의 수능 칼럼 ,"공부 잘하는 법 ""공부는 의지가 아니라 행동에서 시작된다""",32,174,26,1528,1,4,0,https://blog.naver.com/jklovelike/224288640344
2026-05-17,Sun,20,"'데미안'의 단상, 생각",마치 스마트폰이 없던 시절의 기다림처럼,21,212,14,1152,2,0,0,https://blog.naver.com/jklovelike/224288328132
2026-05-17,Sun,15,'데미안'의 자기혁신,지름길이 없는 일을 하라,13,198,11,1043,1,0,0,https://blog.naver.com/jklovelike/224288147565
2026-05-17,Sun,6,"'데미안'의 단상, 생각",인생은 결국 판단력 싸움이다,15,202,13,662,2,3,2,https://blog.naver.com/jklovelike/224287830554
2026-05-16,Sat,14,"'데미안'의 단상, 생각",신기하다. 책에서 배운 것이 사실이었다,21,249,25,,,,,https://blog.naver.com/jklovelike/224287349798
2026-05-16,Sat,6,일상의 기록,가장 좋아하는 달은 언제인가? 나는 오월을 가장 사랑한다,31,183,18,,,,,https://blog.naver.com/jklovelike/224287048636
2026-05-16,Sat,5,으쌰으쌰+블로그는 마술이다,현재 13기 으쌰으쌰 1일 2포 챌린지 진행 상황 - 보름 동안 86명 중 85명 남았습니다,51,135,11,,,,,https://blog.naver.com/jklovelike/224287038357
2026-05-15,Fri,23,"'데미안'의 단상, 생각",젊은 날의 꿈을 하나씩 이뤄나가고 있다,21,176,6,512,3,0,1,https://blog.naver.com/jklovelike/224286882004
2026-05-15,Fri,7,지식의 정리,"스승의 날, 학교 선생님 선물(꽃, 카네이션, 케이크 등) 어디까지 가능할까?",43,186,8,1245,2,1,0,https://blog.naver.com/jklovelike/224286031563
2026-05-15,Fri,5,"'데미안'의 단상, 생각",긍정적 미래를 상상하라,12,185,10,1342,0,0,0,https://blog.naver.com/jklovelike/224285980814
2026-05-14,Thu,7,"'데미안'의 단상, 생각",블로그에 글을 쓰는 보람에 대하여,18,236,27,,,,,https://blog.naver.com/jklovelike/224284881457
2026-05-14,Thu,6,수능/수능공부법/합격수기,수시 대신 정시를 계획하는 고2 고3 일반고 학생을 위한 정시파이터 가이드 (출처: 오르비),51,118,4,1039,10,5,2,https://blog.naver.com/jklovelike/224284858810
2026-05-14,Thu,4,"'데미안'의 단상, 생각",나는 새벽이 있기 때문에 글을 쓴다,19,157,9,,,,,https://blog.naver.com/jklovelike/224284836677
2026-05-13,Wed,19,"'데미안'의 단상, 생각",에고의 속삭임에 끌려가지 마라,16,227,13,773,2,0,1,https://blog.naver.com/jklovelike/224284499634
2026-05-13,Wed,6,으쌰으쌰+블로그는 마술이다,5월 <블마 공언 챌린지>를 함께 한 73명의 공언 목록을 한데 모아뒀습니다,42,161,21,,,,,https://blog.naver.com/jklovelike/224283685067
2026-05-12,Tue,23,"'데미안'의 단상, 생각",결국 일상적 행복과 삶의 질을 결정하는 큰 요인 중 하나는 이거 아닐까?,40,175,14,699,0,0,0,https://blog.naver.com/jklovelike/224283500944
2026-05-12,Tue,20,'데미안'의 자기혁신,꾸준한 양은 결국 질을 만든다,16,210,12,1701,3,0,5,https://blog.naver.com/jklovelike/224283347894
2026-05-12,Tue,12,블로그 이웃 포스트 공유,[공유] TCC랑 글로 놀자 [희희글락]에 초대합니다.,30,88,4,,,,,https://blog.naver.com/jklovelike/224282848474
2026-05-12,Tue,6,'데미안'의 자기혁신,실패학 - 실패가 내 교과서다,16,173,21,,,,,https://blog.naver.com/jklovelike/224282493704
2026-05-11,Mon,22,"'데미안'의 단상, 생각",고3 모드로 살았던 시간은 결국 큰 보상으로 돌아왔다,29,191,23,,,,,https://blog.naver.com/jklovelike/224282289734
2026-05-11,Mon,16,"'데미안'의 단상, 생각","당신이 어디로 가고 있는지 모른다면, 결국 원하지 않는 곳에 도착할 수도 있다",43,178,9,551,4,1,1,https://blog.naver.com/jklovelike/224281909856
2026-05-11,Mon,16,블로그 이웃 포스트 공유,[공유] 저의 신간 당신은 이미 기적이다를 출간했습니다.,31,104,3,,,,,https://blog.naver.com/jklovelike/224281878779
2026-05-11,Mon,6,"'데미안'의 단상, 생각","새로운 한 주, 다시 내게 들려주는 말",21,183,21,180,0,0,1,https://blog.naver.com/jklovelike/224281307460
2026-05-11,Mon,6,"'데미안'의 단상, 생각",약점이 드러나는 상황에 자신을 노출시켜 보자,24,167,8,,,,,https://blog.naver.com/jklovelike/224281292859
2026-05-10,Sun,16,블로그 성장/노하우/팁,실망스럽더라도 계속 써야 할 때가 있습니다,23,234,21,,,,,https://blog.naver.com/jklovelike/224280807855
2026-05-10,Sun,13,수능/수능공부법/합격수기,2028 대입개편안 정시 변화 - 이제 정시는 수능만으로 끝나지 않는다,39,120,3,1921,2,2,0,https://blog.naver.com/jklovelike/224280651653
2026-05-10,Sun,6,'데미안'의 자기혁신,"노는 것이 귀찮아진 어른에게 - ""내가 롯데월드를 17년 동안 안 간 이유""",42,181,17,,,,,https://blog.naver.com/jklovelike/224280449132
2026-05-09,Sat,21,"'데미안'의 단상, 생각",꾸준히 글을 쓰는 우리 블로그 이웃분들께 동지애를 느낍니다,32,245,21,856,0,0,0,https://blog.naver.com/jklovelike/224280204805
2026-05-09,Sat,16,일상의 기록,"나는 왜 일상에서 지루함을 느끼지 못할까? - 호기심이 살아있다면, 쉽게 늙지 않는다",47,269,20,785,1,0,0,https://blog.naver.com/jklovelike/224279977770
2026-05-09,Sat,5,"'데미안'의 단상, 생각",어차피 돈 벌 기회는 많다. 지나간 기회에 연연하지 말라,31,205,11,,,,,https://blog.naver.com/jklovelike/224279581858
2026-05-08,Fri,22,"'데미안'의 단상, 생각","한 인간이 잘 살고 있는지 알고 싶다면, 그의 루틴을 보라",32,202,16,,,,,https://blog.naver.com/jklovelike/224279383771
2026-05-08,Fri,7,"'데미안'의 단상, 생각",정말 나 자신을 아낀다면 이렇게 해 보라,22,216,13,419,0,0,0,https://blog.naver.com/jklovelike/224278473551
2026-05-08,Fri,5,으쌰으쌰+블로그는 마술이다,으쌰으쌰 13기 멤버 목록 + 다포상 현재 순위 (1주일 동안 73포스팅한 문미영 작가님이 현재 1위입니다),60,130,11,,,,,https://blog.naver.com/jklovelike/224278433277
2026-05-08,Fri,5,수능/수능공부법/합격수기,2026년 고3 5월 모의고사 수학(미적 확통 기하) 국어(언매 화작) 정답률/오답률,47,101,1,193,10,0,1,https://blog.naver.com/jklovelike/224278424077
2026-05-07,Thu,22,블로그 성장/노하우/팁,리마인드 차원에서 비슷한 글을 반복해서 써도 됩니다,28,179,18,,,,,https://blog.naver.com/jklovelike/224278208840
2026-05-07,Thu,19,수능/수능공부법/합격수기,2026년 5월 고3 모의고사 국수영 등급컷 (추정 등급 커트라인),37,167,5,414,14,5,1,https://blog.naver.com/jklovelike/224278066247
2026-05-07,Thu,13,수능/수능공부법/합격수기,2026년 고3 5월 모의고사 수학 시험지(문제지) 자료 링크입니다 (+5모 전과목 답지),50,110,6,450,5,0,2,https://blog.naver.com/jklovelike/224277674959
2026-05-07,Thu,7,수능/수능공부법/합격수기,2024년 2025년 고3 5월 모의고사 국어 수학 확정 원점수 등급컷,39,124,5,362,7,10,2,https://blog.naver.com/jklovelike/224277296899
2026-05-07,Thu,6,"'데미안'의 단상, 생각",글쓰기는 가장 생산적인 탈출구다,17,203,28,,,,,https://blog.naver.com/jklovelike/224277272464
2026-05-06,Wed,19,"'데미안'의 단상, 생각",전환과 반전을 잘하자,11,186,10,271,0,0,0,https://blog.naver.com/jklovelike/224276860834
2026-05-06,Wed,13,"'데미안'의 단상, 생각",글을 쓰는 사람은 쉽게 무너지지 않는다,21,214,15,,,,,https://blog.naver.com/jklovelike/224276457138
2026-05-06,Wed,6,"'데미안'의 단상, 생각","첫째는 성공의 비밀을 발견하는 것이요, 둘째는 작가가 되는 것이다",36,204,10,620,0,0,0,https://blog.naver.com/jklovelike/224276038753
2026-05-05,Tue,21,"'데미안'의 단상, 생각","할 만큼 했으면 ""어떻게든 되겠지""라는 마음으로 놔둡니다",31,204,15,,,,,https://blog.naver.com/jklovelike/224275742584
2026-05-05,Tue,17,블로그 성장/노하우/팁,자주 써라. 노출 횟수와 접촉 빈도가 중요하다,25,227,18,,,,,https://blog.naver.com/jklovelike/224275551213
2026-05-05,Tue,15,'데미안'의 자기혁신,20년 동안 마셔온 커피(카페인) 중독을 끊은 비결 + 무언가를 끊는 비결 +  의지를 발휘하는 방법,56,207,18,,,,,https://blog.naver.com/jklovelike/224275440785
2026-05-05,Tue,7,지성과 사랑,"""어떤 우정에는 마력이 있다"" 우정에 관한 명언 / 인간 관계 명언 글귀",40,175,8,,,,,https://blog.naver.com/jklovelike/224275105098
2026-05-05,Tue,6,으쌰으쌰+블로그는 마술이다,13기 5월 으쌰으쌰 1일2포 챌린지는 86명과 함께 시작합니다 + 다포상 현재 순위 + 각 멤버별 진행 결과,61,115,7,775,4,0,1,https://blog.naver.com/jklovelike/224275086136
2026-05-04,Mon,20,"'데미안'의 단상, 생각","""나는 왜 혼자가 편할까?""에서 블로그하며 지금은 어떻게 바뀌었을까?",38,224,21,,,,,https://blog.naver.com/jklovelike/224274722556
2026-05-04,Mon,19,'데미안'의 수능 칼럼 ,고3과 재수생을 위한 수능 공부를 대하는 세 가지 태도,30,122,6,1381,1,3,4,https://blog.naver.com/jklovelike/224274693133
2026-05-04,Mon,15,"'데미안'의 단상, 생각","""모든 것이 잘 된다""",12,183,8,,,,,https://blog.naver.com/jklovelike/224274389527
2026-05-04,Mon,14,수능/수능공부법/합격수기,2026년 한양대 정시등급 입시결과 (최종등록자 백분위 상위 80%컷 정시 입결),45,134,2,1271,2,1,1,https://blog.naver.com/jklovelike/224274328363
2026-05-04,Mon,5,"'데미안'의 단상, 생각","""내가 정말 인생에서 원하는 것은 무엇인가?""",25,175,9,,,,,https://blog.naver.com/jklovelike/224273906669
2026-05-04,Mon,5,지성과 사랑,이해인 수녀 - 5월의 시 (내 안의 5월을 깨우는 시),31,163,5,,,,,https://blog.naver.com/jklovelike/224273896330
2026-05-03,Sun,19,블로그 성장/노하우/팁,글은 관성이다. 쓰는 사람만 계속 쓴다 - 글쓰기에도 마태효과가 작동한다,40,201,19,285,0,0,0,https://blog.naver.com/jklovelike/224273537430
2026-05-03,Sun,16,'데미안'의 수능 칼럼 ,"수능 정시 재수생과 반수생을 위한 공부 장소와 환경에 대한 조언 (집 독재, 독서실 독재, 독재 학원, 재종, 기숙학원)",67,114,1,3566,1,7,3,https://blog.naver.com/jklovelike/224273408927
2026-05-03,Sun,5,블로그 성장/노하우/팁,내 마음에 드는 글만 쓸 수 없다 - 차라리 불완전한 글을 써 보라,37,239,24,556,2,0,0,https://blog.naver.com/jklovelike/224273007800
2026-05-03,Sun,5,수능/수능공부법/합격수기,수능 국수영과탐 45344 ->21211 재수 성공 수기 (기숙학원 재수 후기),44,126,0,1259,7,1,0,https://blog.naver.com/jklovelike/224272997660
2026-05-02,Sat,22,인생의 계획(천 개의 꿈),데미안의 2026년 5월 블마 공언 챌린지 - 5월은 '절제'하는 한 달입니다,43,161,19,,,,,https://blog.naver.com/jklovelike/224272781478
2026-05-02,Sat,19,으쌰으쌰+블로그는 마술이다,으쌰으쌰 1일1포 챌린지와 감사 챌린지 합류하고 싶은 분은 읽어보세요,38,182,93,,,,,https://blog.naver.com/jklovelike/224272661618
2026-05-02,Sat,17,독서 단상,"독서를 20년 했는데, 최근에 깨달은 사실 - 읽는 사람에서 남기는 사람으로",42,215,19,,,,,https://blog.naver.com/jklovelike/224272563529
2026-05-02,Sat,14,블로그 이웃 포스트 공유,"[공유] 으쌰으쌰 1일 2포 챌린지, 어느덧 1년이 됐습니다(다포상)",38,77,4,752,2,5,0,https://blog.naver.com/jklovelike/224272462891
2026-05-02,Sat,7,"'데미안'의 단상, 생각",새벽 아침 루틴 - 하루의 주도권은 아침에 넘어온다,28,166,11,324,0,0,0,https://blog.naver.com/jklovelike/224272173561
2026-05-02,Sat,5,블로그 성장/노하우/팁,챗지피티에 제 블로그 <매일매일 나는 나의 길을 간다>에 대해 물어봤습니다 - 제 블로그의 강점과 약점,57,159,18,,,,,https://blog.naver.com/jklovelike/224272142145
2026-05-02,Sat,5,수능/수능공부법/합격수기,국어 실전 모의고사를 어떻게 활용해야 할까? - 수능 실모 활용법,36,90,1,777,4,0,0,https://blog.naver.com/jklovelike/224272136204
2026-05-01,Fri,23,"'데미안'의 단상, 생각",몰입과 쉼이 번갈아야만 삶의 리듬이 살아난다,24,148,15,,,,,https://blog.naver.com/jklovelike/224271965507
2026-05-01,Fri,22,으쌰으쌰+블로그는 마술이다,13기 5월 으쌰으쌰 1일 2포 챌린지부터 이벤트가 있습니다. 이번 달은 바로 '다포상'입니다^^,54,117,14,,,,,https://blog.naver.com/jklovelike/224271936970
2026-05-01,Fri,13,으쌰으쌰+블로그는 마술이다,12기 4월 으쌰으쌰 1일 2포 챌린지 상장 - 77명 중 70명 완주 (100%상 48명 + 아차상 22명),61,145,15,,,,,https://blog.naver.com/jklovelike/224271499090
2026-05-01,Fri,5,"'데미안'의 단상, 생각",나이가 들수록 더 강렬하게 살고 싶다는 생각이 든다,28,192,20,,,,,https://blog.naver.com/jklovelike/224271188631
2026-05-01,Fri,5,수능/수능공부법/합격수기,"수능 공부, 수험생이 하면 안 되는 10가지 행동 (고3과 재수생 행동 강령 필독) 출처: 오르비",54,109,7,867,15,0,0,https://blog.naver.com/jklovelike/224271182301
2026-04-30,Thu,23,'데미안'의 수능 칼럼 ,Q.수학 시험(모의고사/수능)을 볼 때 안 풀리면 조급해지며 집중력이 떨어져요. 실수를 어떻게 고칠까요?,58,96,7,1461,1,0,6,https://blog.naver.com/jklovelike/224271006902
2026-04-30,Thu,19,"'데미안'의 단상, 생각","더 재밌는 것을 위해, 덜 재밌는 것을 포기한다",26,182,21,,,,,https://blog.naver.com/jklovelike/224270769071
2026-04-30,Thu,18,블로그 이웃 포스트 공유,[공유] 새로운 도전을 시작했습니다.,20,92,2,1090,1,35,1,https://blog.naver.com/jklovelike/224270760310
2026-04-30,Thu,16,블로그 이웃 포스트 공유,[공유] 《괜찮은 어른》 출간!!! 많은 관심 부탁드려요.,32,101,1,,,,,https://blog.naver.com/jklovelike/224270611446
2026-04-30,Thu,6,"'데미안'의 단상, 생각",무조건 써라,6,243,21,,,,,https://blog.naver.com/jklovelike/224269964036
2026-04-29,Wed,23,"'데미안'의 단상, 생각","작가라는 이미지, 작가는 타인의 호기심을 끌어당긴다",28,165,7,,,,,https://blog.naver.com/jklovelike/224269782147
2026-04-29,Wed,15,"'데미안'의 단상, 생각","기록하고, 글쓰는 사람은 무너지지 않는다",22,236,15,,,,,https://blog.naver.com/jklovelike/224269319741
2026-04-29,Wed,6,"'데미안'의 단상, 생각",나는 어떤 상황이 오더라도 감당할 준비가 되어 있다,28,196,14,738,0,0,0,https://blog.naver.com/jklovelike/224268735258
2026-04-28,Tue,19,으쌰으쌰+블로그는 마술이다,2026년 13기 으쌰으쌰 5월 <1일 2포스팅 챌린지> 모집합니다!,38,176,205,,,,,https://blog.naver.com/jklovelike/224268003346
2026-04-28,Tue,18,블로그 이웃 포스트 공유,[공유] 7년만에 세상에 나오는 감사 필사 워크북 1단계 <오늘아 고마워>,41,114,4,,,,,https://blog.naver.com/jklovelike/224268256450
2026-04-28,Tue,15,"'데미안'의 단상, 생각",영혼이 강해지는 것으로 나이 먹고 있음을 느낀다,26,194,9,475,1,0,1,https://blog.naver.com/jklovelike/224268032776
2026-04-28,Tue,6,으쌰으쌰+블로그는 마술이다,오늘 19시에 으쌰으쌰 1일2포 챌린지 모집합니다,27,152,13,,,,,https://blog.naver.com/jklovelike/224267500535
2026-04-28,Tue,5,"'데미안'의 단상, 생각",나는 어린 시절이 불행했기 때문에 지금이 행복하다. 불행은 오히려 나아가는 힘이다,45,209,24,,,,,https://blog.naver.com/jklovelike/224267472316
2026-04-28,Tue,4,수능/수능공부법/합격수기,2026년 4월 더프 모의고사 등급컷(실제 등급컷/예상 보정 등급컷),38,96,1,283,3,1,0,https://blog.naver.com/jklovelike/224267454589
2026-04-27,Mon,23,블로그 이웃 포스트 공유,[공유] [글벗 모집] 몽자 작가와 함께 하는 수필 여행,31,100,6,2051,2,1,0,https://blog.naver.com/jklovelike/224267288224
2026-04-27,Mon,20,으쌰으쌰+블로그는 마술이다,내일 28일 화요일 저녁 7시에 13기 5월 으쌰으쌰 <1일 2포 챌린지> 모집글을 올립니다,51,165,22,,,,,https://blog.naver.com/jklovelike/224267132317
2026-04-27,Mon,16,"'데미안'의 단상, 생각",혹시 작가이신가요?,10,251,17,559,2,0,1,https://blog.naver.com/jklovelike/224266845961
2026-04-27,Mon,11,블로그 이웃 포스트 공유,"[공유] 글쓰기, 인과 연(ft. 블로그는 마술이다 정모 후기)",35,99,0,3068,12,2,1,https://blog.naver.com/jklovelike/224266473652
2026-04-27,Mon,6,블로그 이웃 포스트 공유,[공유] 책을 읽고 글을 쓰며 운동해 봐요 (feat. 읽쓰운 챌린지 5기 모집),45,102,2,,,,,https://blog.naver.com/jklovelike/224266241152
2026-04-27,Mon,5,으쌰으쌰+블로그는 마술이다,12기 4월 으쌰으쌰 <1일 2포 챌린지> 현재 75명 중 70명 남았습니다 (생존율 93.3%),54,137,14,,,,,https://blog.naver.com/jklovelike/224266206771
2026-04-27,Mon,4,"'데미안'의 단상, 생각",끝까지 가 보라,8,159,8,,,,,https://blog.naver.com/jklovelike/224266190979
2026-04-27,Mon,4,수능/수능공부법/합격수기,가천대학교 2025학년도 정시 수능 성적 입시결과(가천대 정시등급 입결),40,87,2,725,8,5,0,https://blog.naver.com/jklovelike/224266184342
2026-04-26,Sun,21,일상의 기록,만나면 기분 좋은 사람들과 함께 하세요,21,202,21,,,,,https://blog.naver.com/jklovelike/224265951142
2026-04-26,Sun,16,으쌰으쌰+블로그는 마술이다,블로그 이웃분들께 선물 드리려고 33권의 인생책을 구입했습니다(feat.블마 정모),46,357,50,,,,,https://blog.naver.com/jklovelike/224265707988
2026-04-26,Sun,5,"'데미안'의 단상, 생각",누구에게나 새벽은 필요하다,14,213,14,,,,,https://blog.naver.com/jklovelike/224265293943
2026-04-25,Sat,23,일상의 기록,오늘 10시간 동안 수십 명의 블로그 이웃분들과 만나고 왔다,33,220,34,,,,,https://blog.naver.com/jklovelike/224265122496
2026-04-25,Sat,4,으쌰으쌰+블로그는 마술이다,오늘 34~37명의 블로그 이웃분들과 만나고 옵니다 (feat.블마 정모),41,266,26,,,,,https://blog.naver.com/jklovelike/224264394539
2026-04-24,Fri,5,"'데미안'의 단상, 생각","나는 오늘도 수도승과 전사 사이를 걷는다 - ""오래 가는 사람은 감정이 다르다""",44,198,14,,,,,https://blog.naver.com/jklovelike/224263210575
2026-04-24,Fri,0,"'데미안'의 단상, 생각",무의미한 경험은 없다,11,203,17,,,,,https://blog.naver.com/jklovelike/224263083408
2026-04-23,Thu,16,"'데미안'의 단상, 생각","처음으로 치약을 섞어 썼다 - ""내가 발견하지 못한 처음은 얼마나 많을까?""",42,191,16,,,,,https://blog.naver.com/jklovelike/224262663476
2026-04-23,Thu,5,"'데미안'의 단상, 생각",누구나 인생에 세 번은 기회가 찾아온다? 나는 그 횟수가 더 많다고 생각한다,42,193,12,999,0,0,0,https://blog.naver.com/jklovelike/224261965934
2026-04-22,Wed,18,"'데미안'의 단상, 생각","사람은 집중할 것이 없을 때, 괴팍해지곤 한다 (요즘 군대에서 괴롭힘이 줄어든 이유)",47,226,16,,,,,https://blog.naver.com/jklovelike/224261530781
2026-04-22,Wed,14,지성과 사랑,보리스 파스테르나크 - '유명해진다함은',22,186,12,755,1,1,0,https://blog.naver.com/jklovelike/224261206432
2026-04-22,Wed,5,"'데미안'의 단상, 생각","나는 어떤 행복을 바라는가? - ""행복은 하나가 아니다. 그래서 우리는 흔들린다""",45,200,10,,,,,https://blog.naver.com/jklovelike/224260731956
2026-04-21,Tue,19,블로그 성장/노하우/팁,"블로그가 안 되는 이유, 대부분 이 3가지입니다",26,294,27,,,,,https://blog.naver.com/jklovelike/224260362848
2026-04-21,Tue,14,"'데미안'의 단상, 생각",믿어라. 그리고 책임져라.,14,197,9,,,,,https://blog.naver.com/jklovelike/224259992149
2026-04-21,Tue,7,"'데미안'의 단상, 생각","책임감의 미덕 - 책임을 짊어진 순간, 인간은 달라진다",30,191,15,,,,,https://blog.naver.com/jklovelike/224259521935
2026-04-21,Tue,5,"'데미안'의 단상, 생각","우리는 글을 쓰는가, 아니면 글에 의해 쓰이게 되는가",29,188,11,,,,,https://blog.naver.com/jklovelike/224259485908
2026-04-20,Mon,21,블로그 이웃 포스트 공유,"[공유] 데미안님 블마 정모, 합정에서 함께 합니다",28,127,4,569,1,6,0,https://blog.naver.com/jklovelike/224259177645
2026-04-20,Mon,14,"'데미안'의 단상, 생각",현자들의 가르침은 얼마나 달콤한가?,19,185,4,437,0,0,0,https://blog.naver.com/jklovelike/224258728315
2026-04-20,Mon,5,"'데미안'의 단상, 생각",돈 있어도 행복하지 않은 진짜 이유,19,239,20,,,,,https://blog.naver.com/jklovelike/224258223699
2026-04-20,Mon,5,수능/수능공부법/합격수기,고려대 합격한 재수생이 말하는 재수생활 꿀팁 (출처: 오르비),34,160,4,579,8,0,0,https://blog.naver.com/jklovelike/224258219251
2026-04-19,Sun,19,블로그 성장/노하우/팁,지인의 지인이 구독하는 블로그라면 제법 괜찮은 블로그가 아닌가? - <블로그 평판 자산>에 대하여,54,263,15,,,,,https://blog.naver.com/jklovelike/224257865084
2026-04-19,Sun,6,"'데미안'의 단상, 생각",나는 불행하기 힘든 사람이다,15,210,18,,,,,https://blog.naver.com/jklovelike/224257323277
2026-04-18,Sat,21,"'데미안'의 단상, 생각",글쓰기 하나로 실행력이 폭발한 이유 - 완벽하게 준비하다가 아무것도 못 하는 사람들에게,48,240,20,,,,,https://blog.naver.com/jklovelike/224257048187
2026-04-18,Sat,6,으쌰으쌰+블로그는 마술이다,으쌰으쌰 1일 2포 챌린지를 운영하며 보람을 느낄 때,29,166,23,,,,,https://blog.naver.com/jklovelike/224256450799
2026-04-17,Fri,22,"'데미안'의 단상, 생각","""지친 날일수록 자신에게  더 따뜻해져야 한다.""",27,192,35,,,,,https://blog.naver.com/jklovelike/224256235351
2026-04-17,Fri,6,"'데미안'의 단상, 생각",자기성찰의 시도는 더 나은 자신을 맞이하려는 노력이다,29,202,17,350,1,0,0,https://blog.naver.com/jklovelike/224255218095
2026-04-17,Fri,5,'데미안'의 자기혁신,"미루는 습관을 이기는 방법, 행동력 부족 고치는 법",28,162,10,1164,3,1,4,https://blog.naver.com/jklovelike/224255192327
2026-04-17,Fri,4,수능/수능공부법/합격수기,공부 재능이 있는지 없는지 어떻게 알 수 있나요? (feat.공부 재능 vs 노력),46,147,11,696,4,2,1,https://blog.naver.com/jklovelike/224255177823
2026-04-16,Thu,17,블로그 성장/노하우/팁,내가 1일 2포를 꾸준히 해 온 이유는?,22,228,21,1237,5,0,2,https://blog.naver.com/jklovelike/224254675538
2026-04-16,Thu,6,"'데미안'의 단상, 생각",나는 도파민에 절여지지 않는다,16,204,9,,,,,https://blog.naver.com/jklovelike/224253994345
2026-04-15,Wed,22,자녀교육,[자녀교육 칼럼] 성적이 오르는 아이들의 '결정적 차이',31,156,5,1397,1,6,1,https://blog.naver.com/jklovelike/224253763126
2026-04-15,Wed,15,'데미안'의 자기혁신,기분 나쁜 일 빨리 잊는 법 (기분 안 좋을 때 해야 할 일),34,193,13,,,,,https://blog.naver.com/jklovelike/224253347352
2026-04-15,Wed,6,으쌰으쌰+블로그는 마술이다,12기 4월 으쌰으쌰 <1일 2포 챌린지> 중간 점검입니다. 77명 중 75명 살아 남았습니다,52,154,17,,,,,https://blog.naver.com/jklovelike/224252759382
2026-04-14,Tue,23,"'데미안'의 단상, 생각","40개월 동안 블로그에 3,800여 편의 글을 쓰고 배운 사실 - 글을 쓰기 시작하면 인생의 기준이 바뀐다",59,194,21,,,,,https://blog.naver.com/jklovelike/224252534981
2026-04-14,Tue,18,지성과 사랑,나희덕 시인 - <어두워진다는 것> 개와 늑대 사이의 시간을 표현한 시,39,204,6,,,,,https://blog.naver.com/jklovelike/224252277528
2026-04-14,Tue,16,지성과 사랑,화가 명언 - 집념과 몰입이 느껴지는 예술가의 한마디 (미술 명언),37,169,11,,,,,https://blog.naver.com/jklovelike/224252151953
2026-04-14,Tue,6,"'데미안'의 단상, 생각","AI가 글을 쓰는 시대, 작가는 무엇으로 증명하는가",28,244,20,1468,3,3,2,https://blog.naver.com/jklovelike/224251509071
2026-04-14,Tue,6,수능/수능공부법/합격수기,"서울대 간호대 졸업한 장수생, 15수 끝에 약대에 입학한 이야기",35,138,3,1013,19,1,0,https://blog.naver.com/jklovelike/224251492799
2026-04-13,Mon,23,"'데미안'의 단상, 생각",샤워할 때 스마트폰을 들고 가나요? ('비어 있는 시간'에 대하여),37,201,15,501,1,0,0,https://blog.naver.com/jklovelike/224251293659
2026-04-13,Mon,19,'데미안'의 수능 칼럼 ,수능 수학 공부법 - 왜 수능 기출 문제를 반복 학습 해야 하는가? (N회독하며 기출 문제집 분석하기),57,179,12,2011,1,7,4,https://blog.naver.com/jklovelike/224251086533
2026-04-13,Mon,16,블로그 이웃 포스트 공유,[공유] 〔자존주니 1기 모집〕 하루 1분 자기존중 챌린지,32,118,3,,,,,https://blog.naver.com/jklovelike/224250899640
2026-04-13,Mon,15,블로그 이웃 포스트 공유,[공유] 2026.04.08 데미안님과 만남,24,103,3,1799,2,1,1,https://blog.naver.com/jklovelike/224250817193
2026-04-13,Mon,8,"'데미안'의 단상, 생각","""어떻게 살아갈 것인가"" 오늘도 고민의 사치를 부려본다.",31,200,15,,,,,https://blog.naver.com/jklovelike/224250265863
2026-04-13,Mon,6,독서 단상,나는 때때로 일부러 신문을 늦게 읽는다 (feat.신호와 소음 사이에서 신문 읽기),46,153,9,,,,,https://blog.naver.com/jklovelike/224250220642
2026-04-13,Mon,5,"'데미안'의 단상, 생각",위대한 책들 사이에 내 글을 세우겠다는 야망,24,157,9,,,,,https://blog.naver.com/jklovelike/224250203685
2026-04-13,Mon,5,수능/수능공부법/합격수기,재수종합학원에 다니는 재수생에 대한 조언 (재종생 필독) 출처 : 오르비,40,130,2,831,9,1,0,https://blog.naver.com/jklovelike/224250197895
2026-04-12,Sun,16,'데미안'의 자기혁신,"구체적으로 살지 않으면, 아무것도 남지 않는다",25,215,19,,,,,https://blog.naver.com/jklovelike/224249694718
2026-04-12,Sun,5,일상의 기록,오랜 인연의 '12년 블로그 이웃&지기'인 책읽는 윤약사님을 뵙고 왔습니다,41,213,16,,,,,https://blog.naver.com/jklovelike/224249315215
2026-04-12,Sun,4,수능/수능공부법/합격수기,수능 수학 등급대별 공부법과 실모와 N제 활용법,26,110,3,1592,9,7,1,https://blog.naver.com/jklovelike/224249299689
2026-04-11,Sat,21,배움에 대하여,"스승, 교육, 배움, 교육자 명언 모음 - ""제자가 준비되면 스승은 나타난다""",43,168,8,924,3,1,2,https://blog.naver.com/jklovelike/224249049714
2026-04-11,Sat,15,독서 단상,하이퍼링크 독서법 - '지식은 연결된다: 지금 가장 강력한 독서법',37,196,12,1142,1,1,0,https://blog.naver.com/jklovelike/224248786692
2026-04-11,Sat,7,"'데미안'의 단상, 생각",도파민 중독 없이도 충분히 즐겁게 사는 사람이 어딘가에 존재한다,35,190,11,,,,,https://blog.naver.com/jklovelike/224248472418
2026-04-11,Sat,6,블로그 성장/노하우/팁,아카이빙한다는 마음으로 블로그를 해 보자,22,195,23,,,,,https://blog.naver.com/jklovelike/224248448751
2026-04-11,Sat,5,지성과 사랑,맥스 에어만 - Desiderata (바람직한 것들 / 갈망되는 것들),39,121,6,810,1,1,0,https://blog.naver.com/jklovelike/224248445121
2026-04-11,Sat,5,수능/수능공부법/합격수기,2026년 3월 모의고사 확정 원점수 등급컷과 백분위 + 표준점수별 원점수 범위,44,86,1,345,10,9,0,https://blog.naver.com/jklovelike/224248437529
2026-04-10,Fri,23,'데미안'의 수능 칼럼 ,21년 차 수능 수학 강사가 말하는 <수학 성적이 안 오르는 학생의 숨겨진 문제 5가지>,49,109,5,1399,1,8,0,https://blog.naver.com/jklovelike/224248272189
2026-04-10,Fri,7,"'데미안'의 단상, 생각",사람을 끌어당기는 가장 강력한 기술: 경청,23,203,20,,,,,https://blog.naver.com/jklovelike/224247290475
2026-04-10,Fri,5,투자/주식,왜 사람들은 사기꾼에게 주식 종목을 물어볼까? (feat.스레드에서 본 사기꾼),44,187,16,1301,3,0,0,https://blog.naver.com/jklovelike/224247255411
2026-04-10,Fri,5,수능/수능공부법/합격수기,상위 40% 성적에서 1년 반 만에 상위 0.5%까지 수능 성적 올린 역전 수기(의대 합격),51,148,8,1007,7,0,0,https://blog.naver.com/jklovelike/224247242776
2026-04-09,Thu,22,블로그 성장/노하우/팁,제 블로그에 하루 글 두 편 안 올라오면 제 신변에 문제가 생긴 겁니다,39,269,34,463,1,0,0,https://blog.naver.com/jklovelike/224247022960
2026-04-09,Thu,6,"'데미안'의 단상, 생각","매일 글을 썼더니, 인생의 행운이 늘었다",22,282,21,345,0,0,0,https://blog.naver.com/jklovelike/224245983221
2026-04-08,Wed,14,독서 단상,독서가 달라졌다: 책을 써본 사람이 느낀 변화,25,291,11,,,,,https://blog.naver.com/jklovelike/224245200008
2026-04-08,Wed,7,으쌰으쌰+블로그는 마술이다,4월 블마 공언 챌린지 - 75명의 공언을 모아뒀습니다,30,175,18,,,,,https://blog.naver.com/jklovelike/224244742507
2026-04-07,Tue,22,"'데미안'의 단상, 생각",글쓰기만의 신비하고 오묘한 힘이 있다. 겪어봤는가?,28,209,21,861,0,0,0,https://blog.naver.com/jklovelike/224244480216
2026-04-07,Tue,20,블로그 이웃 포스트 공유,[공유] 그간 바베를 좋아했건 미워했건 다 좋습니다 이번 딱 한번만 구걸하겠습니다,45,110,4,,,,,https://blog.naver.com/jklovelike/224244331150
2026-04-07,Tue,19,Na,오늘 스레드 팔로워 1만명 됐습니다^^,21,228,53,,,,,https://blog.naver.com/jklovelike/224244253103
2026-04-07,Tue,14,독서 단상,빨간약을 삼킨 사람들 — 독서와 글쓰기가 우리를 되돌릴 수 없게 만드는 이유,42,216,6,,,,,https://blog.naver.com/jklovelike/224243870470
2026-04-07,Tue,5,"'데미안'의 단상, 생각",새벽 시간의 깨어남은 또 하나의 중독이다,22,214,17,262,1,0,1,https://blog.naver.com/jklovelike/224243391044
2026-04-07,Tue,5,수능/수능공부법/합격수기,"수능 정시 N수 수기 / 재수, 삼수 후기",23,127,1,1015,3,2,0,https://blog.naver.com/jklovelike/224243387418
2026-04-07,Tue,0,"'데미안'의 단상, 생각",순순히 편안한 밤 속으로 들어가지 않는 날이다,25,155,5,,,,,https://blog.naver.com/jklovelike/224243259981
2026-04-07,Tue,0,지성과 사랑,라이너 마리아 릴케 - <너의 갈망의 끝까지 가라>,28,154,2,,,,,https://blog.naver.com/jklovelike/224243243291
2026-04-06,Mon,20,독서 단상,"글쟁이 독서법 - 독서는 입력이 아니다, 폭발이다",27,270,13,,,,,https://blog.naver.com/jklovelike/224242996497
2026-04-06,Mon,19,자녀교육,학부모가 이걸 모르면 아이 수학은 절대 안 오릅니다  <수학 공부의 핵심 5가지>,45,156,7,1277,1,6,0,https://blog.naver.com/jklovelike/224242963070
2026-04-06,Mon,15,"'데미안'의 단상, 생각",승리는 준비된 자의 '부산물'일 뿐이다,21,181,8,612,0,0,0,https://blog.naver.com/jklovelike/224242634750
2026-04-06,Mon,5,'데미안'의 자기혁신,프로 복서 아시아 챔피언에 등극한 소아과 의사 서려경을 보며 - 재능이 없는 게 아니다. 아직 만나지 못했을 뿐이다,64,193,14,,,,,https://blog.naver.com/jklovelike/224242092502
2026-04-06,Mon,4,수능/수능공부법/합격수기,수능 성적이 안 오르는 이유 (시험 공부하는 방법 + 공부 잘하는 법),39,122,7,1553,5,2,0,https://blog.naver.com/jklovelike/224242078684
2026-04-05,Sun,23,"'데미안'의 단상, 생각","단 하루, 기록을 안 했더니 벌어진 일 - 나는 왜 이리 황당한 실수를 했을까?",44,225,14,,,,,https://blog.naver.com/jklovelike/224241915694
2026-04-05,Sun,21,Na,혹시 울산에서 진행하는 독서모임이나 글쓰기모임 또는 자기계발 모임이 있을까요?,43,157,21,,,,,https://blog.naver.com/jklovelike/224241725853
2026-04-05,Sun,19,자녀교육,공부 잘하는 아이를 만드는 부모의 질문 5가지 (수능 수학 강사 21년 차가 말하는 진짜 차이),53,206,9,1260,1,7,1,https://blog.naver.com/jklovelike/224241716743
2026-04-05,Sun,16,블로그 성장/노하우/팁,글쓰기 매너리즘에 빠졌다면 이렇게 해 보세요 (feat.글태기와 블태기),40,200,20,,,,,https://blog.naver.com/jklovelike/224241602257
2026-04-05,Sun,6,블로그 성장/노하우/팁,네이버 블로그에서 살아남는 블로그의 특징 5가지,26,227,24,,,,,https://blog.naver.com/jklovelike/224241215053
2026-04-05,Sun,5,수능/수능공부법/합격수기,재수생 N수생에게 쓰는 경고성 사반수 수능 후기 (돌고 돌아 사수 반수로 의대 합격한 이야기),52,148,5,1349,10,1,0,https://blog.naver.com/jklovelike/224241188843
2026-04-04,Sat,23,지성과 사랑,"유안진 시인의 <지란지교를 꿈꾸며> - ""나는 누군가에게 그런 친구인가""",40,166,12,,,,,https://blog.naver.com/jklovelike/224241019755
2026-04-04,Sat,7,"'데미안'의 단상, 생각",미라클모닝 - 오늘 하루도 이긴 채로 시작한다,25,216,10,286,4,1,1,https://blog.naver.com/jklovelike/224240289051
2026-04-04,Sat,5,"'데미안'의 단상, 생각",출구는 밖에 없다. 내 안에 있다,18,176,14,,,,,https://blog.naver.com/jklovelike/224240261761
2026-04-04,Sat,4,지성과 사랑,윤동주 시인 - 내일은 없다,15,174,7,,,,,https://blog.naver.com/jklovelike/224240243693
2026-04-04,Sat,4,수능/수능공부법/합격수기,수능 국어 문학 시간 단축 노하우와 팁 8가지 (출처 : 오르비),36,96,10,784,13,2,0,https://blog.naver.com/jklovelike/224240239700
2026-04-03,Fri,23,자녀교육,[자녀교육 칼럼] 학부모가 절대 하면 안 되는 말 7가지 (아이 성적을 무너뜨리는 치명적 습관),53,145,9,925,1,10,0,https://blog.naver.com/jklovelike/224240072849
2026-04-03,Fri,7,"'데미안'의 단상, 생각",나는 욕심쟁이다,8,232,31,375,0,0,0,https://blog.naver.com/jklovelike/224239088771
2026-04-03,Fri,7,수능/수능공부법/합격수기,2026년 6월 모의고사 시험 접수 (2027 6월 모의평가 재수생 접수 방법),44,101,1,902,1,2,0,https://blog.naver.com/jklovelike/224239070305
2026-04-03,Fri,5,독서 단상,병행독서법 - 컨디션에 따라 책읽기,19,224,19,,,,,https://blog.naver.com/jklovelike/224239033715
2026-04-02,Thu,22,"'데미안'의 단상, 생각",책을 쓰고 나서 인생이 달라진 이유,19,224,15,,,,,https://blog.naver.com/jklovelike/224238803368
2026-04-02,Thu,17,투자/주식,"주식시장은 우리의 본능을 시험한다 - ""살아남는 사람은 원칙을 지킨 사람이다""",43,189,9,,,,,https://blog.naver.com/jklovelike/224238474114
2026-04-02,Thu,6,인생의 계획(천 개의 꿈),블마 4월 공언 7가지 & 지난 3월 공언 8가지 피드백,31,157,17,,,,,https://blog.naver.com/jklovelike/224237806932
2026-04-02,Thu,4,"'데미안'의 단상, 생각","김형석 교수 강연과 어록 - ""남을 위해 하는 일은 후회가 없다""",36,190,18,,,,,https://blog.naver.com/jklovelike/224237758370
2026-04-02,Thu,4,수능/수능공부법/합격수기,수능 재수 성공 후기 | 인서울에서 의대까지 성적 상승 방법 (출처 : 오르비),44,149,5,971,11,10,0,https://blog.naver.com/jklovelike/224237748871
2026-04-01,Wed,22,블로그 성장/노하우/팁,3만 블로거가 말하는 블로그 초보를 위한 노하우와 팁 5가지,33,251,30,,,,,https://blog.naver.com/jklovelike/224237556717
2026-04-01,Wed,19,으쌰으쌰+블로그는 마술이다,3월 으쌰으쌰 11기 결과 및 상장 - 83명 중 74명 완주(100%완주상 54명+ 아차상20명),55,169,18,,,,,https://blog.naver.com/jklovelike/224237351595
2026-04-01,Wed,15,으쌰으쌰+블로그는 마술이다,77명 시작! 한 달 뒤 몇 명이 살아남을까? (으쌰으쌰 12기 멤버 블로그 주소 공개),49,172,32,,,,,https://blog.naver.com/jklovelike/224237098911
2026-04-01,Wed,6,독서 단상,나는 어려웠던 시절에 겪었던 독서의 맛을 잊지 못한다,29,254,18,,,,,https://blog.naver.com/jklovelike/224236503062
2026-04-01,Wed,5,수능/수능공부법/합격수기,"축구선수의 꿈을 포기하고, 삼반수로 서울대 경제학과 합격까지 (합격 수기 출처 : 오르비)",50,156,5,1408,19,0,0,https://blog.naver.com/jklovelike/224236483789
2026-04-01,Wed,0,Na,4월이 되어서 기대됩니다,13,161,6,,,,,https://blog.naver.com/jklovelike/224236334234
2026-03-31,Tue,17,"'데미안'의 단상, 생각","생각이 정리 안 되는 이유, 글을 안 써서 그렇습니다",29,239,18,,,,,https://blog.naver.com/jklovelike/224235914544
2026-03-31,Tue,8,"'데미안'의 단상, 생각",성공이 아닌 자질을 추구한다,15,201,7,,,,,https://blog.naver.com/jklovelike/224235240955
2026-03-31,Tue,6,으쌰으쌰+블로그는 마술이다,<새벽 4시 자기계발 아빠>에 대한 이야기입니다 (feat.한끼방패),38,238,45,,,,,https://blog.naver.com/jklovelike/224235197701
2026-03-30,Mon,22,"'데미안'의 단상, 생각",절반의 변화는 없다,10,201,15,,,,,https://blog.naver.com/jklovelike/224234952284
2026-03-30,Mon,6,"'데미안'의 단상, 생각",미루지 마라. 지금 끝내라,14,304,21,209,0,0,0,https://blog.naver.com/jklovelike/224233874251
2026-03-30,Mon,5,지식의 정리,카이사르(시저)의 명언 모음 — 인간 심리를 꿰뚫는 문장들,32,196,11,,,,,https://blog.naver.com/jklovelike/224233858888
2026-03-30,Mon,4,수능/수능공부법/합격수기,수능 반수생을 위한 반수 생활 관리 정보글,23,148,1,957,10,0,4,https://blog.naver.com/jklovelike/224233850427
2026-03-29,Sun,19,으쌰으쌰+블로그는 마술이다,으쌰으쌰 12기 2026년 4월 <1일 2포스팅 챌린지> 모집합니다!,38,220,222,1557,1,5,1,https://blog.naver.com/jklovelike/224233373412
2026-03-29,Sun,15,"'데미안'의 단상, 생각",삶이 안 바뀌는 이유는 간단하다. 버리지 않았기 때문이다,31,287,17,197,0,0,0,https://blog.naver.com/jklovelike/224233297586
2026-03-29,Sun,5,블로그 성장/노하우/팁,성공의 80%는 출현에 있습니다 - 블로그도 마찬가지입니다,32,302,31,,,,,https://blog.naver.com/jklovelike/224232954969
2026-03-28,Sat,22,블로그 성장/노하우/팁,블로그 글쓰기 - 글감은 찾는 게 아니다. 살아내는 것이다,32,290,28,339,0,0,0,https://blog.naver.com/jklovelike/224232746824
2026-03-28,Sat,19,"'데미안'의 단상, 생각","할 수 있었는데 하지 않은 것, 그것이 가장 오래 남는다",31,273,12,,,,,https://blog.naver.com/jklovelike/224232611570
2026-03-28,Sat,7,으쌰으쌰+블로그는 마술이다,3월 으쌰으쌰 11기 1일 2포 챌린지 - 83명 중에서 75명 남았습니다,41,193,16,,,,,https://blog.naver.com/jklovelike/224232139301
2026-03-28,Sat,5,"'데미안'의 단상, 생각",왜 부지런하면 기분이 좋을까? (feat.고양이 화장실 청소하다가 든 생각),42,262,20,,,,,https://blog.naver.com/jklovelike/224232118222
2026-03-28,Sat,5,수능/수능공부법/합격수기,수능 수학 미적분 만점자의 수학 노트 정리법과 기출 Q&A  (출처 : 오르비),44,113,3,841,13,0,0,https://blog.naver.com/jklovelike/224232106325
2026-03-27,Fri,23,독서 단상,독서는 시간을 압축하는 가장 강력한 수련이다,24,214,13,,,,,https://blog.naver.com/jklovelike/224231957716
2026-03-27,Fri,19,으쌰으쌰+블로그는 마술이다,이번 29일 일요일 저녁 7시 정각에 4월 <12기 으쌰으쌰 1일2포 챌린지> 모집글을 올립니다,53,154,23,525,0,0,2,https://blog.naver.com/jklovelike/224231775633
2026-03-27,Fri,18,"'데미안'의 단상, 생각","배우지 않으면 낡아지고, 기록하지 않으면 사라지고, 단련하지 않으면 약해진다",42,226,20,,,,,https://blog.naver.com/jklovelike/224231745096
2026-03-27,Fri,7,"'데미안'의 단상, 생각",오늘 새벽 운동은 의욕이 아니라 위기의식 때문에 했다,29,211,17,,,,,https://blog.naver.com/jklovelike/224231023607
2026-03-27,Fri,5,'데미안'의 수능 칼럼 ,왜 열심히 해도 점수가 안 오르는가 - 고민의 수준이 낮기 때문이다 (공부법/공부 자극),49,152,16,733,1,0,0,https://blog.naver.com/jklovelike/224230993590
2026-03-26,Thu,22,"'데미안'의 단상, 생각",자기계발은 자기 착취적인가?,15,221,17,,,,,https://blog.naver.com/jklovelike/224230771728
2026-03-26,Thu,19,일상의 기록,마트에서 우연히 294만 유튜버와 마주쳤습니다(feat.감스트),35,224,26,,,,,https://blog.naver.com/jklovelike/224230616218
2026-03-26,Thu,8,"'데미안'의 단상, 생각",종량제 봉투 대란? 종량제 봉투가 사라진 이유는 부족보다는 불안 때문이다(feat.쓰레기 봉투 사재기),57,215,25,1555,2,0,0,https://blog.naver.com/jklovelike/224229887752
2026-03-26,Thu,6,"'데미안'의 단상, 생각",어제의 나로 오늘을 살지 마라,16,201,22,,,,,https://blog.naver.com/jklovelike/224229823778
2026-03-25,Wed,15,"'데미안'의 단상, 생각",나는 실패가 두렵지 않다 - 실패를 쥐고 일어나는 사람,30,226,17,229,0,0,0,https://blog.naver.com/jklovelike/224229162082
2026-03-25,Wed,15,수능/수능공부법/합격수기,2026년 3월 고3 모의고사 국어 수학 오답률 정답률 (언매 화작 미적분 확통 기하),48,115,21,230,10,0,1,https://blog.naver.com/jklovelike/224229142968
2026-03-25,Wed,7,"'데미안'의 단상, 생각","""실행력이 좋다""라는 말의 진정한 의미는 바로 이것이다",30,246,24,,,,,https://blog.naver.com/jklovelike/224228627396
2026-03-24,Tue,22,"'데미안'의 단상, 생각",포기하고 싶은 순간에 읽어라,15,265,20,,,,,https://blog.naver.com/jklovelike/224228327443
2026-03-24,Tue,21,수능/수능공부법/합격수기,2026년 3월 더프 사설 모의고사 등급컷 (실제컷과 보정컷),34,144,7,241,5,1,0,https://blog.naver.com/jklovelike/224228284284
2026-03-24,Tue,21,블로그 이웃 포스트 공유,"[공유] 66챌 시즌 2, 2026년 4월 멤버를 모집 합니다.(feat. 여러분을 모십니다.)",53,99,4,,,,,https://blog.naver.com/jklovelike/224228270973
2026-03-24,Tue,19,수능/수능공부법/합격수기,2026년 고3 3월 모의고사 등급컷(추정) + 예상 등급컷과 몇 가지 이야기,43,154,14,894,15,12,22,https://blog.naver.com/jklovelike/224228168302
2026-03-24,Tue,6,'데미안'의 수능 칼럼 ,수능 고3 수학 모의고사 실전 전략 - 13가지 조언(시험 운영 전략&노하우와 팁),46,120,9,3789,2,13,1,https://blog.naver.com/jklovelike/224227364865
2026-03-24,Tue,5,'데미안'의 수능 칼럼 ,공부 잘하는 법 - 삽질을 견디는 사람만이 결국 올라간다 (feat.자기주도학습),45,200,15,1766,1,5,1,https://blog.naver.com/jklovelike/224227323800
2026-03-23,Mon,22,"'데미안'의 단상, 생각","완벽을 내려놓는 순간, 인생이 움직이기 시작했다",26,221,20,653,0,0,0,https://blog.naver.com/jklovelike/224227096264
2026-03-23,Mon,20,'데미안'의 수능 칼럼 ,2026 고3 3월 모의고사를 본 고3들에게 + 3모 첫 시험에 관한 조언,41,147,5,3325,2,6,22,https://blog.naver.com/jklovelike/224226948525
2026-03-23,Mon,15,블로그 이웃 포스트 공유,"[공유] 4월, 아이에게 잔소리 대신 보여주는 삶을 선물하세요 — 부모 미라클 루틴 챌린지 4기 모집",56,121,1,1467,10,12,0,https://blog.naver.com/jklovelike/224226659335
2026-03-23,Mon,8,"'데미안'의 단상, 생각",커피 끊기 효과 - 무엇보다 자신감이 생겼다 (feat.20년 동안의 카페인 중독 탈출),49,314,39,,,,,https://blog.naver.com/jklovelike/224226155998
2026-03-23,Mon,6,"'데미안'의 단상, 생각","포기하고 싶은 순간은, 이야기가 바뀌기 직전이다",26,240,16,,,,,https://blog.naver.com/jklovelike/224226097439
2026-03-22,Sun,23,일상의 기록,어제 조이조아 1주년 모임에 다녀왔습니다,22,240,24,,,,,https://blog.naver.com/jklovelike/224225885312
2026-03-22,Sun,16,'데미안'의 자기혁신,"롤모델의 힘 - ""위런 버핏이라면 어떻게 했을까?"" 이 질문 하나가 선택을 바꿨다",45,230,18,973,1,0,0,https://blog.naver.com/jklovelike/224225565147
2026-03-22,Sun,5,'데미안'의 자기혁신,"지금 이 순간만큼은, 나는 최고의 존재다. 그 이유는 무엇일까? (feat.절제와 자제력)",50,201,20,,,,,https://blog.naver.com/jklovelike/224225157251
2026-03-22,Sun,4,수능/수능공부법/합격수기,소득 하위 1%에서 EBS만으로 의대 합격한 이야기 (feat.EBS 수능 합격수기+알바 병행),53,171,12,1705,10,0,0,https://blog.naver.com/jklovelike/224225147326
2026-03-21,Sat,22,"'데미안'의 단상, 생각","혼자 있는 게 힘들다면, 이미 흔들리고 있는 것이다",28,225,32,,,,,https://blog.naver.com/jklovelike/224224932055
2026-03-21,Sat,17,"'데미안'의 단상, 생각",글쓰기는 무명의 어둠으로부터 솟구치는 수단이 될 수 있다,31,222,6,,,,,https://blog.naver.com/jklovelike/224224739102
2026-03-21,Sat,6,"'데미안'의 단상, 생각","다시 해가 뜨는 아침, 그것만으로도 당신은 이긴 것이다",30,205,13,,,,,https://blog.naver.com/jklovelike/224224270707
2026-03-21,Sat,5,지식의 정리,"나폴레옹 명언 모음 - ""내 사전에 불가능이란 단어는 없다"" ""승리는 가장 끈기있는 자에게 돌아간다""",56,168,12,,,,,https://blog.naver.com/jklovelike/224224246645
2026-03-21,Sat,5,수능/수능공부법/합격수기,수능 공부 - 공부량을 늘린 방법 (시간 대비 많은 공부를 할 수 있었던 비결),44,118,8,635,3,6,0,https://blog.naver.com/jklovelike/224224231553
2026-03-20,Fri,23,"'데미안'의 단상, 생각",나는 유잼 인생을 살고 있다 (노잼이었던 적이 거의 없다),32,217,19,602,2,0,1,https://blog.naver.com/jklovelike/224224041237
2026-03-20,Fri,7,투자/주식,오늘 주식 팔았는데 왜 돈은 모레 들어올까? (feat.주식 결제주기/결제일 T+1 단축 추진),53,192,13,,,,,https://blog.naver.com/jklovelike/224223042013
2026-03-20,Fri,5,"'데미안'의 단상, 생각",새벽부터 몸과 정신을 동시에 예열하는 나만의 방식 - 팔굽혀펴기(푸쉬업),40,230,16,,,,,https://blog.naver.com/jklovelike/224222985111
2026-03-19,Thu,23,"'데미안'의 단상, 생각","인생이 흔들릴 때 해야 할 단 3가지 - 읽고, 쓰고, 움직여라",35,211,18,,,,,https://blog.naver.com/jklovelike/224222789594
2026-03-19,Thu,16,"'데미안'의 단상, 생각",20분이면 충분하다,10,253,18,,,,,https://blog.naver.com/jklovelike/224222394473
2026-03-19,Thu,5,"'데미안'의 단상, 생각",<글쓰기 vs 독서> - 양자택일하지 말자. 시간을 늘려서 둘 다 하자,39,256,21,,,,,https://blog.naver.com/jklovelike/224221718859
2026-03-19,Thu,5,수능/수능공부법/합격수기,노력하는 n수생(재수생과 장수생)의 실패 원인에 대하여 (feat.노력의 배신),44,184,3,951,4,0,0,https://blog.naver.com/jklovelike/224221713069
2026-03-18,Wed,23,"'데미안'의 단상, 생각",후회조차 두렵지 않다,11,214,15,,,,,https://blog.naver.com/jklovelike/224221546983
2026-03-18,Wed,18,"'데미안'의 단상, 생각",글쓰기는 자기 삶을 설득하는 작업이다,20,292,21,,,,,https://blog.naver.com/jklovelike/224221282743
2026-03-18,Wed,14,"'데미안'의 단상, 생각",세상은 내가 찾는 정보를 알려주지만 내가 무엇을 찾아야 하는지는 알려주지 않는다,44,224,15,,,,,https://blog.naver.com/jklovelike/224220897092
2026-03-18,Wed,5,블로그 성장/노하우/팁,"끈기 있게 할 의향만 있다면, 사람은 어디서나 집필할 수 있다",34,264,23,,,,,https://blog.naver.com/jklovelike/224220412010
2026-03-17,Tue,22,일상의 기록,오늘도 카페로 가자 -  연희동 <미도파> 카페,26,255,29,,,,,https://blog.naver.com/jklovelike/224220166300
2026-03-17,Tue,17,"'데미안'의 단상, 생각",남의 입맛을 맞추기 힘들다면 차라리 내 입맛을 기준으로 삼아라.,35,232,22,582,0,1,2,https://blog.naver.com/jklovelike/224219892073
2026-03-17,Tue,13,"'데미안'의 단상, 생각",성장의 진정한 적은 어려운 문제가 아니다. 바로 미루는 마음이다,35,216,10,,,,,https://blog.naver.com/jklovelike/224219585957
2026-03-17,Tue,7,블로그 성장/노하우/팁,"15년 동안 266편 vs 39개월 동안 1,502편 - 꾸준한 양이 결국 차이를 만들었다",50,252,24,,,,,https://blog.naver.com/jklovelike/224219163797
2026-03-17,Tue,5,"'데미안'의 단상, 생각","나는 이 새벽부터, 벌써 승리자로 하루를 시작한다",27,211,25,256,0,0,0,https://blog.naver.com/jklovelike/224219111079
2026-03-17,Tue,4,수능/수능공부법/합격수기,수능 성공을 위해 '기복 없는 실력'을 어떻게 만들어 나갈까?,34,136,3,1137,4,0,0,https://blog.naver.com/jklovelike/224219093413
2026-03-16,Mon,23,블로그 이웃 포스트 공유,[공유] (무료)독한원고 챌린지 한 달 동안 내 책의 뼈대를 세우는 모임 + 특별 게스트,49,96,1,893,2,27,0,https://blog.naver.com/jklovelike/224218903160
2026-03-16,Mon,22,내가 만난 [책],살면서 처음 읽어봤던 자기계발서 - <나에겐 분명 문제가 있다>,35,211,12,,,,,https://blog.naver.com/jklovelike/224218869707
2026-03-16,Mon,19,'데미안'의 수능 칼럼 ,수능 공부법 - 왜 서브 노트와 실수 노트를 만들지 않을까?,33,283,14,1474,5,2,2,https://blog.naver.com/jklovelike/224218664628
2026-03-16,Mon,16,지식의 정리,워렌 버핏 영어 명언 20개 (워런 버핏 주식 격언),29,201,5,,,,,https://blog.naver.com/jklovelike/224218435836
2026-03-16,Mon,6,"'데미안'의 단상, 생각",큰 뜻을 품어라. 야망이 아닌 마음의 평화를 위해서다,29,228,19,,,,,https://blog.naver.com/jklovelike/224217771000
2026-03-16,Mon,5,수능/수능공부법/합격수기,"전효진 강사 수기 - 독하게 1년만에 고시 합격하는 법 (치열하게, 독하게 공부하는 법)",49,155,5,934,15,0,0,https://blog.naver.com/jklovelike/224217761597
2026-03-15,Sun,23,블로그 성장/노하우/팁,블로그에 심어 둔 '글'이라는 씨앗,19,292,16,,,,,https://blog.naver.com/jklovelike/224217580670
2026-03-15,Sun,19,"'데미안'의 단상, 생각",글쓰기와 동행하며 내 삶은 더욱 단단해졌다,23,247,21,,,,,https://blog.naver.com/jklovelike/224217371522
2026-03-15,Sun,16,블로그 이웃 포스트 공유,[공유] 노구치 야에상(野口 也英さん)에게 보내는 편지 : [직진형 인간],41,136,7,95,0,0,0,https://blog.naver.com/jklovelike/224217228567
2026-03-15,Sun,14,'데미안'의 자기혁신,무의식에 도움을 요청하라,13,283,15,,,,,https://blog.naver.com/jklovelike/224217126647
2026-03-15,Sun,6,일상의 기록,"어제 하루 동안 책을 한 권 읽고, 영화도 두 편 봤습니다",32,275,20,,,,,https://blog.naver.com/jklovelike/224216796517
2026-03-15,Sun,5,수능/수능공부법/합격수기,재수하면 성공할까? (재수 성공률과 실패 - N수생 등급 성적 변화 통계),41,144,3,1985,1,0,2,https://blog.naver.com/jklovelike/224216784885
2026-03-15,Sun,4,수능/수능공부법/합격수기,대충 할 거면 재수/N수하지 마세요,19,134,8,817,7,7,1,https://blog.naver.com/jklovelike/224216769516
2026-03-14,Sat,22,"'데미안'의 단상, 생각",어떻게든 해답을 찾고 말 것이다,17,209,15,,,,,https://blog.naver.com/jklovelike/224216575314
2026-03-14,Sat,20,일상의 기록,1000만 관객 영화 그동안 얼마나 보셨나요? (feat.천만 영화 목록),41,181,33,,,,,https://blog.naver.com/jklovelike/224216482697
2026-03-14,Sat,13,일상의 기록,명동의 한 카페에 왔습니다 - 카페에서의 독서로 시작되는 또 다른 세계,39,244,34,,,,,https://blog.naver.com/jklovelike/224216174724
2026-03-14,Sat,5,"'데미안'의 단상, 생각",왜 내 정신에는 먹을 것을 주지 않는가?,22,200,15,,,,,https://blog.naver.com/jklovelike/224215827459
2026-03-14,Sat,0,"'데미안'의 단상, 생각",경주의 상대를 바꾸다,11,198,17,,,,,https://blog.naver.com/jklovelike/224215733116
2026-03-13,Fri,22,'데미안'의 수능 칼럼 ,집중이 안 되는 날에도 책상에 앉아야 하는 이유 - 공부는 출석의 싸움이다,41,239,25,1339,1,2,0,https://blog.naver.com/jklovelike/224215651294
2026-03-13,Fri,6,"'데미안'의 단상, 생각",도망치는 꿈에서 깨어나며 - 간밤의 꿈이 가르쳐준 자유,30,218,23,,,,,https://blog.naver.com/jklovelike/224214661355
2026-03-13,Fri,5,블로그 성장/노하우/팁,"""오랜만입니다. 잘 지내고 계시죠?"" - 누군가의 기억 속에 남는다는 것",40,210,27,,,,,https://blog.naver.com/jklovelike/224214634043
2026-03-13,Fri,4,수능/수능공부법/합격수기,독학재수 수험생활 가이드 (독재 노하우와 팁),25,138,5,631,9,2,4,https://blog.naver.com/jklovelike/224214623006
2026-03-12,Thu,23,"'데미안'의 단상, 생각",할 수 있을 때 해야 한다,14,220,26,,,,,https://blog.naver.com/jklovelike/224214429163
2026-03-12,Thu,19,으쌰으쌰+블로그는 마술이다,3월 으쌰으쌰 1일 2포 챌린지 11기 - 83명 중 현재까지 삼진아웃 한 명도 없습니다,49,184,15,739,8,0,2,https://blog.naver.com/jklovelike/224214223190
2026-03-12,Thu,16,블로그 이웃 포스트 공유,[공유] 첫 인세 정산금 전액 기부하겠습니다 (공유 부탁드려요♥),36,154,4,,,,,https://blog.naver.com/jklovelike/224214029252
2026-03-12,Thu,8,'데미안'의 자기혁신,변할 수 있을까? 나는 변화를 꿈꾼다,20,238,27,,,,,https://blog.naver.com/jklovelike/224213420242
2026-03-12,Thu,5,"'데미안'의 단상, 생각",글을 쓰기 위해 새벽에 일어났다,17,238,43,357,0,0,0,https://blog.naver.com/jklovelike/224213344647
2026-03-12,Thu,5,'데미안'의 수능 칼럼 ,왜 사탐런인가? (올해 2027 수능 사탐런 정점 예상 - 사탐 1과목 이상 응시 비율 80% 전망),56,121,8,1932,2,7,3,https://blog.naver.com/jklovelike/224213338383
2026-03-11,Wed,22,'데미안'의 수능 칼럼 ,공부 자극 글귀와 명언 - 공부 의지가 떨어질 때 읽는 명언 10개,37,292,14,1153,3,12,6,https://blog.naver.com/jklovelike/224213091947
2026-03-11,Wed,18,"'데미안'의 단상, 생각",15분 글쓰기 - 저는 주로 틈새 시간에 글을 씁니다,29,237,28,,,,,https://blog.naver.com/jklovelike/224212895906
2026-03-11,Wed,18,블로그 이웃 포스트 공유,[공유] 책 표지에 숨겨진 비밀을 찾아라 독서습관 만드는 법 이벤트,37,109,3,,,,,https://blog.naver.com/jklovelike/224212858982
2026-03-11,Wed,15,"'데미안'의 단상, 생각","3,420억의 1.5배를 계산 못한 한국 언론 - 숫자 하나가 드러낸 언론의 게으름 (feat.일론 머스크 재산)",63,203,15,,,,,https://blog.naver.com/jklovelike/224212669359
2026-03-11,Wed,5,"'데미안'의 단상, 생각","글쓰기 콘텐츠는 삶에서 나오고, 프로세스는 배울 수 있다",31,227,19,967,0,0,0,https://blog.naver.com/jklovelike/224212071980
2026-03-11,Wed,4,수능/수능공부법/합격수기,"실패한 N수생, 장수생이 말하는 N수의 주의점 (재수생, N수생이 실패하는 이유 세 가지)",50,125,1,1440,19,1,1,https://blog.naver.com/jklovelike/224212059997
2026-03-10,Tue,22,"'데미안'의 단상, 생각","'잘하는 일 vs 성장하는 일' 딜레마에서 - 지금의 나를 지킬 것인가, 미래의 나를 넓힐 것인가",54,211,12,,,,,https://blog.naver.com/jklovelike/224211833051
2026-03-10,Tue,16,블로그 성장/노하우/팁,글 잘 쓰는 법보다 중요한 것 - 끝내 사랑하는 자만이 오래 남는다,37,257,31,,,,,https://blog.naver.com/jklovelike/224211473445
2026-03-10,Tue,13,지성과 사랑,"<해리 포터> 작가 조앤 롤링 하버드 대학 졸업 축사 - ""실패는 끝이 아니라 토대다""",48,199,17,,,,,https://blog.naver.com/jklovelike/224211215763
2026-03-10,Tue,5,"'데미안'의 단상, 생각",쓰는 사람은 결국 이깁니다,14,283,31,1027,1,0,0,https://blog.naver.com/jklovelike/224210717597
2026-03-09,Mon,23,으쌰으쌰+블로그는 마술이다,이번 3월에는 80명과 함께 목표를 선언했습니다 (feat.블마 공언),39,189,17,809,3,0,4,https://blog.naver.com/jklovelike/224210607685
2026-03-09,Mon,19,"'데미안'의 단상, 생각",바쁜데도 힘이 나는 이유,13,268,20,,,,,https://blog.naver.com/jklovelike/224210347578
2026-03-09,Mon,6,"'데미안'의 단상, 생각",당신이 쓴 글은 정신적 영토가 된다,19,266,34,,,,,https://blog.naver.com/jklovelike/224209472007
2026-03-08,Sun,19,블로그 이웃 포스트 공유,[공유] 나는 좋아하는 것만 남기기로 했다.  책 이야기,31,140,3,,,,,https://blog.naver.com/jklovelike/224209052304
2026-03-08,Sun,19,"'데미안'의 단상, 생각",후회는 성숙해졌다는 증거다,14,268,19,458,0,0,0,https://blog.naver.com/jklovelike/224209037745
2026-03-08,Sun,15,"'데미안'의 단상, 생각",언젠가는 오지 않는다,11,261,43,,,,,https://blog.naver.com/jklovelike/224208829812
2026-03-08,Sun,5,'데미안'의 자기혁신,"나는 왜 글을 쓰는가 - ""지하철에서 글 쓰다 네 정거장을 지나친 이유""",40,288,43,,,,,https://blog.naver.com/jklovelike/224208427997
2026-03-07,Sat,14,"'데미안'의 단상, 생각",인생이 막힐 때부터 나는 글을 썼다,19,279,28,,,,,https://blog.naver.com/jklovelike/224207818453
2026-03-07,Sat,4,"'데미안'의 단상, 생각",새벽 예찬 - 나는 벌써 승리한 하루를 시작한다,26,257,22,,,,,https://blog.naver.com/jklovelike/224207455519
2026-03-06,Fri,23,"'데미안'의 단상, 생각","""까짓것, 어떻게 되겠어?"" 때때로 단순하게 생각하자",29,229,25,374,0,0,0,https://blog.naver.com/jklovelike/224207248101
2026-03-06,Fri,18,블로그 이웃 포스트 공유,[공유] [예약판매 공지] 나를 소모하지않는 관계 연습,30,149,5,,,,,https://blog.naver.com/jklovelike/224207013646
2026-03-06,Fri,14,독서 단상,22년 독서 생활의 작은 해프닝 - 도서관에 제 개인 도서를 잘못 반납했습니다,43,221,23,,,,,https://blog.naver.com/jklovelike/224206741338
2026-03-06,Fri,9,"'데미안'의 단상, 생각",비를 맞으면서도 글을 쓴 이유,16,278,35,,,,,https://blog.naver.com/jklovelike/224206315800
2026-03-05,Thu,23,일상의 기록,읽던 책을 빼앗겼습니다,12,332,50,,,,,https://blog.naver.com/jklovelike/224205956889
2026-03-05,Thu,18,으쌰으쌰+블로그는 마술이다,3월 블마 공언 챌린지(블공챌) - 80명 공언을 정리해뒀습니다,35,217,51,,,,,https://blog.naver.com/jklovelike/224205698282
2026-03-05,Thu,7,"'데미안'의 단상, 생각","""나는 더욱 잘 될 운명이다.""",17,300,50,,,,,https://blog.naver.com/jklovelike/224204854793
2026-03-04,Wed,22,"'데미안'의 단상, 생각","좋아하는 일 vs 잘하는 일, 나는 둘 다 한다",26,262,21,,,,,https://blog.naver.com/jklovelike/224204522010
2026-03-04,Wed,15,"'데미안'의 단상, 생각",시간을 잘 보내려고 애쓸수록 시간을 잘 보내지 못하는 아이러니가 생깁니다,40,287,30,,,,,https://blog.naver.com/jklovelike/224204052229
2026-03-04,Wed,6,"'데미안'의 단상, 생각",고통을 피하면 더 큰 고통이 온다,18,268,25,,,,,https://blog.naver.com/jklovelike/224203449044
2026-03-03,Tue,19,"'데미안'의 단상, 생각",나는 10년 간 갖은 고생을 했다. 고생 끝에 낙이 찾아왔다,33,319,26,,,,,https://blog.naver.com/jklovelike/224202984776
2026-03-03,Tue,19,블로그 이웃 포스트 공유,[공유] [모집] 25년 차 개발자 검마사의 '인생 디버깅' 책 코칭 1기,41,128,1,1786,3,37,2,https://blog.naver.com/jklovelike/224202974170
2026-03-03,Tue,5,"'데미안'의 단상, 생각",당신은 게으르지 않다. 아직 열망이 없을 뿐이다.,27,308,25,,,,,https://blog.naver.com/jklovelike/224202003357
2026-03-02,Mon,20,Na,"이번 주 토요일에 <삶, 다시 쓰는 중입니다> 북 콘서트 축사를 맡습니다",40,306,22,,,,,https://blog.naver.com/jklovelike/224201655919
2026-03-02,Mon,13,"'데미안'의 단상, 생각",우리는 잠재력의 극히 일부만 쓰다가 무덤으로 들어가는 걸까?,33,243,17,929,0,0,0,https://blog.naver.com/jklovelike/224201218391
2026-03-02,Mon,8,인생의 계획(천 개의 꿈),<블마 월간 공언 챌린지> 제 3월 목표 8가지입니다 (feat.블공챌),40,243,34,756,2,8,1,https://blog.naver.com/jklovelike/224200970954
2026-03-02,Mon,6,으쌰으쌰+블로그는 마술이다,2월 으쌰으쌰 10기 분들이 남긴 소감과 그분들이 받은 상장입니다. 수고하셨습니다^^,47,189,20,,,,,https://blog.naver.com/jklovelike/224200926588
2026-03-01,Sun,23,블로그 성장/노하우/팁,오늘 블로그 이웃 수가 3만 명 되었습니다,23,266,72,,,,,https://blog.naver.com/jklovelike/224200650869
2026-03-01,Sun,14,"'데미안'의 단상, 생각",10년 단골 국수집이 사라졌다 - 무인 매장이 늘어날수록 사람이 그리워지는 이유,44,239,21,,,,,https://blog.naver.com/jklovelike/224200204517
2026-03-01,Sun,4,일상의 기록,"어제는 블로그 이웃 세 분과 이태원에서 함께 한 시간이었습니다 (폼포넬라님, 해피나루님, 에뜨왈님)",55,273,37,,,,,https://blog.naver.com/jklovelike/224199856455
2026-02-28,Sat,16,독서 단상,나는 책에 둘러싸여 있을 때 가장 편안해진다,24,340,22,,,,,https://blog.naver.com/jklovelike/224199278098
2026-02-28,Sat,5,"'데미안'의 단상, 생각",완벽주의가 나를 괴롭힌다. 하지만 블로그 글쓰기가 나를 치유한다,35,264,21,,,,,https://blog.naver.com/jklovelike/224198831239
2026-02-27,Fri,19,으쌰으쌰+블로그는 마술이다,으쌰으쌰 11기 2026년 3월 <1일 2포스팅 챌린지> 모집합니다!,38,218,200,,,,,https://blog.naver.com/jklovelike/224198314902
2026-02-27,Fri,18,Na,3월부터 수면 시간을 늘려야겠습니다,19,295,54,656,0,0,0,https://blog.naver.com/jklovelike/224198339206
2026-02-27,Fri,5,투자/주식,포모(FOMO)가 주는 피해 (feat.주식 포모 경험담 및 나름대로의 극복 썰),45,226,29,,,,,https://blog.naver.com/jklovelike/224197525073
2026-02-26,Thu,19,으쌰으쌰+블로그는 마술이다,내일 저녁 7시에 3월 <11기 으쌰으쌰 1일2포 챌린지> 모집글을 올리겠습니다,44,193,34,,,,,https://blog.naver.com/jklovelike/224197053985
2026-02-26,Thu,16,"'데미안'의 단상, 생각",2년 동안 책 두 권을 내면서 배운 5가지 사실,26,300,36,,,,,https://blog.naver.com/jklovelike/224196831607
2026-02-26,Thu,12,블로그 이웃 포스트 공유,[공유] 이벤트) 첫 전자책 무료 나눔에 초대합니다🍀,29,124,2,,,,,https://blog.naver.com/jklovelike/224196585840
2026-02-26,Thu,6,"'데미안'의 단상, 생각",절실함이 없으면 아무것도 바뀌지 않는다,21,264,21,757,0,0,0,https://blog.naver.com/jklovelike/224196221925
2026-02-26,Thu,5,수능/수능공부법/합격수기,"""이번이 진짜 마지막?"" 2027 수능, 재수생 인원 비율 역대급 될까? (2027 수능 재수생 수 예상)",59,145,9,1919,2,6,0,https://blog.naver.com/jklovelike/224196208323
2026-02-25,Wed,16,"'데미안'의 단상, 생각",저는 매일 루틴에 대해 얘기합니다. 루틴은 자유이니까요.,31,276,21,,,,,https://blog.naver.com/jklovelike/224195539779
2026-02-25,Wed,11,투자/주식,"현대차 배당금 - 배당락일, 매수 마감일, 배당기준일 등 Q&A",35,208,12,,,,,https://blog.naver.com/jklovelike/224195172876
2026-02-25,Wed,4,"'데미안'의 단상, 생각",'실패에의 의지' - 실패에 끌리는 나를 끊어냈다,27,237,14,466,7,0,1,https://blog.naver.com/jklovelike/224194849779
2026-02-25,Wed,4,투자/주식,오늘 사도 배당 받을 수 있는 2월 대표 배당주 정리 (오늘은 2월 배당을 받기 위한 최종 매수일입니다),58,217,4,,,,,https://blog.naver.com/jklovelike/224194842310
2026-02-24,Tue,22,투자/주식,"2026년 현대차 2월 배당금 완벽 정리: 매수 마감일, 배당락일, 예상 입금액(세후 계산)",51,226,30,,,,,https://blog.naver.com/jklovelike/224194549736
2026-02-24,Tue,15,"'데미안'의 단상, 생각",가끔의 예외는 결국 '종종'이 된다.,20,233,15,,,,,https://blog.naver.com/jklovelike/224194145632
2026-02-24,Tue,5,"'데미안'의 단상, 생각","몸살이 났지만, 루틴은 그대로 지켰습니다",22,309,59,,,,,https://blog.naver.com/jklovelike/224193491243
2026-02-23,Mon,21,"'데미안'의 단상, 생각","""그럴 수도 있지""의 힘",13,300,25,,,,,https://blog.naver.com/jklovelike/224193157374
2026-02-23,Mon,6,"'데미안'의 단상, 생각","그날의 용기, 한 사람의 등단으로 이어지다 (싱그러워라 님 신인문학상 당선 축하합니다)",48,304,25,,,,,https://blog.naver.com/jklovelike/224192195691
2026-02-22,Sun,18,"'데미안'의 단상, 생각",세 번째 책을 내놔야 마음이 놓일 듯합니다,23,294,25,,,,,https://blog.naver.com/jklovelike/224191731002
2026-02-22,Sun,15,블로그 성장/노하우/팁,퍼스널 히스토리 아카이브 - 꾸준한 글쓰기는 나를 배신하지 않는다,36,297,25,918,3,0,2,https://blog.naver.com/jklovelike/224191594477
2026-02-22,Sun,11,블로그 이웃 포스트 공유,[공유] 부모 미라클 루틴챌린지 부미챌 3기모집,26,131,1,1399,14,39,0,https://blog.naver.com/jklovelike/224191386045
2026-02-22,Sun,7,"'데미안'의 단상, 생각","바깥 세상의 박수에도, 야유에도 휘둘리지 않고 묵묵히 자기 길을 걷자",38,247,20,,,,,https://blog.naver.com/jklovelike/224191239509
2026-02-22,Sun,7,으쌰으쌰+블로그는 마술이다,"으쌰으쌰 10기 1일 2포 챌린지, 3주 차 결과입니다 (이대로 끝까지 완주하면 성공률 94.5%입니다)",58,178,9,,,,,https://blog.naver.com/jklovelike/224191226170
2026-02-21,Sat,22,"'데미안'의 단상, 생각",글은 나이를 먹지 않는다,13,304,18,,,,,https://blog.naver.com/jklovelike/224190917914
2026-02-21,Sat,5,'데미안'의 자기혁신,완벽주의 대신 완수주의를 선택한 순간 오묘하게도 삶이 잘 풀리기 시작했다,40,349,28,504,1,0,0,https://blog.naver.com/jklovelike/224190136497
2026-02-20,Fri,21,"'데미안'의 단상, 생각",어떤 성공은 버틴 시간의 총합이다,18,285,20,,,,,https://blog.naver.com/jklovelike/224189906056
2026-02-20,Fri,15,"'데미안'의 단상, 생각","창밖은 봄, 내 안쪽은 질문 - 나는 지금 어디에 헌신하고 있는가",36,260,16,,,,,https://blog.naver.com/jklovelike/224189467281
2026-02-20,Fri,10,"'데미안'의 단상, 생각",누군가의 성공 공식이 곧 나의 행복 공식을 보장해주지는 않는다,34,243,14,,,,,https://blog.naver.com/jklovelike/224189123910
2026-02-20,Fri,9,수능/수능공부법/합격수기,"2026년 고3 재수생 모의고사 일정 (평가원, 교육청, 사설 - 더프 시대 서프 이투스 종로)",53,139,5,732,9,0,0,https://blog.naver.com/jklovelike/224189059281
2026-02-20,Fri,7,"'데미안'의 단상, 생각","갈고닦음의 미덕 - ""남을 대할 때는 봄바람처럼 부드럽게, 나를 닦기는 가을서리처럼 매섭게""",51,214,28,719,0,0,2,https://blog.naver.com/jklovelike/224188963602
2026-02-19,Thu,22,Na,"내일 밤 8시에 줌 초청 강의로, <손자병법> 리더쉽 강의가 있습니다",38,162,6,101,0,0,1,https://blog.naver.com/jklovelike/224188661609
2026-02-19,Thu,19,독서 단상,독서라는 취미 - 20년 이상 함께 해 온 정신적 벗,29,275,19,,,,,https://blog.naver.com/jklovelike/224188502039
2026-02-19,Thu,5,"'데미안'의 단상, 생각",행복은 자기 자신을 향해 가는 과정이다,21,331,34,703,1,0,0,https://blog.naver.com/jklovelike/224187661576
2026-02-19,Thu,5,수능/수능공부법/합격수기,2026년 재수생 3모 신청 (고3 아닌 재수생 3월 모의고사 응시 관하여),42,243,3,646,1,0,0,https://blog.naver.com/jklovelike/224187653487
2026-02-18,Wed,21,Na,20일 20시에 국방부 차관을 역임한 황인무 국방대학교 이사장님 줌 강의가 있습니다 - 《손자병법에 나타난 리더십》,64,176,6,374,0,0,1,https://blog.naver.com/jklovelike/224187400409
2026-02-18,Wed,19,블로그 성장/노하우/팁,"""블로그는 끝났다""는 말을 믿는 순간 우리 블로그도 정말 끝난다 / 내 눈에는 여전히 블로그가 블루오션이다",59,370,51,1331,2,0,0,https://blog.naver.com/jklovelike/224187270219
2026-02-18,Wed,11,"'데미안'의 단상, 생각","명절, 관계의 민낯을 마주하는 시간 - 가족과 친척이라는 이름의 양가감정",40,277,22,,,,,https://blog.naver.com/jklovelike/224186931699
2026-02-18,Wed,9,"대학,대학인",2026년 1학기 국가장학금 2차 신청 / 국가장학금 변화 정리,35,187,7,,,,,https://blog.naver.com/jklovelike/224186850043
2026-02-18,Wed,7,"'데미안'의 단상, 생각",독서와 글쓰기와 운동은 결국 나를 지탱해주는 세 가지 기둥이다,34,289,18,,,,,https://blog.naver.com/jklovelike/224186801815
2026-02-17,Tue,18,'데미안'의 수능 칼럼 ,"설날 연휴 기간에도, 우리는 공부한다(고3과 재수생이라면 명절에도 공부하세요)",43,222,23,767,0,0,3,https://blog.naver.com/jklovelike/224186433849
2026-02-17,Tue,11,"'데미안'의 단상, 생각",나는 나 자신이 되기 위해 아주 먼 길을 돌아왔다,27,234,24,,,,,https://blog.naver.com/jklovelike/224186160559
2026-02-17,Tue,0,독서 단상,"모두가 잠든 밤, 나는 책과 비밀을 나눈다",23,248,16,447,1,0,1,https://blog.naver.com/jklovelike/224185892397
2026-02-16,Mon,21,"'데미안'의 단상, 생각",새롭게 태어나려는 자는 한 세계를 파괴해야만 한다,27,271,23,385,1,0,4,https://blog.naver.com/jklovelike/224185772847
2026-02-16,Mon,15,일상의 기록,설 연휴에도 카페로 가자 - 망중한을 즐기기,24,265,22,,,,,https://blog.naver.com/jklovelike/224185503225
2026-02-16,Mon,12,"'데미안'의 단상, 생각",꾸준함의 위력,7,275,57,,,,,https://blog.naver.com/jklovelike/224185384411
2026-02-16,Mon,5,지성과 사랑,독서 명언 모음 - 책을 사랑하는 사람들을 위한 명언 정리,32,240,22,,,,,https://blog.naver.com/jklovelike/224185166672
2026-02-15,Sun,21,Na,전 국방부 차관님(황인무 현 국방대 이사장님) 줌 강의 선착순 신청 받습니다 - 주제 : 《손자병법에 나타난 리더쉽》,65,278,117,863,2,5,2,https://blog.naver.com/jklovelike/224184898260
2026-02-15,Sun,13,독서 단상,독서는 본질적으로 혁명이다 (feat.체 게바라와 나폴레옹),33,302,25,,,,,https://blog.naver.com/jklovelike/224184588543
2026-02-15,Sun,5,"'데미안'의 단상, 생각",어머니가 나를 자랑스럽게 여겼던 날 - '내가 기억하지 못한 효도',37,234,28,878,0,0,3,https://blog.naver.com/jklovelike/224184318829
2026-02-14,Sat,21,독서 단상,"""책 좀 그만 봐라"" ""책이 너를 먹여 살려주니?""",28,445,61,,,,,https://blog.naver.com/jklovelike/224184040004
2026-02-14,Sat,19,일상의 기록,어제 <직진형 인간>&헤세의 <데미안> 줌 강의를 했습니다,32,225,18,,,,,https://blog.naver.com/jklovelike/224183961466
2026-02-14,Sat,13,일상의 기록,밖에서 20~30분 짬이 나면 그 시간이라도 카페에 가서 책을 읽는다,38,282,18,258,1,0,0,https://blog.naver.com/jklovelike/224183685668
2026-02-14,Sat,8,"'데미안'의 단상, 생각",'끌어당김의 법칙'은 존재 상태의 반영이다,23,268,29,,,,,https://blog.naver.com/jklovelike/224183466575
2026-02-13,Fri,18,"'데미안'의 단상, 생각",꾸준한 반복과 축적,10,261,23,,,,,https://blog.naver.com/jklovelike/224182975779
2026-02-13,Fri,7,"'데미안'의 단상, 생각",나는 얼마나 부족한 인간인가?,16,286,34,562,2,0,1,https://blog.naver.com/jklovelike/224182237174
2026-02-13,Fri,6,"'데미안'의 단상, 생각",나민애 서울대 교수가 말하는 꾸준함의 무게,23,322,41,768,1,0,1,https://blog.naver.com/jklovelike/224182182250
2026-02-12,Thu,22,"'데미안'의 단상, 생각",내면으로 향하는 시간을 다시 기다린다,20,234,23,,,,,https://blog.naver.com/jklovelike/224181916725
2026-02-12,Thu,14,'데미안'의 자기혁신,저는 일지 노트를 반으로 접습니다 (feat.저만의 일지 노트 기록 활용법),42,320,28,,,,,https://blog.naver.com/jklovelike/224181406521
2026-02-12,Thu,7,"'데미안'의 단상, 생각",종이신문을 구독해 볼까?,13,318,63,907,2,0,1,https://blog.naver.com/jklovelike/224180951147
2026-02-11,Wed,22,"'데미안'의 단상, 생각",나는 완벽주의가 아닌 완전주의로 나아간다,22,305,28,748,0,0,0,https://blog.naver.com/jklovelike/224180604798
2026-02-11,Wed,14,"'데미안'의 단상, 생각","새벽 맨몸 운동 팔굽혀펴기 150개와 턱걸이 30개, 타협은 없다",36,303,29,,,,,https://blog.naver.com/jklovelike/224180074602
2026-02-11,Wed,6,"'데미안'의 단상, 생각",'갑자기 잘된 작가'의 대부분 경우는 이렇더라,25,339,37,,,,,https://blog.naver.com/jklovelike/224179570958
2026-02-11,Wed,5,수능/수능공부법/합격수기,"미국 언론학 교수의 <수포자 탈출 수기> - 두려움을 마주하고, 나는 수학을 잘하게 되었다",50,169,5,2877,2,7,1,https://blog.naver.com/jklovelike/224179553927
2026-02-10,Tue,21,"'데미안'의 단상, 생각",생각을 바꾸려 하지 마라. 몸부터 옮겨라,22,263,26,,,,,https://blog.naver.com/jklovelike/224179244280
2026-02-10,Tue,20,'데미안'의 수능 칼럼 ,공부 잘하는 법은 기술이 아니라 태도에서 시작된다 (by 수능 수학 강사&공부법 저자),48,213,10,1560,1,5,2,https://blog.naver.com/jklovelike/224179187553
2026-02-10,Tue,18,Na,<거인의 노트> <거인의 공부> 저자 김익한 교수님 줌 특강이 있습니다 (2월 12일 목요일 20시) '주관 - 아이캔유니버스',71,293,18,,,,,https://blog.naver.com/jklovelike/224179056254
2026-02-10,Tue,15,블로그 이웃 포스트 공유,"[공유] 66챌 시즌 2, 2026년 3월 멤버를 모집 합니다.",35,122,0,,,,,https://blog.naver.com/jklovelike/224178800836
2026-02-10,Tue,12,"'데미안'의 단상, 생각","결정했으면, 뒤돌아보지 말고 나아가라",20,258,26,285,0,0,0,https://blog.naver.com/jklovelike/224178579741
2026-02-10,Tue,7,"'데미안'의 단상, 생각",방향성 없는 것이 내 방향성이다,17,253,32,,,,,https://blog.naver.com/jklovelike/224178244365
2026-02-09,Mon,17,"'데미안'의 단상, 생각",후회를 자양분 삼아 나아간다,15,260,23,,,,,https://blog.naver.com/jklovelike/224177569197
2026-02-09,Mon,16,일상의 기록,자유급식을 중단하자 고양이 내전이 시작됐다,23,219,19,,,,,https://blog.naver.com/jklovelike/224177488769
2026-02-09,Mon,13,자녀교육,"[자녀교육 칼럼] ""누구는 벌써…""라는 말이 아이를 멈추게 합니다",36,202,7,1010,1,0,1,https://blog.naver.com/jklovelike/224177270772
2026-02-09,Mon,10,블로그 이웃 포스트 공유,[공유] (무료)독한원고 챌린지 한 달 동안 내 책의 뼈대를 세우는 모임 + 특별 게스트,49,118,6,,,,,https://blog.naver.com/jklovelike/224176992227
2026-02-09,Mon,7,"'데미안'의 단상, 생각",서툰 글을 올리자. 미완의 글을 쓰자,20,426,46,670,3,0,1,https://blog.naver.com/jklovelike/224176855812
2026-02-08,Sun,22,독서 단상,"독서와 공부의 왕도는 단연 반복이다 -  ""배움의 독서는 반복의 예술이다.""",42,290,19,709,1,0,0,https://blog.naver.com/jklovelike/224176524124
2026-02-08,Sun,14,"'데미안'의 단상, 생각","허장성세가 난무하는 시대에 오히려 겸손은 묵묵히 신뢰를 쌓고, 소리 없이 존재감을 발휘한다",50,244,15,,,,,https://blog.naver.com/jklovelike/224176072569
2026-02-08,Sun,6,블로그 성장/노하우/팁,<스레드 단상> 숫자에 갇혀 있는 게 아닐까? 숫자의 환상에 빠져 있는 게 아닐까?,46,233,29,,,,,https://blog.naver.com/jklovelike/224175774095
2026-02-07,Sat,22,"'데미안'의 단상, 생각","오해 없는 삶은 안전하지만, 성장은 없다",22,251,21,,,,,https://blog.naver.com/jklovelike/224175507685
2026-02-07,Sat,19,일상의 기록,블로그 이웃 네 분과 5시간 동안 이야기를 나누고 돌아왔습니다,34,319,48,802,3,0,2,https://blog.naver.com/jklovelike/224175367405
2026-02-07,Sat,11,독서 단상,"값싸고 영속적인 쾌락, 독서",15,258,17,403,0,0,0,https://blog.naver.com/jklovelike/224174989501
2026-02-07,Sat,4,블로그 성장/노하우/팁,"블로그를 했을 뿐인데, 내 세계가 바뀌었다",23,396,51,590,1,0,0,https://blog.naver.com/jklovelike/224174738314
2026-02-06,Fri,19,"'데미안'의 단상, 생각",꾸준함은 부족한 재능을 이기는 가장 현실적인 힘이다,28,316,27,,,,,https://blog.naver.com/jklovelike/224174342545
2026-02-06,Fri,12,"'데미안'의 단상, 생각",오늘도 내 편에 서라,11,289,19,112,0,0,0,https://blog.naver.com/jklovelike/224173799911
2026-02-06,Fri,8,"'데미안'의 단상, 생각",네 가지 활동을 하면 일상적으로 기분이 좋아진다,26,308,29,941,0,0,1,https://blog.naver.com/jklovelike/224173571080
2026-02-05,Thu,19,독서 단상,"어렵지는 않은데, 이상하게 안 읽히는 책과 마주칠 때",29,266,23,,,,,https://blog.naver.com/jklovelike/224173054362
2026-02-05,Thu,14,"'데미안'의 단상, 생각",내가 생각하는 작가의 정의는 이렇다,19,337,23,220,1,0,0,https://blog.naver.com/jklovelike/224172698860
2026-02-05,Thu,5,블로그 성장/노하우/팁,왜 미국 베스트셀러 작가들은 책보다 먼저 블로그를 쓰는가?,32,319,38,,,,,https://blog.naver.com/jklovelike/224172190153
2026-02-04,Wed,21,책쓰기 프로젝트,나는 작가로서 빌드업 중이다  - 쓰고 싶은 글을 아끼고 있다,34,323,32,,,,,https://blog.naver.com/jklovelike/224171876961
2026-02-04,Wed,17,독서 단상,유일하게 즐기는 쇼핑과 드문 물욕 - 책 욕심,25,449,42,,,,,https://blog.naver.com/jklovelike/224171618550
2026-02-04,Wed,12,독서 단상,"스무 살 시절, 언젠가 해 보고 싶다고 생각한 일",27,342,51,,,,,https://blog.naver.com/jklovelike/224171264609
2026-02-04,Wed,11,블로그 이웃 포스트 공유,"[공유] 📢 [모집] 삶, 다시 쓰는 중이십니까? 당신을 초대합니다.",38,126,5,1311,2,11,2,https://blog.naver.com/jklovelike/224171177875
2026-02-04,Wed,5,"'데미안'의 단상, 생각",내가 고생한 만큼 커진다,13,270,25,,,,,https://blog.naver.com/jklovelike/224170895565
2026-02-04,Wed,4,수능/수능공부법/합격수기,군대에서 수능 준비 / 군수에 대한 조언 (공군 기준),30,165,6,1291,9,0,3,https://blog.naver.com/jklovelike/224170874260
2026-02-04,Wed,0,"'데미안'의 단상, 생각",나만의 고뇌를 해소하는 법 -  전우주적인 관점에서 나 자신을 들여다보며,40,286,18,,,,,https://blog.naver.com/jklovelike/224170759612
2026-02-03,Tue,23,블로그 성장/노하우/팁,블로그 이웃을 넘어 성장 동반자를 만들어 보세요,26,335,38,,,,,https://blog.naver.com/jklovelike/224170682054
2026-02-03,Tue,15,"'데미안'의 단상, 생각","글쓰기는 세상을 움직이기 전에, 나를 움직이는 일이다",29,252,13,,,,,https://blog.naver.com/jklovelike/224170206136
2026-02-03,Tue,12,으쌰으쌰+블로그는 마술이다,블마 공언(블월공챌) - 75명이 함께 적은 2월의 시작 선언,34,238,70,,,,,https://blog.naver.com/jklovelike/224169956145
2026-02-03,Tue,7,으쌰으쌰+블로그는 마술이다,1월 으쌰으쌰 9기 1일 2포 챌린지 상장입니다 (100% 완주상 64명과 아차상 22명),50,190,19,373,87,1,2,https://blog.naver.com/jklovelike/224169621427
2026-02-02,Mon,23,으쌰으쌰+블로그는 마술이다,"오늘 밤, 100명의 이웃분들과 <반복의 쓸모> 억만장자 메신저 작가님의 강의를 잘 들었습니다",52,252,30,,,,,https://blog.naver.com/jklovelike/224169353370
2026-02-02,Mon,18,"'데미안'의 단상, 생각",제가 생각하는 최고의 능력은 이겁니다,20,299,29,629,0,0,0,https://blog.naver.com/jklovelike/224169055439
2026-02-02,Mon,18,블로그 이웃 포스트 공유,[공유] 방황하는 20대 찾습니다<책 무료로 드림>,28,118,2,,,,,https://blog.naver.com/jklovelike/224169032111
2026-02-02,Mon,16,으쌰으쌰+블로그는 마술이다,오늘 있을 억만장자 메신저 님의 <반복의 쓸모> 줌 강의 신청이 마감됐습니다,42,149,6,,,,,https://blog.naver.com/jklovelike/224168902903
2026-02-02,Mon,13,'데미안'의 자기혁신,역행자 22전략과 과거 나만의 33전략 경험담,25,233,16,,,,,https://blog.naver.com/jklovelike/224168609891
2026-02-02,Mon,11,블로그 이웃 포스트 공유,"[공유] [동탄 온데이즈 북클럽] ""불만족 시 100% 환불"" 2026년 봄 시즌 멤버 모집",51,88,0,,,,,https://blog.naver.com/jklovelike/224168527823
2026-02-02,Mon,8,블로그 성장/노하우/팁,팔로워가 아닌 오디언스가 필요하다,18,259,42,,,,,https://blog.naver.com/jklovelike/224168285925
2026-02-01,Sun,22,블로그 성장/노하우/팁,5개월 전보다 블로그 이웃 조회수가 2배 늘어난 이유는?,31,254,26,652,1,0,3,https://blog.naver.com/jklovelike/224167947502
2026-02-01,Sun,21,블로그 이웃 포스트 공유,[공유] 데미안님의 '으쌰으쌰 챌린지' 완주중,25,114,2,,,,,https://blog.naver.com/jklovelike/224167907339
2026-02-01,Sun,14,"'데미안'의 단상, 생각",내적 글쓰기의 보상,10,330,17,,,,,https://blog.naver.com/jklovelike/224167522834
2026-02-01,Sun,6,"'데미안'의 단상, 생각",'나'라는 존재의 크기,12,232,23,293,0,0,0,https://blog.naver.com/jklovelike/224167172810
2026-02-01,Sun,6,"'데미안'의 단상, 생각",나는 내 에고가 아니다,12,200,10,,,,,https://blog.naver.com/jklovelike/224167167153
2026-01-31,Sat,23,"'데미안'의 단상, 생각",취미가 없나요?,8,260,18,,,,,https://blog.naver.com/jklovelike/224166920590
2026-01-31,Sat,20,으쌰으쌰+블로그는 마술이다,"이틀 뒤, 억만장자 메신저 님의 '22만 인플루언서 노하우'가 담긴 특강이 있습니다",46,179,6,,,,,https://blog.naver.com/jklovelike/224166747029
2026-01-31,Sat,17,으쌰으쌰+블로그는 마술이다,이번 2월 으쌰으쌰 챌린지 모집은 12분 만에 선착순 76명 마감했습니다,40,205,27,,,,,https://blog.naver.com/jklovelike/224166609515
2026-01-31,Sat,12,인생의 계획(천 개의 꿈),<블마 월간 공언 챌린지> 제 2월 목표 6가지입니다 (feat.블월공챌),41,272,40,,,,,https://blog.naver.com/jklovelike/224166363506
2026-01-31,Sat,7,"'데미안'의 단상, 생각","오십, 다시 직진하는 사람 - 눈누난나 리님 강의 <오십, 다시 배우는 삶의 기술>",46,241,25,2788,2,5,3,https://blog.naver.com/jklovelike/224166129393
2026-01-31,Sat,0,책의 죽비소리,"각자의 골목, 각자의 궤도",14,230,18,,,,,https://blog.naver.com/jklovelike/224165960688
2026-01-31,Sat,0,독서 단상,열 권의 글쓰기 책을 함께 읽고 있다,20,235,13,,,,,https://blog.naver.com/jklovelike/224165940614
2026-01-30,Fri,22,으쌰으쌰+블로그는 마술이다,2월 <블마 월간 공언 챌린지>를 시작합니다,24,207,24,,,,,https://blog.naver.com/jklovelike/224165834113
2026-01-30,Fri,20,Na,다음 주 월요일 저녁 8시에 억만장자 메신저님 줌 강의가 예정되어 있습니다,41,176,9,,,,,https://blog.naver.com/jklovelike/224165766026
2026-01-30,Fri,19,으쌰으쌰+블로그는 마술이다,2월 으쌰으쌰 <1일2포 챌린지> 10기를 모집합니다,29,217,290,,,,,https://blog.naver.com/jklovelike/224165484624
2026-01-30,Fri,16,"'데미안'의 단상, 생각",글쓰기는 기다림이 아니라 자기 운명에 대한 적극적인 개입이다,33,251,22,,,,,https://blog.naver.com/jklovelike/224165523953
2026-01-30,Fri,15,블로그 이웃 포스트 공유,"[공유] 미술관에서 조용히 기록하는 모임｜보는 시간, 남기는 기록 1기",39,122,7,,,,,https://blog.naver.com/jklovelike/224165415640
2026-01-30,Fri,11,으쌰으쌰+블로그는 마술이다,"이번 2월 으쌰으쌰 챌린지 10기는 100% 상을 받을 경우, 블마에 참여할 기회가 생깁니다",51,255,29,,,,,https://blog.naver.com/jklovelike/224165133229
2026-01-30,Fri,5,으쌰으쌰+블로그는 마술이다,오늘 저녁 7시 정각에 으쌰으샤 2월 챌린지 10기 모집합니다.,35,214,27,,,,,https://blog.naver.com/jklovelike/224164852490
2026-01-29,Thu,19,으쌰으쌰+블로그는 마술이다,<선착순 모집> 22만 팔로워 인플루언서 '반복의 쓸모' 작가 억만장자 메신저님 줌 강의 신청 받습니다,57,311,212,859,3,9,3,https://blog.naver.com/jklovelike/224164439904
2026-01-29,Thu,15,"'데미안'의 단상, 생각",왜 어떤 목표는 나를 뜨겁게 만드는가?,21,250,26,311,0,0,0,https://blog.naver.com/jklovelike/224164148688
2026-01-29,Thu,7,으쌰으쌰+블로그는 마술이다,앞으로는 블로그 이웃분들과 함께할 수 있는 외부 강사 줌 강의도 기획해보고 싶네요,45,282,31,,,,,https://blog.naver.com/jklovelike/224163610078
2026-01-29,Thu,5,"'데미안'의 단상, 생각",매일을 살면서도 일지를 쓰지 않는다는 사실이 오히려 신기하다,33,385,47,,,,,https://blog.naver.com/jklovelike/224163554322
2026-01-28,Wed,23,"'데미안'의 단상, 생각",나는 나 자신을 설득하기 위해 글을 쓴다,22,273,28,,,,,https://blog.naver.com/jklovelike/224163337787
2026-01-28,Wed,23,블로그 이웃 포스트 공유,[공유] sns를 잠시 내려놓고 본질에 집중하겠습니다.,30,156,1,,,,,https://blog.naver.com/jklovelike/224163330612
2026-01-28,Wed,19,블로그 이웃 포스트 공유,[공유] 몰입의 방에 초대합니다(북콘서트),23,141,1,520,1,5,1,https://blog.naver.com/jklovelike/224163106029
2026-01-28,Wed,15,"'데미안'의 단상, 생각",앞으로 세상은 두 가지 부류로 나뉠 거다,22,319,29,,,,,https://blog.naver.com/jklovelike/224162857637
2026-01-28,Wed,8,'데미안'의 수능 칼럼 ,반수해도 되는 사람 vs 하면 안 되는 사람 (feat.정시 수능 반수 성공과 실패),47,179,13,1237,1,18,4,https://blog.naver.com/jklovelike/224162350195
2026-01-28,Wed,7,블로그 이웃 포스트 공유,[공유] 부미챌 2기 모집(부모 미라클 루틴 챌린지),29,133,10,1403,8,39,0,https://blog.naver.com/jklovelike/224162301426
2026-01-28,Wed,5,블로그 성장/노하우/팁,새해 27일 동안 156포스팅을 했다. 나는 왜 이리 글을 많이 쓰는 걸까?,42,282,27,,,,,https://blog.naver.com/jklovelike/224162254345
2026-01-27,Tue,23,"'데미안'의 단상, 생각",사람을 얻는 비결은 단순하다. 존중하라,21,281,33,,,,,https://blog.naver.com/jklovelike/224162052270
2026-01-27,Tue,22,인생의 계획(천 개의 꿈),<초격차 오감 문해력> 생각쟁2님 북 콘서트 두 번 다녀왔습니다^^,37,248,17,1214,42,0,0,https://blog.naver.com/jklovelike/224161977926
2026-01-27,Tue,20,수능/수능공부법/합격수기,재수생이 쓴 수능 수학 N제와 실모 컨텐츠 추천 리뷰 (수험생 기준 수학 교재 추천도와 난이도),53,208,3,1065,12,1,4,https://blog.naver.com/jklovelike/224161868723
2026-01-27,Tue,14,'데미안'의 수능 칼럼 ,예비 고3 겨울방학 역전 수능 공부법 - <각성자 공부법>,32,302,20,1995,6,6,28,https://blog.naver.com/jklovelike/224161453965
2026-01-27,Tue,12,"'데미안'의 단상, 생각",글을 잘 쓰려고 하면 영원히 못 쓴다. 우선 가볍게라도 써 보라,35,303,31,,,,,https://blog.naver.com/jklovelike/224161278741
2026-01-27,Tue,7,블로그 성장/노하우/팁,블로그 반년 이상 하는 사람들도 적습니다. 꾸준히 해 보세요,33,525,59,1077,1,0,2,https://blog.naver.com/jklovelike/224160989447
2026-01-27,Tue,6,"'데미안'의 단상, 생각","비관주의는 기분에 따른 것이며, 낙관주의는 의지에 따른 것이다",34,218,8,243,0,0,0,https://blog.naver.com/jklovelike/224160959770
2026-01-27,Tue,0,"'데미안'의 단상, 생각","나는 인간 관계가 좋다 - 느리게 판단하거나, 무심하게 넘어가거나",36,259,25,,,,,https://blog.naver.com/jklovelike/224160801171
2026-01-26,Mon,22,책쓰기 프로젝트,제 세 번째 책 <쓰는 사람은 결국 이긴다>은 경어체와 평어체 중에 무엇이 좋을까요?,47,229,72,,,,,https://blog.naver.com/jklovelike/224160715084
2026-01-26,Mon,19,독서 단상,억만장자 메신저 작가가 쓴 <반복의 쓸모>을 추천합니다,30,231,20,,,,,https://blog.naver.com/jklovelike/224160533315
2026-01-26,Mon,16,"'데미안'의 단상, 생각",글을 써라. 이유는 없다,13,309,33,182,0,0,0,https://blog.naver.com/jklovelike/224160310622
2026-01-26,Mon,12,'데미안'의 자기혁신,<다보스포럼> 2030년 일자리의 미래 - 내가 미래를 위해 준비해야 할 6가지,44,244,29,1431,2,6,2,https://blog.naver.com/jklovelike/224160029008
2026-01-26,Mon,7,"'데미안'의 단상, 생각",카페인 중독에서 벗어난지 18개월 - 커피 향보다 강한 건 결심의 향이었다,41,250,26,,,,,https://blog.naver.com/jklovelike/224159717717
2026-01-26,Mon,5,"'데미안'의 단상, 생각",글을 써 온 3년 2개월 동안 삶의 많은 부분이 바뀌었다,31,258,42,547,1,0,0,https://blog.naver.com/jklovelike/224159680868
2026-01-25,Sun,22,Na,혹시 요새 방황하거나 힘들다고 느끼는 학생이 있나요? 책 선물 드립니다,39,253,32,,,,,https://blog.naver.com/jklovelike/224159431316
2026-01-25,Sun,18,으쌰으쌰+블로그는 마술이다,오늘 서로이웃 이벤트가 세렌디피티가 되면 좋겠습니다,28,250,19,413,15,0,2,https://blog.naver.com/jklovelike/224159251317
2026-01-25,Sun,14,으쌰으쌰+블로그는 마술이다,2026년 새해 기념으로 서로이웃 신청 선착순 100명 받습니다!,36,312,127,,,,,https://blog.naver.com/jklovelike/224159042036
2026-01-25,Sun,13,"'데미안'의 단상, 생각",오늘의 미숙함을 존중하자,13,251,18,508,0,0,2,https://blog.naver.com/jklovelike/224158986826
2026-01-25,Sun,12,'데미안'의 수능 칼럼 ,"이과 절반이 '불리함'을 느꼈다, 사탐런은 왜 늘어나는가",31,159,4,1391,1,0,2,https://blog.naver.com/jklovelike/224158943675
2026-01-25,Sun,12,블로그 이웃 포스트 공유,[공유] 위로가 필요한 육아맘을 찾습니다(책 10권 무료 드림),35,135,5,613,1,1,0,https://blog.naver.com/jklovelike/224158923143
2026-01-25,Sun,6,"'데미안'의 단상, 생각",중요한 것은 의욕이 아니라 루틴이다,19,280,28,,,,,https://blog.naver.com/jklovelike/224158758853
2026-01-24,Sat,14,블로그 이웃 포스트 공유,"[공유] 멋진형, 데미안형과 연남동 데이트를 하며",27,0,0,1641,11,1,1,https://blog.naver.com/jklovelike/224158150051
2026-01-24,Sat,12,"'데미안'의 단상, 생각",자신조차 모르는 가능성을 향해 노를 저어라,23,250,19,319,1,0,0,https://blog.naver.com/jklovelike/224158032550
2026-01-24,Sat,5,"'데미안'의 단상, 생각","나는 매일, 모든 면에서 더 나아지고 있다 (feat.에밀 쿠에 법칙)",39,293,27,,,,,https://blog.naver.com/jklovelike/224157809388
2026-01-24,Sat,0,블로그 성장/노하우/팁,개똥 같은 글을 쓰세요,12,294,50,523,1,0,1,https://blog.naver.com/jklovelike/224157654927
2026-01-23,Fri,22,"'데미안'의 단상, 생각",독서와 글쓰기와 운동은 결국 나를 사랑하게 만들었다,28,261,43,,,,,https://blog.naver.com/jklovelike/224157566016
2026-01-23,Fri,20,일상의 기록,"블로그 이웃 3주년, 미스터리 킴님을 만나고 왔습니다 (feat.고독한 늑대에서 사람 좋아하는 허스키로!)",59,225,19,1395,21,0,3,https://blog.naver.com/jklovelike/224157477875
2026-01-23,Fri,15,인생의 계획(천 개의 꿈),"2026년, 고밀도의 삶을 지향한다 - 일지 정리 방식을 바꿨다 (feat.직진형 인간)",49,309,23,,,,,https://blog.naver.com/jklovelike/224157159615
2026-01-23,Fri,10,'데미안'의 자기혁신,성장이 멈춘 사람들의 공통된 착각,18,254,22,,,,,https://blog.naver.com/jklovelike/224156785268
2026-01-23,Fri,6,으쌰으쌰+블로그는 마술이다,1월 <으쌰으쌰 1일2포 챌린지> 9기 현황 - 101명에서 시작하여 몇 명이 남았을까요?,50,234,29,,,,,https://blog.naver.com/jklovelike/224156633117
2026-01-23,Fri,5,'데미안'의 자기혁신,매일 하루 나를 성장시키는 5가지 질문,21,244,22,,,,,https://blog.naver.com/jklovelike/224156599432
2026-01-22,Thu,23,Na,1월 24일 토요일 3시에 생각쟁2님 북 콘서트에 초대합니다 (저도 갑니다!),43,180,8,,,,,https://blog.naver.com/jklovelike/224156443893
2026-01-22,Thu,22,Na,어제 출간된 억메님 저서 <반복의 쓸모> 13권을 이웃분들께 선물로 나눠드렸습니다,45,169,9,,,,,https://blog.naver.com/jklovelike/224156385205
2026-01-22,Thu,16,"'데미안'의 단상, 생각",나는 실패를 좋아한다,11,268,24,,,,,https://blog.naver.com/jklovelike/224155977205
2026-01-22,Thu,7,"'데미안'의 단상, 생각","""그렇게까지 해야 돼?""",13,282,23,,,,,https://blog.naver.com/jklovelike/224155402346
2026-01-22,Thu,5,"'데미안'의 단상, 생각",당신은 반드시 해낼 것이다,14,255,18,,,,,https://blog.naver.com/jklovelike/224155348410
2026-01-22,Thu,5,수능/수능공부법/합격수기,과학고 졸업생의 연세대 의대 정시 합격 수기 및 공부법 (출처 : 오르비),41,168,6,5563,11,0,0,https://blog.naver.com/jklovelike/224155342753
2026-01-22,Thu,0,블로그 이웃 포스트 공유,[공유] 데미안님 강연 소감문,16,112,0,,,,,https://blog.naver.com/jklovelike/224155197516
2026-01-21,Wed,16,일상의 기록,어제 번개 모임이 있었습니다 (feat.샐리의 책방),29,277,20,,,,,https://blog.naver.com/jklovelike/224154758890
2026-01-21,Wed,12,Na,[13권 마감]억만장자 메신저님 <반복의 쓸모> 10권 '선물 이벤트'합니다 (선착순입니다),51,213,121,,,,,https://blog.naver.com/jklovelike/224154388657
2026-01-21,Wed,11,내가 만난 [책],억만장자 메신저 님이 <반복의 쓸모>를 오늘 출간했습니다. (feat.제가 추천사를 썼습니다),52,228,20,,,,,https://blog.naver.com/jklovelike/224154312372
2026-01-20,Tue,13,독서 단상,글쓰기를 시작하면서 독서법이 바뀌었다 (느린 독서법),29,360,29,,,,,https://blog.naver.com/jklovelike/224153201281
2026-01-20,Tue,11,"'데미안'의 단상, 생각",마음 가는 대로 해라,11,357,27,,,,,https://blog.naver.com/jklovelike/224153039326
2026-01-20,Tue,7,"'데미안'의 단상, 생각","오늘 새벽과 아침, 나는 묵묵하게 내 할 일을 하고 있었다",32,255,18,114,0,0,0,https://blog.naver.com/jklovelike/224152792394
2026-01-20,Tue,6,"'데미안'의 단상, 생각",매일 새벽과 아침마다 내게 들려주는 말,21,227,18,409,0,1,2,https://blog.naver.com/jklovelike/224152777056
2026-01-19,Mon,22,일상의 기록,카페 + 은은한 온도님에게 선물 받은 접이식 키보드 + 합격 소식을 전하는 제자의 카톡,48,226,34,,,,,https://blog.naver.com/jklovelike/224152511849
2026-01-19,Mon,20,으쌰으쌰+블로그는 마술이다,올해 안에 커뮤니티 하나를 더 만들 수도 있습니다,27,295,33,,,,,https://blog.naver.com/jklovelike/224152384890
2026-01-19,Mon,19,블로그 성장/노하우/팁,블로그 노하우와 팁 - 사람을 끌어모으는 방법,25,459,56,846,1,0,0,https://blog.naver.com/jklovelike/224152289842
2026-01-19,Mon,12,"'데미안'의 단상, 생각",오늘도 꾸준함으로 보이지 않는 선을 한 번 더 넘겨라,29,269,24,,,,,https://blog.naver.com/jklovelike/224151785772
2026-01-19,Mon,8,블로그 이웃 포스트 공유,[공유] 공동 창조란 무엇인가? (ft.북토크 중 등불님의 질문),36,127,2,,,,,https://blog.naver.com/jklovelike/224151525584
2026-01-19,Mon,6,'데미안'의 자기혁신,결정을 빠르게 하는 5가지 원칙,17,254,27,,,,,https://blog.naver.com/jklovelike/224151456447
2026-01-18,Sun,23,"'데미안'의 단상, 생각",인생을 '아주 진하게' 살기,15,240,28,,,,,https://blog.naver.com/jklovelike/224151263831
2026-01-18,Sun,21,Na,이번 북토크에는 업그레이드된 명찰을 활용했습니다,26,218,45,,,,,https://blog.naver.com/jklovelike/224151168060
2026-01-18,Sun,18,블로그 이웃 포스트 공유,[공유] 데미안 북 콘서트 그 두 번째 이야기,25,131,0,,,,,https://blog.naver.com/jklovelike/224150999141
2026-01-18,Sun,15,"'데미안'의 단상, 생각","길이 옳다면, 기다리자",12,244,18,,,,,https://blog.naver.com/jklovelike/224150883095
2026-01-18,Sun,12,블로그 이웃 포스트 공유,[공유] 💫 책으로 만나던 직진형 인간을 직접 만난 날 - 데미안님 북토크 후기,44,122,3,59,0,0,0,https://blog.naver.com/jklovelike/224150716884
2026-01-18,Sun,6,Na,어제 북토크 뒤풀이에서 두 분의 이웃분께 추천사 약속을 했습니다(feat.날위한나님과 낭만호걸님),54,210,34,,,,,https://blog.naver.com/jklovelike/224150533078
2026-01-18,Sun,0,Na,저는 북토크를 마치고 방금에야 귀가했습니다,23,204,32,247,2,0,0,https://blog.naver.com/jklovelike/224150410587
2026-01-17,Sat,22,일상의 기록,오늘 반가웠어요^^,10,264,27,213,1,0,0,https://blog.naver.com/jklovelike/224150314460
2026-01-17,Sat,5,Na,오늘 세 번째 북토크가 있습니다,17,227,40,,,,,https://blog.naver.com/jklovelike/224149605736
2026-01-16,Fri,19,으쌰으쌰+블로그는 마술이다,101명으로 시작한 1월 으쌰으쌰 <1일 2포 챌린지> 9기는 이제 몇 명이 남았을까요?,49,274,39,,,,,https://blog.naver.com/jklovelike/224149191149
2026-01-16,Fri,15,"'데미안'의 단상, 생각",후회를 성장으로 바꿔보라,13,252,19,244,0,0,0,https://blog.naver.com/jklovelike/224148976477
2026-01-16,Fri,6,"'데미안'의 단상, 생각","새벽과 아침 사이, 고요한 시간에 이룬 것이 가장 오래 남는다",34,253,21,,,,,https://blog.naver.com/jklovelike/224148389591
2026-01-16,Fri,5,수능/수능공부법/합격수기,"고3 수능 국수영과탐 24321등급에서 삼수 11211등급으로, 의대 합격까지 바뀐 공부 습관 (출처 : 오르비)",63,144,3,2002,4,2,0,https://blog.naver.com/jklovelike/224148365784
2026-01-16,Fri,4,"'데미안'의 단상, 생각",당신이 매일 아침 일어나는 이유를 잊지 마라,24,215,23,138,0,0,0,https://blog.naver.com/jklovelike/224148355045
2026-01-15,Thu,15,"'데미안'의 단상, 생각",나는 글쓰기로써 좋은 인연을 끌어당겼다,21,336,42,,,,,https://blog.naver.com/jklovelike/224147710193
2026-01-15,Thu,8,Na,이번 북토크도 명찰을 만듭니다 (+참석자 분들 명단 확인 부탁합니다^^),40,204,57,,,,,https://blog.naver.com/jklovelike/224147187904
2026-01-15,Thu,5,Na,어제는 아버지와 국회의사당(강변서재)과 남대문 시장을 다녀왔습니다,36,338,56,861,11,0,3,https://blog.naver.com/jklovelike/224146971343
2026-01-15,Thu,0,"'데미안'의 단상, 생각",오랜만에 고독한 장면에 들어선 순간이었다,22,295,19,,,,,https://blog.naver.com/jklovelike/224146933137
2026-01-14,Wed,11,Na,70대 아버지가 서울 구경하기에 좋은 곳은 어디 있을까요? (노인분들이 갈 만한 서울 시내 장소),54,249,50,387,3,0,1,https://blog.naver.com/jklovelike/224146070346
2026-01-14,Wed,8,"'데미안'의 단상, 생각","자기 인생에 100% 헌신한다면, 과연 어떤 일이 일어날까?",33,253,16,,,,,https://blog.naver.com/jklovelike/224145855879
2026-01-14,Wed,6,일상의 기록,해피나루님과의 합동 북콘서트 후기 - 참여자 분들도 북콘에 동참하는 시간이었습니다,45,295,24,,,,,https://blog.naver.com/jklovelike/224145807910
2026-01-13,Tue,21,Na,이번 주 토요일 3시 <직진형 인간> 북토크에 초대합니다,31,200,43,,,,,https://blog.naver.com/jklovelike/224145480955
2026-01-13,Tue,18,일상의 기록,어제 고양시에 있던 블로거 번개 모임 후기입니다^^,28,304,36,,,,,https://blog.naver.com/jklovelike/224145306572
2026-01-13,Tue,13,"'데미안'의 단상, 생각",우리의 도전을 방해하는 말들은 다정한 얼굴을 하고 찾아온다,32,250,12,,,,,https://blog.naver.com/jklovelike/224144872896
2026-01-13,Tue,8,"'데미안'의 단상, 생각",오늘도 미숙한 채로 나아간다,15,256,19,404,0,0,0,https://blog.naver.com/jklovelike/224144546361
2026-01-13,Tue,0,Na,260112 월 <질문>,13,216,13,,,,,https://blog.naver.com/jklovelike/224144276914
2026-01-12,Mon,22,"'데미안'의 단상, 생각","이미 너무 엄격한 채점자인 그대, 자기검열을 이겨내라.",30,263,15,,,,,https://blog.naver.com/jklovelike/224144159236
2026-01-12,Mon,20,'데미안'의 수능 칼럼 ,고양시에 있는 신원중학교에 공부법 강연을 다녀왔습니다 (신원중은 이번이 두 번째 강의네요),50,230,38,1610,15,0,5,https://blog.naver.com/jklovelike/224144053225
2026-01-12,Mon,9,Na,"오늘은 중학교 공부법 강의를 마친 후에, 블로그 이웃분들과 번개 모임이 있습니다",44,196,12,,,,,https://blog.naver.com/jklovelike/224143256662
2026-01-12,Mon,5,"'데미안'의 단상, 생각",최선의 길은 늘 걷고 난 뒤에야 비로소 완성된다,26,284,16,,,,,https://blog.naver.com/jklovelike/224143044482
2026-01-11,Sun,15,"'데미안'의 단상, 생각",나는 유비쿼터스 인간이다 + 일상 속 작은 감사,26,245,14,,,,,https://blog.naver.com/jklovelike/224142542754
2026-01-11,Sun,14,"'데미안'의 단상, 생각",글쓰기는 위험하다,9,468,38,293,7,0,1,https://blog.naver.com/jklovelike/224142489965
2026-01-11,Sun,6,"'데미안'의 단상, 생각",성숙은 덜 불안해하는 능력이다,16,265,24,,,,,https://blog.naver.com/jklovelike/224142217306
2026-01-11,Sun,0,"'데미안'의 단상, 생각",나는 낭만주의자다,9,251,17,160,0,0,0,https://blog.naver.com/jklovelike/224142058496
2026-01-10,Sat,23,Na,다음 주 토요일 3시에 제 북토크가 있습니다. 참석하시고 싶은 분은 신청해주세요^^,46,179,26,,,,,https://blog.naver.com/jklovelike/224141996223
2026-01-10,Sat,21,"'데미안'의 단상, 생각",글을 쓰고 올리는 데 용기를 내자,18,288,23,,,,,https://blog.naver.com/jklovelike/224141932182
2026-01-10,Sat,14,"'데미안'의 단상, 생각",강한 바람 부던 날,10,248,14,,,,,https://blog.naver.com/jklovelike/224141597144
2026-01-10,Sat,7,독서 단상,내가 보고 있는 책은 현재의 나를 말해준다,23,344,26,451,1,0,11,https://blog.naver.com/jklovelike/224141296970
2026-01-10,Sat,7,수능/수능공부법/합격수기,서울대 재수 합격 수기 - 재수 성공 후기와 방법 (출처 : 오르비),38,168,4,5453,14,7,0,https://blog.naver.com/jklovelike/224141281044
2026-01-10,Sat,6,"'데미안'의 단상, 생각",삶이 흔들릴 땐 각오보다 생활부터 점검하라,23,229,11,,,,,https://blog.naver.com/jklovelike/224141252035
2026-01-09,Fri,23,블로그 이웃 포스트 공유,[공유] 책 쓰기를 참 잘했습니다. (ft. 데미안님과 합동북콘 후기 3),41,127,2,,,,,https://blog.naver.com/jklovelike/224141040188
2026-01-09,Fri,22,Na,내일 사유숲 출판사 읽씹 Day입니다. 저도 초대 받고 내일 갑니다^^,39,190,11,,,,,https://blog.naver.com/jklovelike/224140976895
2026-01-09,Fri,19,'데미안'의 수능 칼럼 ,"하루 만에 수능 수험생 변화시키기 (순공 7시간->1일차 10시간, 2일차 14시간)",47,175,17,1516,4,0,15,https://blog.naver.com/jklovelike/224140831099
2026-01-09,Fri,15,책쓰기 프로젝트,스레드에서도 독자층을 만들 수 있습니다,21,204,13,,,,,https://blog.naver.com/jklovelike/224140577820
2026-01-09,Fri,9,일상의 기록,다음 주 월요일에 고양시 신원중학교 강의가 있습니다 + 이웃분들 번개모임,40,220,32,,,,,https://blog.naver.com/jklovelike/224140089412
2026-01-09,Fri,6,"'데미안'의 단상, 생각",내 마음의 힘,7,265,17,,,,,https://blog.naver.com/jklovelike/224139997337
2026-01-08,Thu,23,"'데미안'의 단상, 생각",남을 먼저 도와라. 많은 사람에게 베풀어라,23,254,35,108,0,0,0,https://blog.naver.com/jklovelike/224139779815
2026-01-08,Thu,14,"'데미안'의 단상, 생각",지금이야말로 시작이다,11,282,13,,,,,https://blog.naver.com/jklovelike/224139135416
2026-01-08,Thu,6,으쌰으쌰+블로그는 마술이다,블로그를 되살려 봅시다^^,14,254,24,,,,,https://blog.naver.com/jklovelike/224138669063
2026-01-08,Thu,5,"'데미안'의 단상, 생각",기대하면서도 실망을 다스리는 법을 배워야 한다,25,244,19,,,,,https://blog.naver.com/jklovelike/224138627373
2026-01-07,Wed,21,블로그 이웃 포스트 공유,[공유] 새로운 꿈을 꾸면 새로운 삶이 열린다 | 해피나루님X데미안님 합동 북콘서트 후기 ②,51,123,0,,,,,https://blog.naver.com/jklovelike/224138253810
2026-01-07,Wed,19,으쌰으쌰+블로그는 마술이다,"1,200명 넘게 받아 간 전자책 <블로그는 마술이다> 다시 나눠주고 있습니다",43,189,9,,,,,https://blog.naver.com/jklovelike/224138179113
2026-01-07,Wed,16,"'데미안'의 단상, 생각",2026년 1월 7일 수요일은 우리 생애 단 한 번뿐인 하루입니다,36,219,13,,,,,https://blog.naver.com/jklovelike/224137959576
2026-01-07,Wed,13,블로그 이웃 포스트 공유,이웃 '달성'님이 <나는 열심히 살지 않기로 했다>을 출간했습니다!,37,250,19,,,,,https://blog.naver.com/jklovelike/224137661994
2026-01-07,Wed,6,으쌰으쌰+블로그는 마술이다,"'1년만에 15,000명 블로거가 된 비결' <블로그는 마술이다> 전자책 무료 재배포합니다 (1,200명 넘게 받아갔습니다)",69,397,406,445,3,2,1,https://blog.naver.com/jklovelike/224137281982
2026-01-07,Wed,5,Na,커피 끊은지 1년 6개월이 되었다,18,317,33,168,1,0,2,https://blog.naver.com/jklovelike/224137246812
2026-01-07,Wed,5,"'데미안'의 단상, 생각","3년 전, 나는 직진형 인간이 되었다",20,201,19,,,,,https://blog.naver.com/jklovelike/224137234819
2026-01-07,Wed,0,지성과 사랑,낸시 함멜 - 여행,10,182,4,,,,,https://blog.naver.com/jklovelike/224137081225
2026-01-06,Tue,23,블로그 이웃 포스트 공유,[공유] 낯설던 대화방이 조금 편해진 날,22,82,0,,,,,https://blog.naver.com/jklovelike/224137026059
2026-01-06,Tue,22,"'데미안'의 단상, 생각","독서는 나를 밝히고, 글쓰기는 나를 벼리고, 운동은 나를 일으킨다",36,242,16,208,0,0,0,https://blog.naver.com/jklovelike/224136980262
2026-01-06,Tue,22,으쌰으쌰+블로그는 마술이다,"블로그는 마술이다, 블마 커뮤니티 100일 기념 롤링페이퍼",32,223,19,362,4,0,2,https://blog.naver.com/jklovelike/224136965847
2026-01-06,Tue,13,블로그 성장/노하우/팁,"양치기 전략으로 블로그를 성장시켰고, 이제는 2026년 스레드 3만 팔로워도 도전해 봅니다",50,259,24,,,,,https://blog.naver.com/jklovelike/224136278612
2026-01-06,Tue,12,블로그 이웃 포스트 공유,[공유] 으쌰으쌰 9기.250106. 1포. 블마 100일 축하합니다,38,126,0,1124,12,81,1,https://blog.naver.com/jklovelike/224136201972
2026-01-06,Tue,7,"'데미안'의 단상, 생각",매일 아침 써봤니?,10,330,51,344,1,0,0,https://blog.naver.com/jklovelike/224135899680
2026-01-06,Tue,5,블로그 성장/노하우/팁,블로그 하향세 맞나요?,12,312,42,913,2,0,0,https://blog.naver.com/jklovelike/224135856497
2026-01-05,Mon,22,블로그 성장/노하우/팁,SNS는 인생의 낭비다,12,424,30,425,1,0,0,https://blog.naver.com/jklovelike/224135556765
2026-01-05,Mon,19,"'데미안'의 단상, 생각","""블로거 데미안님을 닮고 싶습니다"" (한 이웃분의 버킷리스트 하나를 하루 만에 이뤘습니다)",50,236,26,,,,,https://blog.naver.com/jklovelike/224135344512
2026-01-05,Mon,15,"'데미안'의 단상, 생각",감사를 일상화하세요,10,269,20,,,,,https://blog.naver.com/jklovelike/224135029884
2026-01-05,Mon,14,블로그 이웃 포스트 공유,[공유] 사유숲 출판사 읽씹 DAY! 여러분을 초대합니다.,32,114,2,,,,,https://blog.naver.com/jklovelike/224134947420
2026-01-05,Mon,7,일상의 기록,어제 직진팀과 회식을 했습니다 (feat.미미유 해피나루 북크북크 즐거운 호호씨 한끼방패 생각쟁2),55,321,28,,,,,https://blog.naver.com/jklovelike/224134524018
2026-01-05,Mon,6,으쌰으쌰+블로그는 마술이다,"1일1포 챌린지는 507명, 감사챌린지는 216명과 함께 시작합니다",37,208,28,354,1,0,0,https://blog.naver.com/jklovelike/224134493081
2026-01-04,Sun,22,으쌰으쌰+블로그는 마술이다,1년 동안 수백 명과 함께 챌린지할 기회가 이제 1시간 밖에 안 남았습니다. (고민하다가 후회하지 마세요),59,171,8,,,,,https://blog.naver.com/jklovelike/224134232326
2026-01-04,Sun,22,블로그 이웃 포스트 공유,[공유] 직진팀 모임 후기 :),17,86,5,,,,,https://blog.naver.com/jklovelike/224134212283
2026-01-04,Sun,20,"'데미안'의 단상, 생각",저는 이룰 수밖에 없습니다. 잘 될 수밖에 없습니다,28,321,35,397,1,0,1,https://blog.naver.com/jklovelike/224134108790
2026-01-04,Sun,20,블로그 이웃 포스트 공유,[공유] [후기] 데미안X해피나루 님의 북콘서트를 다녀와서..,34,121,2,34,0,0,0,https://blog.naver.com/jklovelike/224134076942
2026-01-04,Sun,19,으쌰으쌰+블로그는 마술이다,챌린지 모집 마감 4시간반 남았습니다 (1일1포 챌린지+감사챌린지),37,158,13,,,,,https://blog.naver.com/jklovelike/224134033084
2026-01-04,Sun,12,으쌰으쌰+블로그는 마술이다,오늘 1일 1포 챌린지 모집 마지막 날입니다. 감사 챌린지도요. 챌린지 하실 분은 신청하세요^^,53,157,14,,,,,https://blog.naver.com/jklovelike/224133652673
2026-01-04,Sun,8,으쌰으쌰+블로그는 마술이다,에뜨왈 님의 블마 강의 〈평범함을 특별함으로 바꾸는 법〉 (feat.민간인 대상 특별 강의),51,208,21,2358,12,0,4,https://blog.naver.com/jklovelike/224133500929
2026-01-04,Sun,6,블로그 성장/노하우/팁,블로그 팁 하나 - 새벽과 아침 포스팅을 하라,25,295,24,,,,,https://blog.naver.com/jklovelike/224133457571
2026-01-03,Sat,23,블로그 성장/노하우/팁,3만 블로거가 블로그에서 살아남은 5가지 핵심 팁,27,305,36,,,,,https://blog.naver.com/jklovelike/224133237377
2026-01-03,Sat,22,"'데미안'의 단상, 생각",진정한 여유는 '아무것도 하지 않음'을 불안해하지 않는 것이다,34,226,14,,,,,https://blog.naver.com/jklovelike/224133184952
2026-01-03,Sat,20,일상의 기록,합동 북콘서트 끝나고 막 집에 도착했습니다^^,25,246,32,,,,,https://blog.naver.com/jklovelike/224133086147
2026-01-03,Sat,13,Na,"오늘 샐리의 책방 북 콘서트에 오시는 분, 건물 내 6층 612호입니다^^",41,183,14,,,,,https://blog.naver.com/jklovelike/224132721634
2026-01-03,Sat,13,으쌰으쌰+블로그는 마술이다,1일1포 챌린지와 감사 챌린지 인기가 높습니다 (feat.제 블로그 일일 조회수 변화),48,162,11,,,,,https://blog.naver.com/jklovelike/224132697559
2026-01-03,Sat,7,으쌰으쌰+블로그는 마술이다,"주말 새벽부터 올라오는 ""감사합니다"" (feat.감사챌린지 '데감챌')",39,189,15,320,19,0,1,https://blog.naver.com/jklovelike/224132461283
2026-01-03,Sat,6,"'데미안'의 단상, 생각",오늘 있을 두 번째 북 콘서트를 위해 멀리 제주도에서 오신다는 분이 계십니다,42,179,23,493,1,0,1,https://blog.naver.com/jklovelike/224132426635
2026-01-02,Fri,23,블로그 성장/노하우/팁,3만 블로거가 생각하는 블로그 글쓰기 5가지 팁,26,257,28,288,1,0,0,https://blog.naver.com/jklovelike/224132211542
2026-01-02,Fri,19,으쌰으쌰+블로그는 마술이다,"2026년, 365일 1일1포 챌린지와 감사 챌린지 모집은 이번 주 일요일까지입니다",46,193,9,,,,,https://blog.naver.com/jklovelike/224131929081
2026-01-02,Fri,15,"'데미안'의 단상, 생각",2026년 새해는 많이 저지르세요,18,295,24,,,,,https://blog.naver.com/jklovelike/224131638218
2026-01-02,Fri,12,책쓰기 프로젝트,"여러분도 책을 내고, 북 콘서트 하는 본인의 모습을 상상해 보세요",36,261,21,,,,,https://blog.naver.com/jklovelike/224131437280
2026-01-02,Fri,6,'데미안'의 자기혁신,환경을 선택하라 (feat.내가 챌린지를 여는 이유),29,240,19,,,,,https://blog.naver.com/jklovelike/224131135398
2026-01-02,Fri,5,일상의 기록,윤찬영 작가님(해피나루님)과 내일 합동 북콘서트를 진행합니다,33,198,13,924,5,0,4,https://blog.naver.com/jklovelike/224131119741
2026-01-02,Fri,0,으쌰으쌰+블로그는 마술이다,데감챌 밤 풍경 + 제가 운영하는 여러 챌린지가 인기가 많아서 감사합니다,40,183,29,635,5,0,2,https://blog.naver.com/jklovelike/224130938342
2026-01-01,Thu,22,으쌰으쌰+블로그는 마술이다,"어제와 오늘, 신년 기념으로 두 개의 챌린지를 시작했습니다(1일1포와 감사 챌린지)",46,204,11,245,2,0,2,https://blog.naver.com/jklovelike/224130835905
2026-01-01,Thu,19,으쌰으쌰+블로그는 마술이다,감사 모임방 이름 공모(?) 합니다,19,203,92,,,,,https://blog.naver.com/jklovelike/224130668258
2026-01-01,Thu,18,으쌰으쌰+블로그는 마술이다,이번 감사 챌린지는 포스트 인증이 아닌 채팅으로 감사 글을 남기는 방식입니다,42,194,15,,,,,https://blog.naver.com/jklovelike/224130627169
2026-01-01,Thu,16,으쌰으쌰+블로그는 마술이다,감사 챌린지 모집 - 2026년 감사를 나누는 공간을 엽니다,33,360,424,1851,2,12,1,https://blog.naver.com/jklovelike/224130531780
2026-01-01,Thu,15,"'데미안'의 단상, 생각",나는 내 이름으로 자신을 소개하는가?,20,245,19,,,,,https://blog.naver.com/jklovelike/224130463628
2026-01-01,Thu,13,으쌰으쌰+블로그는 마술이다,새해 첫날부터 기분 좋게 상장 받고 시작하는 분들입니다 (feat.으쌰으쌰 챌린지 완주상),50,199,22,356,71,2,1,https://blog.naver.com/jklovelike/224130383677
2026-01-01,Thu,12,블로그 이웃 포스트 공유,[공유] 으쌰으쌰 9기 1일 2포 도전합니다(feat. 데미안),35,112,5,1189,5,0,1,https://blog.naver.com/jklovelike/224130330081
2026-01-01,Thu,9,으쌰으쌰+블로그는 마술이다,"2026년 새해, 으쌰으쌰와 함께 블로그 1일 1포에 도전해 보세요",37,216,16,,,,,https://blog.naver.com/jklovelike/224130165141
2026-01-01,Thu,7,일상의 기록,"4인의 작가, 홍대 <작가>에서 모이다 (검마사님, 북크북크님, 억만장자 메신저님 작가 모임 후기)",55,283,23,,,,,https://blog.naver.com/jklovelike/224130113263
2026-01-01,Thu,0,"'데미안'의 단상, 생각",2026년 새해 복 많이 받으세요^^,20,315,70,,,,,https://blog.naver.com/jklovelike/224129867210
2025-12-31,Wed,23,"'데미안'의 단상, 생각",1시간 뒤면 해가 바뀐다,13,245,34,156,0,0,0,https://blog.naver.com/jklovelike/224129781443
2025-12-31,Wed,17,블로그 이웃 포스트 공유,[공유] 서울 작가 모임 다녀왔습니다.,21,122,2,,,,,https://blog.naver.com/jklovelike/224129428297
2025-12-31,Wed,15,으쌰으쌰+블로그는 마술이다,신년 기념으로 <으쌰으쌰 1일 2포 챌린지> 9기는 추가 30명을 뽑아 100명으로 가겠습니다,52,186,17,,,,,https://blog.naver.com/jklovelike/224129282127
2025-12-31,Wed,15,블로그 이웃 포스트 공유,"[공유] 2025 4인 작가 모임 후기 (데미안, 북크북크, 억만장자 메신저)",43,105,2,1504,9,0,3,https://blog.naver.com/jklovelike/224129246268
2025-12-31,Wed,6,으쌰으쌰+블로그는 마술이다,2026년 365일 으쌰으쌰 1일1포 챌린지 모집합니다,30,569,838,1133,10,4,1,https://blog.naver.com/jklovelike/224128684871
2025-12-31,Wed,5,으쌰으쌰+블로그는 마술이다,이번 새해맞이 으쌰으쌰 9기는 모집14분만에 마감했습니다,31,184,24,,,,,https://blog.naver.com/jklovelike/224128670470
2025-12-30,Tue,19,으쌰으쌰+블로그는 마술이다,2026년 새해맞이 1월 <으쌰으쌰 1일 2포 챌린지> 9기 모집합니다,39,252,274,1951,7,7,1,https://blog.naver.com/jklovelike/224127380848
2025-12-30,Tue,13,"'데미안'의 단상, 생각",성공한 사람의 공통점은 단 하나다. 계속했다는 것.,28,284,26,,,,,https://blog.naver.com/jklovelike/224127762826
2025-12-30,Tue,13,블로그 이웃 포스트 공유,"[공유] 10만 팔로워 작가, 월 매출 1억 마케터가 다른 독서모임 리더와 '결'이 다른 이유(독기의 힘 10기 모집)",66,130,1,1389,4,47,0,https://blog.naver.com/jklovelike/224127724695
2025-12-30,Tue,8,으쌰으쌰+블로그는 마술이다,[2025 마이 블로그 리포트] 데이터로 채워보는 내 블로그 취향 리포트,40,184,10,0,2,0,1,https://blog.naver.com/jklovelike/224127382518
2025-12-30,Tue,6,일상의 기록,오늘 1년에 딱 한 번 있는 <작가 모임>에 다녀옵니다 (feat.검마사님 북크북크님 억만장자 메신저님),58,262,45,,,,,https://blog.naver.com/jklovelike/224127332351
2025-12-29,Mon,20,으쌰으쌰+블로그는 마술이다,내일 저녁 7시에 <으쌰으쌰 1일 2포> 26년 1월 9기 모집글을 올리겠습니다^^,46,217,36,,,,,https://blog.naver.com/jklovelike/224126918255
2025-12-29,Mon,19,블로그 이웃 포스트 공유,"[공유] 북콘서트를 준비하는 마음 | 설렘은 가슴에, 정성은 손끝에",37,156,6,,,,,https://blog.naver.com/jklovelike/224126860498
2025-12-29,Mon,18,Na,제 이미지 키링입니다. 선물 받았어요^^,22,451,93,296,3,0,0,https://blog.naver.com/jklovelike/224126766751
2025-12-29,Mon,13,"'데미안'의 단상, 생각",잘 사는 삶은 의욕이 없는 날에 완성된다,22,268,18,,,,,https://blog.naver.com/jklovelike/224126398937
2025-12-29,Mon,13,수능/수능공부법/합격수기,정시 원서 접수 및 지원 용어 정리,19,144,8,1593,1,26,0,https://blog.naver.com/jklovelike/224126382717
2025-12-29,Mon,5,블로그 성장/노하우/팁,검색으로 <데미안 블로그>를 찾는 사람들,22,260,38,,,,,https://blog.naver.com/jklovelike/224125987287
2025-12-29,Mon,5,수능/수능공부법/합격수기,7수생 수능 중독자 장수생이 남기는 경고와 교훈,26,182,18,5874,22,1,1,https://blog.naver.com/jklovelike/224125975658
2025-12-28,Sun,23,"'데미안'의 단상, 생각",기록 밀린 게 많다. 하지만 기록은 속도가 아니라 회수가 아닐까?,36,229,18,,,,,https://blog.naver.com/jklovelike/224125768437
2025-12-28,Sun,20,"'데미안'의 단상, 생각",여러분은 혹시 혼자 영화 보는 것을 좋아하시나요?,27,246,39,568,1,0,0,https://blog.naver.com/jklovelike/224125642969
2025-12-28,Sun,19,Na,20여년 전 서울 데이트 코스 - 추억을 떠올려 봅니다,30,207,28,,,,,https://blog.naver.com/jklovelike/224125562747
2025-12-28,Sun,16,"'데미안'의 단상, 생각",하루에 하나는 꼭 배우자,13,268,41,,,,,https://blog.naver.com/jklovelike/224125431657
2025-12-28,Sun,6,"'데미안'의 단상, 생각",나는 더 이상 나이를 세지 않는다,18,282,49,,,,,https://blog.naver.com/jklovelike/224125017261
2025-12-27,Sat,21,일상의 기록,<연남서가> 연남동에서 우연히 만난 조금 다른 서점,28,324,24,,,,,https://blog.naver.com/jklovelike/224124706189
2025-12-27,Sat,18,블로그 이웃 포스트 공유,[공유] 부모성장 챌린지1기(부성채) SNS 동기부여  챌린지,34,129,2,258,0,0,0,https://blog.naver.com/jklovelike/224124590621
2025-12-27,Sat,14,"'데미안'의 단상, 생각",나는 오랫동안 실패자의 정신으로 살고 있었다,24,276,20,,,,,https://blog.naver.com/jklovelike/224124378203
2025-12-27,Sat,12,블로그 이웃 포스트 공유,[공유] [미라클 주니 16기 모집] 사랑주니와 함께하는 다시 세우는 새해의 리듬,45,124,0,1262,9,35,12,https://blog.naver.com/jklovelike/224124296961
2025-12-27,Sat,12,블로그 이웃 포스트 공유,[공유] 픽션이든 논픽션이든 스토리가 강력하지 않으면 살아남기 어렵다.,39,116,2,0,0,0,0,https://blog.naver.com/jklovelike/224124293229
2025-12-27,Sat,7,"'데미안'의 단상, 생각",아침을 잘 보내라,9,277,33,203,0,0,0,https://blog.naver.com/jklovelike/224124107198
2025-12-27,Sat,5,"'데미안'의 단상, 생각",인생이 흔들릴 때 도망치지 않은 사람만이 자기만의 이야기를 얻는다,36,250,32,,,,,https://blog.naver.com/jklovelike/224124057253
2025-12-26,Fri,18,Na,새해 1월 12일 월요일에 고양시에서 번개 모임 가능한 분 계실까요? (고양시에 있는 학교에 강연 다녀옵니다),61,220,72,,,,,https://blog.naver.com/jklovelike/224123585695
2025-12-26,Fri,15,"'데미안'의 단상, 생각",때때로 불안은 좋은 감정입니다,16,253,28,,,,,https://blog.naver.com/jklovelike/224123389748
2025-12-26,Fri,15,수능/수능공부법/합격수기,2026년 고3 모의고사 일정 (교육청 모의고사와 모의평가와 수능 일정),40,130,4,314,2,1,0,https://blog.naver.com/jklovelike/224123373499
2025-12-26,Fri,5,"'데미안'의 단상, 생각",작가를 꿈꾸며 현재 소설을 쓰고 있는 중1 학생이 블로그에 찾아왔습니다,39,279,33,661,3,0,1,https://blog.naver.com/jklovelike/224122838636
2025-12-25,Thu,23,블로그 성장/노하우/팁,무라카미 하루키가 에세이를 쓰는 원칙 - 블로그에 적용할 만한 점,36,285,28,,,,,https://blog.naver.com/jklovelike/224122663026
2025-12-25,Thu,17,"'데미안'의 단상, 생각",어린 동생에게 산타의 선물을 대신 전해줬던 날,25,248,29,,,,,https://blog.naver.com/jklovelike/224122398544
2025-12-25,Thu,16,일상의 기록,"크리스마스 때, 카페에서 독서하는 낭만?",22,279,25,,,,,https://blog.naver.com/jklovelike/224122343307
2025-12-25,Thu,6,으쌰으쌰+블로그는 마술이다,<으쌰으쌰 1일 2포 챌린지 8기> - 현재 74명 중 70명 꾸준히 달리고 있습니다,47,222,25,435,5,0,0,https://blog.naver.com/jklovelike/224121940077
2025-12-25,Thu,5,"'데미안'의 단상, 생각",크리스마스 새벽에도 어김없이 글을 쓴다,21,236,31,299,0,0,0,https://blog.naver.com/jklovelike/224121919400
2025-12-24,Wed,23,블로그 성장/노하우/팁,"2025년, 블로그를 통해 많은 친구와 동료를 알게 되었습니다",34,213,36,759,0,0,4,https://blog.naver.com/jklovelike/224121746543
2025-12-24,Wed,16,블로그 성장/노하우/팁,내 북 콘서트에 300명 넘게 사람이 온 이유 - 누군가의 처음을 잡아라. 초보를 도와라,49,254,26,,,,,https://blog.naver.com/jklovelike/224121356107
2025-12-24,Wed,8,Na,제 애정하는 이웃분들이 모여 공저 시집 <아홉시愛>를 출간했습니다,36,216,39,322,11,0,4,https://blog.naver.com/jklovelike/224120783563
2025-12-24,Wed,7,일상의 기록,오늘 크리스마스 이브입니다. 메리 크리스마스! ^^,28,295,78,,,,,https://blog.naver.com/jklovelike/224120747831
2025-12-24,Wed,6,"'데미안'의 단상, 생각",내 인간 관계의 기준,11,235,29,,,,,https://blog.naver.com/jklovelike/224120719959
2025-12-23,Tue,12,"'데미안'의 단상, 생각",직진형 인간의 발걸음은 경쾌하다. 뒤를 끌어안고 걷지 않기 때문이다,37,236,26,608,0,0,0,https://blog.naver.com/jklovelike/224119739574
2025-12-23,Tue,6,일상의 기록,블로그 이웃 즐거운 호호씨 님을 홍대에서 만나 티타임을 가졌습니다^^,38,376,22,,,,,https://blog.naver.com/jklovelike/224119402242
2025-12-23,Tue,4,"'데미안'의 단상, 생각",자기 자신을 깨고 나오다. 투쟁은 탄생이다,23,220,14,717,0,0,0,https://blog.naver.com/jklovelike/224119367385
2025-12-22,Mon,23,"'데미안'의 단상, 생각",스레드에서 받은 감사 인사가 불편했던 이유 - 스레드에도 열정을 담아야겠습니다,43,207,17,,,,,https://blog.naver.com/jklovelike/224119191613
2025-12-22,Mon,22,일상의 기록,오늘 밤은 조금 다정했다 - 빵 두 개를 사고 두 개를 덤으로 받았습니다,40,238,42,426,1,0,0,https://blog.naver.com/jklovelike/224119094003
2025-12-22,Mon,20,'데미안'의 수능 칼럼 ,오늘 서울여상 고1 대상으로 공부법 강연을 다녀왔습니다 (특성화고 강연은 저도 처음이네요^^),52,266,43,1706,13,0,5,https://blog.naver.com/jklovelike/224119008304
2025-12-22,Mon,14,블로그 이웃 포스트 공유,[공유] 첫 전자책 『달의 뒷면에도 빛이 있다』 출간 기념 이벤트,36,133,4,,,,,https://blog.naver.com/jklovelike/224118527741
2025-12-22,Mon,13,으쌰으쌰+블로그는 마술이다,블로그에 기록하며 나아가라,14,270,20,,,,,https://blog.naver.com/jklovelike/224118468706
2025-12-22,Mon,5,"'데미안'의 단상, 생각","만약에 네가 불로 시험을 받지 않았다면, 너는 네가 누구인지 알지 못한다",40,230,18,307,6,0,1,https://blog.naver.com/jklovelike/224117936164
2025-12-21,Sun,18,"'데미안'의 단상, 생각",틀려도 좋다. 쪽팔려도 좋다. 그냥 하자,22,305,30,,,,,https://blog.naver.com/jklovelike/224117608611
2025-12-21,Sun,16,블로그 성장/노하우/팁,블로그 관련하여 일 대충 하는 네이버 회사 - '올해 블로그 방문자 수' 의미가 명쾌하지 않습니다,54,211,20,,,,,https://blog.naver.com/jklovelike/224117532393
2025-12-21,Sun,7,"'데미안'의 단상, 생각","에뜨왈에게 바치는 글 - <에뜨왈, 그의 이름은 별이다>",31,219,56,,,,,https://blog.naver.com/jklovelike/224117152903
2025-12-21,Sun,4,"'데미안'의 단상, 생각",차가운 새벽 공기가 내게 가르쳐 준 것,21,223,18,,,,,https://blog.naver.com/jklovelike/224117107277
2025-12-21,Sun,4,"'데미안'의 단상, 생각",별거 없다. 그저 매일매일 최선을 다할 뿐.,24,209,18,,,,,https://blog.naver.com/jklovelike/224117100736
2025-12-20,Sat,23,으쌰으쌰+블로그는 마술이다,데미안 <블로그는 마술이다>  '첫 번째 줌 강의' 후기 모음,34,162,22,342,3,0,16,https://blog.naver.com/jklovelike/224116942624
2025-12-20,Sat,22,블로그 이웃 포스트 공유,[공유] 초격차 오감 문해력 1000권 감사 이벤트 (많은 참여 부탁드려요 :),44,108,1,,,,,https://blog.naver.com/jklovelike/224116890266
2025-12-20,Sat,21,일상의 기록,카페로 가자! + 카페에서 읽고 있던 두 권의 책,27,240,34,966,6,0,1,https://blog.naver.com/jklovelike/224116819759
2025-12-20,Sat,20,블로그 이웃 포스트 공유,[공유] [블마 첫 줌강의] 어서와 zoom은 처음이지? (기억에 남는 이야기),44,115,4,,,,,https://blog.naver.com/jklovelike/224116796041
2025-12-20,Sat,6,"'데미안'의 단상, 생각",좋은 글에는 유통기한이 없다,15,257,26,,,,,https://blog.naver.com/jklovelike/224116203859
2025-12-20,Sat,5,수능/수능공부법/합격수기,2025년 2026수능 만점자 결과와 인터뷰 총정리 +수능 만점자 공부법 (feat.독서의 중요성),55,161,8,5955,2,6,4,https://blog.naver.com/jklovelike/224116178739
2025-12-19,Fri,18,블로그 성장/노하우/팁,초보 이웃 블로거를 위한 블로그 생존 노하우와 성장 팁 10가지,35,370,74,2319,1,11,0,https://blog.naver.com/jklovelike/224115742733
2025-12-19,Fri,15,일상의 기록,1월에만 북콘서트/북토크가 두 번 있습니다,23,178,15,,,,,https://blog.naver.com/jklovelike/224115548504
2025-12-19,Fri,15,블로그 이웃 포스트 공유,[공유] 데미안님과 공동 북콘을 하기로 했습니다. (ft. 새해 깜짝 선물),42,117,4,,,,,https://blog.naver.com/jklovelike/224115480658
2025-12-19,Fri,6,Na,해피나루&데미안 합동 북콘서트에 초대합니다 (나를 단단하게 만드는 루틴의 힘+직진형 인간),50,240,127,,,,,https://blog.naver.com/jklovelike/224114989551
2025-12-19,Fri,0,"'데미안'의 단상, 생각",나는 후회가 많다,9,264,15,,,,,https://blog.naver.com/jklovelike/224114819998
2025-12-18,Thu,22,블로그 이웃 포스트 공유,[공유] 〔독서 모임 모집〕 끝까지 가는 사람들 – 박경리 『토지』 완독 프로젝트,45,114,1,1076,1,28,1,https://blog.naver.com/jklovelike/224114743583
2025-12-18,Thu,20,"'데미안'의 단상, 생각",어제 <거인의 노트>저자인 김익한 교수님을 뵙고 식사를 같이 했습니다 (feat.유튜브 <김교수의 세 가지>),61,280,53,,,,,https://blog.naver.com/jklovelike/224114587834
2025-12-18,Thu,16,책쓰기 프로젝트,이게 진실이다 - 작가는 플랫폼을 가져야 한다,25,286,25,1170,4,0,2,https://blog.naver.com/jklovelike/224114330377
2025-12-18,Thu,12,블로그 이웃 포스트 공유,"[공유] 세렌디피티(Serendipity),홍대 엔제리너스에서 만난 뜻밖의 인연",44,113,1,,,,,https://blog.naver.com/jklovelike/224114088964
2025-12-18,Thu,6,으쌰으쌰+블로그는 마술이다,12월 8기 으쌰으쌰 1일 2포 챌린지 중간 점검입니다 - 74명 중 72명 남았습니다!,49,198,28,981,6,0,1,https://blog.naver.com/jklovelike/224113737211
2025-12-18,Thu,0,"'데미안'의 단상, 생각",꾸준함의 비결,7,290,34,,,,,https://blog.naver.com/jklovelike/224113564208
2025-12-17,Wed,20,블로그 이웃 포스트 공유,[공유] 직진형 인간의 저자 데미안님이 방문하셨습니다.,30,188,21,,,,,https://blog.naver.com/jklovelike/224113349293
2025-12-17,Wed,14,일상의 기록,아무 곳이나 들어간 홍대 카페에서 우연히 블로그 이웃분과 마주쳤습니다,38,247,28,396,0,0,3,https://blog.naver.com/jklovelike/224112988108
2025-12-17,Wed,5,"'데미안'의 단상, 생각",실패의 미학 - 곤경에서 아름다움을 길어 올리는 사람,29,229,31,619,0,0,0,https://blog.naver.com/jklovelike/224112404400
2025-12-16,Tue,23,블로그 이웃 포스트 공유,[공유] [직진형 인간]을 우연히 두 번이나 만난 날.,30,128,3,,,,,https://blog.naver.com/jklovelike/224112292340
2025-12-16,Tue,23,"'데미안'의 단상, 생각","언제나 저장은 수시적으로, 확실하게 하자",22,203,18,,,,,https://blog.naver.com/jklovelike/224112265569
2025-12-16,Tue,20,일상의 기록,오늘 이웃 비티오 님을 합정에서 만나고 왔습니다. 주로 유튜브 이야기를 했네요,43,267,22,,,,,https://blog.naver.com/jklovelike/224112137980
2025-12-16,Tue,16,블로그 이웃 포스트 공유,"[공유] [대구 번개] 12월 17일 수요일 오전 11시, 커피 한 잔 어때요?",44,133,14,,,,,https://blog.naver.com/jklovelike/224111837033
2025-12-16,Tue,5,"'데미안'의 단상, 생각",변화하는 재미를 느껴보라,13,271,36,,,,,https://blog.naver.com/jklovelike/224111195497
2025-12-16,Tue,0,"'데미안'의 단상, 생각",뜻밖의 곳에서 내 글이 인용되어 있을 때,22,247,21,,,,,https://blog.naver.com/jklovelike/224111051855
2025-12-15,Mon,19,책쓰기 프로젝트,이번에는 <직진형 인간> 북토크가 준비되어 있습니다 - 선착순 50명입니다,41,321,349,864,3,0,4,https://blog.naver.com/jklovelike/224110787598
2025-12-15,Mon,14,블로그 성장/노하우/팁,"애정으로 기쁜 마음으로 하면 나도, 블로그도 모두 성장하더군요",34,267,45,,,,,https://blog.naver.com/jklovelike/224110395487
2025-12-15,Mon,14,블로그 이웃 포스트 공유,"[공유] 러닝 모임 모집합니다.(ft. 주3회 5분 달리기, 해피런데이!)",41,127,0,1095,1,5,0,https://blog.naver.com/jklovelike/224110375368
2025-12-15,Mon,7,으쌰으쌰+블로그는 마술이다,<으쌰으쌰 365일 1일1포> 챌린지 - 1월 305명으로 시작하여 현재 12월 217명이 남았습니다,56,208,32,531,16,0,2,https://blog.naver.com/jklovelike/224109946159
2025-12-14,Sun,22,"'데미안'의 단상, 생각",박진영 콘서트를 다녀오고 - 가수 박진영의 자기관리를 보고 자극 받은 날,40,268,30,,,,,https://blog.naver.com/jklovelike/224109679018
2025-12-14,Sun,14,"'데미안'의 단상, 생각",마음대로 되지 않는다는 점이야말로 여행의 묘미입니다,28,263,18,574,0,0,0,https://blog.naver.com/jklovelike/224109238737
2025-12-14,Sun,7,책쓰기 프로젝트,2026년 공언 - 내년에는 700명 가까운 블로그 이웃분들을 북 콘서트에 초대하겠습니다,49,274,73,,,,,https://blog.naver.com/jklovelike/224108985101
2025-12-13,Sat,22,책쓰기 프로젝트,"5시간 동안 읽고, 이번 포스트 작성했습니다 - 데미안 <직진형 인간> 북 콘서트 후기 모음",51,283,59,,,,,https://blog.naver.com/jklovelike/224108708123
2025-12-13,Sat,16,일상의 기록,돌아온 이후를 위한 여행,13,269,32,,,,,https://blog.naver.com/jklovelike/224108436177
2025-12-13,Sat,9,블로그 성장/노하우/팁,"""네이버가 데미안님께 상을 줘야 한다고 생각합니다""라는 말을 들었습니다",39,294,35,,,,,https://blog.naver.com/jklovelike/224108116885
2025-12-12,Fri,13,"'데미안'의 단상, 생각","도쿄 여행 2박 3일 마지막 날, 이제는 일상의 루틴이 그리워집니다",37,341,21,,,,,https://blog.naver.com/jklovelike/224107210073
2025-12-12,Fri,5,블로그 성장/노하우/팁,글쓰기 효과는 일석이조가 아닌 일석십조입니다,24,289,34,1014,1,0,1,https://blog.naver.com/jklovelike/224106701445
2025-12-11,Thu,22,일상의 기록,도쿄 여행 2일 차입니다. 계획 없이 온 것 치고는 잘 보내고 있습니다,39,255,31,,,,,https://blog.naver.com/jklovelike/224106548997
2025-12-11,Thu,16,블로그 이웃 포스트 공유,[공유] 저의 첫 전자책 《인생의 주인공으로 살아가는 법》이 출간되었습니다,41,137,4,,,,,https://blog.naver.com/jklovelike/224106183331
2025-12-11,Thu,5,일상의 기록,도쿄여행 첫날 - 시부야와 산겐자야 도보 여행(2만보를 걸었던 날),37,259,38,,,,,https://blog.naver.com/jklovelike/224105493528
2025-12-10,Wed,13,"'데미안'의 단상, 생각",창공에서의 자유,8,301,27,542,1,0,0,https://blog.naver.com/jklovelike/224104685243
2025-12-10,Wed,10,일상의 기록,도쿄행 비행기 안입니다,12,294,30,224,1,0,0,https://blog.naver.com/jklovelike/224104505586
2025-12-10,Wed,5,"'데미안'의 단상, 생각","오늘도 긍정적으로, 유쾌하게 나아가 보시죠^^",25,281,37,,,,,https://blog.naver.com/jklovelike/224104232810
2025-12-09,Tue,19,블로그 이웃 포스트 공유,[공유] 읽씹 DAY! 사유숲 출판사의 첫 프로젝트 발표일 여러분을 초대합니다.  (첫 시집 출판 기념),58,161,6,,,,,https://blog.naver.com/jklovelike/224103894310
2025-12-09,Tue,16,일상의 기록,내일 2박 3일 일본 도쿄 여행을 벼락치기로 다녀옵니다,30,288,50,,,,,https://blog.naver.com/jklovelike/224103739339
2025-12-09,Tue,14,블로그 이웃 포스트 공유,[공유] 1월 17일(토) 광화문 교보문고에서 북콘서트 합니다. (선착순 50명),45,157,5,,,,,https://blog.naver.com/jklovelike/224103557474
2025-12-09,Tue,5,"'데미안'의 단상, 생각",<직진형 인간> 북 콘서트 후기 - 여러분은 제 귀인입니다. 진심입니다,39,468,69,2281,9,0,4,https://blog.naver.com/jklovelike/224103059895
2025-12-08,Mon,23,블로그 이웃 포스트 공유,"[공유] [With. 데미안 & 예쁜약사] 블로그 세상 속, 압도적 존재감의 이유",45,142,3,,,,,https://blog.naver.com/jklovelike/224102866926
2025-12-08,Mon,18,블로그 성장/노하우/팁,어제 북 콘서트에서 명찰하기 잘 했죠? + 블로그 공동체,31,301,23,,,,,https://blog.naver.com/jklovelike/224102607071
2025-12-08,Mon,18,블로그 이웃 포스트 공유,[공유] 300명 앞에서 드러낸 한 남자의 결핍 그리고 아름다움 — 데미안의 직진형 인간 북콘서트 후기,57,173,4,76,0,0,0,https://blog.naver.com/jklovelike/224102590187
2025-12-08,Mon,15,일상의 기록,어제 북 콘서트에서 초콜렛 선물을 준 8살 아이 - 아이들에게도 유익한 시간이었습니다^^,49,285,23,,,,,https://blog.naver.com/jklovelike/224102358986
2025-12-08,Mon,6,일상의 기록,어제 북 콘서트하면서 총 4시간 가까이 사인을 했습니다,30,358,83,1221,3,0,0,https://blog.naver.com/jklovelike/224101797444
2025-12-07,Sun,23,일상의 기록,오늘 첫 북 콘서트를 잘 마쳤습니다 (1일 2포 챌린지 때문에 짧게 남기는 후기),45,328,42,,,,,https://blog.naver.com/jklovelike/224101627055
2025-12-07,Sun,5,"'데미안'의 단상, 생각",오늘은 2025년의 드림 리스트 하나를 이루는 날입니다,30,268,44,,,,,https://blog.naver.com/jklovelike/224100742085
2025-12-06,Sat,22,블로그 이웃 포스트 공유,"[공유] 명찰 다~만들었어요. (ft.데미안님 북콘, 내일 뵈어요!)",38,169,3,,,,,https://blog.naver.com/jklovelike/224100649192
2025-12-06,Sat,19,책쓰기 프로젝트,내일 있을 데미안 <직진형 인간> 북 콘서트 행사 순서입니다^^,35,250,53,,,,,https://blog.naver.com/jklovelike/224100486415
2025-12-06,Sat,15,Na,북 콘서트 명찰 제작 완료했습니다 + <직진형 인간> 생수가 마련되었습니다,41,254,31,357,5,0,7,https://blog.naver.com/jklovelike/224100307810
2025-12-06,Sat,5,"'데미안'의 단상, 생각",계속 글쓰기,6,261,35,817,2,4,0,https://blog.naver.com/jklovelike/224099960788
2025-12-05,Fri,21,"'데미안'의 단상, 생각",최근 3년 동안 글을 계속 쓰길 정말 잘했다,24,324,36,512,0,0,1,https://blog.naver.com/jklovelike/224099686269
2025-12-05,Fri,18,Na,"북 콘서트 D-2, 수백 석 중 몇 자리 비었습니다. 더 오실 분 계신가요? 특별한 경험이 될 겁니다^^",58,211,34,739,1,0,2,https://blog.naver.com/jklovelike/224099536281
2025-12-05,Fri,18,수능/수능공부법/합격수기,2026수능 국어 수학 표준점수별 백분위 및 원점수 범위 + 언매 화작 미적분 확통 기하 원점수 등급컷,57,163,5,265,16,0,2,https://blog.naver.com/jklovelike/224099513238
2025-12-05,Fri,6,"'데미안'의 단상, 생각",오늘 새벽 블로그 댓글에 답변을 쓰다가 다시금 깨달은 사실 - 나는 왜 블로그를 좋아하는가?,51,306,41,685,1,0,1,https://blog.naver.com/jklovelike/224098784552
2025-12-05,Fri,5,'데미안'의 자기혁신,"가까이 하고 싶은 것을 가까이 하고, 멀리 하고 싶은 것을 멀리 하라",38,268,38,731,0,0,0,https://blog.naver.com/jklovelike/224098749263
2025-12-04,Thu,19,Na,제 북 콘서트에 오시는 분들 중에 자녀를 포함하여 동반자 명찰이 필요한 분은 말씀해 주세요^^,52,217,35,397,2,0,1,https://blog.naver.com/jklovelike/224098380618
2025-12-04,Thu,19,수능/수능공부법/합격수기,"2026수능 영어, 사회탐구, 과학탐구 성적 결과 (영어 불수능 + 사탐과 과탐 등급컷 및 백분위)",55,222,10,399,21,1,1,https://blog.naver.com/jklovelike/224098356470
2025-12-04,Thu,13,"'데미안'의 단상, 생각","""아빠, 데미안 작가님 보고 싶어!""라는 한 마디에 408km 떨어진 곳에서 아이를 데리고 북콘까지 오시기로 한 분이 계십니다",70,269,28,,,,,https://blog.naver.com/jklovelike/224097921392
2025-12-04,Thu,6,블로그 성장/노하우/팁,"제 경험상 12월은 블로그 조회수가 줄고, 1월은 다시 늘기 시작합니다",39,271,32,,,,,https://blog.naver.com/jklovelike/224097577006
2025-12-04,Thu,5,'데미안'의 수능 칼럼 ,2025수능 국어 수학 영어 5/4/4에서 2026수능 국수영 2/2/2가 나온 제자 사례 (수학 미적분 4등급=>2등급 초반 백분위 95 / 국어 5등급=>2등급),92,204,18,3069,18,0,24,https://blog.naver.com/jklovelike/224097549567
2025-12-03,Wed,19,"'데미안'의 단상, 생각",280명 블로그 이웃이 제 북 콘서트에서 '듣고 싶다는 이야기'입니다 (본인이 남긴 메시지를 찾아보세요^^),60,241,33,,,,,https://blog.naver.com/jklovelike/224097167803
2025-12-03,Wed,15,"'데미안'의 단상, 생각",하면서 고민하세요,9,338,33,,,,,https://blog.naver.com/jklovelike/224096902763
2025-12-03,Wed,7,Na,"D-4 북콘서트, 마지막 20석만 남았습니다. 세렌디피티를 만나러 오세요",40,222,34,,,,,https://blog.naver.com/jklovelike/224096360865
2025-12-03,Wed,4,'데미안'의 자기혁신,직진하는 존재가 되자,11,233,17,,,,,https://blog.naver.com/jklovelike/224096285748
2025-12-02,Tue,23,"'데미안'의 단상, 생각",매일 생생한 꿈을 꿉니다,13,233,13,,,,,https://blog.naver.com/jklovelike/224096095166
2025-12-02,Tue,17,으쌰으쌰+블로그는 마술이다,11월 7기 으쌰으쌰 결산 및 상장(100%상과 아차상) 수여 결과입니다 (+ 100%상을 받은 부부 블로거가 있습니다),67,243,36,,,,,https://blog.naver.com/jklovelike/224095739217
2025-12-02,Tue,14,Na,북 콘서트에 필요한 수백 개 가까운 명찰을 수작업으로 직접 만들어 주시는 고마운 이웃분이 계십니다,54,283,37,,,,,https://blog.naver.com/jklovelike/224095502053
2025-12-02,Tue,5,블로그 성장/노하우/팁,"남들이 떠날 때, 나는 블로그를 붙잡는다",22,340,54,,,,,https://blog.naver.com/jklovelike/224095028062
2025-12-01,Mon,19,블로그 이웃 포스트 공유,[공유] 내 마음속 블로그 3대 천왕(그중 한 명을 만났습니다),35,205,12,1163,2,0,2,https://blog.naver.com/jklovelike/224094616072
2025-12-01,Mon,16,책쓰기 프로젝트,이번에 북 콘서트를 오실 분들을 위해 <직진형 인간>이 적힌 검은 펜 300개를 준비했습니다(+핫팩도요^^),60,277,61,,,,,https://blog.naver.com/jklovelike/224094388596
2025-12-01,Mon,12,블로그 이웃 포스트 공유,[공유] 🚶‍♀️ 직진형 인간으로 나를 다시 시작한다 - 데미안님께,37,147,8,,,,,https://blog.naver.com/jklovelike/224094082943
2025-12-01,Mon,8,"'데미안'의 단상, 생각",글쓰기는 모든 것을 제압한다,15,303,34,500,0,0,1,https://blog.naver.com/jklovelike/224093826071
2025-12-01,Mon,6,블로그 성장/노하우/팁,블로그 이웃분들이 계셔서 든든하고 행복합니다 (다른 플랫폼과 다른 블로그 장점은 바로 '이웃'입니다),56,282,34,,,,,https://blog.naver.com/jklovelike/224093771603
2025-11-30,Sun,20,Na,12월 7일 데미안 북 콘서트 참석 명단 좀 확인해주세요(명찰 만들기 위한 용도입니다^^),50,205,71,,,,,https://blog.naver.com/jklovelike/224093380951
2025-11-30,Sun,19,Na,다음 주 일요일 제 북콘서트에서 '현장 안내요원' 도와주실 분 계실까요?,40,185,60,455,0,0,1,https://blog.naver.com/jklovelike/224093295245
2025-11-30,Sun,6,"'데미안'의 단상, 생각",몸에 밴 습관은 말 그대로 습관과 한몸이 되었다는 뜻입니다,32,295,34,,,,,https://blog.naver.com/jklovelike/224092789676
2025-11-29,Sat,21,Na,"제 북 콘서트에 혼자 가는 게 부담스러워 고민하시는 분들, 편하게 오세요^^",42,251,29,,,,,https://blog.naver.com/jklovelike/224092504864
2025-11-29,Sat,19,으쌰으쌰+블로그는 마술이다,<으쌰으쌰 1일 2포 챌린지> 12월 8기 모집합니다 (꼭 본문 읽고 신청하세요),45,239,218,1934,9,3,1,https://blog.naver.com/jklovelike/224091931511
2025-11-29,Sat,6,'데미안'의 자기혁신,두려울 건 없다. 잃을 건 없다,17,271,21,,,,,https://blog.naver.com/jklovelike/224091915024
2025-11-29,Sat,5,"'데미안'의 단상, 생각",새벽 시간에 다시 태어나 본 적이 있는가?,23,232,7,,,,,https://blog.naver.com/jklovelike/224091901577
2025-11-29,Sat,0,"'데미안'의 단상, 생각",자유,2,241,24,454,0,0,0,https://blog.naver.com/jklovelike/224091743574
2025-11-28,Fri,18,책쓰기 프로젝트,<직진형 인간> 20만 유튜브 '그랜드마스터 클래스' 채널 인터뷰 영상입니다,42,248,50,,,,,https://blog.naver.com/jklovelike/224091488670
2025-11-28,Fri,18,으쌰으쌰+블로그는 마술이다,내일 저녁 7시 정각에 12월 <8기 으쌰으쌰 1일2포 챌린지> 모집글을 올리겠습니다,47,174,23,,,,,https://blog.naver.com/jklovelike/224091445514
2025-11-28,Fri,6,'데미안'의 자기혁신,나답게 사는 사람은 어디 가서 꿀릴 게 없다,24,292,26,,,,,https://blog.naver.com/jklovelike/224090730406
2025-11-27,Thu,21,책쓰기 프로젝트,'12월 7일 일요일' 블로거&작가 데미안의 <북 콘서트>에 초대합니다,39,286,88,1757,1,1,2,https://blog.naver.com/jklovelike/224090415350
2025-11-27,Thu,17,"'데미안'의 단상, 생각",정말 꾸준히 하세요,10,434,45,,,,,https://blog.naver.com/jklovelike/224090180423
2025-11-27,Thu,6,"'데미안'의 단상, 생각",망해도 된다,6,335,32,418,0,0,0,https://blog.naver.com/jklovelike/224089531246
2025-11-26,Wed,22,Na,"긴 꿈을 꿨다 - 꿈속에서 사람을 죽이고, 죽은 사람을 만나고, 위험에 빠질 뻔했다",46,263,27,1961,1,3,0,https://blog.naver.com/jklovelike/224089294345
2025-11-26,Wed,15,Na,"북콘 신청했던 분들, 혹시 어제 제게 문자 못 받으신 분 계신가요? (오늘 일일 문자 발송 제한에 걸렸네요)",60,200,40,317,1,2,2,https://blog.naver.com/jklovelike/224088884702
2025-11-26,Wed,14,Na,"지난번에 북콘서트 신청하신 분들, 참석 유무 확정해 주세요^^ (+뒤풀이는 선착순 81명입니다)",53,163,13,,,,,https://blog.naver.com/jklovelike/224088791964
2025-11-26,Wed,6,"'데미안'의 단상, 생각",그냥 해 보라,7,286,26,504,0,0,0,https://blog.naver.com/jklovelike/224088318439
2025-11-25,Tue,21,Na,북콘 신청하신 분들 중에 제 문자를 못 받으신 분은 알려주세요^^,36,211,26,270,1,0,1,https://blog.naver.com/jklovelike/224088022865
2025-11-25,Tue,18,Na,오늘 <직진형 인간>북 콘서트 참석 유무 확인 문자를 발송하겠습니다,37,215,23,,,,,https://blog.naver.com/jklovelike/224087885592
2025-11-25,Tue,7,"'데미안'의 단상, 생각",킬링타임을 유도하는 적당히 재밌는 거리에 때때로 '거리'를 둬야 한다,38,270,27,703,0,0,0,https://blog.naver.com/jklovelike/224087113231
2025-11-24,Mon,23,일상의 기록,제 북 콘서트 뒤풀이 신청을 무려 147명이 하셨습니다. 여기서 고민점은...,43,244,29,624,1,0,1,https://blog.naver.com/jklovelike/224086880754
2025-11-24,Mon,22,"'데미안'의 단상, 생각",'역시 하길 잘했어'라는 뿌듯한 감정을 겪어보라,26,230,13,,,,,https://blog.naver.com/jklovelike/224086853773
2025-11-24,Mon,20,블로그 이웃 포스트 공유,"[공유] [미라클 주니 15기 모집] 올해의 마지막 31일, 다시 나를 세우는 한 달",47,127,2,,,,,https://blog.naver.com/jklovelike/224086716138
2025-11-24,Mon,18,블로그 이웃 포스트 공유,[공유] '그의 길을 간다는 의미'가 제겐 '전율'입니다 : '데미안' 특강 후기,45,138,3,94,0,0,0,https://blog.naver.com/jklovelike/224086623091
2025-11-24,Mon,7,"'데미안'의 단상, 생각",너그러운 마음이 필요하다,13,269,21,,,,,https://blog.naver.com/jklovelike/224085896379
2025-11-24,Mon,5,블로그 성장/노하우/팁,"2025년 11월 23일까지 11개월 동안 1,011개의 블로그 포스트를 썼다",43,231,29,,,,,https://blog.naver.com/jklovelike/224085853979
2025-11-23,Sun,22,일상의 기록,방금 사랑주니님이 운영하는 미라클주니 모임에서 <직진형 인간> 줌 강의를 마쳤습니다,46,218,15,,,,,https://blog.naver.com/jklovelike/224085633434
2025-11-23,Sun,5,"'데미안'의 단상, 생각",뛰어들어 살아라,8,278,29,,,,,https://blog.naver.com/jklovelike/224084952650
2025-11-22,Sat,23,"'데미안'의 단상, 생각",몰입은 인생의 품격을 결정한다,16,241,17,172,0,0,0,https://blog.naver.com/jklovelike/224084799312
2025-11-22,Sat,17,으쌰으쌰+블로그는 마술이다,"1,000명 넘게 받아 간 전자책 <블로그는 마술이다> 못 받으신 분들은 여기서 신청하세요",50,270,374,300,1,0,4,https://blog.naver.com/jklovelike/224084539100
2025-11-22,Sat,10,독서 단상,다양한 강연 신청 방법 (무료 강연과 유료 강연 등 강연 일정 찾는 법),40,230,17,1815,4,12,8,https://blog.naver.com/jklovelike/224084258845
2025-11-21,Fri,15,'데미안'의 수능 칼럼 ,인생에서 가장 강력한 기술은 '다시 시작하는 능력'이다,30,285,23,884,0,0,0,https://blog.naver.com/jklovelike/224083473385
2025-11-21,Fri,14,수능/수능공부법/합격수기,2026수능 가채점 만점자와 국어 17번 논란 등 여러 가지 이슈 정리,39,230,13,2300,2,6,0,https://blog.naver.com/jklovelike/224083425535
2025-11-21,Fri,6,독서 단상,"어제 정혜윤 작가님 북 토크에서 본 장면 - 활자 속에 고개를 묻은, 책 읽는 사람들",47,302,24,404,3,0,0,https://blog.naver.com/jklovelike/224082975988
2025-11-20,Thu,22,내가 만난 [책],<책을 덮고 삶을 열다> 정혜윤 작가님께 사인을 받으면서,31,287,26,,,,,https://blog.naver.com/jklovelike/224082712186
2025-11-20,Thu,16,독서 단상,"문장을 수집하고, 기록하고, 곱씹겠다",20,263,18,,,,,https://blog.naver.com/jklovelike/224082370206
2025-11-20,Thu,15,독서 단상,홍대 카페 독서 <책을 덮고 삶을 열다> / 오늘 저녁에 있을 정혜윤 작가 북토크,45,241,10,745,4,0,1,https://blog.naver.com/jklovelike/224082344869
2025-11-20,Thu,5,"'데미안'의 단상, 생각",높게 뻗어나가기 전에 꾸준히 깊게 뿌리내려보자,25,248,29,,,,,https://blog.naver.com/jklovelike/224081784788
2025-11-19,Wed,21,"'데미안'의 단상, 생각",김형석 교수 강연 - 늙은 사람은 젊은 사람보다 경험이 많기 때문에 오히려 미래지향적으로 생각해야 한다,57,352,23,,,,,https://blog.naver.com/jklovelike/224081515994
2025-11-19,Wed,6,독서 단상,"""이야기의 힘"" 김영하 작가 강연 내용 정리 (오류아트홀 - 구로평생학습 명사 특강)",47,335,44,,,,,https://blog.naver.com/jklovelike/224080643584
2025-11-18,Tue,20,"'데미안'의 단상, 생각",106세 철학자 김형석 교수님  강연 기대된다,25,250,36,,,,,https://blog.naver.com/jklovelike/224080357179
2025-11-18,Tue,19,"'데미안'의 단상, 생각","의욕이 없어서 글쓰기, 독서 등 하기로 한 일을 건너뛰고 싶을 때가 있다",40,309,37,,,,,https://blog.naver.com/jklovelike/224080283398
2025-11-18,Tue,17,"'데미안'의 단상, 생각",방금 김영하 작가님 강연을 다녀왔습니다,21,323,21,,,,,https://blog.naver.com/jklovelike/224080146868
2025-11-18,Tue,12,"'데미안'의 단상, 생각",고통은 의식을 깨운다 - 상처의 틈에서 새로운 내가 기어나왔다,34,297,13,,,,,https://blog.naver.com/jklovelike/224079821426
2025-11-18,Tue,8,블로그 성장/노하우/팁,"유튜브, 인스타와 다른 블로그만의 장점을 살려보세요",28,242,26,,,,,https://blog.naver.com/jklovelike/224079564264
2025-11-17,Mon,23,"'데미안'의 단상, 생각",글쓰기의 비밀은 앉는 것이다,15,277,20,266,0,0,0,https://blog.naver.com/jklovelike/224079284376
2025-11-17,Mon,16,블로그 성장/노하우/팁,블로그 방향성을 모르겠다고 토로하는 이웃분들이 계십니다,30,324,30,,,,,https://blog.naver.com/jklovelike/224078837705
2025-11-17,Mon,7,일상의 기록,"<2025 명강의 Big10 - 박웅현 작가> 강연 - ""천천히 다정하게""",41,288,25,3128,13,0,1,https://blog.naver.com/jklovelike/224078281334
2025-11-16,Sun,20,"'데미안'의 단상, 생각","독서 글쓰기 운동, 당신은 셋 다 가져라.",23,374,39,256,0,0,0,https://blog.naver.com/jklovelike/224077886759
2025-11-16,Sun,14,책쓰기 프로젝트,12월 7일<직진형 인간> 북 콘서트에 337명 신청하셨습니다. 현재 만석을 초과했습니다,49,244,22,580,0,0,1,https://blog.naver.com/jklovelike/224077617986
2025-11-16,Sun,8,"'데미안'의 단상, 생각",반복을 버티는 사람만이 끝내 성장한다,20,318,22,373,0,0,0,https://blog.naver.com/jklovelike/224077423501
2025-11-15,Sat,23,"'데미안'의 단상, 생각",세상은 모두를 부순다. 그러나 많은 사람들은 그 부서진 자리에서 강해진다,40,221,15,,,,,https://blog.naver.com/jklovelike/224077217184
2025-11-15,Sat,20,블로그 성장/노하우/팁,블로그에 만 개 이상의 포스트를 작성한 세스 고딘 / 블로그 글쓰기는 창의성에 관한 강력한 해결책이다,56,314,29,1024,1,0,0,https://blog.naver.com/jklovelike/224077067449
2025-11-15,Sat,13,블로그 성장/노하우/팁,저는 블로그 세상의 등대지기입니다,18,265,54,573,1,0,4,https://blog.naver.com/jklovelike/224076785768
2025-11-15,Sat,9,일상의 기록,박웅현 작가님 강연에 갔다가 우연히 블로그 이웃 두 분과 마주쳤습니다,38,280,23,1484,8,0,4,https://blog.naver.com/jklovelike/224076623298
2025-11-15,Sat,7,"'데미안'의 단상, 생각",인생을 단단히 만드는 방법은 하루 루틴에 자신을 묶는 겁니다,33,222,18,,,,,https://blog.naver.com/jklovelike/224076581474
2025-11-14,Fri,21,"'데미안'의 단상, 생각",고3 수능 끝나고 나는 '좋게' 미쳐버렸다,23,249,22,,,,,https://blog.naver.com/jklovelike/224076289029
2025-11-14,Fri,19,수능/수능공부법/합격수기,2026 수능 국어 수학 오답률 (2026학년도 수능 언매 화작 미적분 확통 기하 정답률),50,138,7,179,11,5,1,https://blog.naver.com/jklovelike/224076218312
2025-11-14,Fri,15,"'데미안'의 단상, 생각",고명환 작가님 강연 중에서 - 생산90 소비10의 설계 (소비자 대신 생산자의 삶으로),48,287,31,882,3,0,0,https://blog.naver.com/jklovelike/224075963823
2025-11-14,Fri,5,블로그 성장/노하우/팁,블로그 기록은 내 삶의 두께를 만든다,20,267,42,,,,,https://blog.naver.com/jklovelike/224075415783
2025-11-13,Thu,22,'데미안'의 수능 칼럼 ,수능 수험생들에게 보내는 편지​,17,246,26,676,0,1,0,https://blog.naver.com/jklovelike/224075179147
2025-11-13,Thu,20,수능/수능공부법/합격수기,2026수능 추정 원점수 등급컷 (2026학년도 수능 가채점 기준 예상 등급컷),44,348,12,353,10,0,1,https://blog.naver.com/jklovelike/224075104543
2025-11-13,Thu,14,블로그 이웃 포스트 공유,[공유] 예약판매가 시작되었습니다(이 시대의 신중년이 사는 법),35,122,4,,,,,https://blog.naver.com/jklovelike/224074727341
2025-11-13,Thu,14,"'데미안'의 단상, 생각","의욕이 없는 순간, 의욕을 되찾는 방법",21,231,24,,,,,https://blog.naver.com/jklovelike/224074668715
2025-11-13,Thu,12,"'데미안'의 단상, 생각",이제 수능 수학 시험이 끝나서 곧 점심을 먹을 시간이다,30,231,11,,,,,https://blog.naver.com/jklovelike/224074522039
2025-11-13,Thu,11,"'데미안'의 단상, 생각",변화를 위해 몸을 먼저 움직여라,17,233,9,,,,,https://blog.naver.com/jklovelike/224074452282
2025-11-12,Wed,18,'데미안'의 수능 칼럼 ,"수능 D-1 / 수능 전날에 썼던 일기(수험생 여러분, 행운 받아 가세요)",41,214,14,498,4,0,5,https://blog.naver.com/jklovelike/224073830312
2025-11-12,Wed,12,책쓰기 프로젝트,내 책<직진형 인간>이 누군가에게 떨린 설렘과 세렌디피티가 된 순간,37,204,15,,,,,https://blog.naver.com/jklovelike/224073365340
2025-11-12,Wed,8,"'데미안'의 단상, 생각",나는 내 세속의 시간을 내어주는 대신 지혜를 얻는다,28,217,27,349,0,0,0,https://blog.naver.com/jklovelike/224073117917
2025-11-12,Wed,7,블로그 이웃 포스트 공유,"[공유] <외롭다면 잘 살고 있는 것이다>, 출간 안내 및 이벤트 소개",39,103,3,,,,,https://blog.naver.com/jklovelike/224073092970
2025-11-12,Wed,7,으쌰으쌰+블로그는 마술이다,11월 7기 으쌰으쌰 중간 결산 - (한끼방패님 수고하고 계십니다),37,151,27,1092,4,0,1,https://blog.naver.com/jklovelike/224073072294
2025-11-12,Wed,5,"'데미안'의 단상, 생각",글을 쓰면서 울어본 적이 있는가?,18,226,28,,,,,https://blog.naver.com/jklovelike/224073035541
2025-11-11,Tue,23,일상의 기록,어제 블로그 이웃 아마토르님을 강남역 인근에서 뵈었습니다,31,205,11,,,,,https://blog.naver.com/jklovelike/224072833851
2025-11-11,Tue,19,"'데미안'의 단상, 생각",인간이 죽음을 극복할 수 있는 방법 중 하나는 책을 남기는 것이다,36,214,11,671,0,0,0,https://blog.naver.com/jklovelike/224072664997
2025-11-11,Tue,13,"'데미안'의 단상, 생각",내 월든은 바로 지금 이 자리였다,18,255,26,,,,,https://blog.naver.com/jklovelike/224072170802
2025-11-11,Tue,11,수능/수능공부법/합격수기,"수능 전 날, 당일 수능날을 위한 팁",20,172,10,1616,14,8,0,https://blog.naver.com/jklovelike/224072081107
2025-11-11,Tue,7,일상의 기록,"<다양한 강연 신청 방법> 11월에는 많은 현장 강연을 듣습니다 - 차인표, 고명환, 박웅현, 김형석 교수, 김영하, 정혜윤, 커밍쏜 등",76,242,28,1564,10,1,2,https://blog.naver.com/jklovelike/224071823138
2025-11-10,Mon,23,'데미안'의 수능 칼럼 ,빼빼로 데이 전날인 오늘 고3 제자로부터 빼빼로 선물과 쪽지 받았습니다,39,217,33,668,1,0,1,https://blog.naver.com/jklovelike/224071587015
2025-11-10,Mon,19,'데미안'의 수능 칼럼 ,"수능 디데이 막판에도, 꾸준한 노력을 유지하는 제자 (마지막까지 직관을 벼리고, 감각을 유지하자)",54,213,9,1215,11,2,6,https://blog.naver.com/jklovelike/224071401770
2025-11-10,Mon,6,"'데미안'의 단상, 생각","불안할수록, 더 단순해져라",14,289,27,,,,,https://blog.naver.com/jklovelike/224070538975
2025-11-09,Sun,23,"'데미안'의 단상, 생각",판단하지 않기 - 감정의 파도를 잠재우는 기술,25,214,24,,,,,https://blog.naver.com/jklovelike/224070362744
2025-11-09,Sun,22,"'데미안'의 단상, 생각",자기 전에 '오늘 할까 말까' 망설였던 일을 5분만 해보라,32,248,18,217,0,0,0,https://blog.naver.com/jklovelike/224070262589
2025-11-09,Sun,15,"'데미안'의 단상, 생각",말하기와 글쓰기 모두 행동이다,16,233,11,,,,,https://blog.naver.com/jklovelike/224069944786
2025-11-09,Sun,13,"'데미안'의 단상, 생각",최근에 홍대에서 외국인으로 오인받았습니다 / <수염과 글쓰기>,34,248,52,,,,,https://blog.naver.com/jklovelike/224069826303
2025-11-09,Sun,5,"'데미안'의 단상, 생각","운명론은 삶을 설명하는 말이 아니라, 자기 가능성을 포기한 변명이다",37,215,14,,,,,https://blog.naver.com/jklovelike/224069585765
2025-11-08,Sat,22,"'데미안'의 단상, 생각","꾸준함이 정체성이 된다면, 놀라운 일이 일어난다",26,251,21,413,0,0,0,https://blog.naver.com/jklovelike/224069396281
2025-11-08,Sat,17,책쓰기 프로젝트,제 북 콘서트에서 250명 이상의 이웃 블로거가 서로를 알아볼 수 있도록 명찰을 준비하겠습니다,52,218,33,923,4,0,5,https://blog.naver.com/jklovelike/224069157983
2025-11-08,Sat,14,"'데미안'의 단상, 생각","<직진형 인간> 완벽을 기다리다, 인생을 놓칠 뻔했다",29,257,19,655,2,0,3,https://blog.naver.com/jklovelike/224069020460
2025-11-08,Sat,13,수능/수능공부법/합격수기,2025년 11월 더프 모의고사 등급컷(실제컷과 예상 보정컷),34,178,6,182,4,1,0,https://blog.naver.com/jklovelike/224068976387
2025-11-08,Sat,7,독서 단상,수능 국어 공부하다가 현대시를 읽고 울어본 적이 있던가? - 백석 <흰 바람벽이 있어>,48,234,20,,,,,https://blog.naver.com/jklovelike/224068729517
2025-11-08,Sat,4,일상의 기록,내 글쓰기 장소는 고양이에게 점령당했다,21,257,37,827,3,0,5,https://blog.naver.com/jklovelike/224068678784
2025-11-07,Fri,20,책쓰기 프로젝트,첫 번째 북 콘서트는 제 사비를 들었습니다 + 두 번째 북콘도 예정되었습니다,42,241,34,488,0,0,1,https://blog.naver.com/jklovelike/224068377310
2025-11-07,Fri,16,'데미안'의 자기혁신,자존감을 지키는 5가지 습관,15,248,20,797,0,6,0,https://blog.naver.com/jklovelike/224068170830
2025-11-07,Fri,7,"'데미안'의 단상, 생각",불운을 이길 각오를 강하게 세워보라,19,224,21,,,,,https://blog.naver.com/jklovelike/224067562410
2025-11-06,Thu,20,"'데미안'의 단상, 생각",후회하지 않았던 선택,11,263,54,,,,,https://blog.naver.com/jklovelike/224067184240
2025-11-06,Thu,18,"'데미안'의 단상, 생각",시간이 녹아내리는 순간 - 그 찰나의 연속은 충만을 머금고 있다,35,229,14,,,,,https://blog.naver.com/jklovelike/224067098293
2025-11-06,Thu,8,"'데미안'의 단상, 생각",어제 스스로 행복의 점수를 매겼습니다. 100점 만점 중에 95점입니다,39,276,25,350,1,0,1,https://blog.naver.com/jklovelike/224066403269
2025-11-06,Thu,7,블로그 이웃 포스트 공유,"[공유] ""직진형 인간"" ㅣ 임진강(데미안) 작가님과의 책 인터뷰 _ 2부",41,106,2,3444,2,17,4,https://blog.naver.com/jklovelike/224066375654
2025-11-06,Thu,6,"'데미안'의 단상, 생각","꾸준함의 이름으로, 1,076일째 블로그에 1일 N포를 한 번도 안 빠뜨렸다",42,215,21,390,0,0,0,https://blog.naver.com/jklovelike/224066329784
2025-11-05,Wed,20,독서 단상,"""무슨 재미로 사세요?"" ""저는 읽고 쓰는 재미로 삽니다""",32,262,25,,,,,https://blog.naver.com/jklovelike/224065981910
2025-11-05,Wed,17,"'데미안'의 단상, 생각",X같다고 느끼는 순간이 있다면,16,291,29,,,,,https://blog.naver.com/jklovelike/224065829657
2025-11-05,Wed,13,"'데미안'의 단상, 생각",스스로 자기 자신을 끌어올려 보라,18,227,6,542,0,0,0,https://blog.naver.com/jklovelike/224065461786
2025-11-05,Wed,8,"'데미안'의 단상, 생각",'작심이 행동으로 이어질 때' 도파민은 터집니다,26,202,15,,,,,https://blog.naver.com/jklovelike/224065162871
2025-11-05,Wed,7,블로그 이웃 포스트 공유,"[공유] ""직진형 인간"" ㅣ 임진강(데미안) 작가님과의 책 인터뷰 _ 1부",41,117,2,,,,,https://blog.naver.com/jklovelike/224065128393
2025-11-05,Wed,6,"'데미안'의 단상, 생각",이번 겨울에는 현장 강연을 많이 들어볼 계획입니다,27,190,23,,,,,https://blog.naver.com/jklovelike/224065092797
2025-11-04,Tue,19,'데미안'의 자기혁신,"독서, 글쓰기, 운동은 절대 나를 배신하지 않는다",27,359,33,359,1,0,1,https://blog.naver.com/jklovelike/224064685007
2025-11-04,Tue,13,"'데미안'의 단상, 생각",내가 원하는 모습을 위해 나는 얼마나 헌신하고 있는가?,30,234,32,,,,,https://blog.naver.com/jklovelike/224064265293
2025-11-04,Tue,8,"'데미안'의 단상, 생각","오늘 아침, 내게 말을 건 책 한 권",20,225,21,,,,,https://blog.naver.com/jklovelike/224063913524
2025-11-04,Tue,7,"'데미안'의 단상, 생각",포기하지 않은 자만이 느낄 수 있는 감정이 있다,26,212,14,336,0,0,0,https://blog.naver.com/jklovelike/224063885848
2025-11-04,Tue,6,블로그 성장/노하우/팁,"이틀 전, 블로그 1일 12포스팅이 무난하게 가능했던 이유",32,218,19,,,,,https://blog.naver.com/jklovelike/224063852766
2025-11-03,Mon,22,"'데미안'의 단상, 생각",어머니가 풋귤을 부쳐주셨다,14,290,41,704,1,0,0,https://blog.naver.com/jklovelike/224063620929
2025-11-03,Mon,20,Na,11월 29일 토요일에 생각쟁2님 북콘서트가 있습니다. 저도 갑니다. 오실 분은 그때 봐요!,51,182,19,,,,,https://blog.naver.com/jklovelike/224063452354
2025-11-03,Mon,16,으쌰으쌰+블로그는 마술이다,으쌰으쌰 멤버 중에서 시작 공모전 교육부 상(1위 대상)을 받으신 분이 계십니다,44,193,19,,,,,https://blog.naver.com/jklovelike/224063254695
2025-11-03,Mon,16,블로그 이웃 포스트 공유,"[공유] 박근필 작가의 동반성장 북클럽, <필북> 3기를 모집합니다 (11.10까지, 인원 제한 있음)",57,89,3,1019,17,50,5,https://blog.naver.com/jklovelike/224063207448
2025-11-03,Mon,12,'데미안'의 자기혁신,직진형 인간의 감정 에너지 7단계,18,229,21,,,,,https://blog.naver.com/jklovelike/224062931108
2025-11-03,Mon,6,"'데미안'의 단상, 생각","읽고, 쓰는 일이 얼마나 인생에 파급력이 있는지를 깨닫고 있는 요즈음이다",40,242,33,319,0,0,0,https://blog.naver.com/jklovelike/224062606298
2025-11-02,Sun,23,"'데미안'의 단상, 생각",월요일을 앞둔 마음에게,12,211,20,,,,,https://blog.naver.com/jklovelike/224062423565
2025-11-02,Sun,23,블로그 성장/노하우/팁,오늘 하루 동안 블로그 11포스팅을 했습니다 +스레드 40개 게시물 업로드 / (수정) 이후에 1포 더해서 12포했네요,66,166,15,,,,,https://blog.naver.com/jklovelike/224062401071
2025-11-02,Sun,22,"'데미안'의 단상, 생각","세상의 완벽주의자여, 본인에게든 타인에게든 잣대를 조금 낮추어라",35,183,19,532,0,0,0,https://blog.naver.com/jklovelike/224062361439
2025-11-02,Sun,21,"'데미안'의 단상, 생각",범죄자의 블로그 일기를 훔쳐봤다,17,259,23,1126,0,1,1,https://blog.naver.com/jklovelike/224062298867
2025-11-02,Sun,21,"'데미안'의 단상, 생각",글을 기억해주는 이웃분이 계시는 건 좋은 일입니다,27,204,16,,,,,https://blog.naver.com/jklovelike/224062258043
2025-11-02,Sun,18,"'데미안'의 단상, 생각",지각 인생으로 배운 교훈 - 나는 늦게 될 사람이다,28,260,27,733,1,0,2,https://blog.naver.com/jklovelike/224062112933
2025-11-02,Sun,15,블로그 성장/노하우/팁,오늘은 오랜만에 블로그 10포스팅을 하는 날입니다,27,204,22,439,0,0,9,https://blog.naver.com/jklovelike/224061992674
2025-11-02,Sun,14,"'데미안'의 단상, 생각",젊은 아이로 사세요,10,210,18,754,5,0,1,https://blog.naver.com/jklovelike/224061923992
2025-11-02,Sun,12,Na,현재까지 제 북 콘서트 신청하신 분들은 전부 다 초대 받으신 겁니다,37,163,32,,,,,https://blog.naver.com/jklovelike/224061870754
2025-11-02,Sun,8,'데미안'의 자기혁신,당신 영혼만의 색이 있는가?,15,208,16,1086,1,0,0,https://blog.naver.com/jklovelike/224061699023
2025-11-02,Sun,6,독서 단상,아무 책이나 꺼내서 읽는다. 오늘은 바로 너다,25,210,33,,,,,https://blog.naver.com/jklovelike/224061665757
2025-11-02,Sun,5,"'데미안'의 단상, 생각",차라리 행동하는 바보가 되자,15,191,16,,,,,https://blog.naver.com/jklovelike/224061648657
2025-11-01,Sat,22,"'데미안'의 단상, 생각",내 삶의 질이 높은 이유는?,15,224,29,645,0,0,1,https://blog.naver.com/jklovelike/224061442702
2025-11-01,Sat,17,수능/수능공부법/합격수기,2025년 10월 더프 모의고사 등급컷(실제컷과 예상 보정컷),34,180,8,146,4,0,0,https://blog.naver.com/jklovelike/224061233200
2025-11-01,Sat,12,"'데미안'의 단상, 생각",작심삼일을 스무 번만 이어서 하세요. 바로 작심 60일이 됩니다,35,231,25,,,,,https://blog.naver.com/jklovelike/224061017324
2025-11-01,Sat,7,"'데미안'의 단상, 생각","삶을 변화하고 싶다면, 이렇게 해 보라",21,240,26,,,,,https://blog.naver.com/jklovelike/224060832375
2025-11-01,Sat,6,으쌰으쌰+블로그는 마술이다,으쌰으쌰 1일 2포 챌린지10월 6기 결과 - 73명 중 66명 완주 성공했습니다 (완주율 90.4%),57,177,23,701,51,4,16,https://blog.naver.com/jklovelike/224060799457
2025-10-31,Fri,13,으쌰으쌰+블로그는 마술이다,으쌰으쌰 챌린지 7기 멤버 분들은 꼭 읽어주세요,26,220,47,,,,,https://blog.naver.com/jklovelike/224060019019
2025-10-31,Fri,12,블로그 이웃 포스트 공유,"[공유] [필이부산북토크초대]♨️ 11월 29일, 필이 생애 두 번째 북토크 초대^^♡",48,120,3,,,,,https://blog.naver.com/jklovelike/224059959063
2025-10-31,Fri,6,"'데미안'의 단상, 생각","2025년, 아직 두 달이나 남았구나",20,276,32,,,,,https://blog.naver.com/jklovelike/224059622307
2025-10-30,Thu,23,으쌰으쌰+블로그는 마술이다,이번 으쌰으쌰 7기 모집은 역대급입니다,21,199,24,,,,,https://blog.naver.com/jklovelike/224059412717
2025-10-30,Thu,19,으쌰으쌰+블로그는 마술이다,[모집 마감]<으쌰으쌰 1일 2포 챌린지> 11월 7기 모집합니다 (꼭 본문 읽고 신청하세요),52,217,264,,,,,https://blog.naver.com/jklovelike/224058457501
2025-10-30,Thu,16,'데미안'의 자기혁신,가장 도파민이 폭발하는 순간,15,295,20,,,,,https://blog.naver.com/jklovelike/224059023887
2025-10-30,Thu,12,"'데미안'의 단상, 생각",글이 쌓일수록 자존감이 쌓인다,16,270,24,236,1,0,0,https://blog.naver.com/jklovelike/224058744147
2025-10-30,Thu,5,으쌰으쌰+블로그는 마술이다,"국경과 국적을 넘어, 글쓰기라는 공통점으로 이어지는 <으쌰으쌰 챌린지>",39,230,35,995,4,0,4,https://blog.naver.com/jklovelike/224058398788
2025-10-29,Wed,21,블로그 이웃 포스트 공유,[공유] 변화와 성장은 몰입과 행동이다! /ft. 직진형 인간,34,159,4,1410,1,6,0,https://blog.naver.com/jklovelike/224058145401
2025-10-29,Wed,19,으쌰으쌰+블로그는 마술이다,내일 저녁 7시에 11월 <으쌰으쌰 1일 2포 챌린지> 7기 선착순 모집합니다,43,211,25,,,,,https://blog.naver.com/jklovelike/224058051491
2025-10-29,Wed,13,으쌰으쌰+블로그는 마술이다,으쌰으쌰 10월 '1일 2포 챌린지'6기도 이제 얼마 안 남았습니다,37,247,24,,,,,https://blog.naver.com/jklovelike/224057647505
2025-10-29,Wed,8,"'데미안'의 단상, 생각",책임을 감당할 때 비로소 자유가 찾아온다,22,271,35,295,0,0,0,https://blog.naver.com/jklovelike/224057306413
2025-10-28,Tue,22,"'데미안'의 단상, 생각",소심함을 극복하는 방법,12,314,42,521,0,0,0,https://blog.naver.com/jklovelike/224057016922
2025-10-28,Tue,19,블로그 이웃 포스트 공유,[공유] <루틴의 설계> 대전 북토크에 초대합니다,27,140,3,,,,,https://blog.naver.com/jklovelike/224056843747
2025-10-28,Tue,16,블로그 성장/노하우/팁,블로그 1일 N포 35개월차 - 블로그하길 잘했다,27,302,39,,,,,https://blog.naver.com/jklovelike/224056677695
2025-10-28,Tue,14,'데미안'의 수능 칼럼 ,"수능 막판에도 13~15시간 공부하는 제자들 - 수능 디데이 16일, 그 어느 때보다 중요한 기간이다",56,254,20,1378,27,4,29,https://blog.naver.com/jklovelike/224056471064
2025-10-28,Tue,12,블로그 이웃 포스트 공유,"[공유] 책 직진형인간을 읽고, 새로운 열망이 생겼다",29,101,2,,,,,https://blog.naver.com/jklovelike/224056368944
2025-10-28,Tue,7,"'데미안'의 단상, 생각","다독 다상 다작, 인간 성장의 삼각형",20,251,20,,,,,https://blog.naver.com/jklovelike/224056077940
2025-10-27,Mon,22,"'데미안'의 단상, 생각","읽는 사람에서, 쓰는 사람으로",16,257,40,182,0,0,0,https://blog.naver.com/jklovelike/224055826510
2025-10-27,Mon,21,블로그 이웃 포스트 공유,"[공유] 처음으로 공부가 재밌어지기 시작했다,",25,141,12,,,,,https://blog.naver.com/jklovelike/224055765573
2025-10-27,Mon,18,Na,세종시나 그 인근에 사시는 이웃분 계신가요? - <11월 20일 세종 번개 모임>,45,190,48,,,,,https://blog.naver.com/jklovelike/224055608513
2025-10-27,Mon,12,Na,생각쟁2님 저서 <초격차 오감 문해력> 10권 '선물 이벤트'합니다 (선착순입니다),46,226,77,,,,,https://blog.naver.com/jklovelike/224055127499
2025-10-27,Mon,7,"'데미안'의 단상, 생각",스스로 강하게 응원해 보라,14,265,36,660,0,0,0,https://blog.naver.com/jklovelike/224054856633
2025-10-26,Sun,23,"'데미안'의 단상, 생각",자기 자신만의 기준은 곧 자유다,17,248,18,,,,,https://blog.naver.com/jklovelike/224054640544
2025-10-26,Sun,20,블로그 이웃 포스트 공유,[공유] <루틴의 설계> 서울 2차 북 콘서트에 초대합니다,32,146,4,,,,,https://blog.naver.com/jklovelike/224054467357
2025-10-26,Sun,18,일상의 기록,어제 조이님 광화문 교보문고 사인회를 다녀왔습니다 + 블로그 이웃분들 만나니 좋더군요,47,294,31,1242,19,0,0,https://blog.naver.com/jklovelike/224054368449
2025-10-26,Sun,15,"'데미안'의 단상, 생각","갑작스러운 알레르기, 그리고 깨달음 셋",21,286,53,,,,,https://blog.naver.com/jklovelike/224054235983
2025-10-26,Sun,8,"'데미안'의 단상, 생각","생각은 무겁고, 움직임은 가볍다. 움직임이 다시 의욕을 만든다",34,233,16,,,,,https://blog.naver.com/jklovelike/224053997469
2025-10-25,Sat,11,"'데미안'의 단상, 생각",직진형 인간은 과거의 실수와 오점에 얽매이지 않는다,28,268,26,589,0,0,3,https://blog.naver.com/jklovelike/224053275456
2025-10-25,Sat,5,일상의 기록,"데미안 <직진형 인간>북 콘서트, 일주일 동안 198명 신청해주셨습니다",39,224,29,,,,,https://blog.naver.com/jklovelike/224053071510
2025-10-24,Fri,19,블로그 성장/노하우/팁,전자책 <블로그는 마술이다> 못 받으신 분 중에 읽고 싶은 분은 댓글 남겨주세요,44,235,175,,,,,https://blog.naver.com/jklovelike/224052730234
2025-10-24,Fri,16,블로그 이웃 포스트 공유,[공유] 독서 토론과 특강이 결합된 동반성장 북클럽 <필북>,33,138,4,,,,,https://blog.naver.com/jklovelike/224052519969
2025-10-24,Fri,12,일상의 기록,방금 20만 유튜브에서 인터뷰 촬영하고 왔습니다,26,270,54,,,,,https://blog.naver.com/jklovelike/224052243230
2025-10-24,Fri,5,"'데미안'의 단상, 생각",넘어졌을 때 다시 일어나는 장면이 바로 우리 인생의 하이라이트 아닐까요?,40,232,27,,,,,https://blog.naver.com/jklovelike/224051778064
2025-10-23,Thu,22,Na,이번 주 토요일에 조이님 <오늘부터 자아실현 꽃피우자!> 북콘서트가 있습니다,42,195,5,,,,,https://blog.naver.com/jklovelike/224051642770
2025-10-23,Thu,18,'데미안'의 자기혁신,귀찮음을 이겨내는 방법,12,258,38,,,,,https://blog.naver.com/jklovelike/224051456809
2025-10-23,Thu,14,블로그 이웃 포스트 공유,[공유] <직진형 인간> 인간은 직진할 때 완성에 가까워진다,33,138,7,,,,,https://blog.naver.com/jklovelike/224051155922
2025-10-23,Thu,6,"'데미안'의 단상, 생각",목표란 '잡음을 통과하는 힘'이다,18,247,32,,,,,https://blog.naver.com/jklovelike/224050658533
2025-10-22,Wed,21,"'데미안'의 단상, 생각",긍정은 현실을 재해석하는 힘이다,17,266,25,480,0,0,0,https://blog.naver.com/jklovelike/224050371670
2025-10-22,Wed,18,"'데미안'의 단상, 생각",오늘 저녁 해야 할 일을 즉시 해 보자,21,254,33,,,,,https://blog.naver.com/jklovelike/224050200762
2025-10-22,Wed,17,블로그 이웃 포스트 공유,"[공유] 나를 이해하게 만든책, 직진형 인간 자기계발서",30,130,1,174,0,0,0,https://blog.naver.com/jklovelike/224050168623
2025-10-22,Wed,15,"'데미안'의 단상, 생각",꿈을 꾸어라. 정말 가엾은 것은 한 번도 꿈을 꾸어보지 않았던 사람들이다,40,188,10,,,,,https://blog.naver.com/jklovelike/224050021462
2025-10-22,Wed,11,블로그 이웃 포스트 공유,"[공유] 데미안님께 사인을 해 드리다니..(ft. 데미안님, 센체님과의 블우정이야기)",47,119,4,,,,,https://blog.naver.com/jklovelike/224049717901
2025-10-22,Wed,5,내가 만난 [책],[이벤트 종료]블로그 이웃분들이 공저한 <사랑을 세어보는 밤> 열 권 '선물 이벤트'합니다,50,252,96,,,,,https://blog.naver.com/jklovelike/224049407416
2025-10-21,Tue,22,"'데미안'의 단상, 생각",착하게 살지 말자,9,285,34,,,,,https://blog.naver.com/jklovelike/224049188720
2025-10-21,Tue,17,"'데미안'의 단상, 생각",에너지는 '기분'이 아니라 '자세'가 만든다,24,334,32,,,,,https://blog.naver.com/jklovelike/224048862604
2025-10-21,Tue,13,"'데미안'의 단상, 생각","아무도 나를 믿지 않기에, 이제는 나만이라도 나를 믿어야 했다",34,262,24,,,,,https://blog.naver.com/jklovelike/224048603091
2025-10-21,Tue,9,"'데미안'의 단상, 생각",책쓰기 단상 및 이것저것,13,299,32,,,,,https://blog.naver.com/jklovelike/224048293903
2025-10-21,Tue,6,일상의 기록,어제 블로그 이웃분 두 분 연남동에서 뵈었습니다 (해피나루님과 센체님),39,327,44,1445,13,0,2,https://blog.naver.com/jklovelike/224048189768
2025-10-20,Mon,22,"'데미안'의 단상, 생각",<직진형 인간>과 세렌디피티,15,213,20,741,1,0,1,https://blog.naver.com/jklovelike/224047964683
2025-10-20,Mon,16,블로그 이웃 포스트 공유,이웃분들 글쓰기 공동체인 TCC에서 공저한 <사랑을 세어오는 밤>이 출간했습니다,44,213,14,,,,,https://blog.naver.com/jklovelike/224047625826
2025-10-20,Mon,8,"'데미안'의 단상, 생각",마음에 남은 <직진형 인간>의 문장 함께 나눠주세요,28,247,53,,,,,https://blog.naver.com/jklovelike/224047031884
2025-10-20,Mon,7,"'데미안'의 단상, 생각","완벽하려 하지 말고 진심으로 살아라. 진심은 통하고, 진정성에는 힘이 있다",41,239,28,330,0,0,0,https://blog.naver.com/jklovelike/224047007076
2025-10-19,Sun,23,"'데미안'의 단상, 생각","내면이 말했다면, 이제는 움직여야 한다",21,225,26,,,,,https://blog.naver.com/jklovelike/224046745393
2025-10-19,Sun,18,책쓰기 프로젝트,며칠 뒤에 <직진형 인간> 인터뷰하러 20만 유튜브에 출연합니다,35,258,48,,,,,https://blog.naver.com/jklovelike/224046521422
2025-10-19,Sun,11,블로그 이웃 포스트 공유,[공유] 직진형 인간 | 임진강 데미안 | 살맛 나게 하는 책,34,137,5,,,,,https://blog.naver.com/jklovelike/224046189077
2025-10-19,Sun,7,"'데미안'의 단상, 생각",인생은 누가 더 빨랐냐보다 누가 끝까지 걸었느냐의 싸움이다,32,255,32,,,,,https://blog.naver.com/jklovelike/224046055512
2025-10-18,Sat,22,블로그 성장/노하우/팁,"다시 한번, 블로그 하길 참 잘했다 (feat.지아부/한끼방패)",35,267,29,,,,,https://blog.naver.com/jklovelike/224045809533
2025-10-18,Sat,14,책쓰기 프로젝트,"<직진형 인간> 북 콘서트, 첫날부터 예상보다 많은 분들이 참석 신청해주셨습니다. 감사합니다",51,239,41,1171,3,0,3,https://blog.naver.com/jklovelike/224045462197
2025-10-18,Sat,6,독서 단상,독서 이야기를 함께 나눌 수 있는 형제자매가 있다는 건 큰 축복입니다,38,286,36,,,,,https://blog.naver.com/jklovelike/224045162263
2025-10-17,Fri,20,책쓰기 프로젝트,블로거 데미안&작가 데미안 『직진형 인간』 북콘서트에 초대합니다,35,447,202,925,1,6,1,https://blog.naver.com/jklovelike/224044822448
2025-10-17,Fri,16,수능/수능공부법/합격수기,2025년 10월 고3 모의고사 수학 정답률 (미적분 확통 기하 오답률 순위),43,133,2,170,6,1,0,https://blog.naver.com/jklovelike/224044601313
2025-10-17,Fri,14,블로그 이웃 포스트 공유,[공유] 임진강 작가의 직진형 인간을 읽고,23,134,3,,,,,https://blog.naver.com/jklovelike/224044419535
2025-10-17,Fri,9,"'데미안'의 단상, 생각",내가 바라는 모습을 정확하게 표현해 보세요,23,228,18,609,0,0,0,https://blog.naver.com/jklovelike/224044125324
2025-10-17,Fri,6,"'데미안'의 단상, 생각",저는 사회 뉴스를 가급적 보지 않습니다,21,257,43,1092,0,0,0,https://blog.naver.com/jklovelike/224043995935
2025-10-16,Thu,23,"'데미안'의 단상, 생각","야밤에 드는 생각 - ""약간만 더 수고를 들이면 된다""",30,237,20,,,,,https://blog.naver.com/jklovelike/224043816586
2025-10-16,Thu,22,일상의 기록,방금 <독기의 힘> 저자 초청 강의를 하고 왔습니다,28,251,31,,,,,https://blog.naver.com/jklovelike/224043750493
2025-10-16,Thu,18,책쓰기 프로젝트,<직진형 인간> 데미안 북콘서트 일정과 장소가 잡혔습니다,31,265,112,470,1,1,0,https://blog.naver.com/jklovelike/224043556049
2025-10-16,Thu,12,블로그 이웃 포스트 공유,"[공유] 직진형 인간 리뷰 - 생각을 멈추고, 행동을 현실로 바꾸는 힘",39,138,1,,,,,https://blog.naver.com/jklovelike/224043090735
2025-10-16,Thu,6,블로그 성장/노하우/팁,나는 블로그 세계에서 살아남았다,17,306,71,681,0,0,2,https://blog.naver.com/jklovelike/224042782642
2025-10-15,Wed,22,"'데미안'의 단상, 생각",알고 보니 실패는 지혜의 수업료였다,19,272,28,,,,,https://blog.naver.com/jklovelike/224042518322
2025-10-15,Wed,18,"'데미안'의 단상, 생각",후회를 자산 삼아 다시 직진하자,17,251,33,464,2,0,2,https://blog.naver.com/jklovelike/224042336464
2025-10-15,Wed,13,블로그 이웃 포스트 공유,[공유] 데미안 작가의 <직진형 인간>에서 발견한 양적 실행,33,135,7,1666,3,2,0,https://blog.naver.com/jklovelike/224042009973
2025-10-15,Wed,6,"'데미안'의 단상, 생각",글은 나이를 먹지 않는다,13,254,39,,,,,https://blog.naver.com/jklovelike/224041595491
2025-10-14,Tue,23,"'데미안'의 단상, 생각","사라지지 않기 위해, 그리고 더 나아가기 위해 오늘도 기록을 남긴다",37,252,16,,,,,https://blog.naver.com/jklovelike/224041375391
2025-10-14,Tue,19,수능/수능공부법/합격수기,2025년 고3 10월 교육청 모의고사 등급컷 (10월 학력평가 예상 등급컷),43,184,13,409,9,3,0,https://blog.naver.com/jklovelike/224041203895
2025-10-14,Tue,8,"'데미안'의 단상, 생각","<작가수업> 글쓰기 생산성 올리는 방법 - ""무의식이 글쓰기의 수로로 흘러들도록 하라""",48,252,29,,,,,https://blog.naver.com/jklovelike/224040426684
2025-10-14,Tue,6,'데미안'의 자기혁신,"능력을 극복할 수 있는 건 바로 태도다 - ""나는 오늘도 태도로 승리할 거다""",43,246,30,,,,,https://blog.naver.com/jklovelike/224040375984
2025-10-13,Mon,23,"'데미안'의 단상, 생각",나는 한때 애늙은이였다,12,253,18,,,,,https://blog.naver.com/jklovelike/224040160316
2025-10-13,Mon,20,"'데미안'의 단상, 생각","AI 오류가 알려준 나의 무의식 - ""직진은 각성의 다른 이름이었다""",38,227,14,545,2,0,4,https://blog.naver.com/jklovelike/224039987542
2025-10-13,Mon,19,블로그 이웃 포스트 공유,[공유] 지루함을 견뎌라 [ 직진형 인간 ],24,128,4,,,,,https://blog.naver.com/jklovelike/224039968843
2025-10-13,Mon,16,블로그 이웃 포스트 공유,"[공유] 공저 책 예판 판매 시작, <방구석에서 혼자 읽는 직업 토크쇼>",40,129,4,,,,,https://blog.naver.com/jklovelike/224039759433
2025-10-13,Mon,5,으쌰으쌰+블로그는 마술이다,으쌰으쌰 1일 2포 챌린지 - 황금 연휴에도 이어지는 꾸준함,33,239,30,,,,,https://blog.naver.com/jklovelike/224039144909
2025-10-12,Sun,21,'데미안'의 자기혁신,늦었다고 생각할 때가 가장 빠른 때다,20,325,26,,,,,https://blog.naver.com/jklovelike/224038820783
2025-10-12,Sun,16,'데미안'의 자기혁신,"꿈을 기록하는 인간 - 적는 순간, 운명이 움직인다",28,319,28,,,,,https://blog.naver.com/jklovelike/224038607093
2025-10-12,Sun,6,책쓰기 프로젝트,이 정도 책은 나도 쓰겠다,14,351,50,,,,,https://blog.naver.com/jklovelike/224038219847
2025-10-11,Sat,17,"'데미안'의 단상, 생각",인생은 직진하는 자에게 길을 연다,18,293,38,,,,,https://blog.naver.com/jklovelike/224037757987
2025-10-11,Sat,14,독서 단상,"나를 다시 빚은 건, 책이었다",16,286,26,504,0,0,0,https://blog.naver.com/jklovelike/224037629423
2025-10-11,Sat,5,'데미안'의 자기혁신,직진형 인간의 건강 선언문,14,250,45,,,,,https://blog.naver.com/jklovelike/224037318347
2025-10-10,Fri,20,"'데미안'의 단상, 생각","흔들리되, 침몰하지 않는 마음",16,285,30,,,,,https://blog.naver.com/jklovelike/224036979655
2025-10-10,Fri,19,블로그 이웃 포스트 공유,[공유] 빠른 실패하기 3 (직진형 인간),23,131,0,94,0,0,0,https://blog.naver.com/jklovelike/224036965276
2025-10-10,Fri,6,"'데미안'의 단상, 생각","감정에 연연하지 않고, 기계적으로 해야 할 때가 있습니다",31,280,35,,,,,https://blog.naver.com/jklovelike/224036225574
2025-10-09,Thu,22,"'데미안'의 단상, 생각",나는 글쓰기로 나를 구했다,14,306,22,,,,,https://blog.naver.com/jklovelike/224036029490
2025-10-09,Thu,18,"'데미안'의 단상, 생각",확고하게 좋아하는 일이 있는 사람은 남을 부러워할 일이 적다,33,342,27,,,,,https://blog.naver.com/jklovelike/224035819911
2025-10-09,Thu,16,블로그 이웃 포스트 공유,[공유] 회피형 인간이 <직진형 인간>(데미안)을 만났을 때 3가지 변화,40,146,11,165,0,0,0,https://blog.naver.com/jklovelike/224035724026
2025-10-09,Thu,13,독서 단상,독서 효과 - 오늘따라 눈빛이 선명해 보인다는 말을 들었다,32,290,31,393,1,0,2,https://blog.naver.com/jklovelike/224035604059
2025-10-09,Thu,6,"'데미안'의 단상, 생각","성공한 인생보다는, 좋은 삶을 살고 싶습니다",24,286,31,,,,,https://blog.naver.com/jklovelike/224035376047
2025-10-08,Wed,22,책쓰기 프로젝트,<버티는 밤의 책>을 쓰고 싶다,17,260,36,,,,,https://blog.naver.com/jklovelike/224035168809
2025-10-08,Wed,20,"'데미안'의 단상, 생각",밤이 깊을수록 나 자신에게 관대해져라,20,307,30,,,,,https://blog.naver.com/jklovelike/224035078017
2025-10-08,Wed,17,블로그 이웃 포스트 공유,[공유] 🌿 직진형 인간 - 데미안(임진강),24,162,7,,,,,https://blog.naver.com/jklovelike/224034974432
2025-10-08,Wed,14,책쓰기 프로젝트,"20년 전의 맹세를 지켰다 - 도둑은 돈을 가져갔지만, 나는 의지를 얻었다",41,253,22,658,1,0,4,https://blog.naver.com/jklovelike/224034851273
2025-10-08,Wed,7,"'데미안'의 단상, 생각","읽고, 쓰고, 발신하라 - 작가의 3단 루틴",24,262,30,541,1,0,6,https://blog.naver.com/jklovelike/224034588845
2025-10-07,Tue,22,"'데미안'의 단상, 생각",나는 내 소우주를 어떻게 다루고 있는가?,22,252,23,,,,,https://blog.naver.com/jklovelike/224034372909
2025-10-07,Tue,16,"'데미안'의 단상, 생각",원씽 - 하나에 몰두하라. 그 순간 세상은 단순해진다,29,251,22,,,,,https://blog.naver.com/jklovelike/224034143362
2025-10-07,Tue,15,블로그 이웃 포스트 공유,[공유] [오늘의 책] 직진형 인간을 읽고 나서...,29,135,5,,,,,https://blog.naver.com/jklovelike/224034101915
2025-10-07,Tue,13,"'데미안'의 단상, 생각",읽을 때는 글을 쓰고 싶었다. 쓰다 보니 다시 많이 읽고 싶다,34,247,22,,,,,https://blog.naver.com/jklovelike/224034011555
2025-10-07,Tue,8,책쓰기 프로젝트,<직진형 인간> 리뷰를 읽다가 든 생각 + 작가와 독자의 동시성에 관하여,40,191,10,,,,,https://blog.naver.com/jklovelike/224033842149
2025-10-07,Tue,6,으쌰으쌰+블로그는 마술이다,꾸준함은 전염된다 – 추석에도 멈추지 않은 으쌰으쌰의 불빛 (추석 당일에도 72명 중 70명 1일 2포 성공),61,182,15,,,,,https://blog.naver.com/jklovelike/224033806731
2025-10-06,Mon,23,"'데미안'의 단상, 생각",어떤 일이 있더라도 매일 하는 일이 있는가?,24,238,33,,,,,https://blog.naver.com/jklovelike/224033621807
2025-10-06,Mon,16,블로그 성장/노하우/팁,"으쌰으쌰 1일2포 챌린지 멤버 미미유님 - ""하면 된다. 안 하니까 안 된다""",43,198,13,,,,,https://blog.naver.com/jklovelike/224033388767
2025-10-06,Mon,14,블로그 이웃 포스트 공유,[공유] 「직진형인간」을 읽고~(ft:임진강 데미안),29,151,5,,,,,https://blog.naver.com/jklovelike/224033300092
2025-10-06,Mon,6,"'데미안'의 단상, 생각",인생은 결국 '다시'의 연속이다,17,256,44,260,0,0,0,https://blog.naver.com/jklovelike/224033054714
2025-10-05,Sun,22,일상의 기록,"오늘 <직진형 인간> 보러 광화문 교보문고에 다녀왔습니다 - ""꾸준함은 결국 증거로 남는다""",51,331,53,,,,,https://blog.naver.com/jklovelike/224032804739
2025-10-05,Sun,19,독서 단상,직진형 인간의 독서법 - <독서의 질을 올리는 여섯 가지 팁>,34,266,20,581,1,7,14,https://blog.naver.com/jklovelike/224032660425
2025-10-05,Sun,9,내가 만난 [책],추석 연휴에 선물로 추천할 만한 책 - 20·30대 조카와 십대 자녀에게 주고 싶은 인생 책,51,193,14,,,,,https://blog.naver.com/jklovelike/224032232323
2025-10-05,Sun,5,책쓰기 프로젝트,블로그 이웃이 작가가 되어가는 과정,19,220,34,1039,3,0,6,https://blog.naver.com/jklovelike/224032187962
2025-10-04,Sat,22,블로그 성장/노하우/팁,저는 도를 닦는 마음으로 블로그를 합니다,22,281,41,,,,,https://blog.naver.com/jklovelike/224031986370
2025-10-04,Sat,14,책쓰기 프로젝트,"두 권의 책, 한 사람의 마음",16,237,16,,,,,https://blog.naver.com/jklovelike/224031628673
2025-10-04,Sat,11,블로그 이웃 포스트 공유,[공유] 다르게 살고 싶다면(ft.직진형 인간),26,134,3,50,0,0,0,https://blog.naver.com/jklovelike/224031504623
2025-10-04,Sat,6,'데미안'의 자기혁신,집중력 높이는 법 - 집중은 직진의 다른 표현이다,27,238,32,,,,,https://blog.naver.com/jklovelike/224031315967
2025-10-03,Fri,20,책쓰기 프로젝트,강남/광화문 교보문고에서 제 책이 스무 살 시절의 인생책과 나란히 진열되었습니다,44,264,48,,,,,https://blog.naver.com/jklovelike/224030967894
2025-10-03,Fri,13,책쓰기 프로젝트,직진형 인간 - 한 인간의 삶은 직진할 때 가장 뜨겁다 (자기계발 책 추천),42,254,24,,,,,https://blog.naver.com/jklovelike/224030665135
2025-10-03,Fri,6,으쌰으쌰+블로그는 마술이다,으쌰으쌰 10월 6기 <1일 2포 챌린지> 2일차입니다. 73명으로 시작합니다,43,214,29,,,,,https://blog.naver.com/jklovelike/224030377094
2025-10-02,Thu,19,책쓰기 프로젝트,블로거 '데미안'의 북콘서트에 오실 수 있는 분이 계실까요?,33,271,255,367,1,0,0,https://blog.naver.com/jklovelike/224029954692
2025-10-02,Thu,17,책쓰기 프로젝트,<직진형 인간>이 한 독자로부터 '인생책'이란 이야기를 들었습니다,36,218,25,,,,,https://blog.naver.com/jklovelike/224029893248
2025-10-02,Thu,14,"'데미안'의 단상, 생각",근육은 붙기 어렵고 떨어지기 쉽다. 사치는 붙기 쉽고 떨어지기 어렵다,38,269,21,,,,,https://blog.naver.com/jklovelike/224029620824
2025-10-02,Thu,6,"'데미안'의 단상, 생각",실망스럽더라도 계속 써야 합니다,17,297,51,,,,,https://blog.naver.com/jklovelike/224029156441
2025-10-01,Wed,23,"'데미안'의 단상, 생각",나는 모든 감정을 껴안으며 선용한다,19,219,9,181,0,0,0,https://blog.naver.com/jklovelike/224028964221
2025-10-01,Wed,22,블로그 이웃 포스트 공유,[공유] 직진형 인간/30~40대를 위한 자기 계발서 추천/추석에 조카들에게 선물하고 싶은 책,52,119,3,,,,,https://blog.naver.com/jklovelike/224028910303
2025-10-01,Wed,21,블로그 이웃 포스트 공유,[공유] 북크폭스 회사에서 종이책 코칭을 시작합니다.,29,115,0,854,1,28,1,https://blog.naver.com/jklovelike/224028857906
2025-10-01,Wed,19,책쓰기 프로젝트,카드뉴스 올려주신 50여 분께 깊이 감사드립니다. 여러분의 응원이 힘이 되었습니다,45,200,48,,,,,https://blog.naver.com/jklovelike/224028766310
2025-10-01,Wed,18,블로그 이웃 포스트 공유,"[공유] 임진강(데미안) 직진형 인간 리뷰 신간 출간 생각을 멈추고,행동을 현실로 바꾸는 힘",51,150,2,,,,,https://blog.naver.com/jklovelike/224028703835
2025-10-01,Wed,15,"'데미안'의 단상, 생각",사람은 자기가 생각하는 정도의 사람밖에는 되지 못한다,29,253,28,385,2,0,2,https://blog.naver.com/jklovelike/224028462378
2025-10-01,Wed,12,"'데미안'의 단상, 생각","삶의 전환점은 머뭇거림이 아니라, 지금 당장의 직진에서 시작됩니다",36,229,18,,,,,https://blog.naver.com/jklovelike/224028211847
2025-10-01,Wed,11,블로그 이웃 포스트 공유,[공유] [서평] 직진형 인간 by 임진강(데미안),28,122,0,,,,,https://blog.naver.com/jklovelike/224028170239
2025-10-01,Wed,11,블로그 이웃 포스트 공유,[공유] 당신의 서사는 무엇인가?,18,111,1,,,,,https://blog.naver.com/jklovelike/224028156341
2025-10-01,Wed,6,으쌰으쌰+블로그는 마술이다,<10월 으쌰으쌰 1일 2포 챌린지 5기> 마지막 날 훈훈한 모습에 대한 기록,43,213,41,1675,42,0,5,https://blog.naver.com/jklovelike/224027890817
2025-10-01,Wed,0,블로그 이웃 포스트 공유,[공유] 9월 으쌰으쌰 챌린지 모든 분들께 한 마디 응원하기,33,125,11,,,,,https://blog.naver.com/jklovelike/224027739615
2025-09-30,Tue,19,책쓰기 프로젝트,"<직진형 인간> 카드뉴스, 인스타그램에 올려주실 이웃분 계신가요?",36,233,173,,,,,https://blog.naver.com/jklovelike/224027462503
2025-09-30,Tue,16,블로그 이웃 포스트 공유,[공유] 거침없이 직진하라 <<직진형 인간>>,25,122,6,,,,,https://blog.naver.com/jklovelike/224027280881
2025-09-30,Tue,13,책쓰기 프로젝트,<직진형 인간> - 성공을 거머쥐는 직진형 인간 특징 4가지 (자기계발 책 추천),45,219,35,,,,,https://blog.naver.com/jklovelike/224027016825
2025-09-30,Tue,13,수능/수능공부법/합격수기,2025년 9월 모의평가(모의고사) 국어 수학 원점수 확정 등급컷,36,135,8,193,9,0,1,https://blog.naver.com/jklovelike/224026998824
2025-09-30,Tue,12,블로그 이웃 포스트 공유,[공유] 데미안 프로젝트,13,100,0,,,,,https://blog.naver.com/jklovelike/224026925279
2025-09-30,Tue,7,"'데미안'의 단상, 생각",틈새 독서와 자투리 글쓰기와 짬 운동을 할 수 있습니다,30,271,37,,,,,https://blog.naver.com/jklovelike/224026606378
2025-09-30,Tue,5,책쓰기 프로젝트,<직진형 인간> 교보문고 신간 자기계발 판매량 순위가 현재 8위더군요,38,185,50,,,,,https://blog.naver.com/jklovelike/224026541435
2025-09-29,Mon,23,블로그 이웃 포스트 공유,[공유] 당근 같은 채찍 : 임진강(데미안) 『직진형 인간』을 읽고 있습니다,42,100,6,,,,,https://blog.naver.com/jklovelike/224026366836
2025-09-29,Mon,22,블로그 이웃 포스트 공유,[공유] 그가 쓴 글이 좋은 글인 이유,21,136,1,,,,,https://blog.naver.com/jklovelike/224026296111
2025-09-29,Mon,16,'데미안'의 자기혁신,불안은 창조성의 시녀다 - 불안이 있기에 도약 가능하다,30,237,18,,,,,https://blog.naver.com/jklovelike/224025899497
2025-09-29,Mon,14,블로그 이웃 포스트 공유,[공유] 검백챌 100일 챌린지 시즌 5 신청을 받습니다,31,109,2,3081,3,20,3,https://blog.naver.com/jklovelike/224025725970
2025-09-29,Mon,13,블로그 이웃 포스트 공유,[공유] 직진형 인간이 알려주는 실패의 의지를 성장의 의지로 바꾸는 실천 가이드,44,118,2,,,,,https://blog.naver.com/jklovelike/224025706690
2025-09-29,Mon,4,으쌰으쌰+블로그는 마술이다,<으쌰으쌰 1일 2포 챌린지> 인기가 날이 갈수록 높아지고 있습니다,37,193,55,,,,,https://blog.naver.com/jklovelike/224025222165
2025-09-28,Sun,23,'데미안'의 자기혁신,내가 생각하는 '끌어당김의 법칙',18,247,29,,,,,https://blog.naver.com/jklovelike/224025045734
2025-09-28,Sun,21,"'데미안'의 단상, 생각",행복을 도망치게 하는 방법이 뭔지 아나요?,23,257,30,,,,,https://blog.naver.com/jklovelike/224024920933
2025-09-28,Sun,20,블로그 이웃 포스트 공유,[공유] 미친책방:안전지대를 깨뜨려라 직진형인간  데미안(임진강),36,124,0,,,,,https://blog.naver.com/jklovelike/224024868778
2025-09-28,Sun,19,으쌰으쌰+블로그는 마술이다,[모집마감]으쌰으쌰 10월 <6기 1일 2포스팅 챌린지> 모집합니다,37,230,243,1740,1,4,1,https://blog.naver.com/jklovelike/224024377165
2025-09-28,Sun,14,책쓰기 프로젝트,작가가 책 홍보를 계속 해야 하는 이유,21,234,20,1054,3,0,2,https://blog.naver.com/jklovelike/224024559218
2025-09-28,Sun,14,블로그 이웃 포스트 공유,[공유] (자기계발 추천) 직진형 인간 by 데미안(임진강),33,132,2,,,,,https://blog.naver.com/jklovelike/224024536054
2025-09-28,Sun,5,책쓰기 프로젝트,책을 읽지 않는 어머니가 자식이 쓴 책을 읽는다,26,239,34,405,3,0,1,https://blog.naver.com/jklovelike/224024221164
2025-09-27,Sat,23,"'데미안'의 단상, 생각",고향을 떠나 길 위에 서다,14,246,33,731,1,0,0,https://blog.naver.com/jklovelike/224024020848
2025-09-27,Sat,20,일상의 기록,비행기 타고 제주도 내려갑니다,16,286,68,,,,,https://blog.naver.com/jklovelike/224023901415
2025-09-27,Sat,16,책쓰기 프로젝트,친누나가 책을 잘 썼다고 얘기하더군요,20,273,23,,,,,https://blog.naver.com/jklovelike/224023730926
2025-09-27,Sat,16,블로그 이웃 포스트 공유,[공유] 오늘부터 직진형 인간⬆️,18,118,2,147,0,0,0,https://blog.naver.com/jklovelike/224023719860
2025-09-27,Sat,15,블로그 이웃 포스트 공유,[공유] 데미안님의 직진형 인간은 나에게 어떤 배움을 주는가,33,106,0,,,,,https://blog.naver.com/jklovelike/224023714520
2025-09-27,Sat,13,으쌰으쌰+블로그는 마술이다,내일 저녁 7시 정각에 10월 <6기 으쌰으쌰 1일2포 챌린지> 모집글을 올리겠습니다,47,188,23,,,,,https://blog.naver.com/jklovelike/224023587578
2025-09-27,Sat,5,으쌰으쌰+블로그는 마술이다,제가 운영하는 챌린지와 커뮤니티 멤버 모두 (102명) 어제 1일 N포 성공했습니다,46,199,27,,,,,https://blog.naver.com/jklovelike/224023295273
2025-09-27,Sat,5,수능/수능공부법/합격수기,2025년 9월 더프 모의고사 등급컷 결과 (실제 등급/보정 등급),37,209,3,110,4,0,0,https://blog.naver.com/jklovelike/224023289778
2025-09-26,Fri,21,"'데미안'의 단상, 생각",블로거 '데미안'을 가장 잘 아는 이웃 블로거가 쓴 <직진형 인간> 리뷰,40,229,19,,,,,https://blog.naver.com/jklovelike/224023005331
2025-09-26,Fri,20,블로그 성장/노하우/팁,블로그 퍼스널 브랜딩 - 검색되거나 또는 연결되거나,28,231,15,1020,1,0,0,https://blog.naver.com/jklovelike/224022969307
2025-09-26,Fri,17,블로그 이웃 포스트 공유,[공유] 데미안님과 1박 2일 (ft. 직진형인간 서평),31,139,7,1306,4,3,0,https://blog.naver.com/jklovelike/224022780891
2025-09-26,Fri,13,Na,조이1004님이 <직진형 인간> 나눔 이벤트를 여셨습니다,31,180,8,249,1,0,1,https://blog.naver.com/jklovelike/224022518921
2025-09-26,Fri,12,블로그 이웃 포스트 공유,[공유] 데미안님의 <직진형 인간> 도착!,23,122,1,,,,,https://blog.naver.com/jklovelike/224022452428
2025-09-26,Fri,6,블로그 이웃 포스트 공유,[공유] 데미안님 책20권 나눔 이벤트[직진형 인간],29,134,2,,,,,https://blog.naver.com/jklovelike/224022112462
2025-09-26,Fri,5,"'데미안'의 단상, 생각",모든 것은 경험이다 - 염려되는 일은 많지 않습니다,28,214,30,,,,,https://blog.naver.com/jklovelike/224022097700
2025-09-25,Thu,22,블로그 이웃 포스트 공유,[공유] [북리뷰] 직진형 인간 by. 임진강(데미안),30,110,5,,,,,https://blog.naver.com/jklovelike/224021887880
2025-09-25,Thu,22,블로그 이웃 포스트 공유,[공유] [리뷰] 직진형 인간 (임진강/데미안),26,114,6,,,,,https://blog.naver.com/jklovelike/224021861141
2025-09-25,Thu,21,"'데미안'의 단상, 생각",나는 여전히 운이 좋다,12,235,18,,,,,https://blog.naver.com/jklovelike/224021830773
2025-09-25,Thu,16,블로그 성장/노하우/팁,블로거로 살아남는 방법,12,266,19,,,,,https://blog.naver.com/jklovelike/224021525413
2025-09-25,Thu,14,책쓰기 프로젝트,<직진형 인간> 오늘 교보문고에 들어왔습니다 + 이미 배송 받은 분들이 있네요.,44,229,47,317,4,0,1,https://blog.naver.com/jklovelike/224021325869
2025-09-25,Thu,5,"'데미안'의 단상, 생각",블로그와 글이 만든 맑은 인연,16,268,61,,,,,https://blog.naver.com/jklovelike/224020843896
2025-09-24,Wed,21,책쓰기 프로젝트,"<직진형 인간>- 전체 136위, 자기계발 13위로 예약기간을 끝내고 내일 세상에 나옵니다",50,238,26,400,4,0,1,https://blog.naver.com/jklovelike/224020533052
2025-09-24,Wed,20,으쌰으쌰+블로그는 마술이다,으쌰으쌰 5기 9월 <1일 2포 챌린지> - 71명 중 69명 완주할 듯합니다 (완주율 97.2%),55,204,20,957,5,0,4,https://blog.naver.com/jklovelike/224020473728
2025-09-24,Wed,19,"'데미안'의 단상, 생각",<블로그는 마술이다> 커뮤니티를 오늘 시작합니다,26,249,33,,,,,https://blog.naver.com/jklovelike/224020422850
2025-09-24,Wed,15,책쓰기 프로젝트,신인 작가/무명 작가가 살아남는 법 - 최고의 홍보는 무엇일까?,35,277,28,961,1,1,1,https://blog.naver.com/jklovelike/224020111956
2025-09-24,Wed,12,Na,네이버 인물정보 사진을 바꿨습니다 + 책이 추가됐습니다,30,254,81,214,3,0,0,https://blog.naver.com/jklovelike/224019920855
2025-09-24,Wed,5,책쓰기 프로젝트,<직진형 인간> 실물을 받아봤습니다. 그런데 왜 감흥이 없을까요?,36,296,102,,,,,https://blog.naver.com/jklovelike/224019531020
2025-09-23,Tue,19,책쓰기 프로젝트,"""생일 축하 대신 한 권으로 응원해 주세요""라고 하고 싶었다",33,287,82,,,,,https://blog.naver.com/jklovelike/224019143609
2025-09-23,Tue,13,'데미안'의 자기혁신,완벽을 기다리면 평생 시작하지 못 한다,21,286,25,,,,,https://blog.naver.com/jklovelike/224018666323
2025-09-23,Tue,6,으쌰으쌰+블로그는 마술이다,<블로그는 마술이다> 커뮤니티를 만들었습니다. 함께 할 동료를 찾습니다,39,295,305,1648,1,15,0,https://blog.naver.com/jklovelike/224018252816
2025-09-23,Tue,5,"'데미안'의 단상, 생각",저는 행복한 사람이지 않을까요?,17,199,36,,,,,https://blog.naver.com/jklovelike/224018237265
2025-09-22,Mon,23,Na,<블로그는 마술이다> 전자책 다운로드 안 된다는 분들께 - 방법을 알려드릴게요,43,156,9,257,1,0,1,https://blog.naver.com/jklovelike/224018016173
2025-09-22,Mon,22,블로그 성장/노하우/팁,"<블로그는 마술이다> 후속작으로, 블로그 초보자 용 전자책도 써 보겠습니다",41,168,19,,,,,https://blog.naver.com/jklovelike/224017997808
2025-09-22,Mon,16,책쓰기 프로젝트,<직진형 인간>예약구매 마지막 날입니다. 감사합니다,28,203,17,,,,,https://blog.naver.com/jklovelike/224017593193
2025-09-22,Mon,14,블로그 이웃 포스트 공유,[공유] 기다리고 있는 책이 있습니다(ft. 데미안 작가님),33,103,3,821,1,0,3,https://blog.naver.com/jklovelike/224017382140
2025-09-22,Mon,8,블로그 성장/노하우/팁,<블로그는 마술이다>를 인쇄해서 종이책처럼 보신 분이 계시더군요,35,284,29,417,4,0,4,https://blog.naver.com/jklovelike/224016918736
2025-09-22,Mon,5,책쓰기 프로젝트,<직진형 인간> 독자 몇몇 분들과 가볍게 카페에서 만나보려고 합니다,37,190,37,,,,,https://blog.naver.com/jklovelike/224016892027
2025-09-21,Sun,23,일상의 기록,어제 검마사님의 <루틴의 설계> 북콘서트에 다녀왔습니다,30,207,19,1164,13,0,2,https://blog.naver.com/jklovelike/224016671302
2025-09-21,Sun,19,블로그 이웃 포스트 공유,[공유] 내가 만난 '쓰레기 글을 써라'에서 시작한 설득의 힘 : wiht 데미안 (『직진형 인간』 출간에 즈음하여),65,133,7,,,,,https://blog.naver.com/jklovelike/224016481217
2025-09-21,Sun,16,블로그 이웃 포스트 공유,제 블로그 딸이 운영하는 <미친 책방>을 소개합니다 - <직진형 인간>을 함께 읽어봐요^^,50,199,24,,,,,https://blog.naver.com/jklovelike/224016294521
2025-09-21,Sun,13,책쓰기 프로젝트,<직진형 인간> 두 번 썼습니다 + 집필하면서 읽었던 137권,34,472,52,2228,4,0,4,https://blog.naver.com/jklovelike/224016163447
2025-09-21,Sun,7,책쓰기 프로젝트,나는 왜 굳이 <직진형 인간> 예약판매를 선택했는가?,29,197,25,,,,,https://blog.naver.com/jklovelike/224015904300
2025-09-21,Sun,5,"'데미안'의 단상, 생각",새벽의 몰입은 내 무기다,13,223,19,,,,,https://blog.naver.com/jklovelike/224015867387
2025-09-20,Sat,23,"'데미안'의 단상, 생각","오늘, 제 책을 읽고 달라진 한 고2 학생의 이야기를 이웃님으로부터 들었습니다",43,180,17,,,,,https://blog.naver.com/jklovelike/224015671421
2025-09-20,Sat,22,일상의 기록,오늘 검마사님 북콘 때 뵈었던 이웃분들 반가웠습니다. 혹시 같이 찍은 사진 있으면 보내주세요^^,53,179,29,,,,,https://blog.naver.com/jklovelike/224015630658
2025-09-20,Sat,14,책쓰기 프로젝트,<직진형 인간>이 예약구매 기간 동안 교보 전체 100위권 안에 들면 좋겠습니다,44,199,41,,,,,https://blog.naver.com/jklovelike/224015285240
2025-09-20,Sat,11,블로그 성장/노하우/팁,"15분 글쓰기, 도전해 보세요",16,219,24,,,,,https://blog.naver.com/jklovelike/224015150745
2025-09-20,Sat,11,블로그 이웃 포스트 공유,[공유] [책 나눔 이벤트] 데미안님의 신간 직진형 인간,31,95,4,,,,,https://blog.naver.com/jklovelike/224015113765
2025-09-20,Sat,5,책쓰기 프로젝트,자기계발서 추천 <직진형 인간> - 꾸준함과 실행력을 키우는 최고의 동기부여 책,44,461,98,1356,1,10,3,https://blog.naver.com/jklovelike/224014921550
2025-09-19,Fri,22,책쓰기 프로젝트,"이제 <직진형 인간> 교보문고, 예스24, 알라딘 등 모든 대형서점에서 주문 가능합니다",48,164,22,,,,,https://blog.naver.com/jklovelike/224014684288
2025-09-19,Fri,21,책쓰기 프로젝트,사랑주니님이 <직진형 인간> 10권 나눔 이벤트를 합니다,31,138,21,,,,,https://blog.naver.com/jklovelike/224014621079
2025-09-19,Fri,20,블로그 이웃 포스트 공유,[공유] 『직진형 인간』 데미안님의 책 나눔 이벤트 합니다,32,85,2,,,,,https://blog.naver.com/jklovelike/224014575080
2025-09-19,Fri,17,"'데미안'의 단상, 생각",나를 묶는 것은 세상이 아니었다. 그건 내 머릿속의 망설임이었다,35,202,24,,,,,https://blog.naver.com/jklovelike/224014404636
2025-09-19,Fri,15,블로그 성장/노하우/팁,900명 가까이 받아 간 전자책 <블로그는 마술이다> 오늘 하루만 더 나눠드립니다,45,175,198,,,,,https://blog.naver.com/jklovelike/224014249534
2025-09-19,Fri,12,책쓰기 프로젝트,<직진형 인간>을 누구에게 추천할 수 있을까요?,26,172,24,,,,,https://blog.naver.com/jklovelike/224014029624
2025-09-19,Fri,6,"'데미안'의 단상, 생각",새벽의 일관성이 내 길을 만들었다,18,214,39,,,,,https://blog.naver.com/jklovelike/224013690181
2025-09-19,Fri,5,블로그 성장/노하우/팁,블로그 글쓰기 - 실망해도 계속 쓰자,20,235,44,,,,,https://blog.naver.com/jklovelike/224013673952
2025-09-18,Thu,23,책쓰기 프로젝트,뮤즈엘님 제 책에 대한 나눔 이벤트를 두 번 하셨습니다,30,106,12,,,,,https://blog.naver.com/jklovelike/224013494126
2025-09-18,Thu,22,'데미안'의 수능 칼럼 ,<수능 60일 기적> 두 달의 법칙 - 모든 것은 두 달이다,33,150,11,1122,3,6,1,https://blog.naver.com/jklovelike/224013447138
2025-09-18,Thu,21,책쓰기 프로젝트,<직진형 인간> 표지의 띠지 사진을 바꿨습니다,25,194,39,,,,,https://blog.naver.com/jklovelike/224013344580
2025-09-18,Thu,13,책쓰기 프로젝트,<직진형 인간>은 33개월 새벽 글쓰기의 결실입니다 + 교보문고 예스24에서 구매 가능합니다,51,184,65,,,,,https://blog.naver.com/jklovelike/224012818714
2025-09-18,Thu,6,블로그 이웃 포스트 공유,[공유] 데미안님의 신간 '직진형 인간' 나눔 이벤트합니다,32,88,3,,,,,https://blog.naver.com/jklovelike/224012411966
2025-09-18,Thu,6,블로그 성장/노하우/팁,"<블로그는 마술이다>를 읽고, 여기다가 간단하게 후기 정도 남겨주세요^^",40,147,41,,,,,https://blog.naver.com/jklovelike/224012392488
2025-09-18,Thu,5,일상의 기록,<블로그는 마술이다>를 나눠주다 보니 새벽 한시 반이 되었더군요,35,136,37,,,,,https://blog.naver.com/jklovelike/224012382795
2025-09-17,Wed,21,블로그 성장/노하우/팁,전자책 <블로그는 마술이다> 현재 나눠주고 있습니다,28,169,48,,,,,https://blog.naver.com/jklovelike/224012059802
2025-09-17,Wed,20,책쓰기 프로젝트,"며칠 동안, 뻔뻔하게 <직진형 인간> 홍보 좀 하겠습니다",31,217,46,,,,,https://blog.naver.com/jklovelike/224011984478
2025-09-17,Wed,18,블로그 이웃 포스트 공유,[공유] ✨ 데미안님의 책 🍀<직진형 인간>🍀✨ 출간기념 나눔 이벤트 진행합니다 ✨⭐️⭐️⭐️,52,89,3,,,,,https://blog.naver.com/jklovelike/224011881101
2025-09-17,Wed,17,책쓰기 프로젝트,오늘 출간한 <직진형 인간> 교보문고 베스트 실시간 7위입니다. 감사합니다,41,174,32,,,,,https://blog.naver.com/jklovelike/224011821211
2025-09-17,Wed,14,책쓰기 프로젝트,드디어 ⟪직진형 인간⟫ 출간했습니다. 감사합니다,26,432,270,697,14,3,6,https://blog.naver.com/jklovelike/224011587888
2025-09-17,Wed,13,블로그 성장/노하우/팁,"하루 앞당겨서, 오늘 <블로그는 마술이다>를 무료 배포 시작하겠습니다",38,190,50,,,,,https://blog.naver.com/jklovelike/224011494420
2025-09-17,Wed,12,블로그 이웃 포스트 공유,[공유] <나를 단단하게 만드는 루틴의 힘 > 예약 판매 들어갑니다!,38,98,3,,,,,https://blog.naver.com/jklovelike/224011431501
2025-09-17,Wed,5,블로그 성장/노하우/팁,"나부터 꾸준해야, 누군가가 꾸준하게 나를 찾는다",26,246,48,,,,,https://blog.naver.com/jklovelike/224011009379
2025-09-16,Tue,20,"'데미안'의 단상, 생각","편견이 없다는 건, 세상을 덜 힘들게 살아가는 방식이다 - ""유한 게 속 편하게 살기에 좋더라""",53,222,26,,,,,https://blog.naver.com/jklovelike/224010589947
2025-09-16,Tue,13,블로그 성장/노하우/팁,얼마를 부르든 블로그를 판매하지 않습니다,22,262,34,,,,,https://blog.naver.com/jklovelike/224010089334
2025-09-16,Tue,5,책쓰기 프로젝트,내일 ⟪직진형 인간⟫을 출간합니다,18,234,147,,,,,https://blog.naver.com/jklovelike/224009624235
2025-09-15,Mon,22,책쓰기 프로젝트,인쇄소에서 <직진형 인간>책 표지가 잘 나왔다며 칭찬했다고 하네요,36,215,54,,,,,https://blog.naver.com/jklovelike/224009341537
2025-09-15,Mon,16,블로그 성장/노하우/팁,<블로그는 마술이다>  신청할 수 있는 시간이 얼마 남지 않았습니다,37,182,26,,,,,https://blog.naver.com/jklovelike/224008932574
2025-09-15,Mon,5,"'데미안'의 단상, 생각",매일매일 새벽마다 블로그에 글을 쓴다,20,272,47,,,,,https://blog.naver.com/jklovelike/224008199103
2025-09-14,Sun,21,"'데미안'의 단상, 생각",길이 보이지 않아도 가라,13,266,25,,,,,https://blog.naver.com/jklovelike/224007835752
2025-09-14,Sun,17,블로그 성장/노하우/팁,"글쓰기를 싫어하던 내가, 글에 인생을 걸게 된 이유",28,269,37,,,,,https://blog.naver.com/jklovelike/224007635940
2025-09-14,Sun,14,블로그 성장/노하우/팁,<이벤트>두 달 반 만에 서로이웃 신청을 받습니다,27,206,193,,,,,https://blog.naver.com/jklovelike/224007471637
2025-09-14,Sun,6,"'데미안'의 단상, 생각","다행스럽게도, 블로그를 하면서 20대 초반의 장래희망을 이뤘습니다",36,245,29,,,,,https://blog.naver.com/jklovelike/224007113995
2025-09-13,Sat,17,블로그 성장/노하우/팁,"1년 만에 이웃 15,000명 블로거가 된 비결이 담긴 전자책 무료 배포, 아직 신청 못한 분은 신청하세요^^",61,208,26,,,,,https://blog.naver.com/jklovelike/224006596962
2025-09-13,Sat,13,블로그 성장/노하우/팁,"이웃 블로거에게 1일 1포스팅, 1일N포를 권하고 있는 이유",33,238,40,,,,,https://blog.naver.com/jklovelike/224006378996
2025-09-13,Sat,5,"'데미안'의 단상, 생각",최근 한 달 동안 5KG이 빠졌습니다 + 도파민 다이어트,31,228,53,,,,,https://blog.naver.com/jklovelike/224006070691
2025-09-12,Fri,20,블로그 성장/노하우/팁,내게 맞는 플랫폼은 블로그였다,16,271,52,,,,,https://blog.naver.com/jklovelike/224005714526
2025-09-12,Fri,8,블로그 성장/노하우/팁,오늘 아침에도 글을 썼습니다,15,251,30,,,,,https://blog.naver.com/jklovelike/224004837887
2025-09-12,Fri,6,으쌰으쌰+블로그는 마술이다,1일 2포 으쌰으쌰 5기 9월 챌린지 - 71명 중 70명이 완주할 것 같은 기대감입니다,49,194,29,,,,,https://blog.naver.com/jklovelike/224004774181
2025-09-11,Thu,22,블로그 성장/노하우/팁,쓰레기 글을 쓰세요. 블로그에 쓰는 글은 장차 어딘가에서 다시 태어날 초고입니다,44,263,32,,,,,https://blog.naver.com/jklovelike/224004516421
2025-09-11,Thu,19,블로그 성장/노하우/팁,12시간 동안 400명 가까운 이웃분들께서 전자책 <블로그는 마술이다>를 신청하셨습니다,48,226,27,,,,,https://blog.naver.com/jklovelike/224004321310
2025-09-11,Thu,13,블로그 성장/노하우/팁,어제부터 네이버 블로그 공감 시스템이 달라졌더군요? (공감 변경 외에 인공지능 개인화 추천 강화),54,261,22,,,,,https://blog.naver.com/jklovelike/224003891513
2025-09-11,Thu,6,블로그 성장/노하우/팁,"[마감]데미안 전자책 ""블로그는 마술이다"" 무료 선착순 배포합니다 (33개월만에 2.7만 블로그가 된 성장 비법)",63,983,1893,2100,6,18,0,https://blog.naver.com/jklovelike/224003440379
2025-09-10,Wed,20,독서 단상,도서관에 책 빌리러 가는 시간이 좋더라 (도서관 나들이),31,310,41,,,,,https://blog.naver.com/jklovelike/224003058993
2025-09-10,Wed,17,블로그 성장/노하우/팁,당신은 혼자가 아니다. 블로그는 연결의 다리가 된다,28,274,42,,,,,https://blog.naver.com/jklovelike/224002890660
2025-09-10,Wed,5,"'데미안'의 단상, 생각",우선순위를 생각하면 내 안이 맑아진다,20,306,36,,,,,https://blog.naver.com/jklovelike/224002080304
2025-09-09,Tue,19,블로그 성장/노하우/팁,"누군가의 글에서 위로받았다면, 이제는 내가 쓸 차례다",29,350,44,,,,,https://blog.naver.com/jklovelike/224001649842
2025-09-09,Tue,13,"'데미안'의 단상, 생각",스스로 자신을 점수화한다는 게 마음에 안 든다,25,293,25,,,,,https://blog.naver.com/jklovelike/224001189724
2025-09-09,Tue,6,책쓰기 프로젝트,드디어 끝입니다. 오늘 <직진형 인간> 3교 마지막 날입니다. 출간 과정에 제가 할 일은 다 끝났습니다,57,246,50,,,,,https://blog.naver.com/jklovelike/224000709608
2025-09-08,Mon,19,독서 단상,독서하는 자는 결코 고독하지 않다,18,396,36,,,,,https://blog.naver.com/jklovelike/224000256515
2025-09-08,Mon,6,독서 단상,내가 블로그를 좋아하는 이유 - 독서를 가까이 하는 분들과 함께 할 수 있어서 그렇다,47,321,37,,,,,https://blog.naver.com/jklovelike/223999322766
2025-09-07,Sun,19,독서 단상,독서는 미래를 훔치는 일이다,15,367,50,,,,,https://blog.naver.com/jklovelike/223998838952
2025-09-07,Sun,16,'데미안'의 수능 칼럼 ,"수능 60일, 끝까지 완주하라. 이기든 지든 끝까지 가 봐야 마음이 후련하다.",43,222,7,703,6,0,1,https://blog.naver.com/jklovelike/223998648673
2025-09-07,Sun,5,블로그 성장/노하우/팁,"그러고 보니 2년 전에, 블로그 이웃 만 명이 되었습니다",31,274,25,,,,,https://blog.naver.com/jklovelike/223998210257
2025-09-06,Sat,22,책의 죽비소리,"글을 꾸준히 쓰다 보면, 내 안에 얼마나 많은 것들이 살아 숨 쉬는지 알게 된다",44,306,26,,,,,https://blog.naver.com/jklovelike/223997962513
2025-09-06,Sat,5,'데미안'의 자기혁신,"성공이 아닌, 성공의 자질을 추구하라",20,256,20,,,,,https://blog.naver.com/jklovelike/223997211413
2025-09-06,Sat,5,수능/수능공부법/합격수기,"수학 파이널 공부법 (수능 50일, 60일 남았을 때 막판 N제와 실모 공부법)",44,152,3,488,5,0,3,https://blog.naver.com/jklovelike/223997205251
2025-09-05,Fri,19,블로그 성장/노하우/팁,블로그에 대해 궁금한 점 있나요?,18,264,45,,,,,https://blog.naver.com/jklovelike/223996811580
2025-09-05,Fri,13,수능/수능공부법/합격수기,2025년 9월 모의평가 수학 오답률 (9월 모의고사 확통 미적분 기하 정답률 순위),47,157,4,166,6,3,0,https://blog.naver.com/jklovelike/223996367913
2025-09-05,Fri,5,일상의 기록,어제 프로필 사진 촬영하고 왔습니다. 사진 후보 중에 하나만 골라주세요^^,41,327,265,731,9,0,2,https://blog.naver.com/jklovelike/223995918283
2025-09-05,Fri,4,"'데미안'의 단상, 생각","헛된 욕심을 버리면 평안이 오고, 바른 욕심을 품으면 힘이 생긴다",36,218,20,,,,,https://blog.naver.com/jklovelike/223995893953
2025-09-04,Thu,21,"'데미안'의 단상, 생각",꾸준함은 재능이다?,10,303,36,,,,,https://blog.naver.com/jklovelike/223995593530
2025-09-04,Thu,5,으쌰으쌰+블로그는 마술이다,8월 4기 으쌰으쌰 결과 정리 - 60명 시작하여 55명 완주했습니다,38,264,31,,,,,https://blog.naver.com/jklovelike/223994521329
2025-09-03,Wed,21,블로그 성장/노하우/팁,스레드를 메모장처럼 활용할 수 있습니다 (블로그 글쓰기와 스레드를 연계하기),42,285,28,,,,,https://blog.naver.com/jklovelike/223994261265
2025-09-03,Wed,20,수능/수능공부법/합격수기,2025년 9월 모의고사 국어 수학 영어 등급컷 (2026학년도 9월 모의평가 추정 등급컷),51,176,5,370,20,0,0,https://blog.naver.com/jklovelike/223994187826
2025-09-03,Wed,17,블로그 성장/노하우/팁,"오늘 블로그 이웃 수가 27,000명 됐습니다 + 2025년 블로그 5가지 목표",44,274,61,,,,,https://blog.naver.com/jklovelike/223994021882
2025-09-03,Wed,13,"'데미안'의 단상, 생각",웬만한 감정은 시간이 지나면 좋아진다,20,303,19,,,,,https://blog.naver.com/jklovelike/223993709395
2025-09-03,Wed,5,"'데미안'의 단상, 생각",꾸준히 오래 달리는 자가 완주한다,18,350,29,,,,,https://blog.naver.com/jklovelike/223993227991
2025-09-03,Wed,5,수능/수능공부법/합격수기,2025년 9월 모의고사 정보 (2026 9월 모의평가 응시자 수 및 사탐런),43,149,3,497,1,0,0,https://blog.naver.com/jklovelike/223993219024
2025-09-02,Tue,19,블로그 성장/노하우/팁,"내가 블로그를 단기간에 성장시킨 비결 - 타인의 장점을 흡수하고, 그의 단점을 피하라",47,316,37,,,,,https://blog.naver.com/jklovelike/223992811823
2025-09-02,Tue,14,"'데미안'의 단상, 생각",AI가 가공한 매끄럽지만 획일적인 글쓰기를 이겨내는 방법,31,324,24,,,,,https://blog.naver.com/jklovelike/223992372194
2025-09-02,Tue,5,독서 단상,"알고 싶은 것, 몰아서 읽기 - 출판사 편집자에 대해 알고 싶습니다",37,262,25,,,,,https://blog.naver.com/jklovelike/223991876453
2025-09-02,Tue,5,수능/수능공부법/합격수기,수능을 10번 본 수험생(장수생)의 약대 합격수기,27,171,9,1211,6,0,3,https://blog.naver.com/jklovelike/223991867469
2025-09-01,Mon,22,"'데미안'의 단상, 생각",삶의 낭만은 자기 사랑에서 시작한다. 자기 자신을 아껴주라,32,301,20,,,,,https://blog.naver.com/jklovelike/223991629738
2025-09-01,Mon,6,"'데미안'의 단상, 생각",9월의 행운 편지 - 결실의 문이 열렸습니다,24,267,30,,,,,https://blog.naver.com/jklovelike/223990524129
2025-09-01,Mon,5,"'데미안'의 단상, 생각",하루에 새벽은 두 번 오지 않는다,18,241,24,,,,,https://blog.naver.com/jklovelike/223990514436
2025-08-31,Sun,21,블로그 성장/노하우/팁,블로그 <이웃 새글 알림> 설정하는 방법입니다,25,241,14,,,,,https://blog.naver.com/jklovelike/223990170675
2025-08-31,Sun,5,"'데미안'의 단상, 생각",'귀인이다'라는 이야기를 들었습니다,19,300,24,,,,,https://blog.naver.com/jklovelike/223989485530
2025-08-30,Sat,22,"'데미안'의 단상, 생각","하루의 끝자락, 밤 10시 45분. 일을 마치고 귀가 도중에 아무글이나 써 본다.",45,258,31,,,,,https://blog.naver.com/jklovelike/223989266787
2025-08-30,Sat,19,으쌰으쌰+블로그는 마술이다,으쌰으쌰 5기 9월 <1일 2포 챌린지> 모집합니다!,29,258,216,,,,,https://blog.naver.com/jklovelike/223989017578
2025-08-30,Sat,14,블로그 성장/노하우/팁,블로그가 나를 작가로 만들어줬다,17,375,39,,,,,https://blog.naver.com/jklovelike/223988880939
2025-08-30,Sat,6,'데미안'의 자기혁신,반면교사만 잘해도 인생이 바뀝니다,18,277,28,,,,,https://blog.naver.com/jklovelike/223988545484
2025-08-30,Sat,5,수능/수능공부법/합격수기,2025년 8월 더프 모의고사 등급컷 (실제컷과 보정컷),31,177,4,166,4,0,0,https://blog.naver.com/jklovelike/223988527265
2025-08-29,Fri,20,블로그 성장/노하우/팁,"1일 N포 2년 동안 하신 이웃분이 계십니다. 2,000포스팅 가까이 하셨더군요. 누굴까요?",51,277,19,,,,,https://blog.naver.com/jklovelike/223988204048
2025-08-29,Fri,19,책의 죽비소리,내일 토요일 저녁 7시에 <9월 으쌰으쌰 1일 2포 챌린지> 모집글을 올립니다,43,205,42,,,,,https://blog.naver.com/jklovelike/223988168611
2025-08-29,Fri,5,"'데미안'의 단상, 생각","새벽 시간, 몰입의 날개를 얻었다",18,291,31,,,,,https://blog.naver.com/jklovelike/223987315281
2025-08-28,Thu,17,"'데미안'의 단상, 생각",멋있는 사람,6,319,27,,,,,https://blog.naver.com/jklovelike/223986823520
2025-08-28,Thu,12,블로그 이웃 포스트 공유,[공유] 책은 사람을 우연히 이어주는 중매쟁이다,26,157,3,,,,,https://blog.naver.com/jklovelike/223986451256
2025-08-28,Thu,6,일상의 기록,<직진형 인간> 표지 띠지에 들어갈 프로필 사진을 위해 수염을 깎기로 했습니다,43,362,74,,,,,https://blog.naver.com/jklovelike/223986073612
2025-08-27,Wed,18,블로그 성장/노하우/팁,블로그를 하면서 내 운명에 개입할 수 있다는 자신감을 얻은 것이 가장 큰 자산이다,45,359,25,,,,,https://blog.naver.com/jklovelike/223985591232
2025-08-27,Wed,5,으쌰으쌰+블로그는 마술이다,으쌰으쌰 8월 4기 <1일 2포 챌린지> - 완주율 최고(91.6%)를 경신할 듯합니다,48,253,37,,,,,https://blog.naver.com/jklovelike/223984744331
2025-08-27,Wed,5,'데미안'의 수능 칼럼 ,ADHD 판정을 받은 수능 수험생의 극복 경험기 (증상 개선 방안 및 노하우),43,230,12,1065,11,0,0,https://blog.naver.com/jklovelike/223984735005
2025-08-26,Tue,22,"'데미안'의 단상, 생각","나이가 들수록, 더욱더 잘 살아야겠단 마음이 더 듭니다",30,299,19,,,,,https://blog.naver.com/jklovelike/223984496433
2025-08-26,Tue,6,책의 죽비소리,"집필 활동과 출간, 블로그와 함께 나아가기",23,292,55,,,,,https://blog.naver.com/jklovelike/223983464306
2025-08-25,Mon,23,'데미안'의 수능 칼럼 ,고3 제자가 활용하는 '아이돌 상상 공부법' - 집중력이 올랐다고 말한다,40,204,15,755,0,0,0,https://blog.naver.com/jklovelike/223983224253
2025-08-25,Mon,22,블로그 이웃 포스트 공유,[공유] 자기 계발+에세이 책은 어떻게 집필하는 걸까요? 저의 경험을 나눠드립니다.,46,103,2,,,,,https://blog.naver.com/jklovelike/223983194499
2025-08-25,Mon,6,책쓰기 프로젝트,"<직진형 인간> 표지 시안, 집계 결과 - 답변 감사합니다",32,270,24,,,,,https://blog.naver.com/jklovelike/223982122795
2025-08-24,Sun,20,"'데미안'의 단상, 생각","생동하는 생명의 기운을, 약동하는 내면의 에너지를 느낄 수 있어야 한다. 그게 진정한 건강이다",52,278,15,,,,,https://blog.naver.com/jklovelike/223981759395
2025-08-24,Sun,19,블로그 이웃 포스트 공유,[공유] 독기의 힘 8기를 모집합니다. 인원 제한 있음. 8월 30일까지(기한이 남아도 인원이 차는 순간 모집 종료),65,125,1,,,,,https://blog.naver.com/jklovelike/223981733931
2025-08-24,Sun,6,"'데미안'의 단상, 생각",블로그 이웃분들 축하드립니다,15,343,31,,,,,https://blog.naver.com/jklovelike/223981175971
2025-08-23,Sat,14,"'데미안'의 단상, 생각",의욕이 아닌 루틴입니다. 그곳에서 자유가 탄생합니다,28,346,28,,,,,https://blog.naver.com/jklovelike/223980594176
2025-08-23,Sat,5,블로그 성장/노하우/팁,블로그의 장점은 바로 연결성입니다. 그 장점을 살려보세요,31,330,30,,,,,https://blog.naver.com/jklovelike/223980262925
2025-08-22,Fri,19,책쓰기 프로젝트,<직진형 인간> 표지 시안입니다. 이웃분들이 봤을 때 어느 게 괜찮아 보이나요?,44,326,293,249,5,0,0,https://blog.naver.com/jklovelike/223979886201
2025-08-22,Fri,5,"'데미안'의 단상, 생각",어디서든 할 수 있습니다. 혹시 자투리 시간까지 보태며 마음을 쏟는 일이 있나요?,45,284,41,,,,,https://blog.naver.com/jklovelike/223979050844
2025-08-21,Thu,20,블로그 성장/노하우/팁,2.7만 블로거 데미안이 쓰는 블로그 초보를 위한 조언 7가지,34,416,82,,,,,https://blog.naver.com/jklovelike/223978714303
2025-08-21,Thu,16,책의 죽비소리,"""이십 대 중반부터는 인생이 끔찍할 것 같아요""",26,253,11,,,,,https://blog.naver.com/jklovelike/223978481339
2025-08-21,Thu,5,"'데미안'의 단상, 생각","""어떻게 살아가길 바라냐?""라는 물음이 익숙한 관성에 머물고 있던 나를 일깨운다",44,252,31,,,,,https://blog.naver.com/jklovelike/223977777992
2025-08-20,Wed,21,내가 만난 [책],부아c님의 신간 <회사 없는 세계에서 살아남기>가 출간됐습니다!,35,258,25,,,,,https://blog.naver.com/jklovelike/223977458853
2025-08-20,Wed,18,"'데미안'의 단상, 생각",꾸준한 운동은 의술에 가까운 활동입니다,21,283,32,,,,,https://blog.naver.com/jklovelike/223977311606
2025-08-20,Wed,6,"'데미안'의 단상, 생각",차라리 꾸준한 양으로 계속 두드리는 것이 마음을 가장 편하게 합니다,37,319,34,,,,,https://blog.naver.com/jklovelike/223976519160
2025-08-19,Tue,22,"'데미안'의 단상, 생각",마음의 여유가 없기 때문에 글을 쓴다,20,324,31,,,,,https://blog.naver.com/jklovelike/223976254747
2025-08-19,Tue,13,"'데미안'의 단상, 생각",미뤄 두었던 그 일을 해 보라,16,334,31,,,,,https://blog.naver.com/jklovelike/223975664032
2025-08-19,Tue,5,블로그 성장/노하우/팁,온라인에서의 제 원씽은 블로그입니다. 인플루언서가 아닌 블로거를 지향합니다,41,275,24,,,,,https://blog.naver.com/jklovelike/223975196833
2025-08-19,Tue,5,수능/수능공부법/합격수기,수능 수학 1등급까지 안정적으로 갈 수 있는 확실한 수학 공부법,35,189,16,903,20,0,0,https://blog.naver.com/jklovelike/223975184353
2025-08-18,Mon,22,블로그 성장/노하우/팁,<1일 1포>짧게라도 꼭 쓰세요. 매일매일의 연속성이 중요합니다,35,278,19,,,,,https://blog.naver.com/jklovelike/223974931972
2025-08-18,Mon,5,"'데미안'의 단상, 생각",새벽 글쓰기는 내 중심축을 확고하게 세우는 방법이었다,29,313,54,,,,,https://blog.naver.com/jklovelike/223973866534
2025-08-17,Sun,19,"'데미안'의 단상, 생각",무너지지 않는 기반,10,313,25,,,,,https://blog.naver.com/jklovelike/223973483941
2025-08-17,Sun,13,"'데미안'의 단상, 생각",우리가 폭풍 속에서 나올 때는 들어가기 전과 달라져 있을 것이다.,36,256,19,,,,,https://blog.naver.com/jklovelike/223973159679
2025-08-17,Sun,5,"'데미안'의 단상, 생각","경직되지 않은 채, 유연하게 나아가 보라",22,227,15,,,,,https://blog.naver.com/jklovelike/223972924780
2025-08-16,Sat,22,"'데미안'의 단상, 생각",마중물이란 단어를 정말 써? (feat.마중물 뜻),28,230,26,,,,,https://blog.naver.com/jklovelike/223972717463
2025-08-16,Sat,6,블로그 성장/노하우/팁,블로그를 퍼스널 브랜딩의 본진으로 삼아라,22,332,40,,,,,https://blog.naver.com/jklovelike/223972035212
2025-08-15,Fri,21,"'데미안'의 단상, 생각",시간을 생산적으로 삭제하는 법,16,269,17,,,,,https://blog.naver.com/jklovelike/223971747701
2025-08-15,Fri,19,블로그 이웃 포스트 공유,"[공유] [야, 너도 블로그 시작해] 전자책 판매합니다.",31,135,4,,,,,https://blog.naver.com/jklovelike/223971683074
2025-08-15,Fri,5,"'데미안'의 단상, 생각",우리 자신의 에너지는 유한합니다. 그 에너지를 관리해 보세요,33,256,23,,,,,https://blog.naver.com/jklovelike/223971118511
2025-08-14,Thu,22,"'데미안'의 단상, 생각",자기 자신만의 문장이 필요합니다,17,294,23,,,,,https://blog.naver.com/jklovelike/223970883628
2025-08-14,Thu,5,'데미안'의 자기혁신,직진형 인간은 집중형 인간이다 (feat.빌 게이츠와 워렌 버핏),36,275,20,,,,,https://blog.naver.com/jklovelike/223969911006
2025-08-13,Wed,18,블로그 이웃 포스트 공유,[공유] 3번째 책 출간! 그때 그 책이 아니었더라면,29,141,6,,,,,https://blog.naver.com/jklovelike/223969464663
2025-08-13,Wed,16,으쌰으쌰+블로그는 마술이다,으쌰으쌰 1일 2포 챌린지 + 추후에 다른 챌린지도 해 볼까 고려 중입니다,41,235,24,,,,,https://blog.naver.com/jklovelike/223969346679
2025-08-13,Wed,5,'데미안'의 자기혁신,당신만의 고르디우스의 매듭을 잘라라,19,259,30,,,,,https://blog.naver.com/jklovelike/223968683693
2025-08-12,Tue,19,"'데미안'의 단상, 생각",내 글이 가장 필요한 사람은 바로 나 자신이다.,26,293,27,,,,,https://blog.naver.com/jklovelike/223968285676
2025-08-12,Tue,6,'데미안'의 자기혁신,"<직진형 인간> 전념의 시간이 찾아온 순간, 힘껏 달리자 (feat.엔비디아 젠슨 황)",48,251,15,,,,,https://blog.naver.com/jklovelike/223967423184
2025-08-11,Mon,22,책쓰기 프로젝트,책 편집의 마지막 단계인 교정 교열을 진행하고 있습니다.,31,225,28,,,,,https://blog.naver.com/jklovelike/223967185730
2025-08-11,Mon,6,블로그 성장/노하우/팁,블로그 하면서 보람을 느끼는 순간,18,302,34,,,,,https://blog.naver.com/jklovelike/223966146771
2025-08-10,Sun,19,"'데미안'의 단상, 생각","살아가면서, 필요한 네 가지가 있습니다",21,317,21,,,,,https://blog.naver.com/jklovelike/223965771069
2025-08-10,Sun,6,으쌰으쌰+블로그는 마술이다,으쌰으쌰 8월 챌린지 4기 9일차 경과 - 꾸준히 잘하고 있습니다,36,207,27,,,,,https://blog.naver.com/jklovelike/223965234517
2025-08-09,Sat,14,"'데미안'의 단상, 생각",노력은 배신하지 않는다. 하지만 꾸준하지 못한 노력은 기대를 배신한다,38,325,23,,,,,https://blog.naver.com/jklovelike/223964656501
2025-08-09,Sat,5,블로그 성장/노하우/팁,"불행에 빠지지 않기 위해, 매일 블로그 글쓰기를 합니다.",31,289,30,,,,,https://blog.naver.com/jklovelike/223964344120
2025-08-08,Fri,21,블로그 이웃 포스트 공유,[공유] <루틴의 설계> 추천사의 첫 번째 주인공을 공개합니다,34,127,5,,,,,https://blog.naver.com/jklovelike/223964086664
2025-08-08,Fri,20,일상의 기록,"<세계 고양이의 날 기념> 고양이를 20년 키워 온 집사, 공원에서 검은 고양이(아깽이)와 마주치다",55,265,32,,,,,https://blog.naver.com/jklovelike/223964023269
2025-08-08,Fri,5,"'데미안'의 단상, 생각",본인만의 절대 양보할 수 없는 기준이 있나요?,25,240,18,,,,,https://blog.naver.com/jklovelike/223963160413
2025-08-07,Thu,19,'데미안'의 자기혁신,시간 관리법 - 영상 소비를 줄여라,19,377,32,,,,,https://blog.naver.com/jklovelike/223962724600
2025-08-07,Thu,6,"'데미안'의 단상, 생각",고등학교 동창이 블로그에 찾아왔습니다,20,314,29,,,,,https://blog.naver.com/jklovelike/223961880912
2025-08-06,Wed,20,"'데미안'의 단상, 생각",인생에서 변별을 일으키는 것은 끝내 진취성이다,25,279,26,,,,,https://blog.naver.com/jklovelike/223961475919
2025-08-06,Wed,14,"'데미안'의 단상, 생각",검마사님 저작 <루틴의 설계>를 소개합니다 + 제가 쓴 추천사를 공개합니다,41,251,21,,,,,https://blog.naver.com/jklovelike/223961091272
2025-08-06,Wed,5,블로그 성장/노하우/팁,블로그 초보 시절부터 지켜봐왔던 이웃분이 이번 8월에 첫 종이책을 출간합니다 (feat.검마사),53,248,31,,,,,https://blog.naver.com/jklovelike/223960561263
2025-08-05,Tue,22,'데미안'의 수능 칼럼 ,"""선생님, 수능 끝나면 책 좀 읽어보려고요"" (수능 끝나고 독서하겠다는 제자)",43,212,18,421,0,0,0,https://blog.naver.com/jklovelike/223960285388
2025-08-05,Tue,14,블로그 성장/노하우/팁,블로그하며 독고다이 성향에서 벗어났습니다. '함께'의 힘을 즐기고 있습니다,41,296,27,,,,,https://blog.naver.com/jklovelike/223959704288
2025-08-05,Tue,13,블로그 이웃 포스트 공유,[공유] 북크폭스 '쓰고 나가라 훈련소' 오픈합니다.,29,106,0,,,,,https://blog.naver.com/jklovelike/223959634728
2025-08-05,Tue,5,'데미안'의 수능 칼럼 ,"수능 망해도, 나는 성장했으니까 괜찮아",21,223,19,1169,8,0,3,https://blog.naver.com/jklovelike/223959242142
2025-08-04,Mon,22,"'데미안'의 단상, 생각",이제 수업을 다 마치고 귀가 도중에 2포스팅을 합니다,29,222,31,,,,,https://blog.naver.com/jklovelike/223958996828
2025-08-04,Mon,6,"'데미안'의 단상, 생각",왜 내가 끓이는 라면은 맛이 없을까? 꾸준함만으로는 부족하다,33,277,32,,,,,https://blog.naver.com/jklovelike/223957910150
2025-08-03,Sun,21,'데미안'의 수능 칼럼 ,외고 전교 중위권에서 반년 만에 최우수상을 받을 정도로 성적 향상한 고3 제자 이야기,47,216,28,1348,1,0,4,https://blog.naver.com/jklovelike/223957564999
2025-08-03,Sun,6,책쓰기 프로젝트,"원고 마감 이틀 전에, 백업 안 한 원고가 날아갔습니다! (머피의 법칙)",40,250,30,,,,,https://blog.naver.com/jklovelike/223956909264
2025-08-02,Sat,20,"'데미안'의 단상, 생각",살아 있다는 사실만으로도 이미 거대한 승리다,24,267,28,,,,,https://blog.naver.com/jklovelike/223956566037
2025-08-02,Sat,14,독서 단상,나는 글의 힘을 믿는다. 글은 내게 두 번의 기회를 줬다,31,284,27,,,,,https://blog.naver.com/jklovelike/223956247058
2025-08-02,Sat,5,블로그 성장/노하우/팁,내가 3년 전과 다른 점은 무엇일까요? 바로 블로그 '새벽 글쓰기'입니다,40,240,36,,,,,https://blog.naver.com/jklovelike/223955867776
2025-08-02,Sat,5,수능/수능공부법/합격수기,수능 디데이 100일 남은 학생들을 위한 글 - 약점을 채우는 공부를 하세요,42,137,3,896,8,0,0,https://blog.naver.com/jklovelike/223955861309
2025-08-01,Fri,22,으쌰으쌰+블로그는 마술이다,"7월 으쌰으쌰 3기, 마지막 날  분위기 - 화기애애하게 끝마쳤습니다",38,214,22,,,,,https://blog.naver.com/jklovelike/223955592116
2025-08-01,Fri,20,일상의 기록,어제 FC바르셀로나 내한 경기(바르샤vs서울) 직관하러 서울 월드컵 경기장에 다녀왔습니다,49,233,47,,,,,https://blog.naver.com/jklovelike/223955495498
2025-08-01,Fri,5,"'데미안'의 단상, 생각",8월의 행운 편지 - 당신의 인생에 태양이 작열합니다,29,254,45,,,,,https://blog.naver.com/jklovelike/223954572531
2025-07-31,Thu,16,으쌰으쌰+블로그는 마술이다,"어제 8월 으쌰으쌰 4기, 1일 2포 챌린지 멤버를 모집했습니다 - 함께의 힘을 믿습니다",49,249,36,,,,,https://blog.naver.com/jklovelike/223953865509
2025-07-31,Thu,6,"'데미안'의 단상, 생각",저는 꽤나 유연한 편입니다. 이건 스스로 기질을 다듬어 온 결과입니다,38,262,34,,,,,https://blog.naver.com/jklovelike/223953237345
2025-07-30,Wed,19,으쌰으쌰+블로그는 마술이다,<으쌰으쌰 1일 2포> 8월 챌린지를 모집합니다,26,268,201,,,,,https://blog.naver.com/jklovelike/223951935483
2025-07-30,Wed,15,'데미안'의 자기혁신,독서와 글쓰기와 운동의 삼중주로 인생을 연주해 보자,28,268,26,,,,,https://blog.naver.com/jklovelike/223952466633
2025-07-30,Wed,5,블로그 성장/노하우/팁,"천일 가까이, 나는 새벽마다 블로그에 글을 써 왔다",28,294,51,,,,,https://blog.naver.com/jklovelike/223951942352
2025-07-29,Tue,19,블로그 성장/노하우/팁,저는 일석 삼조 마인드로 블로그를 합니다,22,303,31,,,,,https://blog.naver.com/jklovelike/223951545024
2025-07-29,Tue,13,으쌰으쌰+블로그는 마술이다,"내일 저녁 7시에, <8월 으쌰으쌰 1일 2포 챌린지> 모집글을 올리겠습니다",42,219,31,,,,,https://blog.naver.com/jklovelike/223951099677
2025-07-29,Tue,6,으쌰으쌰+블로그는 마술이다,으쌰으쌰 1일 2포 챌린지를 수 개월 동안 해 오며 - 압박이 없다면 꾸준함도 없다,46,262,39,,,,,https://blog.naver.com/jklovelike/223950669810
2025-07-28,Mon,22,"'데미안'의 단상, 생각",평범한 것을 매일 평범한 마음가짐으로 행동에 옮기는 것이 바로 비범한 것이다,42,252,24,,,,,https://blog.naver.com/jklovelike/223950384982
2025-07-28,Mon,5,"'데미안'의 단상, 생각",내가 쓰는 글은 나를 어디로 데려갈지 모른다,24,292,41,,,,,https://blog.naver.com/jklovelike/223949340260
2025-07-27,Sun,21,책쓰기 프로젝트,수능 수험생 또는 십대 학생들을 위한 멘탈 관리법 서적을 써 보는 건 어때?,42,218,37,,,,,https://blog.naver.com/jklovelike/223949022836
2025-07-27,Sun,14,"'데미안'의 단상, 생각",글을 꾸준히 쓰는 사람은 세 번 산다,20,324,28,,,,,https://blog.naver.com/jklovelike/223948674841
2025-07-27,Sun,13,수능/수능공부법/합격수기,2026학년도 사관학교 시험지 (2025년 육사 공사 해사 사관학교 시험 기출),44,146,9,397,1,0,1,https://blog.naver.com/jklovelike/223948652046
2025-07-27,Sun,6,책쓰기 프로젝트,블로그 도서를 쓸 계획입니다,15,290,45,,,,,https://blog.naver.com/jklovelike/223948384290
2025-07-26,Sat,22,"'데미안'의 단상, 생각",무언가를 이루고 싶다면 일단 매일 써라,21,308,29,,,,,https://blog.naver.com/jklovelike/223948144459
2025-07-26,Sat,14,"'데미안'의 단상, 생각",글을 써라. 이유는 없다.,14,284,32,,,,,https://blog.naver.com/jklovelike/223947750614
2025-07-26,Sat,5,"'데미안'의 단상, 생각","장기적인 관점에서 바라보면, 우리를 괴롭히는 대부분의 일은 별 의미가 없다",41,224,23,,,,,https://blog.naver.com/jklovelike/223947429368
2025-07-25,Fri,20,"'데미안'의 단상, 생각",주식 투자도 자기 성향에 맞게 하는 게 중요하더군요,28,198,30,,,,,https://blog.naver.com/jklovelike/223947082909
2025-07-25,Fri,19,블로그 이웃 포스트 공유,"[공유] 예약 판매 시작!!! 마흔, 더 늦기 전에 생각의 틀을 리셋하라",40,116,3,,,,,https://blog.naver.com/jklovelike/223947026251
2025-07-25,Fri,13,'데미안'의 자기혁신,"인공지능 시대를 살아가는 법 - 결국, 개인의 스토리가 이긴다",34,250,24,,,,,https://blog.naver.com/jklovelike/223946614051
2025-07-25,Fri,5,"'데미안'의 단상, 생각","꾸준한 글쓰기라는, 자신만의 지렛대를 들어 올리세요",28,217,25,,,,,https://blog.naver.com/jklovelike/223946179532
2025-07-25,Fri,5,수능/수능공부법/합격수기,2025년 7월 더프 모의고사 실제 등급컷 / 예상 등급컷(보정 등급컷),40,109,2,200,4,0,0,https://blog.naver.com/jklovelike/223946172065
2025-07-24,Thu,22,'데미안'의 수능 칼럼 ,공부와 달리기 - 유산소 운동을 한 제자가 갑자기 집중력이 좋아졌다고 합니다. 달리기를 하세요 (집중력 높이는 법),64,219,21,2110,3,0,1,https://blog.naver.com/jklovelike/223945937612
2025-07-24,Thu,7,책쓰기 프로젝트,<직진형 인간> 오늘 퇴고 마지막 날입니다. 밤을 새우고 이 포스트를 쓰고 있습니다,46,255,66,,,,,https://blog.naver.com/jklovelike/223944959075
2025-07-23,Wed,21,'데미안'의 자기혁신,목표를 높여라,7,276,26,,,,,https://blog.naver.com/jklovelike/223944593127
2025-07-23,Wed,6,"'데미안'의 단상, 생각",새벽 아침 시간의 꾸준함으로 결실을 맺어보라,24,250,23,,,,,https://blog.naver.com/jklovelike/223943673119
2025-07-22,Tue,14,"'데미안'의 단상, 생각",1분만 눈 감고 상상해 보세요,16,277,17,,,,,https://blog.naver.com/jklovelike/223942796713
2025-07-22,Tue,6,'데미안'의 자기혁신,직진하면 존재가 달라진다,13,248,21,,,,,https://blog.naver.com/jklovelike/223942326214
2025-07-21,Mon,22,블로그 성장/노하우/팁,글감을 멀리서 찾지 말자. 내 삶 자체가 콘텐츠다,27,276,38,,,,,https://blog.naver.com/jklovelike/223942071835
2025-07-21,Mon,5,"'데미안'의 단상, 생각",재미있는 사실이 하나 있습니다,16,270,26,,,,,https://blog.naver.com/jklovelike/223941013579
2025-07-20,Sun,20,블로그 성장/노하우/팁,"블로그, 꾸준하게 해 본 뒤 판단해도 늦지 않습니다",28,288,43,,,,,https://blog.naver.com/jklovelike/223940688714
2025-07-20,Sun,6,블로그 성장/노하우/팁,블로그가 끌어당기는 창조적 우연성 - 블로그가 만들어 내는 인연과 기회,39,273,46,,,,,https://blog.naver.com/jklovelike/223940082521
2025-07-19,Sat,17,"'데미안'의 단상, 생각",자존감 향상은 모두를 위한 길이다,18,261,19,,,,,https://blog.naver.com/jklovelike/223939608885
2025-07-19,Sat,5,'데미안'의 자기혁신,자기 구원은 실행에서 시작된다. 즉행으로 마음의 불순물을 씻어내라,36,229,21,,,,,https://blog.naver.com/jklovelike/223939118514
2025-07-18,Fri,23,"'데미안'의 단상, 생각",블로그 일기 2008년 글을 읽다가 2017년 글을 읽었다,32,213,24,,,,,https://blog.naver.com/jklovelike/223938902162
2025-07-18,Fri,14,블로그 성장/노하우/팁,블로그로 자기 책을 낸 사람들의 7가지 특징,24,303,44,,,,,https://blog.naver.com/jklovelike/223938318575
2025-07-18,Fri,13,블로그 이웃 포스트 공유,"[공유] [자랑질] 블로그 연예인, 데미안님 알아? 나는 알아! 같이 밥도 먹었지! ㅋㅋㅋㅋㅋ",52,130,12,,,,,https://blog.naver.com/jklovelike/223938269722
2025-07-18,Fri,5,"'데미안'의 단상, 생각",꾸준함이 평판을 만든다,12,243,34,,,,,https://blog.naver.com/jklovelike/223937867479
2025-07-17,Thu,16,"'데미안'의 단상, 생각",인풋과 아웃풋 사이,10,253,14,,,,,https://blog.naver.com/jklovelike/223937224452
2025-07-17,Thu,7,"'데미안'의 단상, 생각",머피의 법칙이 지배하는 날도 결국 끝나게 됩니다,26,226,25,,,,,https://blog.naver.com/jklovelike/223936631561
2025-07-16,Wed,16,"'데미안'의 단상, 생각",나를 자극시키는 것은 내가 되고 싶었던 꿈의 모습이다,29,257,21,,,,,https://blog.naver.com/jklovelike/223935907600
2025-07-16,Wed,5,'데미안'의 자기혁신,실패하되 실패하지 말라,12,258,28,,,,,https://blog.naver.com/jklovelike/223935257205
2025-07-15,Tue,19,'데미안'의 수능 칼럼 ,"고3 수능 정시생, ""넌 공부를 지금보다 더 할 수 있다""",32,221,23,1748,2,0,16,https://blog.naver.com/jklovelike/223934827801
2025-07-15,Tue,6,"'데미안'의 단상, 생각","완벽보다 완수를, 전부보다 전진을, 계획보다 유연성을 선택하세요",35,275,26,,,,,https://blog.naver.com/jklovelike/223933940273
2025-07-14,Mon,14,'데미안'의 자기혁신,근거 없는 자신감이 필요합니다. 스스로 과대평가하세요,29,352,33,,,,,https://blog.naver.com/jklovelike/223933062792
2025-07-14,Mon,5,"'데미안'의 단상, 생각",익숙한 실패보다는 불편한 성장을 택하자,21,234,28,,,,,https://blog.naver.com/jklovelike/223932589946
2025-07-13,Sun,20,책쓰기 프로젝트,나름 기간을 나눠서 하니 종이책 퇴고도 재밌네요,26,234,26,,,,,https://blog.naver.com/jklovelike/223932247445
2025-07-13,Sun,5,"'데미안'의 단상, 생각",오늘은 운이 좋은 날입니다,14,266,64,,,,,https://blog.naver.com/jklovelike/223931622553
2025-07-12,Sat,22,"'데미안'의 단상, 생각",지혜로운 사람은 행복한 인물이다,17,216,19,,,,,https://blog.naver.com/jklovelike/223931410273
2025-07-12,Sat,5,"'데미안'의 단상, 생각","인생이란 결국, 어떻게 버티느냐에 대한 이야기다. 그 버팀의 기록을 써라",40,252,25,,,,,https://blog.naver.com/jklovelike/223930691807
2025-07-12,Sat,5,수능/수능공부법/합격수기,고3 현역 정시 파이터를 위한 글 (서울대 합격 수기),30,136,2,1048,9,0,0,https://blog.naver.com/jklovelike/223930684012
2025-07-11,Fri,21,"'데미안'의 단상, 생각",내가 자발적으로 매일매일 글을 쓰는 이유는 무엇일까?,29,264,29,,,,,https://blog.naver.com/jklovelike/223930357191
2025-07-11,Fri,13,"'데미안'의 단상, 생각",하고 싶은 일을 하기 위해서는 하기 싫은 일을 해야 할 때가 있습니다,38,244,23,,,,,https://blog.naver.com/jklovelike/223929854274
2025-07-11,Fri,5,"'데미안'의 단상, 생각",잘못된 완벽주의 - 늦잠을 자면 그날 하루를 공쳤다며 대충 일과를 보내던 친구가 생각납니다,50,257,20,,,,,https://blog.naver.com/jklovelike/223929422554
2025-07-11,Fri,5,수능/수능공부법/합격수기,고3 수능 34458에서 재수 11121 나온 재수 성공 수기 (정시파이터 합격 수기),48,139,1,1117,18,0,0,https://blog.naver.com/jklovelike/223929416182
2025-07-10,Thu,20,수능/수능공부법/합격수기,2025년 7월 고3 교육청 모의고사 등급컷 (예상/추정 등급컷),36,155,5,268,12,0,0,https://blog.naver.com/jklovelike/223929056976
2025-07-10,Thu,17,"'데미안'의 단상, 생각",자기 자신만의 리듬이 있나요?,16,259,19,,,,,https://blog.naver.com/jklovelike/223928869751
2025-07-10,Thu,5,"'데미안'의 단상, 생각",결과가 아닌 과정 중심적인 사고가 필요하다,23,230,29,,,,,https://blog.naver.com/jklovelike/223928155777
2025-07-09,Wed,21,독서 단상,독서는 밤에 뿌리를 내린다,14,259,25,,,,,https://blog.naver.com/jklovelike/223927886877
2025-07-09,Wed,13,블로그 성장/노하우/팁,블로그 아직도 하고 계시네요?,16,285,44,,,,,https://blog.naver.com/jklovelike/223927332320
2025-07-09,Wed,5,"'데미안'의 단상, 생각",내가 인용한 구절의 출처를 상대가 알고 있을 때 괜스레 반갑더군요,36,231,20,,,,,https://blog.naver.com/jklovelike/223926919105
2025-07-08,Tue,13,"'데미안'의 단상, 생각",7월 말부터 블로그를 더 열심히 해야지,21,309,51,,,,,https://blog.naver.com/jklovelike/223926082417
2025-07-08,Tue,4,'데미안'의 자기혁신,성공을 이루는 조각은 과연 무엇일까?,20,266,31,,,,,https://blog.naver.com/jklovelike/223925612524
2025-07-08,Tue,4,수능/수능공부법/합격수기,집 공부에 대하여 / 집에서 공부하기 보다는 밖에서 공부를 더 마친 뒤 귀가하자,44,195,3,454,4,0,0,https://blog.naver.com/jklovelike/223925608758
2025-07-07,Mon,16,"'데미안'의 단상, 생각","쉬운 삶을 바라지 말고, 더 강한 사람이 되기를 바라라",30,269,24,,,,,https://blog.naver.com/jklovelike/223925010484
2025-07-07,Mon,13,"'데미안'의 단상, 생각","인정욕구, 인정이라는 미끼",14,270,24,,,,,https://blog.naver.com/jklovelike/223924697141
2025-07-07,Mon,5,독서 단상,많이 읽는 사람은 두 번 산다,16,252,31,,,,,https://blog.naver.com/jklovelike/223924322816
2025-07-06,Sun,20,블로그 성장/노하우/팁,"블로그, 반복과 재활용을 두려워하지 마세요",23,272,36,,,,,https://blog.naver.com/jklovelike/223923967650
2025-07-06,Sun,13,블로그 성장/노하우/팁,글쓰기 슬럼프가 왔다는 중1 블로그 독자,22,264,25,,,,,https://blog.naver.com/jklovelike/223923651838
2025-07-06,Sun,5,"'데미안'의 단상, 생각",기세를 탔을 때 그 파도의 등줄기 위에 몸을 실려야 합니다,32,223,26,,,,,https://blog.naver.com/jklovelike/223923370016
2025-07-06,Sun,5,수능/수능공부법/합격수기,독학 재수를 준비하는 수능 수험생에게 전하는 조언,27,128,4,735,9,0,0,https://blog.naver.com/jklovelike/223923368087
2025-07-05,Sat,17,"'데미안'의 단상, 생각",분주한 주말입니다. 자발적 바쁨은 생각보다 여유롭습니다,30,239,32,,,,,https://blog.naver.com/jklovelike/223922919313
2025-07-05,Sat,13,블로그 성장/노하우/팁,블로그 글쓰기 - 나를 위해서 글을 쓰고 있나요?,27,259,27,,,,,https://blog.naver.com/jklovelike/223922771167
2025-07-05,Sat,6,일상의 기록,어제 블로그 이웃 두 분을 만나 뵈었습니다. 그 두 분은 누구였을까요?,39,299,47,,,,,https://blog.naver.com/jklovelike/223922483261
2025-07-05,Sat,4,수능/수능공부법/합격수기,"재수와 반수 꿀팁 (재종, 독서실, 독재학원, 기숙학원 비교와 추천)",38,146,6,417,7,0,0,https://blog.naver.com/jklovelike/223922462235
2025-07-04,Fri,17,"'데미안'의 단상, 생각",지금 블로그 이웃 만나러 갑니다,17,259,30,,,,,https://blog.naver.com/jklovelike/223921978303
2025-07-04,Fri,15,블로그 성장/노하우/팁,"이웃 26,000명 블로그를 키우는 데 도움 되었던 블로그 책 4권을 소개합니다",44,331,49,,,,,https://blog.naver.com/jklovelike/223921776705
2025-07-04,Fri,5,"'데미안'의 단상, 생각","애쓰지 말라는 말, 때로는 무책임한 말이다",23,244,27,,,,,https://blog.naver.com/jklovelike/223921244400
2025-07-04,Fri,5,수능/수능공부법/합격수기,오만과 안일과 연애로 세 번 수능 실패하고 사수 반수로 의대 합격한 후기,40,169,3,776,9,0,0,https://blog.naver.com/jklovelike/223921236746
2025-07-03,Thu,21,블로그 성장/노하우/팁,블로그 팁 - 평상시 생각대로 쓰세요,20,286,20,,,,,https://blog.naver.com/jklovelike/223920947646
2025-07-03,Thu,20,블로그 성장/노하우/팁,블로그가 커지면서 겪는 일 - 나 자신을 얼마나 공개하고 드러낼 것인가?,40,306,25,,,,,https://blog.naver.com/jklovelike/223920866038
2025-07-03,Thu,15,"'데미안'의 단상, 생각",자신이 선택한 트랙 위에 올라섰다면 계속 달리세요,27,256,36,,,,,https://blog.naver.com/jklovelike/223920512643
2025-07-03,Thu,5,"'데미안'의 단상, 생각","19년간 278권의 저서를 내서 155억 원의 수입을 얻었다는 작가, 그의 책 몇 권을 읽어보려고 합니다",58,263,24,,,,,https://blog.naver.com/jklovelike/223920001092
2025-07-03,Thu,5,수능/수능공부법/합격수기,효율 있다고 여겨지는 수능 과목별 공부 습관,24,153,2,672,2,0,2,https://blog.naver.com/jklovelike/223919989940
2025-07-02,Wed,22,"'데미안'의 단상, 생각",'걱정을 가져가고 행운을 주는 걱정인형'을 갖고 있는 제자에게 물어봤다,39,246,25,,,,,https://blog.naver.com/jklovelike/223919717121
2025-07-02,Wed,19,"'데미안'의 단상, 생각",우리는 이제 서로 재미없는 사이다,18,293,32,,,,,https://blog.naver.com/jklovelike/223919571711
2025-07-02,Wed,14,블로그 성장/노하우/팁,블로그 그만둘까 하다가 계속했습니다,19,284,30,,,,,https://blog.naver.com/jklovelike/223919209192
2025-07-02,Wed,12,"'데미안'의 단상, 생각",정진하면서 겪는 외로움을 즐길 수 있어야 합니다,26,210,11,,,,,https://blog.naver.com/jklovelike/223918748878
2025-07-02,Wed,5,"'데미안'의 단상, 생각",아마추어는 앉아서 가만히 영감을 기다린다. 프로는 그냥 일어나서 작업하러 간다,43,238,37,,,,,https://blog.naver.com/jklovelike/223918722293
2025-07-02,Wed,4,수능/수능공부법/합격수기,삼수해서 의대 합격한 학생이 쓴 <삼수 성공한 방법>,29,159,3,762,11,0,0,https://blog.naver.com/jklovelike/223918715531
2025-07-01,Tue,19,블로그 성장/노하우/팁,반년 만에 서로이웃 신청 100명 받습니다,23,296,196,,,,,https://blog.naver.com/jklovelike/223918316900
2025-07-01,Tue,16,"'데미안'의 단상, 생각",지하철 글쓰기를 조심해야 한다,16,281,43,,,,,https://blog.naver.com/jklovelike/223918133772
2025-07-01,Tue,14,블로그 성장/노하우/팁,"블로그 이웃 삭제 당하는 것과 관련하여 - 누군가는 오고, 다른 누군가는 떠난다",44,305,23,,,,,https://blog.naver.com/jklovelike/223917903757
2025-07-01,Tue,13,수능/수능공부법/합격수기,2025년 6월 모의평가 확정 등급컷 (6월 모의고사 국어 수학 원점수 등급컷),44,121,2,358,6,0,1,https://blog.naver.com/jklovelike/223917867961
2025-07-01,Tue,5,으쌰으쌰+블로그는 마술이다,으쌰으쌰 2기 6월 '1일 2포' 챌린지 결과 - 47명 중 37명 완주했습니다,44,198,28,,,,,https://blog.naver.com/jklovelike/223917450224
2025-07-01,Tue,5,수능/수능공부법/합격수기,고등학교 자퇴 후 검정고시와 수능을 준비하는 학생들을 위한 학습 가이드,39,139,2,358,11,0,0,https://blog.naver.com/jklovelike/223917436481
2025-06-30,Mon,20,"'데미안'의 단상, 생각",오늘 블로그 이웃분이 기쁜 소식을 알려주셨습니다,26,283,30,,,,,https://blog.naver.com/jklovelike/223917015554
2025-06-30,Mon,17,"'데미안'의 단상, 생각",움직이는 자만이 길을 헤매는 법이다. 헤매며 나의 길을 찾아보자,35,233,26,,,,,https://blog.naver.com/jklovelike/223916800872
2025-06-30,Mon,12,"'데미안'의 단상, 생각",줄 세울 수 없는 나만의 유일한 가치를 찾아보라,26,214,29,,,,,https://blog.naver.com/jklovelike/223916476661
2025-06-30,Mon,5,으쌰으쌰+블로그는 마술이다,으쌰으쌰 3기의 저변이 넓어진 기분입니다. 이번에 외국인 두 분과 고2 학생도 참여합니다,49,199,33,,,,,https://blog.naver.com/jklovelike/223916133895
2025-06-30,Mon,4,수능/수능공부법/합격수기,수능 수학 성적이 잘 안 나오는 이유,20,134,3,624,9,0,1,https://blog.naver.com/jklovelike/223916121228
2025-06-29,Sun,13,블로그 성장/노하우/팁,필력이 부족해서 블로그와 책쓰기를 못하겠다,23,365,36,,,,,https://blog.naver.com/jklovelike/223915497061
2025-06-29,Sun,5,블로그 성장/노하우/팁,새벽 일찍 블로그에 글을 쓰는 이유,19,250,33,,,,,https://blog.naver.com/jklovelike/223915218870
2025-06-29,Sun,4,수능/수능공부법/합격수기,홍익대학교(홍대) 2025년 수시 정시 입시결과 (학생부/수능 성적 입결),41,118,2,295,5,0,0,https://blog.naver.com/jklovelike/223915209414
2025-06-28,Sat,21,으쌰으쌰+블로그는 마술이다,으쌰으쌰 3기 <7월 챌린지 1일 2포> 한 달 글쓰기 챌린지 모집합니다,40,250,180,,,,,https://blog.naver.com/jklovelike/223914963305
2025-06-28,Sat,12,'데미안'의 자기혁신,익숙해서 더 효율적인 길 vs 낯설어서 더 불편하고 헤맬 수 있는 길,38,239,18,,,,,https://blog.naver.com/jklovelike/223914588939
2025-06-28,Sat,5,'데미안'의 수능 칼럼 ,나쁜 머리를 극복하기 위해 수학 문제집을 100번 넘게 푼 학생을 본 적이 있는가? '매일 15시간 수능 공부하는 제자 사례' (feat.노력과 재능),84,362,61,5838,36,0,12,https://blog.naver.com/jklovelike/223914360125
2025-06-27,Fri,20,블로그 성장/노하우/팁,블로그 글쓰기 - 글감을 즉각 기록하자,21,244,24,,,,,https://blog.naver.com/jklovelike/223914013133
2025-06-27,Fri,14,"'데미안'의 단상, 생각",제대로 변화하고 싶은가? 그렇다면 목숨 걸고 바꿔봐라,29,246,21,,,,,https://blog.naver.com/jklovelike/223913629518
2025-06-27,Fri,5,"'데미안'의 단상, 생각","인간은 의미를 추구하는 존재이며, 그것을 완수할 책임이 있다",33,225,20,,,,,https://blog.naver.com/jklovelike/223913193180
2025-06-26,Thu,21,독서 단상,도서관 나들이 / 도서관 연체료도 이제 온라인 결제가 되더군요 / 도서 목록 기록에 대한 단상,52,228,15,,,,,https://blog.naver.com/jklovelike/223912871418
2025-06-26,Thu,18,블로그 이웃 포스트 공유,[공유] 검마사 100일 챌린지 시즌 4 신청을 받습니다,31,112,4,,,,,https://blog.naver.com/jklovelike/223912760652
2025-06-26,Thu,15,"'데미안'의 단상, 생각",왜 꾸준해야 하는가,10,294,27,,,,,https://blog.naver.com/jklovelike/223912522523
2025-06-26,Thu,5,블로그 성장/노하우/팁,"블로그, 끝까지 살아남기 - 더 나아가 블로그로 성공하기",31,268,45,,,,,https://blog.naver.com/jklovelike/223911959516
2025-06-26,Thu,4,수능/수능공부법/합격수기,2025년 동국대 정시 등급 + 수시 등급 (동국대학교 정시 수시 입결),40,111,0,469,11,0,0,https://blog.naver.com/jklovelike/223911946423
2025-06-25,Wed,22,블로그 성장/노하우/팁,블로그 성장 노하우 - 창작하지 말고 기록하라,25,284,31,,,,,https://blog.naver.com/jklovelike/223911749245
2025-06-25,Wed,20,"'데미안'의 단상, 생각",복리효과와 괄목상대 - 복리는 우리 자신이 훗날에 얼마나 놀랄지 시험한다,40,199,17,,,,,https://blog.naver.com/jklovelike/223911631872
2025-06-25,Wed,16,블로그 이웃 포스트 공유,[공유] <나는 여전히 분홍색 원피스를 꿈꿔요> 출간합니다,32,117,10,,,,,https://blog.naver.com/jklovelike/223911402545
2025-06-25,Wed,5,"'데미안'의 단상, 생각",굳이 적을 만들지 않는 게 좋다 - 메시지를 표현하는 방식이 중요하다,38,249,32,,,,,https://blog.naver.com/jklovelike/223910720384
2025-06-24,Tue,23,"'데미안'의 단상, 생각",하루의 끝은 감사로 마무리하라,16,238,38,,,,,https://blog.naver.com/jklovelike/223910536202
2025-06-24,Tue,19,"'데미안'의 단상, 생각",제 글에 맞춤법 오류나 오탈자나 잘못된 표현이 있으면 부담없이 알려주시면 감사합니다,46,230,22,,,,,https://blog.naver.com/jklovelike/223910341361
2025-06-24,Tue,5,'데미안'의 자기혁신,"이것도 하고 싶고, 저것도 하고 싶습니다. 어떻게 해야 할까요?",35,270,24,,,,,https://blog.naver.com/jklovelike/223909463478
2025-06-24,Tue,5,수능/수능공부법/합격수기,시험 공부 망하지 않는 법 - 지성 양치기 / 메타인지&피드백,34,165,14,508,3,0,1,https://blog.naver.com/jklovelike/223909453205
2025-06-23,Mon,20,블로그 성장/노하우/팁,<블로그 성장 노하우> 3만 블로거가 되기 위한 방법,29,307,49,,,,,https://blog.naver.com/jklovelike/223909128192
2025-06-23,Mon,12,"'데미안'의 단상, 생각",시작하지 않으면 늘 0인 상태다. 시작해 봐야 뭐라도 일어난다,34,230,21,,,,,https://blog.naver.com/jklovelike/223908566316
2025-06-23,Mon,5,"'데미안'의 단상, 생각",매일 새벽마다 내게 들려주는 말이 있습니다,23,237,26,,,,,https://blog.naver.com/jklovelike/223908234958
2025-06-22,Sun,20,블로그 성장/노하우/팁,블로그를 재밌게 하는 방법이 있을까요?,21,302,45,,,,,https://blog.naver.com/jklovelike/223907911384
2025-06-22,Sun,17,블로그 이웃 포스트 공유,"[공유] [필이북토크초대] 6월 29일, 필이 생애 첫 북토크 초대^^*",40,108,1,,,,,https://blog.naver.com/jklovelike/223907770563
2025-06-22,Sun,13,독서 단상,억만장자인 워렌 버핏이 한평생 꾸준히 읽어온 이유 (독서는 최고의 자기 투자 방법이다),48,304,24,,,,,https://blog.naver.com/jklovelike/223907619673
2025-06-22,Sun,5,블로그 성장/노하우/팁,저는 블로그를 하면서 인간 관계의 질과 폭이 달라졌습니다 (블우정과 블친),41,248,42,,,,,https://blog.naver.com/jklovelike/223907369236
2025-06-21,Sat,19,"'데미안'의 단상, 생각",내가 스스로 세운 글쓰기 원칙과 기준이 있는가? (feat.김종원 작가님),41,257,40,,,,,https://blog.naver.com/jklovelike/223907043287
2025-06-21,Sat,15,"'데미안'의 단상, 생각",나 자신을 움직이게 만드는 꿈이 있나요? 꿈이 있는 자는 남다릅니다,37,231,11,,,,,https://blog.naver.com/jklovelike/223906852767
2025-06-21,Sat,5,"'데미안'의 단상, 생각",2025년 후반기 목표와 계획을 세워보셨나요?,25,203,24,,,,,https://blog.naver.com/jklovelike/223906522370
2025-06-21,Sat,5,수능/수능공부법/합격수기,학폭(학교 폭력) 피해자였던 재수생이 전하는 수험 생활 멘탈 조언,36,140,4,556,5,0,0,https://blog.naver.com/jklovelike/223906520403
2025-06-20,Fri,22,"'데미안'의 단상, 생각",우선순위를 염두에 두고 행동해 보세요,20,212,17,,,,,https://blog.naver.com/jklovelike/223906319361
2025-06-20,Fri,16,블로그 성장/노하우/팁,블로그 할 때 포스트 수준에 대한 기준을 낮추어서 하세요,31,281,54,,,,,https://blog.naver.com/jklovelike/223905993210
2025-06-20,Fri,5,"'데미안'의 단상, 생각",블로그 이웃분들의 칭찬은 때때로 큰 힘이 됩니다,26,242,34,,,,,https://blog.naver.com/jklovelike/223905353344
2025-06-19,Thu,19,"'데미안'의 단상, 생각","삶을 바꾸는 원칙, 인생에 질서를 부여하는 방법",26,248,15,,,,,https://blog.naver.com/jklovelike/223904978611
2025-06-19,Thu,5,"'데미안'의 단상, 생각",하고 싶은 일이 있어야 한다,15,244,29,,,,,https://blog.naver.com/jklovelike/223904183034
2025-06-18,Wed,21,"'데미안'의 단상, 생각",하기로 했으면 계속 해야만 합니다,18,266,22,,,,,https://blog.naver.com/jklovelike/223903902490
2025-06-18,Wed,16,"'데미안'의 단상, 생각",고통을 생산적인 방향으로 승화하라,18,217,19,,,,,https://blog.naver.com/jklovelike/223903604314
2025-06-18,Wed,6,"'데미안'의 단상, 생각",나에게는 나 자신이 되는 것 말고는 또 다른 길이란 없다,31,253,28,,,,,https://blog.naver.com/jklovelike/223902971558
2025-06-18,Wed,5,수능/수능공부법/합격수기,고3 현역 수능 433235에서 재수 독학 300일간 매일 14시간 공부해서 서울대 합격한 수기(집 독학 재수 후기),65,175,3,2623,12,0,3,https://blog.naver.com/jklovelike/223902959100
2025-06-17,Tue,22,'데미안'의 수능 칼럼 ,칭찬에 다소 인색하고 아이들에게 엄격한 수학 강사의 이야기,32,195,19,1624,2,0,4,https://blog.naver.com/jklovelike/223902740139
2025-06-17,Tue,16,"'데미안'의 단상, 생각",당신이 찾는 답은 행동 속에 있다,18,199,22,,,,,https://blog.naver.com/jklovelike/223902362413
2025-06-17,Tue,5,"'데미안'의 단상, 생각",글을 쓰는 것은 마술이다,13,212,28,,,,,https://blog.naver.com/jklovelike/223901727066
2025-06-17,Tue,5,수능/수능공부법/합격수기,"반수 5개월 수능 공부해서 정시 의대 세 군데 합격한 학생의 수기 - ""본인의 약점을 파악하여 효율적으로 공부하라""",64,166,5,1409,8,0,0,https://blog.naver.com/jklovelike/223901716485
2025-06-16,Mon,22,블로그 이웃 포스트 공유,[공유] [작가사인이벤트] 랜덤 발송된 작가 사인본! 보기와 같은 사인을 찾아라!! 🎁 🎉♨️공유부탁♨️🙏,59,101,1,,,,,https://blog.naver.com/jklovelike/223901469486
2025-06-16,Mon,12,"'데미안'의 단상, 생각",운명은 습관이다,8,271,25,,,,,https://blog.naver.com/jklovelike/223900811433
2025-06-16,Mon,5,으쌰으쌰+블로그는 마술이다,<으쌰으쌰 1일 2포> 6월 챌린지 반환점을 돌며,27,192,26,,,,,https://blog.naver.com/jklovelike/223900479386
2025-06-15,Sun,13,"'데미안'의 단상, 생각",후회가 없다,6,246,19,,,,,https://blog.naver.com/jklovelike/223899832200
2025-06-15,Sun,12,수능/수능공부법/합격수기,2025년 6월 모의평가 수학 정답률과 등급컷 예측 자료 (6월 모의고사 확통 미적분 기하 등급컷 예측),58,117,2,277,13,0,1,https://blog.naver.com/jklovelike/223899812343
2025-06-15,Sun,5,'데미안'의 자기혁신,오늘 공부한 건 언젠가 도움 된다. 꾸준히 배워나가자,29,222,31,,,,,https://blog.naver.com/jklovelike/223899612677
2025-06-15,Sun,5,수능/수능공부법/합격수기,서강대 2025년 정시등급 수시등급 입시 결과(입결),29,111,1,396,5,0,1,https://blog.naver.com/jklovelike/223899600448
2025-06-14,Sat,23,Na,"[공유] 독서, 사색, 필사, 글쓰기를 하며 듣기 좋은 음악 1",35,127,1,,,,,https://blog.naver.com/jklovelike/223899433638
2025-06-14,Sat,17,"'데미안'의 단상, 생각",마음이 복잡할수록 단순한 명언 하나가 삶을 바꾼다,27,234,16,,,,,https://blog.naver.com/jklovelike/223899196024
2025-06-14,Sat,6,"'데미안'의 단상, 생각","<Love&읽걷쓰 5문 오답 챌린지> 나에게 가족, 읽기, 걷기, 쓰기란 무엇일까?",46,182,20,,,,,https://blog.naver.com/jklovelike/223898758098
2025-06-13,Fri,23,"'데미안'의 단상, 생각",스스로를 다독이는 기술이야말로 최고의 자기계발이다,27,236,17,,,,,https://blog.naver.com/jklovelike/223898564916
2025-06-13,Fri,5,"'데미안'의 단상, 생각",순간을 잡아라. 인생은 순간과의 싸움이다,22,212,25,,,,,https://blog.naver.com/jklovelike/223897609925
2025-06-12,Thu,22,"'데미안'의 단상, 생각",오늘도 액땜했다,8,231,44,,,,,https://blog.naver.com/jklovelike/223897383324
2025-06-12,Thu,6,"'데미안'의 단상, 생각",매일매일 나는 정신적으로 성장해 나가고 있다,24,248,24,,,,,https://blog.naver.com/jklovelike/223896454274
2025-06-11,Wed,20,블로그 이웃 포스트 공유,"[공유] 저의 첫 종이책『아빠와 딸, 조용히 서재로 숨었다』예약 판매 시작",41,142,5,,,,,https://blog.naver.com/jklovelike/223896123120
2025-06-11,Wed,15,'데미안'의 자기혁신,기록을 보다 더 꼼꼼히 해야겠다,17,261,22,,,,,https://blog.naver.com/jklovelike/223895794521
2025-06-11,Wed,5,"'데미안'의 단상, 생각",삶을 형성하는 10%는 일어난 일이다. 나머지 90%는 그 일에 대한 반응이다,43,226,19,,,,,https://blog.naver.com/jklovelike/223895274174
2025-06-10,Tue,14,'데미안'의 수능 칼럼 ,고2 마지막 모의고사 수학 4등급 -> 고3 6월 모의평가 수학 확통 2등급 제자 이야기,49,144,10,1724,5,0,4,https://blog.naver.com/jklovelike/223894529524
2025-06-10,Tue,5,"'데미안'의 단상, 생각",글을 잘 쓰기 위해서는 그만큼 나의 삶을 잘 살아내야 합니다,33,251,31,,,,,https://blog.naver.com/jklovelike/223894088623
2025-06-09,Mon,22,"'데미안'의 단상, 생각",행복해지는 간명한 방법,12,195,16,,,,,https://blog.naver.com/jklovelike/223893854823
2025-06-09,Mon,5,독서 단상,책읽기는 휴식이다 (독서하면서 쉬기),20,220,29,,,,,https://blog.naver.com/jklovelike/223892857999
2025-06-09,Mon,5,수능/수능공부법/합격수기,집 독재(독학 재수)로 의대합격한 수기 / 수능 수학 기출 교재 10회독한 재수생,45,175,3,947,7,0,0,https://blog.naver.com/jklovelike/223892853295
2025-06-08,Sun,21,'데미안'의 수능 칼럼 ,2025수능 수학 미적분 4등급에서 100일만에 2025년 6월 모의평가 1등급 받은 제자 사례,53,186,17,1864,7,0,19,https://blog.naver.com/jklovelike/223892555254
2025-06-08,Sun,5,"'데미안'의 단상, 생각","105살 철학자 김형석 명예교수 어록과 명언 ""성장하는 동안은 늙지 않는다""",42,231,28,,,,,https://blog.naver.com/jklovelike/223891965062
2025-06-07,Sat,22,"'데미안'의 단상, 생각",세상의 모든 콘텐츠가 꾸준함이 중요하다고 알려준다,27,283,20,,,,,https://blog.naver.com/jklovelike/223891765060
2025-06-07,Sat,15,"'데미안'의 단상, 생각",본인의 열정을 추구하라,12,253,15,,,,,https://blog.naver.com/jklovelike/223891446035
2025-06-07,Sat,5,"'데미안'의 단상, 생각",당신이 매일 아침 일어나는 이유를 잊지 마라,24,207,19,,,,,https://blog.naver.com/jklovelike/223891096027
2025-06-06,Fri,22,독서 단상,책이야말로 가장 저평가된 투자 자산이다,21,232,27,,,,,https://blog.naver.com/jklovelike/223890890799
2025-06-06,Fri,19,수능/수능공부법/합격수기,2025년 고3 6월 모의고사 수학 오답률 순위 (6월 모의평가 수학 공통 미적 확통 기하 정답률),55,120,1,189,6,0,1,https://blog.naver.com/jklovelike/223890762007
2025-06-06,Fri,6,"'데미안'의 단상, 생각",내 삶의 방식에 확신이 있기 때문에 타인의 삶 또한 존중한다,33,198,24,,,,,https://blog.naver.com/jklovelike/223890214728
2025-06-05,Thu,19,'데미안'의 자기혁신,매일매일 조금씩이라도 성장해 보라. 성장 과정을 즐겨보라,31,257,19,,,,,https://blog.naver.com/jklovelike/223889841036
2025-06-05,Thu,16,수능/수능공부법/합격수기,무휴학 반수 성공 사례 - 대학교 2학기 휴학 없이 수능 반수 성공한 후기 및 팁과 노하우,50,143,3,473,8,0,1,https://blog.naver.com/jklovelike/223889630439
2025-06-05,Thu,6,"'데미안'의 단상, 생각",<꾸준함 릴레이 챌린지> 당신이 생각하는 꾸준함은 무엇인가요?,34,216,20,,,,,https://blog.naver.com/jklovelike/223889062349
2025-06-04,Wed,20,'데미안'의 자기혁신,내가 정말 무엇을 원하는지 잘 알아야 한다. 그런 뒤에 다른 좋은 것을 거절하라,44,243,23,,,,,https://blog.naver.com/jklovelike/223888732002
2025-06-04,Wed,19,수능/수능공부법/합격수기,2025년 고3 6월 모의평가 등급컷 (6월 모의고사 예상 등급컷),37,138,6,305,16,5,0,https://blog.naver.com/jklovelike/223888663873
2025-06-04,Wed,15,"'데미안'의 단상, 생각",삶은 안락함만으로는 충분하지 않다. 편안은 목표가 아니다,31,218,16,,,,,https://blog.naver.com/jklovelike/223888382817
2025-06-04,Wed,5,블로그 성장/노하우/팁,새벽에 새롭게 추가된 루틴이 있습니다 - 1일2포 챌린지 운영입니다,37,215,31,,,,,https://blog.naver.com/jklovelike/223887837760
2025-06-03,Tue,19,"'데미안'의 단상, 생각",상처 받기를 피하지 말자. 상처가 남길 흉터를 훈장으로 바꿔 생각하자,38,248,22,,,,,https://blog.naver.com/jklovelike/223887480540
2025-06-03,Tue,14,"'데미안'의 단상, 생각",당구 안 배우길 잘했다 ('잡기에 능해야 한다'라는 이야기),33,234,20,,,,,https://blog.naver.com/jklovelike/223887188264
2025-06-03,Tue,5,독서 단상,독서법(10) 재미 또는 영감을 주지 못하는 책은 덮어라,31,233,26,,,,,https://blog.naver.com/jklovelike/223886829445
2025-06-02,Mon,23,"'데미안'의 단상, 생각",늦은 밤 퇴근길에 스마트폰 배터리가 얼마 안 남았네요,29,205,20,,,,,https://blog.naver.com/jklovelike/223886644835
2025-06-02,Mon,15,"'데미안'의 단상, 생각",하루하루 견뎌낸 그 시간이 결국 자기 자신을 형성한다,29,257,18,,,,,https://blog.naver.com/jklovelike/223886152772
2025-06-02,Mon,6,블로그 성장/노하우/팁,1일 2포를 계속 해 나가는 이유,18,230,25,,,,,https://blog.naver.com/jklovelike/223885558219
2025-06-02,Mon,5,수능/수능공부법/합격수기,한 수험생의 수능 수학 실전 모의고사 주관적 후기 (2024년 기준 실모 리뷰),44,140,2,412,10,0,7,https://blog.naver.com/jklovelike/223885540498
2025-06-01,Sun,21,"'데미안'의 단상, 생각","오늘 잠 두 시간 반 자고, 수업을 연달아 하고도 덜 힘든 이유",35,258,31,,,,,https://blog.naver.com/jklovelike/223885246886
2025-06-01,Sun,13,"'데미안'의 단상, 생각",혼자의 시간이 쌓여야 비로소 단단한 삶이 시작된다,27,277,27,,,,,https://blog.naver.com/jklovelike/223884887710
2025-06-01,Sun,12,블로그 이웃 포스트 공유,"[공유] [공감,작은 생각 137] 블로그 8할의 책임자(?)를 공개합니다.",42,104,4,,,,,https://blog.naver.com/jklovelike/223884851691
2025-06-01,Sun,7,"'데미안'의 단상, 생각","최근에 감동한 적이 있는가? 내가 감동한 만큼, 삶은 진해진다.",35,201,19,,,,,https://blog.naver.com/jklovelike/223884663422
2025-06-01,Sun,5,으쌰으쌰+블로그는 마술이다,으쌰으쌰 5월 '1일 2포' 챌린지 성과 - 완주 성공률 90%입니다,38,171,27,,,,,https://blog.naver.com/jklovelike/223884645996
2025-06-01,Sun,5,수능/수능공부법/합격수기,단기간에 수능 과탐 1등급 맞는 효율적인 과학 탐구 공부법,32,134,2,482,7,0,0,https://blog.naver.com/jklovelike/223884632532
2025-05-31,Sat,23,'데미안'의 수능 칼럼 ,"고3 6월 모의평가 전에 수학 수능 특강 레벨2, 레벨3 문제 정도는 풀어봐도 좋습니다 + EBS 수특 정오표",61,131,7,805,4,0,0,https://blog.naver.com/jklovelike/223884441150
2025-05-31,Sat,15,블로그 성장/노하우/팁,눈치 보지 말아야 블로그 글이 술술 나온다,23,264,24,,,,,https://blog.naver.com/jklovelike/223884085594
2025-05-31,Sat,6,"'데미안'의 단상, 생각",새로운 달은 늘 기대된다. 이번 6월은 더더욱 그렇다,29,227,35,,,,,https://blog.naver.com/jklovelike/223883743704
2025-05-31,Sat,5,수능/수능공부법/합격수기,2025년 건국대 정시 등급 입시 결과 (2025학년도 건대 수능 입결),40,122,3,336,3,0,0,https://blog.naver.com/jklovelike/223883738839
2025-05-30,Fri,22,블로그 성장/노하우/팁,모바일 블로그 어플로 블로그 '월별 포스팅 개수' 확인하는 방법,35,185,14,,,,,https://blog.naver.com/jklovelike/223883529699
2025-05-30,Fri,5,"'데미안'의 단상, 생각",인생에서의 좋은 일은 나 자신에 달려있다,22,251,30,,,,,https://blog.naver.com/jklovelike/223882612877
2025-05-29,Thu,21,으쌰으쌰+블로그는 마술이다,으쌰으쌰 <6월 챌린지 1일 2포> 한 달 글쓰기 챌린지 모집합니다,37,241,186,,,,,https://blog.naver.com/jklovelike/223882335844
2025-05-29,Thu,19,블로그 성장/노하우/팁,"블로그 포스트 스크랩 총 횟수가 60,000회가 되었습니다 + 꾸준함에 대하여",43,237,35,,,,,https://blog.naver.com/jklovelike/223882252688
2025-05-29,Thu,19,블로그 이웃 포스트 공유,[공유] 각성(ft.태도와 마인드),19,117,2,,,,,https://blog.naver.com/jklovelike/223882231394
2025-05-29,Thu,16,블로그 이웃 포스트 공유,[공유] [탄생📚🎂] 빨간목욕탕 사전 예약 판매 이벤트!! 놓치지 마세요~! 🤗,44,111,4,,,,,https://blog.naver.com/jklovelike/223882047457
2025-05-29,Thu,5,"'데미안'의 단상, 생각",일기를 쓰세요,7,286,24,,,,,https://blog.naver.com/jklovelike/223881438544
2025-05-29,Thu,5,수능/수능공부법/합격수기,2025년 5월 더프 모의고사 등급컷 (실제컷과 보정컷),31,117,1,207,4,0,0,https://blog.naver.com/jklovelike/223881429405
2025-05-28,Wed,21,블로그 성장/노하우/팁,블로그에는 글 잘 쓰는 사람이 많습니다. 하지만 이게 또 필요합니다,37,327,33,,,,,https://blog.naver.com/jklovelike/223881189154
2025-05-28,Wed,5,"'데미안'의 단상, 생각",새벽을 좋아하는 이유,11,248,30,,,,,https://blog.naver.com/jklovelike/223880257603
2025-05-27,Tue,23,"'데미안'의 단상, 생각",완벽한 글을 쓰지 말자. 못 쓴 글을 꾸준히 내놓자,28,259,22,,,,,https://blog.naver.com/jklovelike/223880048398
2025-05-27,Tue,20,"'데미안'의 단상, 생각",성장을 위해서는 불확실성을 감내해야 합니다,23,229,11,,,,,https://blog.naver.com/jklovelike/223879884124
2025-05-27,Tue,16,블로그 성장/노하우/팁,내가 블로그에 쓴 글을 종종 찾아 읽는다,22,261,18,,,,,https://blog.naver.com/jklovelike/223879690463
2025-05-27,Tue,14,수능/수능공부법/합격수기,수능 수학 1등급은 어떤 실모(실전 모의고사)를 얼마나 풀까? 어떤 실모 교재를 풀까?,48,159,4,438,9,1,4,https://blog.naver.com/jklovelike/223879472965
2025-05-27,Tue,7,"'데미안'의 단상, 생각",5월 한 달 동안 새로운 루틴이 생겼습니다 + 한 달 1일 2포 챌린지를 하며,43,226,37,,,,,https://blog.naver.com/jklovelike/223879068364
2025-05-27,Tue,5,"'데미안'의 단상, 생각",내게 새벽녘은 간절한 시간이다,16,195,18,,,,,https://blog.naver.com/jklovelike/223879036762
2025-05-26,Mon,22,블로그 성장/노하우/팁,블로그는 내가 에너지를 투입한 만큼 결과가 나옵니다,28,218,34,,,,,https://blog.naver.com/jklovelike/223878818999
2025-05-26,Mon,5,"'데미안'의 단상, 생각",오늘도 앞으로 나아간다,12,217,23,,,,,https://blog.naver.com/jklovelike/223877689210
2025-05-26,Mon,5,수능/수능공부법/합격수기,2025년 5월 고3 모의고사 국어 수학 확정 등급컷 + 학원/입시 기관별 추정 등급 적중률,51,102,1,464,7,2,0,https://blog.naver.com/jklovelike/223877684183
2025-05-25,Sun,21,"'데미안'의 단상, 생각",좋아하는 작가님을 닮았다는 이야기를 스레드에서 들었습니다,31,229,23,,,,,https://blog.naver.com/jklovelike/223877385895
2025-05-25,Sun,16,'데미안'의 수능 칼럼 ,"수능 공부법, 왜 해설지를 참고하지 않을까? (해설지를 붙잡고 고민하지 않는 학생들을 보며)",51,186,6,1181,12,0,1,https://blog.naver.com/jklovelike/223877198564
2025-05-25,Sun,5,"'데미안'의 단상, 생각",'왜 내 삶의 역사를 기록하지 않았을까?'라는 후회를 하고 싶지 않다면,39,240,31,,,,,https://blog.naver.com/jklovelike/223876822664
2025-05-24,Sat,22,"'데미안'의 단상, 생각",두려움을 브레이크 아닌 동력으로 만드세요,22,232,17,,,,,https://blog.naver.com/jklovelike/223876632276
2025-05-24,Sat,7,일상의 기록,북크북크님 북크폭스 개업식에 다녀왔습니다 + 만났던 이웃분들에 대한 짧은 기록,43,233,25,,,,,https://blog.naver.com/jklovelike/223876010360
2025-05-24,Sat,5,블로그 이웃 포스트 공유,[공유] <나다움을 실행하는 하루 루틴> 전자책(epub) 무료 배포 이벤트,42,116,1,,,,,https://blog.naver.com/jklovelike/223875980710
2025-05-24,Sat,5,수능/수능공부법/합격수기,2024년 5월 더프 모의고사 등급컷(실제컷과 보정 등급컷),33,120,0,151,4,0,0,https://blog.naver.com/jklovelike/223875979571
2025-05-23,Fri,23,"'데미안'의 단상, 생각",약한 덕분에 성장의 즐거움을 더 느낄 수 있습니다,27,189,16,,,,,https://blog.naver.com/jklovelike/223875817740
2025-05-23,Fri,19,"'데미안'의 단상, 생각",밝게 사는 게 건강을 위한 양생법이다,20,239,17,,,,,https://blog.naver.com/jklovelike/223875655766
2025-05-23,Fri,6,"'데미안'의 단상, 생각",강연에 참석한 성인 청중들은 왜 질문을 잘 하지 않을까요? 호기심 앞에 부끄럽거나 불편한 것은 없습니다,57,261,32,,,,,https://blog.naver.com/jklovelike/223874875208
2025-05-22,Thu,17,"'데미안'의 단상, 생각",저녁 시간에 후련한 일 한 가지는 꼭 해 보자,25,265,25,,,,,https://blog.naver.com/jklovelike/223874398007
2025-05-22,Thu,6,'데미안'의 자기혁신,성장은 불편함 속에서 일어난다,16,238,29,,,,,https://blog.naver.com/jklovelike/223873716327
2025-05-21,Wed,15,"'데미안'의 단상, 생각",오늘을 사세요. 우리 전성기는 오늘과 함께 현재 진행 중입니다,34,273,35,,,,,https://blog.naver.com/jklovelike/223873058184
2025-05-21,Wed,6,"'데미안'의 단상, 생각",창피당한 경험만큼 성장해 나갈 수 있다,21,251,41,,,,,https://blog.naver.com/jklovelike/223872507064
2025-05-20,Tue,22,"'데미안'의 단상, 생각","지금 이 순간의 침묵이, 앞으로의 시끄러운 환호성을 준비한다",33,214,17,,,,,https://blog.naver.com/jklovelike/223872258518
2025-05-20,Tue,13,블로그 성장/노하우/팁,블로그가 재미없다는 사람,13,382,61,,,,,https://blog.naver.com/jklovelike/223871674620
2025-05-20,Tue,13,수능/수능공부법/합격수기,이과 학생의 수능 사탐 과탐 고민 / 이과생의 사탐런에 대하여,34,122,9,658,12,0,2,https://blog.naver.com/jklovelike/223871650023
2025-05-20,Tue,5,"'데미안'의 단상, 생각",귀찮음과 미룸만 이겨내도 삶이 간명하게 바뀝니다,26,238,35,,,,,https://blog.naver.com/jklovelike/223871240903
2025-05-19,Mon,23,"'데미안'의 단상, 생각",책을 그만 읽고 잠 좀 자라,15,256,34,,,,,https://blog.naver.com/jklovelike/223871055868
2025-05-19,Mon,6,"'데미안'의 단상, 생각",인생 노잼이었던 적이 거의 없다,17,257,34,,,,,https://blog.naver.com/jklovelike/223870064068
2025-05-18,Sun,11,블로그 성장/노하우/팁,블로그의 장점은 바로 축적과 불러오기에 있습니다,26,274,26,,,,,https://blog.naver.com/jklovelike/223869371319
2025-05-18,Sun,5,'데미안'의 자기혁신,할까? 말까? 본인만의 판단 기준이 있나요?,24,222,23,,,,,https://blog.naver.com/jklovelike/223869204103
2025-05-17,Sat,23,"'데미안'의 단상, 생각",과거가 어떻든 시간과 함께 나아가자,19,215,19,,,,,https://blog.naver.com/jklovelike/223869054421
2025-05-17,Sat,14,독서 단상,읽든 안 읽든 책을 물리적으로 가까이 두라,23,272,19,,,,,https://blog.naver.com/jklovelike/223868659279
2025-05-17,Sat,5,"'데미안'의 단상, 생각",강력한 생의 의지로 하루를 열어봅니다,20,198,25,,,,,https://blog.naver.com/jklovelike/223868367973
2025-05-16,Fri,23,"'데미안'의 단상, 생각",성장의 촉매로 이어질 자극을 거부하지 말라,23,194,16,,,,,https://blog.naver.com/jklovelike/223868187653
2025-05-16,Fri,13,"'데미안'의 단상, 생각",노력을 더하기가 아닌 곱하기라고 인식하자,22,214,18,,,,,https://blog.naver.com/jklovelike/223867611431
2025-05-16,Fri,6,"'데미안'의 단상, 생각",인생을 사랑한다면 인생 또한 사랑을 되돌려 준다,26,229,21,,,,,https://blog.naver.com/jklovelike/223867223596
2025-05-15,Thu,21,"'데미안'의 단상, 생각",배움은 한때 사치재였다,12,245,20,,,,,https://blog.naver.com/jklovelike/223866951605
2025-05-15,Thu,19,블로그 성장/노하우/팁,어제 하루만 스레드 팔로워 110명이 늘었습니다. 스레드를 해 보니 블로그와 연계하기 좋을 듯합니다,55,223,29,,,,,https://blog.naver.com/jklovelike/223866830657
2025-05-15,Thu,6,"'데미안'의 단상, 생각",오늘도 이 새벽 시간을 잘 누려보자,19,239,31,,,,,https://blog.naver.com/jklovelike/223866059390
2025-05-14,Wed,21,블로그 성장/노하우/팁,제대로 할 의향만 있다면 어디서든 글을 쓸 수 있다,28,273,29,,,,,https://blog.naver.com/jklovelike/223865767401
2025-05-14,Wed,5,"'데미안'의 단상, 생각",성장을 위하여 불편한 경험을 의도적으로 만들자,25,244,34,,,,,https://blog.naver.com/jklovelike/223864906968
2025-05-13,Tue,13,"'데미안'의 단상, 생각",제가 포스트에 인용했던 책을 '구입해서 잘 읽었다'라는 댓글이 오늘 달렸습니다,43,233,22,,,,,https://blog.naver.com/jklovelike/223864154893
2025-05-13,Tue,6,"'데미안'의 단상, 생각",쉬운 글이 과연 좋은 글일까?,16,274,40,,,,,https://blog.naver.com/jklovelike/223863756820
2025-05-13,Tue,5,수능/수능공부법/합격수기,2025년 경희대학교 정시 입시결과 (수능 입결 및 정시등급),34,140,3,455,8,0,0,https://blog.naver.com/jklovelike/223863733702
2025-05-12,Mon,19,배움에 대하여,이어령 선생님 - 문체는 주제이다,18,230,13,622,0,1,0,https://blog.naver.com/jklovelike/223863353172
2025-05-12,Mon,12,"'데미안'의 단상, 생각",월요병 극복을 위한 짧은 격려,16,246,24,,,,,https://blog.naver.com/jklovelike/223862891406
2025-05-12,Mon,5,"'데미안'의 단상, 생각",꼭 그렇게까지 해야 돼?,13,254,33,,,,,https://blog.naver.com/jklovelike/223862550014
2025-05-12,Mon,5,수능/수능공부법/합격수기,2025년 연세대 정시 입시결과 (연대 수능 입결 - 최종 등록자 백분위 70% 컷),47,140,2,905,1,0,0,https://blog.naver.com/jklovelike/223862544545
2025-05-11,Sun,21,으쌰으쌰+블로그는 마술이다,으쌰으쌰 5월 <한달 1일 2포 챌린지> 10일 경과한 지금 챌린지 성공률은 어떻게 될까요?,51,231,24,,,,,https://blog.naver.com/jklovelike/223862252623
2025-05-11,Sun,12,블로그 성장/노하우/팁,블로그로 평판을 쌓으며 나만의 브랜드를 만들어라,26,261,20,,,,,https://blog.naver.com/jklovelike/223861893485
2025-05-11,Sun,12,수능/수능공부법/합격수기,2025년 한양대학교 정시 전형 최종등록자 상위 80% 커트라인 및 경쟁률 (한양대 수능 정시 입결 자료),59,138,3,405,6,0,0,https://blog.naver.com/jklovelike/223861860698
2025-05-11,Sun,10,"'데미안'의 단상, 생각",감정적으로 나아지려는 노력은 자기 운명을 장악하려는 헌신이다,33,214,17,,,,,https://blog.naver.com/jklovelike/223861719135
2025-05-11,Sun,5,지성과 사랑,"새벽 명언, 미라클 모닝을 하는 사람들을 위한 명언",28,213,23,,,,,https://blog.naver.com/jklovelike/223861688318
2025-05-11,Sun,4,'데미안'의 수능 칼럼 ,"수능 정시 수험생 조언 - 수능 합격 수기도 읽고, 불합격 수기와 실패 사례 또한 접해보세요",51,133,9,929,3,0,1,https://blog.naver.com/jklovelike/223861677360
2025-05-10,Sat,22,독서 단상,"독서, 읽고 또 읽어야겠습니다",16,272,30,,,,,https://blog.naver.com/jklovelike/223861497856
2025-05-10,Sat,16,블로그 성장/노하우/팁,블덱스 기준 블로그 지수 최고점 최적4+를 찍어봤습니다,30,265,27,,,,,https://blog.naver.com/jklovelike/223861246940
2025-05-10,Sat,4,"'데미안'의 단상, 생각",오늘의 점괘 - 진정한 땀의 대가는 우리가 무엇을 얻느냐가 아니다. 그건 바로 우리가 무엇이 되느냐이다,57,200,15,,,,,https://blog.naver.com/jklovelike/223860845234
2025-05-09,Fri,23,"'데미안'의 단상, 생각",차라리 좌충우돌하며 배워보자,15,205,18,,,,,https://blog.naver.com/jklovelike/223860679060
2025-05-09,Fri,22,수능/수능공부법/합격수기,2025년 5월 모의고사 수학 오답률/정답률,24,106,0,178,6,0,1,https://blog.naver.com/jklovelike/223860668658
2025-05-09,Fri,13,"'데미안'의 단상, 생각",목표 앞에 좌절하지만 다시 그 목표는 내게 힘을 준다,29,206,19,,,,,https://blog.naver.com/jklovelike/223860098257
2025-05-09,Fri,4,"'데미안'의 단상, 생각",꾸준함에 대하여 - 하루에 30킬로 36년 걸어서 사람은 달에 도착한다,39,252,27,,,,,https://blog.naver.com/jklovelike/223859690447
2025-05-08,Thu,21,"'데미안'의 단상, 생각",작업하는 건 힘들지 않다. 힘들 건 바로 시작을 방해하는 저항감이다,37,242,20,,,,,https://blog.naver.com/jklovelike/223859449791
2025-05-08,Thu,20,수능/수능공부법/합격수기,2025년 5월 고3 모의고사 등급컷 (국어 수학 영어 예상 등급컷),38,160,3,318,10,0,5,https://blog.naver.com/jklovelike/223859392989
2025-05-08,Thu,17,'데미안'의 자기혁신,1일 1깨달음,7,233,19,,,,,https://blog.naver.com/jklovelike/223859234377
2025-05-08,Thu,4,"'데미안'의 단상, 생각",우리는 때마다 이유를 충분히 잘 만들어 내는 합리화의 귀재다,33,201,21,,,,,https://blog.naver.com/jklovelike/223858537204
2025-05-07,Wed,23,"'데미안'의 단상, 생각",무에서 유를 창조하는 사람들은 연금술사다,22,207,12,,,,,https://blog.naver.com/jklovelike/223858364546
2025-05-07,Wed,19,Na,블로그 이웃인 주진복 작가님이 <불꽃 속에서 문학을 피우다>를 출간하셨습니다. 제가 추천사를 쓴 책입니다,58,244,17,,,,,https://blog.naver.com/jklovelike/223858163718
2025-05-07,Wed,7,블로그 성장/노하우/팁,"29개월 동안 블로그 카테고리 <데미안의 단상, 생각>에 써 왔던 포스트가 이제 1,000개를 넘었습니다.",59,238,32,,,,,https://blog.naver.com/jklovelike/223857430560
2025-05-06,Tue,23,"'데미안'의 단상, 생각",에고를 버려야 할 때가 있습니다,17,215,9,,,,,https://blog.naver.com/jklovelike/223857227479
2025-05-06,Tue,19,"'데미안'의 단상, 생각",지하철 또는 버스에서 블로그 글 쓰다가 한두 정거장 더 간 경험이 있나요?,41,249,26,,,,,https://blog.naver.com/jklovelike/223857034701
2025-05-06,Tue,13,"'데미안'의 단상, 생각",여러분은 실패 앞에서 계란인가요? 혹은 공인가요?,27,229,32,,,,,https://blog.naver.com/jklovelike/223856745560
2025-05-06,Tue,5,"'데미안'의 단상, 생각",나의 시간은 꼭 옵니다. 대신 참고 인내할 줄 아는 사람에게만 찾아오지요,40,354,44,,,,,https://blog.naver.com/jklovelike/223856459745
2025-05-05,Mon,22,"'데미안'의 단상, 생각",일 할 때 마음이 편합니다. 그런 면에서 나는 운이 좋습니다,33,237,26,,,,,https://blog.naver.com/jklovelike/223856282578
2025-05-05,Mon,16,블로그 성장/노하우/팁,다른 플랫폼(스레드와 X)에 올린 글을 이후에 블로그에 포스팅할 때 검색 페널티가 있을 수 있습니다,55,235,25,,,,,https://blog.naver.com/jklovelike/223855996166
2025-05-05,Mon,5,'데미안'의 자기혁신,왜 실수를 반복하는가? 과거의 실수에서 배우는 방법,28,208,25,,,,,https://blog.naver.com/jklovelike/223855628458
2025-05-04,Sun,21,"'데미안'의 단상, 생각",글쓰기는 실존적 노력이다,13,247,22,,,,,https://blog.naver.com/jklovelike/223855355051
2025-05-04,Sun,12,"'데미안'의 단상, 생각",사소한 노력을 모아나가자,13,285,25,,,,,https://blog.naver.com/jklovelike/223855041118
2025-05-04,Sun,5,'데미안'의 자기혁신,불행을 이기는 나만의 방법,14,237,27,,,,,https://blog.naver.com/jklovelike/223854846580
2025-05-03,Sat,23,"'데미안'의 단상, 생각",사람들이 일을 벌이지 않는 것은 그만큼 간절히 원하지 않기 때문이다,37,254,17,,,,,https://blog.naver.com/jklovelike/223854664783
2025-05-03,Sat,16,"'데미안'의 단상, 생각",우리의 관심사를 명확히 해 두면 그 자체가 하나의 거대한 자석이 된다,38,234,30,,,,,https://blog.naver.com/jklovelike/223854381999
2025-05-03,Sat,7,지성과 사랑,비 오는 날 생각나는 책 속 한 줄 – 감성적 문장 모음,31,225,23,,,,,https://blog.naver.com/jklovelike/223854034105
2025-05-03,Sat,6,'데미안'의 수능 칼럼 ,배우는 게 느린 사람이 있습니다. 어떻게 할까요?,27,228,25,2090,7,0,2,https://blog.naver.com/jklovelike/223854005031
2025-05-02,Fri,22,'데미안'의 수능 칼럼 ,오늘 내신 시험이 끝난 고3 제자가 오늘 저녁 수업 받으러 왔습니다,37,184,12,1009,1,0,6,https://blog.naver.com/jklovelike/223853784756
2025-05-02,Fri,13,블로그 성장/노하우/팁,5월 한 달 목표로 29명의 이웃분들과 1일 2포 글쓰기 챌린지를 시작했습니다,43,256,27,,,,,https://blog.naver.com/jklovelike/223853258062
2025-05-02,Fri,5,"'데미안'의 단상, 생각",마주치는 사건마다 나에게 무언가를 가르쳐 주기 위해 존재한다고 상상해 보라,41,216,22,,,,,https://blog.naver.com/jklovelike/223852890477
2025-05-01,Thu,21,블로그 성장/노하우/팁,단 한 사람을 위해서라도 글을 써 보라,21,279,33,,,,,https://blog.naver.com/jklovelike/223852601991
2025-05-01,Thu,18,"'데미안'의 단상, 생각",기대의 방향이 자기 자신을 향하도록 해 보라,24,242,18,,,,,https://blog.naver.com/jklovelike/223852421634
2025-05-01,Thu,6,블로그 성장/노하우/팁,블로그에 동반성장 마인드가 도움됩니다. 함께 성장하세요,30,249,24,,,,,https://blog.naver.com/jklovelike/223851877340
2025-04-30,Wed,21,블로그 성장/노하우/팁,"드디어 블로그 이웃 수가 25,000명을 돌파했습니다",29,344,71,,,,,https://blog.naver.com/jklovelike/223851549623
2025-04-30,Wed,20,블로그 이웃 포스트 공유,[공유] <어떻게 글쓰기가 인생을 바꾸는가> 전자책 무료 배포 이벤트,38,116,8,,,,,https://blog.naver.com/jklovelike/223851484380
2025-04-30,Wed,17,블로그 성장/노하우/팁,내가 글쓰기에 애정을 갖는 여섯 가지 이유 / 유비쿼터스 글쓰기,35,231,23,,,,,https://blog.naver.com/jklovelike/223851323397
2025-04-30,Wed,7,블로그 성장/노하우/팁,저는 블로그를 통해 완벽주의의 늪에서 탈출했습니다,27,261,27,,,,,https://blog.naver.com/jklovelike/223850697221
2025-04-29,Tue,20,블로그 성장/노하우/팁,매일매일 블로그 글쓰기를 했더니 일어난 변화,24,357,32,,,,,https://blog.naver.com/jklovelike/223850332340
2025-04-29,Tue,13,"'데미안'의 단상, 생각",자질을 추구하기,8,227,15,,,,,https://blog.naver.com/jklovelike/223849866705
2025-04-29,Tue,5,"'데미안'의 단상, 생각",나는 참 운이 좋습니다. (진정한 성공에 대하여),27,240,31,,,,,https://blog.naver.com/jklovelike/223849480833
2025-04-28,Mon,20,으쌰으쌰+블로그는 마술이다,으쌰으쌰 <5월 챌린지 1일 2포> 한 달 글쓰기 챌린지 모집합니다,37,273,129,,,,,https://blog.naver.com/jklovelike/223849155908
2025-04-28,Mon,16,"'데미안'의 단상, 생각",글을 쓰다 보면 몸은 땀을 갈구하게 된다,22,235,15,,,,,https://blog.naver.com/jklovelike/223848938536
2025-04-28,Mon,15,블로그 이웃 포스트 공유,[공유] 에세이 글쓰기 1기 모집,18,103,5,,,,,https://blog.naver.com/jklovelike/223848815249
2025-04-28,Mon,6,"'데미안'의 단상, 생각",실패를 무조건 회피하지 말라,15,227,29,,,,,https://blog.naver.com/jklovelike/223848327546
2025-04-27,Sun,20,"'데미안'의 단상, 생각",긍정적인 이야기를 나누자,13,256,26,,,,,https://blog.naver.com/jklovelike/223848023639
2025-04-27,Sun,16,블로그 성장/노하우/팁,"여전히 블로그, 이곳에 있는 사람",18,276,30,,,,,https://blog.naver.com/jklovelike/223847816306
2025-04-27,Sun,8,"'데미안'의 단상, 생각",막상 해보면 할 만하다,12,235,15,,,,,https://blog.naver.com/jklovelike/223847530166
2025-04-26,Sat,23,Na,250426 짤막한 포스팅,14,188,11,,,,,https://blog.naver.com/jklovelike/223847325665
2025-04-26,Sat,22,"'데미안'의 단상, 생각",내가 되고 싶은 사람으로 향하는 노력을 하라,24,209,14,,,,,https://blog.naver.com/jklovelike/223847301787
2025-04-26,Sat,6,"'데미안'의 단상, 생각","가성비 좋은 맨몸운동, 효과 좋습니다. 특히 푸쉬업은 언제 어디서든 할 수 있습니다",46,242,22,,,,,https://blog.naver.com/jklovelike/223846717930
2025-04-26,Sat,5,수능/수능공부법/합격수기,2025년 4월 더프 모의고사 등급컷 (실제컷과 보정컷),31,95,1,163,4,0,0,https://blog.naver.com/jklovelike/223846700295
2025-04-25,Fri,21,"'데미안'의 단상, 생각",상식에 대해서 - 지리적으로 부산이 서울 옆에 있지 않냐는 질문을 들었습니다,42,193,13,,,,,https://blog.naver.com/jklovelike/223846457811
2025-04-25,Fri,6,"'데미안'의 단상, 생각","내 약점과 결점에도 불구하고 내 삶을, 자기 자신을 사랑하세요",34,251,24,,,,,https://blog.naver.com/jklovelike/223845635249
2025-04-24,Thu,22,"'데미안'의 단상, 생각",실패 명언 - “늘 시도했다. 늘 실패했다. 무슨 상관인가. 다시 시도하라. 다시 실패하라. 보다 나은 실패를 하라.”,66,229,16,,,,,https://blog.naver.com/jklovelike/223845412661
2025-04-24,Thu,16,'데미안'의 자기혁신,나는 원하던 방향의 삶을 살고 있다,19,226,28,,,,,https://blog.naver.com/jklovelike/223845067504
2025-04-24,Thu,6,책의 죽비소리,혹시 부득이하게 움직임의 제약이 생기는 날이 있다면 나는 무엇을 할 것인가?,42,220,49,,,,,https://blog.naver.com/jklovelike/223844535818
2025-04-23,Wed,21,책쓰기 프로젝트,제 책을 100번 읽었다는 중3 열혈 독자가 있더군요. 1년 동안 많이 변했다고 합니다,48,275,46,,,,,https://blog.naver.com/jklovelike/223844216751
2025-04-23,Wed,6,"'데미안'의 단상, 생각",내가 한번 해볼까?,10,256,33,,,,,https://blog.naver.com/jklovelike/223843388879
2025-04-22,Tue,20,"'데미안'의 단상, 생각",오늘 하루 어땠어?,10,303,24,,,,,https://blog.naver.com/jklovelike/223843023164
2025-04-22,Tue,13,"'데미안'의 단상, 생각","""에너지를 어떻게 이렇게 한결같이 유지하시나요?""라는 질문을 받았습니다. 답변은 이렇습니다",50,249,35,,,,,https://blog.naver.com/jklovelike/223842590534
2025-04-22,Tue,5,"'데미안'의 단상, 생각",성패를 떠나 내가 겪는 모든 일에 의미를 부여할 수 있다면,32,213,19,,,,,https://blog.naver.com/jklovelike/223842184796
2025-04-21,Mon,21,'데미안'의 수능 칼럼 ,"3월 수학 모의 56점에서 4월 모의 81점 나온 제자의 사례 - ""당장 그 단톡방에서 나와라""",53,183,24,2497,1,0,9,https://blog.naver.com/jklovelike/223841892005
2025-04-21,Mon,16,블로그 성장/노하우/팁,"애꿎게도 잘 쓰려고 노력할 때가 블로그 조회수가 더 낮았습니다. 편하게 자주, 꾸준히 써 보세요",53,234,33,,,,,https://blog.naver.com/jklovelike/223841608941
2025-04-21,Mon,14,수능/수능공부법/합격수기,수능 수학 만점자 학생의 수학 공부 방법론,23,154,9,333,16,0,0,https://blog.naver.com/jklovelike/223841445053
2025-04-21,Mon,5,"'데미안'의 단상, 생각",한 마디 말이 내 일생을 바꾸어놓을 수 있습니다,26,229,31,,,,,https://blog.naver.com/jklovelike/223840966486
2025-04-20,Sun,21,독서 단상,'완벽한 이해력이 전제된 속독력 vs 현금 100억' 중에 나는 무엇을 선택할까?,45,209,20,,,,,https://blog.naver.com/jklovelike/223840670845
2025-04-20,Sun,16,독서 단상,내가 좋아하는 책은 베스트셀러가 아니다. 하지만 앞으로는 베스트셀러를 읽어봐야겠다.,46,211,15,,,,,https://blog.naver.com/jklovelike/223840484094
2025-04-20,Sun,15,수능/수능공부법/합격수기,공부에는 왕도가 없다 - 내게 맞는 공부법과 전략을 찾아라,32,156,3,511,2,0,0,https://blog.naver.com/jklovelike/223840457488
2025-04-20,Sun,6,책쓰기 프로젝트,투고하지 않고 책을 출간했던 경험 - 출판사의 관심을 끌었던 포스트를 소개합니다,44,195,25,,,,,https://blog.naver.com/jklovelike/223840179380
2025-04-19,Sat,22,"'데미안'의 단상, 생각",어이 없는 일을 겪을 때마다,15,264,22,,,,,https://blog.naver.com/jklovelike/223840008069
2025-04-19,Sat,16,"'데미안'의 단상, 생각",28개월 동안 꾸준히 글쓰기를 했더니 자신만의 철학이 더 확실해졌습니다,39,277,31,,,,,https://blog.naver.com/jklovelike/223839769034
2025-04-19,Sat,5,"'데미안'의 단상, 생각",오랜만에 새벽 시간에 영화를 봤습니다. 영화는 환상과 열정을 주는 듯합니다,41,229,26,,,,,https://blog.naver.com/jklovelike/223839393335
2025-04-19,Sat,4,수능/수능공부법/합격수기,수능 준비하는 고3 현역과 N수라면 명심해야 할 내용,29,145,2,378,4,0,0,https://blog.naver.com/jklovelike/223839384480
2025-04-18,Fri,22,"'데미안'의 단상, 생각",무엇을 해야 하는지 확실히 하라. 무엇을 하지 말아야 하는지도 정해두라,39,220,8,,,,,https://blog.naver.com/jklovelike/223839207292
2025-04-18,Fri,6,"'데미안'의 단상, 생각",N살 때부터 ○○되더라 - 나이에 대한 고정관념에 얽매이지 마세요,36,236,34,,,,,https://blog.naver.com/jklovelike/223838292689
2025-04-17,Thu,21,'데미안'의 자기혁신,커피를 끊은 지 9개월 지났습니다. 이번에는 단것을 줄이려고 합니다,37,277,34,,,,,https://blog.naver.com/jklovelike/223837986672
2025-04-17,Thu,15,일상의 기록,사랑주니님으로부터 친필 사인이 담긴 책을 받았습니다 + 4월 19일에 주니님 북 콘서트가 있습니다,54,203,8,,,,,https://blog.naver.com/jklovelike/223837590450
2025-04-17,Thu,14,수능/수능공부법/합격수기,(수능 국어 4등급에서 1등급) 국어 3등급 이하 수험생에게 드리는 국어 공부법 제언,47,139,3,238,11,0,0,https://blog.naver.com/jklovelike/223837516368
2025-04-17,Thu,6,"'데미안'의 단상, 생각",복수의 직함을 곱해서 대체할 수 없는 존재가 되자,27,201,16,,,,,https://blog.naver.com/jklovelike/223836872216
2025-04-16,Wed,22,"'데미안'의 단상, 생각",불평불만의 만성화를 주의하라,15,234,10,,,,,https://blog.naver.com/jklovelike/223836396436
2025-04-16,Wed,21,블로그 이웃 포스트 공유,[공유] 독기의 힘 6기 모집합니다. 기한은 20일 일요일까지,34,101,3,,,,,https://blog.naver.com/jklovelike/223836315978
2025-04-16,Wed,17,블로그 성장/노하우/팁,블로그 글쓰기 - 잘 써야 한다는 생각을 버려야 합니다,30,424,56,,,,,https://blog.naver.com/jklovelike/223835921816
2025-04-16,Wed,13,블로그 이웃 포스트 공유,[공유] 캄보디아 리딩방 사기 피해자 및 실종자 가족분은 찾습니다.,37,75,1,,,,,https://blog.naver.com/jklovelike/223835596877
2025-04-16,Wed,6,으쌰으쌰+블로그는 마술이다,"으쌰으쌰 1일 1포 챌린지, 100일이 다 되어가는 시점에 감사 인사를 받았습니다",45,244,44,,,,,https://blog.naver.com/jklovelike/223834990411
2025-04-15,Tue,22,블로그 성장/노하우/팁,이웃수 25만 명 메르님 블로그를 보고 느낀 점,26,339,36,,,,,https://blog.naver.com/jklovelike/223834550097
2025-04-15,Tue,13,독서 단상,스무 살 때 읽었던 책을 오랜만에 읽고 실망했습니다,28,270,37,,,,,https://blog.naver.com/jklovelike/223833808715
2025-04-15,Tue,6,일상의 기록,어제 도서 출간 계약한 억만장자 메신저 님과 홍대에서 만났습니다,35,309,54,,,,,https://blog.naver.com/jklovelike/223833403898
2025-04-14,Mon,23,"'데미안'의 단상, 생각",아무리 바빠도 잘하고 싶은 일은 매일 하자,23,297,50,,,,,https://blog.naver.com/jklovelike/223833220058
2025-04-14,Mon,20,블로그 이웃 포스트 공유,[공유] 종이책 출간 계약하고 왔습니다.(Feat.데미안님),33,158,12,,,,,https://blog.naver.com/jklovelike/223833058369
2025-04-14,Mon,7,블로그 성장/노하우/팁,잡탕 블로거가 말하는 잡탕 블로그의 장단점,23,314,44,,,,,https://blog.naver.com/jklovelike/223832220134
2025-04-13,Sun,21,'데미안'의 자기혁신,금세 기분 좋아지는 방법,13,309,23,,,,,https://blog.naver.com/jklovelike/223831876868
2025-04-13,Sun,12,블로그 성장/노하우/팁,블접하지 마세요. 블로그 꾸준히 해 보세요,23,392,41,,,,,https://blog.naver.com/jklovelike/223831501294
2025-04-13,Sun,6,블로그 성장/노하우/팁,챗GPT에 의해 블로그 미래가 걱정되나요? 개인 블로그의 장기적인 미래는 커뮤니케이션와 소속감에 달려 있습니다,61,249,28,,,,,https://blog.naver.com/jklovelike/223831296410
2025-04-13,Sun,5,수능/수능공부법/합격수기,수능 수학을 잘 하는 학생들은 기출 문항의 출처까지 알 정도로 공부한다,39,128,10,217,2,0,0,https://blog.naver.com/jklovelike/223831283765
2025-04-12,Sat,22,"'데미안'의 단상, 생각",우리에게 필요한 건 시간이 아니라 결심과 실행이다,27,216,11,,,,,https://blog.naver.com/jklovelike/223831064561
2025-04-12,Sat,19,수능/수능공부법/합격수기,수능 수학 실수를 줄이는 현실적 방법,20,178,5,173,4,0,1,https://blog.naver.com/jklovelike/223830945092
2025-04-12,Sat,16,'데미안'의 자기혁신,며칠에 한 번씩은 지독하게 살아보자,19,236,16,,,,,https://blog.naver.com/jklovelike/223830814302
2025-04-12,Sat,6,블로그 성장/노하우/팁,이런 맛으로 블로그를 합니다,15,292,33,,,,,https://blog.naver.com/jklovelike/223830428803
2025-04-11,Fri,22,블로그 성장/노하우/팁,공부한다는 마인드로 블로그를 해 보세요,21,250,29,,,,,https://blog.naver.com/jklovelike/223830198427
2025-04-11,Fri,13,"'데미안'의 단상, 생각",번민과 잡념을 이기고 오늘 하루에 집중할 수 있습니다,29,227,10,,,,,https://blog.naver.com/jklovelike/223829652818
2025-04-10,Thu,22,블로그 이웃 포스트 공유,"[공유] 〔사랑주니 서울 북토크 모집〕 4월 19일, 오십에 만드는 기적",40,126,4,,,,,https://blog.naver.com/jklovelike/223829065746
2025-04-10,Thu,20,"'데미안'의 단상, 생각",이길 때까지 오랫동안 버텨라,15,269,25,,,,,https://blog.naver.com/jklovelike/223828944657
2025-04-10,Thu,16,수능/수능공부법/합격수기,다수의 수학 1등급과 만점자가 말하는 수능 수학 공부법과 비결 핵심,37,193,8,202,15,1,1,https://blog.naver.com/jklovelike/223828669410
2025-04-10,Thu,6,블로그 성장/노하우/팁,블로그 글쓰기 하면서 했던 말 또 해도 됩니다,25,267,39,,,,,https://blog.naver.com/jklovelike/223828115458
2025-04-09,Wed,18,책의 죽비소리,Life is contents,16,269,12,,,,,https://blog.naver.com/jklovelike/223827639153
2025-04-09,Wed,6,"'데미안'의 단상, 생각",나는 무엇을 가르칠 수 있는가?,17,247,18,,,,,https://blog.naver.com/jklovelike/223826950567
2025-04-08,Tue,23,"'데미안'의 단상, 생각",언제나 모든 사람을 기쁘게 하려고 애쓰는 것은 실패의 공식이다,34,226,17,,,,,https://blog.naver.com/jklovelike/223826733150
2025-04-08,Tue,22,수능/수능공부법/합격수기,대선과 겹쳐서 이번 6월 모의평가 시행일이 하루 늦춰졌습니다 (6월 3일 ->6월 4일),49,154,3,537,1,0,1,https://blog.naver.com/jklovelike/223826704903
2025-04-08,Tue,13,"'데미안'의 단상, 생각",꾸준한 전진이 길을 만들어 낸다,17,222,13,,,,,https://blog.naver.com/jklovelike/223826131636
2025-04-08,Tue,6,"'데미안'의 단상, 생각",벌써 4월이네요,8,226,22,,,,,https://blog.naver.com/jklovelike/223825735777
2025-04-07,Mon,22,'데미안'의 자기혁신,지적이 되거나 혹은 똑똑해지기 위한 5가지 방법,26,257,18,,,,,https://blog.naver.com/jklovelike/223825483665
2025-04-07,Mon,6,"'데미안'의 단상, 생각",내가 블로그를 꾸준히 하는 이유,17,265,26,,,,,https://blog.naver.com/jklovelike/223824496882
2025-04-06,Sun,21,"'데미안'의 단상, 생각",지금 당장 자신을 바꾸는 데 3초면 충분하다,24,249,21,,,,,https://blog.naver.com/jklovelike/223824181759
2025-04-06,Sun,12,"'데미안'의 단상, 생각",실패도 콘텐츠가 된다,11,237,13,,,,,https://blog.naver.com/jklovelike/223823800122
2025-04-06,Sun,6,"'데미안'의 단상, 생각",가급적 매일 써라. 글쓰기 안테나 기능을 높이자,26,268,25,,,,,https://blog.naver.com/jklovelike/223823616329
2025-04-05,Sat,22,"'데미안'의 단상, 생각",꾸준함은 행운을 부른다,12,281,21,,,,,https://blog.naver.com/jklovelike/223823410345
2025-04-05,Sat,20,'데미안'의 수능 칼럼 ,"수1 수2 미적분 노베이스 고2 제자, 3개월 공부하고 고3 3월 모의고사 77점(2등급 초반) 맞기",56,203,6,2120,13,0,13,https://blog.naver.com/jklovelike/223823289805
2025-04-05,Sat,15,"'데미안'의 단상, 생각",우유부단을 줄이는 5가지 방법,16,239,11,,,,,https://blog.naver.com/jklovelike/223823066525
2025-04-05,Sat,6,"'데미안'의 단상, 생각",<나의 장점 5가지 말하기> 챌린지 - 장점이 많아서 고민을 오래 했습니다,41,208,18,,,,,https://blog.naver.com/jklovelike/223822749679
2025-04-04,Fri,23,블로그 성장/노하우/팁,블로그 퍼스널 브랜딩 핵심 5가지는 무엇일까?,25,223,30,,,,,https://blog.naver.com/jklovelike/223822521276
2025-04-04,Fri,17,블로그 성장/노하우/팁,저는 편한 마음으로 블로그 글쓰기를 합니다,23,262,14,,,,,https://blog.naver.com/jklovelike/223822214915
2025-04-04,Fri,13,"'데미안'의 단상, 생각",괴로울 때 해야 할 5가지 일,16,238,21,,,,,https://blog.naver.com/jklovelike/223821952425
2025-04-04,Fri,13,수능/수능공부법/합격수기,2025년 3월 더프 모의고사 등급컷 (실제컷 + 예상 보정컷),35,115,2,141,4,0,0,https://blog.naver.com/jklovelike/223821941383
2025-04-04,Fri,5,"'데미안'의 단상, 생각",자기 삶의 주인공으로 살기에 100년의 시간은 충분히 넉넉한 듯합니다,38,205,24,,,,,https://blog.naver.com/jklovelike/223821551825
2025-04-03,Thu,5,"'데미안'의 단상, 생각",낙관은 기분이 아니라 태도다 - 기분 전환의 장치가 필요하다,33,237,30,,,,,https://blog.naver.com/jklovelike/223820318813
2025-04-02,Wed,14,"'데미안'의 단상, 생각",본인이 최선을 다하는 만큼 후련한 삶이 됩니다,25,246,18,,,,,https://blog.naver.com/jklovelike/223819371648
2025-04-02,Wed,6,"'데미안'의 단상, 생각","성공은 원하는 것을 하는 것이다. 원하는 때, 원하는 곳, 원하는 사람과 원하는 만큼 함께 하는 것이다",57,230,22,,,,,https://blog.naver.com/jklovelike/223818646181
2025-04-01,Tue,20,'데미안'의 수능 칼럼 ,생일날에도 15시간 수능 공부한 재수생 제자,24,208,25,1337,4,0,10,https://blog.naver.com/jklovelike/223817934970
2025-04-01,Tue,16,수능/수능공부법/합격수기,대입에서 실패하지 않으려면 <부제: 노베에서 메이저의까지> (한 영어 강사의 조언),46,173,8,8800,22,1,1,https://blog.naver.com/jklovelike/223817624236
2025-04-01,Tue,13,블로그 이웃 포스트 공유,[공유] 북콘서트 초대합니다.,16,110,1,,,,,https://blog.naver.com/jklovelike/223817367991
2025-04-01,Tue,6,'데미안'의 자기혁신,"시행착오에서 배운 자만이 다음 문을 연다. 그 문을 여는 건, 이전 실패의 경험으로 만든 열쇠다",53,204,19,,,,,https://blog.naver.com/jklovelike/223816980471
2025-03-31,Mon,6,'데미안'의 자기혁신,직진형 인간 자가 진단 테스트 - 나는 얼마나 직진하고 있는가?,35,203,56,,,,,https://blog.naver.com/jklovelike/223815610392
2025-03-30,Sun,6,'데미안'의 자기혁신,블로그 글쓰기를 통해 성장해 보라,18,285,36,,,,,https://blog.naver.com/jklovelike/223814614064
2025-03-29,Sat,19,"'데미안'의 단상, 생각","불편하고, 불확실하고, 불쾌해도 계속 나아가기",25,291,14,,,,,https://blog.naver.com/jklovelike/223814222943
2025-03-29,Sat,6,'데미안'의 자기혁신,황홀한 루틴을 즐겨라,11,263,46,,,,,https://blog.naver.com/jklovelike/223813679986
2025-03-28,Fri,6,'데미안'의 수능 칼럼 ,"""아이가 선생님 수업 다녀오면 기분이 좋아져서 와요""라는 학부모님의 말씀을 들었습니다",47,219,34,1000,1,0,10,https://blog.naver.com/jklovelike/223812512111
2025-03-27,Thu,8,"'데미안'의 단상, 생각",저는 자유로운 사람입니다,13,248,34,,,,,https://blog.naver.com/jklovelike/223811320265
2025-03-26,Wed,21,'데미안'의 자기혁신,"전진의 실패와 후진의 실패, 어떤 실패를 할 것인가?",29,219,16,,,,,https://blog.naver.com/jklovelike/223810957642
2025-03-26,Wed,20,수능/수능공부법/합격수기,2025년 고3 3월 모의고사 등급컷(국수영 추정 등급컷),32,155,6,261,15,14,5,https://blog.naver.com/jklovelike/223810866806
2025-03-26,Wed,6,"'데미안'의 단상, 생각",실패를 너무 편하게 여기지 말자,17,250,30,,,,,https://blog.naver.com/jklovelike/223810021084
2025-03-26,Wed,6,수능/수능공부법/합격수기,2024년 3월 더프 모의고사 등급컷(실제 등급컷/예상 보정 등급컷),38,130,5,198,4,0,1,https://blog.naver.com/jklovelike/223810010048
2025-03-25,Tue,6,"'데미안'의 단상, 생각",점점 더 작가의 삶에 가까워지는 것일까요?,23,244,35,,,,,https://blog.naver.com/jklovelike/223808737945
2025-03-24,Mon,5,'데미안'의 자기혁신,성공을 꿈꾸면서도 왜 자꾸 실패에 끌리는 것일까?,27,258,56,,,,,https://blog.naver.com/jklovelike/223807442178
2025-03-23,Sun,7,'데미안'의 자기혁신,마지막 사람이 끝난 곳에서 시작하라,19,239,39,,,,,https://blog.naver.com/jklovelike/223806515402
2025-03-22,Sat,19,독서 단상,지하철은 움직이는 도서관,13,269,23,,,,,https://blog.naver.com/jklovelike/223806149972
2025-03-22,Sat,5,'데미안'의 자기혁신,제대로 한 번 날아보자,12,219,29,,,,,https://blog.naver.com/jklovelike/223805566472
2025-03-21,Fri,13,"'데미안'의 단상, 생각",기를 모으는 중입니다,11,249,44,,,,,https://blog.naver.com/jklovelike/223804801860
2025-03-21,Fri,5,"'데미안'의 단상, 생각",글을 잘라내자. 단순하고 간결하게 쓰자,21,270,33,,,,,https://blog.naver.com/jklovelike/223804350539
2025-03-20,Thu,7,"'데미안'의 단상, 생각",좋은 사람이면 기억된다,12,281,57,,,,,https://blog.naver.com/jklovelike/223803104987
2025-03-19,Wed,6,"'데미안'의 단상, 생각",때때로 '할 수밖에 없는 상황'을 만들자,22,252,28,,,,,https://blog.naver.com/jklovelike/223801754920
2025-03-18,Tue,6,'데미안'의 자기혁신,나는 노력하는 내가 좋다,13,262,36,,,,,https://blog.naver.com/jklovelike/223800153241
2025-03-17,Mon,6,"'데미안'의 단상, 생각",우선순위와 선결과제부터 하라,15,232,20,,,,,https://blog.naver.com/jklovelike/223798780062
2025-03-16,Sun,4,'데미안'의 자기혁신,행동하지 않으면 끝내 행동을 강요당합니다,22,251,33,,,,,https://blog.naver.com/jklovelike/223797678205
2025-03-15,Sat,22,블로그 성장/노하우/팁,그냥 아무 글이나 쓰자,12,294,47,,,,,https://blog.naver.com/jklovelike/223797448328
2025-03-15,Sat,22,블로그 이웃 포스트 공유,"[공유] 3월 29일, 제주에서 북 토크를 엽니다",27,115,6,,,,,https://blog.naver.com/jklovelike/223797420785
2025-03-15,Sat,6,일상의 기록,<오늘부터 자아실현 꽃피우자> 조이님(조남희 작가) 단독 북콘서트 북토크 후기,43,214,46,,,,,https://blog.naver.com/jklovelike/223796685461
2025-03-14,Fri,20,"'데미안'의 단상, 생각",저는 잠을 많이 자면 오히려 더 피곤하더군요,24,236,30,,,,,https://blog.naver.com/jklovelike/223796270379
2025-03-14,Fri,6,"'데미안'의 단상, 생각",떠돌아다니는 개는 뼈를 찾는다,16,234,27,,,,,https://blog.naver.com/jklovelike/223795427388
2025-03-13,Thu,9,"'데미안'의 단상, 생각",직관을 따르는 경우가 많습니다,16,253,27,,,,,https://blog.naver.com/jklovelike/223794299847
2025-03-12,Wed,21,'데미안'의 자기혁신,어떤 목표가 우리에게 강력한 힘을 줄 것인가?,25,218,17,,,,,https://blog.naver.com/jklovelike/223793834675
2025-03-12,Wed,7,"'데미안'의 단상, 생각",살아오면서 반면교사 통해 많이 배워왔습니다,23,257,26,,,,,https://blog.naver.com/jklovelike/223792921241
2025-03-11,Tue,5,'데미안'의 자기혁신,언더독 효과를 누려라. 역전 스토리를 꿈꿔라.,25,216,21,,,,,https://blog.naver.com/jklovelike/223791599561
2025-03-10,Mon,16,"'데미안'의 단상, 생각",블로그 이웃분의 자녀가 제 책 <처음으로 공부가 재밌어지기 시작했다>를 읽고 독후감을 썼다고 하네요,55,253,27,,,,,https://blog.naver.com/jklovelike/223790961380
2025-03-10,Mon,16,블로그 이웃 포스트 공유,[공유] 위너라이팅 출간 소식을 알려드립니다.,25,115,1,,,,,https://blog.naver.com/jklovelike/223790939528
2025-03-10,Mon,5,'데미안'의 자기혁신,차라리 두려운 일을 하라,13,247,37,,,,,https://blog.naver.com/jklovelike/223790270072
2025-03-09,Sun,12,'데미안'의 자기혁신,글쓰기를 하면서 바뀌고 성장한 점,18,310,36,,,,,https://blog.naver.com/jklovelike/223789493656
2025-03-08,Sat,23,"'데미안'의 단상, 생각",항상 방법이 있어요 - 헌신한다면요,19,208,15,,,,,https://blog.naver.com/jklovelike/223789031516
2025-03-08,Sat,5,"'데미안'의 단상, 생각",1포스팅만 하고 싶었던 날이었지만 결국,21,244,23,,,,,https://blog.naver.com/jklovelike/223788260194
2025-03-07,Fri,23,"'데미안'의 단상, 생각",스트레스 결정권이 필요하다,14,210,16,,,,,https://blog.naver.com/jklovelike/223788034611
2025-03-07,Fri,5,"'데미안'의 단상, 생각",편안을 목표로 삼지 않는다,14,227,25,,,,,https://blog.naver.com/jklovelike/223786866372
2025-03-06,Thu,7,"'데미안'의 단상, 생각",삶에 불만이 있기를 바란다,14,290,32,,,,,https://blog.naver.com/jklovelike/223785357031
2025-03-05,Wed,20,'데미안'의 자기혁신,“안 된다”라는 말을 배우라. 집중하기 위해서는 'YES'와 'NO'가 확실히 구분되어야 한다.,53,249,18,,,,,https://blog.naver.com/jklovelike/223784928157
2025-03-05,Wed,7,'데미안'의 자기혁신,제게 꾸준함의 기준은 '죽을 때'까지입니다,23,280,37,,,,,https://blog.naver.com/jklovelike/223784087199
2025-03-04,Tue,13,"'데미안'의 단상, 생각",어려운 길이 끌릴 때가 있습니다,17,269,25,,,,,https://blog.naver.com/jklovelike/223783128460
2025-03-04,Tue,5,'데미안'의 자기혁신,내 목적을 당당히 드러내라. 꿈을 공개적으로 표명하라,29,242,34,,,,,https://blog.naver.com/jklovelike/223782671664
2025-03-03,Mon,23,수능/수능공부법/합격수기,2025년 고3 모의고사 일정 + 재수생 더프 이투스 종로 사설 모의고사 시험 일정,46,171,6,471,3,4,0,https://blog.naver.com/jklovelike/223782416382
2025-03-03,Mon,16,"'데미안'의 단상, 생각",저는 행복한 상태입니다,12,301,25,,,,,https://blog.naver.com/jklovelike/223782019306
2025-03-03,Mon,5,독서 단상,왜 같은 책을 또 반복해서 읽어?,18,273,26,,,,,https://blog.naver.com/jklovelike/223781453406
2025-03-02,Sun,20,"'데미안'의 단상, 생각",지능을 올릴 방법을 찾아봐야겠습니다,19,246,25,,,,,https://blog.naver.com/jklovelike/223781072059
2025-03-02,Sun,12,"'데미안'의 단상, 생각",초심을 기억하면 늘 새로워진다,16,273,33,,,,,https://blog.naver.com/jklovelike/223780621357
2025-03-02,Sun,6,"'데미안'의 단상, 생각",기억나는 20여년 전 블로그 친구,18,263,39,,,,,https://blog.naver.com/jklovelike/223780344551
2025-03-01,Sat,17,'데미안'의 자기혁신,추진력의 단계,7,276,18,,,,,https://blog.naver.com/jklovelike/223779685962
2025-03-01,Sat,5,"'데미안'의 단상, 생각",나는 날마다 글을 쓰고 있는가?,17,265,33,,,,,https://blog.naver.com/jklovelike/223779076095
2025-02-28,Fri,13,"'데미안'의 단상, 생각",미루면 고통만 유예될 뿐입니다. 지금이 그때입니다,27,271,17,,,,,https://blog.naver.com/jklovelike/223777976357
2025-02-28,Fri,6,"'데미안'의 단상, 생각",블로그 자체가 제게는 친구 같은 존재입니다,23,268,47,,,,,https://blog.naver.com/jklovelike/223777479692
2025-02-27,Thu,20,일상의 기록,우연히 지나가다가 반려 도마뱀 분양 가게에서 게코 도마뱀을 구경했습니다,39,244,55,,,,,https://blog.naver.com/jklovelike/223776953447
2025-02-27,Thu,8,블로그 성장/노하우/팁,블태기가 왔다는 이웃분을 자주 봐 왔습니다,23,276,33,,,,,https://blog.naver.com/jklovelike/223775997320
2025-02-26,Wed,22,블로그 이웃 포스트 공유,"[공유] (선착순 20분) [서울 북토크 모집 (3.8.토. 14시)] 자아실현 아이콘, 조남희 박사 <자아실현 꽃피우는 북토크》",72,115,3,,,,,https://blog.naver.com/jklovelike/223775532244
2025-02-26,Wed,14,'데미안'의 자기혁신,넌 참 대단해. 어떻게든 꾸준하다는 게 네 장점이야,28,283,27,,,,,https://blog.naver.com/jklovelike/223774914913
2025-02-26,Wed,8,'데미안'의 자기혁신,내 목표는 역주행이다,11,272,27,,,,,https://blog.naver.com/jklovelike/223774371112
2025-02-25,Tue,22,"'데미안'의 단상, 생각",완벽한 선택을 찾는 게 아니라 내가 택한 결정이 옳도록 앞으로 바꿔나가면 됩니다,44,257,27,,,,,https://blog.naver.com/jklovelike/223773828344
2025-02-25,Tue,13,'데미안'의 수능 칼럼 ,"올해 겨울방학 1월, 첫 수업 때부터 울었던 고3 학생의 변화",34,214,24,1793,26,0,8,https://blog.naver.com/jklovelike/223773022495
2025-02-25,Tue,4,블로그 성장/노하우/팁,이번 4월에 블로그 임시저장 글이 삭제된다는 안내를 보고 확인해 봤습니다 (스마트 에디터 3.0 임시저장),59,309,37,,,,,https://blog.naver.com/jklovelike/223772547563
2025-02-24,Mon,16,책쓰기 프로젝트,서너 번째 책으로는 학부모님들을 위한 교육서를 써 보고 싶습니다,35,229,27,,,,,https://blog.naver.com/jklovelike/223771887473
2025-02-24,Mon,5,"'데미안'의 단상, 생각",나의 유일성을 믿어야 한다,14,258,28,,,,,https://blog.naver.com/jklovelike/223771226042
2025-02-23,Sun,23,"'데미안'의 단상, 생각",눈 앞의 현상보다 내가 더 크고 위대한 존재다,25,246,27,,,,,https://blog.naver.com/jklovelike/223770982987
2025-02-23,Sun,6,블로그 성장/노하우/팁,외부유입으로 네이버 애드포스트가 갑자기 평상시보다 20배 정도 높게 나온 날이었습니다,47,358,39,,,,,https://blog.naver.com/jklovelike/223770224852
2025-02-22,Sat,20,"'데미안'의 단상, 생각",오늘 하루의 우선순위를 틈틈이 생각한다,21,292,15,,,,,https://blog.naver.com/jklovelike/223769855869
2025-02-22,Sat,14,블로그 성장/노하우/팁,블로그에 만족스러운 글만 포스팅했다면 어떻게 됐을까?,29,320,30,,,,,https://blog.naver.com/jklovelike/223769616874
2025-02-22,Sat,7,독서 단상,독서 단상 - 책은 정신의 왕국에 도달할 수 있게끔 하는 입장권이다,37,271,27,,,,,https://blog.naver.com/jklovelike/223769288135
2025-02-21,Fri,23,"'데미안'의 단상, 생각",자기확신은 무엇일까?,11,272,49,,,,,https://blog.naver.com/jklovelike/223769051449
2025-02-21,Fri,22,블로그 이웃 포스트 공유,"[공유] [공감,작은 생각 #96] 우리의 뇌는 미루기를 원한다 - 하지만 우리는 다르게 살아야 한다",56,140,6,,,,,https://blog.naver.com/jklovelike/223769037329
2025-02-21,Fri,13,"'데미안'의 단상, 생각",노인이 된 나 자신을 받아들일 수 있는가?,23,341,46,,,,,https://blog.naver.com/jklovelike/223768451048
2025-02-21,Fri,9,"'데미안'의 단상, 생각",재수 없는 일을 하면 재수 없는 일이 일어난다,25,280,31,,,,,https://blog.naver.com/jklovelike/223768157627
2025-02-20,Thu,18,독서 단상,제가 추천사를 쓴 사랑주니님의 저서 <오십에 만드는 기적> 출간됐습니다,39,251,21,,,,,https://blog.naver.com/jklovelike/223767538286
2025-02-20,Thu,12,블로그 성장/노하우/팁,읽히기 위해서는 끝내 남과 공유하고 싶어하는 글을 써야 한다,33,316,35,,,,,https://blog.naver.com/jklovelike/223767148450
2025-02-19,Wed,22,일상의 기록,오늘 블로그 이웃분 박근필 작가님과 2시간 동안 인터뷰를 했습니다,36,254,34,,,,,https://blog.naver.com/jklovelike/223766548882
2025-02-19,Wed,18,블로그 이웃 포스트 공유,[공유] 박근필의 피플인사이트_데미안,20,143,13,,,,,https://blog.naver.com/jklovelike/223766357638
2025-02-19,Wed,11,블로그 성장/노하우/팁,"단 5분, 10분만 갖고도 글을 쓸 수 있습니다",26,300,36,,,,,https://blog.naver.com/jklovelike/223765859676
2025-02-18,Tue,23,"'데미안'의 단상, 생각",글을 쓴다는 것은 가장 잘 배우는 과정 중의 하나이다,29,275,17,,,,,https://blog.naver.com/jklovelike/223765339403
2025-02-18,Tue,13,블로그 성장/노하우/팁,블로그 또한 각자 자신만의 방법을 찾으시길 바랍니다,28,393,42,,,,,https://blog.naver.com/jklovelike/223764732965
2025-02-18,Tue,7,"'데미안'의 단상, 생각",저는 사람에 대해 기대하지 않습니다,19,407,62,,,,,https://blog.naver.com/jklovelike/223764338249
2025-02-17,Mon,23,"'데미안'의 단상, 생각",제대로 해 보자,8,264,26,,,,,https://blog.naver.com/jklovelike/223764104529
2025-02-17,Mon,16,일상의 기록,이른 저녁 식사를 마치고 독서하러 카페로 왔습니다,27,371,41,,,,,https://blog.naver.com/jklovelike/223763668286
2025-02-17,Mon,8,"'데미안'의 단상, 생각",무언가를 하고 싶다면 비난받는 것을 두려워하지 말라,28,327,31,,,,,https://blog.naver.com/jklovelike/223763120179
2025-02-16,Sun,23,"'데미안'의 단상, 생각",오늘 수업을 다 마치고 귀가하면서 남기는 단상입니다,28,238,21,,,,,https://blog.naver.com/jklovelike/223762886840
2025-02-16,Sun,12,'데미안'의 자기혁신,힘듦은 다른 힘듦으로 떨친다. 힘들게 무언가를 해 보자,30,308,37,,,,,https://blog.naver.com/jklovelike/223762333453
2025-02-16,Sun,10,독서 단상,습독한다면 일상적으로 심심할 틈이 없습니다,23,262,22,,,,,https://blog.naver.com/jklovelike/223762242492
2025-02-15,Sat,22,블로그 성장/노하우/팁,"블로그 누적 방문자 수 4,444,444라는 숫자와 마주쳤습니다",35,281,63,,,,,https://blog.naver.com/jklovelike/223761911698
2025-02-15,Sat,19,'데미안'의 자기혁신,자기 자신에게 어떤 이야기를 들려줄 것인가?,24,278,19,,,,,https://blog.naver.com/jklovelike/223761758480
2025-02-15,Sat,10,블로그 성장/노하우/팁,"""블로그 그거 망했어요""라는 이야기를 12년 전에 들었습니다",33,379,40,,,,,https://blog.naver.com/jklovelike/223761343797
2025-02-14,Fri,19,'데미안'의 자기혁신,트와일라잇 - 간밤에 꿨던 꿈을 소재로 소설을 써서 수천억 원을 번 소설가 이야기,45,298,33,,,,,https://blog.naver.com/jklovelike/223760850473
2025-02-14,Fri,14,블로그 이웃 포스트 공유,[공유] 드디어 <야 나도 가자 스페인>출간하였습니다,29,129,6,,,,,https://blog.naver.com/jklovelike/223760492335
2025-02-14,Fri,10,"'데미안'의 단상, 생각",마음의 번민을 이기는 방법,14,284,30,,,,,https://blog.naver.com/jklovelike/223760243761
2025-02-13,Thu,21,블로그 성장/노하우/팁,블로그 글쓰기는 내 사람을 끌어당깁니다 (으쌰으쌰 한 달 후기),35,352,62,,,,,https://blog.naver.com/jklovelike/223759749170
2025-02-13,Thu,20,블로그 이웃 포스트 공유,[공유] 열일곱 번째 인터뷰이는 데미안 님,23,130,11,,,,,https://blog.naver.com/jklovelike/223759695812
2025-02-13,Thu,14,"'데미안'의 단상, 생각",선(先)실행하고 후(後)피드백하자,18,279,19,,,,,https://blog.naver.com/jklovelike/223759286941
2025-02-13,Thu,8,"'데미안'의 단상, 생각",형편없어도 뻔뻔하게 나아가야 합니다,19,313,42,,,,,https://blog.naver.com/jklovelike/223758849559
2025-02-12,Wed,20,블로그 성장/노하우/팁,작가가 되기 위해서는 밥 먹듯이 주기적으로 글을 써라,29,331,37,,,,,https://blog.naver.com/jklovelike/223758386324
2025-02-12,Wed,7,블로그 성장/노하우/팁,자꾸 써야 물꼬가 트이듯이 쓸 게 자주 생긴다,25,317,53,,,,,https://blog.naver.com/jklovelike/223757514054
2025-02-11,Tue,23,'데미안'의 수능 칼럼 ,평택에서 서울까지 왕복 4시간 오가는 제자를 보며,27,236,36,1388,2,0,1,https://blog.naver.com/jklovelike/223757238177
2025-02-11,Tue,13,블로그 성장/노하우/팁,직접 꾸준히 지속하면서 블로그 방향성을 찾아야 합니다,29,315,49,,,,,https://blog.naver.com/jklovelike/223756568812
2025-02-11,Tue,7,블로그 성장/노하우/팁,블로그 혼자 하지 마세요. 함께 하세요,21,409,51,,,,,https://blog.naver.com/jklovelike/223756150796
2025-02-10,Mon,19,일상의 기록,오늘 블로그 이웃분들과 익선동에서 점심식사를 함께 했습니다 (주니 센체 비티오 앙박 스토미),51,332,47,,,,,https://blog.naver.com/jklovelike/223755684382
2025-02-10,Mon,8,"'데미안'의 단상, 생각","남을 쉽게 판단하지 않는다.  ""그런가 보다""",25,329,45,,,,,https://blog.naver.com/jklovelike/223754856396
2025-02-09,Sun,12,블로그 성장/노하우/팁,여러분은 자신이 쓴 글에 애정이 있으신가요?,24,363,37,,,,,https://blog.naver.com/jklovelike/223753914028
2025-02-09,Sun,9,'데미안'의 수능 칼럼 ,저는 수능 독학생이었습니다. 자기주도학습에 도움 되는 글을 자주 써야겠습니다,42,250,34,998,1,0,6,https://blog.naver.com/jklovelike/223753767490
2025-02-08,Sat,18,일상의 기록,오늘 세종시에 있던 북크북크님 북콘서트를 다녀왔습니다,29,353,89,,,,,https://blog.naver.com/jklovelike/223753059491
2025-02-08,Sat,7,블로그 성장/노하우/팁,비록 블로그 조회수가 적더라도,16,405,82,,,,,https://blog.naver.com/jklovelike/223752464467
2025-02-07,Fri,19,"'데미안'의 단상, 생각",안목과 실행,6,266,18,,,,,https://blog.naver.com/jklovelike/223751829673
2025-02-07,Fri,16,블로그 이웃 포스트 공유,[공유] [이벤트] 온유경의 첫 전자책 나눔 <어쩜좋아 고사성어!>,37,133,3,,,,,https://blog.naver.com/jklovelike/223751573681
2025-02-07,Fri,13,독서 단상,이웃 스토미 님의 저서 <내면의 빛을 찾기 위한 지혜의 조각들>이 출간됐습니다. 마음이 따뜻해지는 글이 담긴 책입니다.,66,247,18,,,,,https://blog.naver.com/jklovelike/223751273294
2025-02-07,Fri,5,'데미안'의 자기혁신,잘하고 싶다면 우선 행동량을 늘리자,19,253,38,,,,,https://blog.naver.com/jklovelike/223750695288
2025-02-06,Thu,11,'데미안'의 수능 칼럼 ,세무사 시험에 합격한 제자로부터 감사 인사를 받았습니다. 과거에 수포자였던 제자였습니다,48,313,29,2792,11,0,12,https://blog.naver.com/jklovelike/223749583639
2025-02-06,Thu,8,블로그 성장/노하우/팁,"블로그를 제대로 하면 덜 외롭고, 덜 고독합니다",26,356,45,,,,,https://blog.naver.com/jklovelike/223749420327
2025-02-05,Wed,15,"'데미안'의 단상, 생각",의미 추구자,6,273,17,,,,,https://blog.naver.com/jklovelike/223748659594
2025-02-05,Wed,12,"'데미안'의 단상, 생각","출근하고 업무보고 퇴근하고, 이것 외에 오늘 해야 할 우선순위가 무엇일까?",41,245,31,,,,,https://blog.naver.com/jklovelike/223748152985
2025-02-05,Wed,6,"'데미안'의 단상, 생각",세상의 기술이 발전해 나가는 속도를 보면 때로는 무섭습니다. 그래도 계속 적응해나갈 수밖에요.,52,235,25,,,,,https://blog.naver.com/jklovelike/223748121267
2025-02-04,Tue,19,"'데미안'의 단상, 생각",저는 인내를 잘 하는 사람입니다,17,317,23,,,,,https://blog.naver.com/jklovelike/223747702868
2025-02-04,Tue,13,'데미안'의 수능 칼럼 ,불안 많은 학부모님은 그 감정을 아이에게까지 옮깁니다. 특히 고3 때는 더더욱 그렇습니다,49,204,16,1345,0,0,0,https://blog.naver.com/jklovelike/223747307812
2025-02-04,Tue,13,수능/수능공부법/합격수기,2025년 고3 모의고사(학평) 모의평가 시험 일정,28,135,6,326,1,0,6,https://blog.naver.com/jklovelike/223747271030
2025-02-04,Tue,10,"'데미안'의 단상, 생각",나 자신은 남이 먼저 조언과 충고를 구하는 사람인가?,29,232,19,,,,,https://blog.naver.com/jklovelike/223747119234
2025-02-04,Tue,4,가속성장/자기계발,구본형 - 40대에 해야 할 7가지 일​ / 하고 싶은 일을 찾으면 40대에 시작해도 결코 늦지 않다,56,227,25,,,,,https://blog.naver.com/jklovelike/223746879700
2025-02-03,Mon,19,"'데미안'의 단상, 생각","실현자는 '실현자'가 되기 이전부터 이미 ""실현자""입니다.",32,248,12,,,,,https://blog.naver.com/jklovelike/223746494470
2025-02-03,Mon,12,"'데미안'의 단상, 생각",목표를 생각보다 더 크게 세우는 것도 좋습니다,25,240,17,,,,,https://blog.naver.com/jklovelike/223745830403
2025-02-03,Mon,5,"'데미안'의 단상, 생각",지면 좋아!,6,230,24,,,,,https://blog.naver.com/jklovelike/223745725883
2025-02-02,Sun,12,독서 단상,"학부모여, 자녀에게 독서를 가르쳐주라",20,308,46,,,,,https://blog.naver.com/jklovelike/223745023756
2025-02-02,Sun,4,'데미안'의 자기혁신,노력해 보지도 않고 안 된다는 말부터 하는 사람,26,252,55,,,,,https://blog.naver.com/jklovelike/223744822865
2025-02-01,Sat,12,"'데미안'의 단상, 생각",무엇이든 이상은 크게 가져야 한다! 창공에 커다란 원을 그려보아라.,37,283,19,,,,,https://blog.naver.com/jklovelike/223744017307
2025-02-01,Sat,5,블로그 성장/노하우/팁,"공부법 책 쓴 보람, 블로그 하는 보람",21,245,31,,,,,https://blog.naver.com/jklovelike/223743941568
2025-01-31,Fri,22,"'데미안'의 단상, 생각",여러분만의 돈 버는 이유가 있을까요?,20,262,37,,,,,https://blog.naver.com/jklovelike/223743701803
2025-01-31,Fri,14,블로그 성장/노하우/팁,블로그 외부유입 중 <블로그 추천 피드>에 대하여,27,280,39,,,,,https://blog.naver.com/jklovelike/223743190984
2025-01-31,Fri,5,"'데미안'의 단상, 생각",후회가 자산이다,8,270,28,,,,,https://blog.naver.com/jklovelike/223742832067
2025-01-30,Thu,15,'데미안'의 자기혁신,남들 안 할 때 하는 게 진짜다,17,353,24,,,,,https://blog.naver.com/jklovelike/223742331057
2025-01-30,Thu,8,가속성장/자기계발,구본형 - 50대에 해야 할 일 7가지,21,262,23,,,,,https://blog.naver.com/jklovelike/223742081639
2025-01-29,Wed,17,블로그 성장/노하우/팁,블로그 조회수 성별연령별 분포를 확인해봤습니다 (40대 여성분에 의한 조회수가 제일 많더군요),52,252,50,,,,,https://blog.naver.com/jklovelike/223741645344
2025-01-29,Wed,8,'데미안'의 자기혁신,가끔은 무無가 되어야 한다,14,245,57,,,,,https://blog.naver.com/jklovelike/223741374206
2025-01-29,Wed,7,지성과 사랑,유헌식 - 나이의 속도 (시간의 진행 속도를 늦추기 위하여),33,196,24,,,,,https://blog.naver.com/jklovelike/223741349248
2025-01-28,Tue,20,일상의 기록,오늘 학부모님으로부터 책 선물을 처음 받아봤습니다,27,255,48,,,,,https://blog.naver.com/jklovelike/223741037236
2025-01-28,Tue,13,블로그 성장/노하우/팁,연휴 기간에도 여전히 꾸준한 블로그 이웃분들을 보며,28,300,45,,,,,https://blog.naver.com/jklovelike/223740795750
2025-01-28,Tue,5,'데미안'의 자기혁신,차라리 매일 하는 것이 속편하다. 매일 하지 않고는 못 배긴다,34,231,39,,,,,https://blog.naver.com/jklovelike/223740570607
2025-01-27,Mon,23,가속성장/자기계발,"설날, 자신에게 덕담을 기대하지 말라는 세이노의 독설과 일침 (세이노의 가르침 중에서)",48,205,25,,,,,https://blog.naver.com/jklovelike/223740383233
2025-01-27,Mon,16,'데미안'의 자기혁신,'차별화'가 아니라 '독자화'가 필요합니다,23,258,28,,,,,https://blog.naver.com/jklovelike/223740081492
2025-01-27,Mon,5,"'데미안'의 단상, 생각",늘 새롭게 피어날 수 있어야 합니다,19,233,27,,,,,https://blog.naver.com/jklovelike/223739712685
2025-01-26,Sun,22,'데미안'의 수능 칼럼 ,고3 설날도 평상시와 똑같이 공부하며 보내세요,25,195,25,744,1,0,4,https://blog.naver.com/jklovelike/223739507071
2025-01-26,Sun,12,블로그 성장/노하우/팁,"1일 1포, 매일 블로그 포스팅 정말 쉽게 하는 방법과 노하우",34,386,72,,,,,https://blog.naver.com/jklovelike/223739026968
2025-01-26,Sun,6,'데미안'의 자기혁신,자신감은 어디서 나오는가 오늘 새벽에 생각해 봤습니다,29,281,38,,,,,https://blog.naver.com/jklovelike/223738786668
2025-01-25,Sat,19,블로그 성장/노하우/팁,스스로 보잘것없어 보이는 글이더라도 당당히 포스트를 발행하세요,34,368,53,,,,,https://blog.naver.com/jklovelike/223738358754
2025-01-25,Sat,14,"'데미안'의 단상, 생각",경험에도 배우는 게 있다고 스스로 심리적 안전장치를 만들어 보세요,36,260,21,,,,,https://blog.naver.com/jklovelike/223738107025
2025-01-25,Sat,7,블로그 성장/노하우/팁,한 대형 블로거와의 인연과 추억 (feat.바베 스타크),31,252,19,,,,,https://blog.naver.com/jklovelike/223737825211
2025-01-24,Fri,19,"'데미안'의 단상, 생각",'할 수 있다' 정도로는 부족하다,18,335,47,,,,,https://blog.naver.com/jklovelike/223737333548
2025-01-24,Fri,13,블로그 성장/노하우/팁,우리의 댓글은 기억된다,12,301,26,,,,,https://blog.naver.com/jklovelike/223736919677
2025-01-24,Fri,5,'데미안'의 자기혁신,자기 창조의 즐거움,10,232,29,,,,,https://blog.naver.com/jklovelike/223736574715
2025-01-23,Thu,20,Na,2월 8일 오후 세종시에 북크북크님 북콘서트 함께 가실 분 계실까요?,38,238,37,,,,,https://blog.naver.com/jklovelike/223736229507
2025-01-23,Thu,15,블로그 성장/노하우/팁,성공한 블로그를 관찰해 보세요. 노하우를 직접 배울 수 있습니다.,36,361,35,,,,,https://blog.naver.com/jklovelike/223735908810
2025-01-23,Thu,5,"'데미안'의 단상, 생각",주변 사람들에게 긍정적인 말을 하세요,20,349,49,,,,,https://blog.naver.com/jklovelike/223735305553
2025-01-22,Wed,12,일상의 기록,다음 번에도 번개모임 포스팅을 할 일이 있을까요?,27,221,40,,,,,https://blog.naver.com/jklovelike/223733835917
2025-01-22,Wed,7,블로그 성장/노하우/팁,블로그를 꾸준히 하다 보면 무언가 이뤄지지 않을까요?,29,314,84,,,,,https://blog.naver.com/jklovelike/223733736583
2025-01-21,Tue,19,블로그 성장/노하우/팁,"행동력이 좋은 그녀, 이번에 출간 계약을 맺다 (feat.사랑주니)",37,277,39,,,,,https://blog.naver.com/jklovelike/223733083516
2025-01-21,Tue,19,블로그 이웃 포스트 공유,[공유] [북콘서트후기]_제 2탄! 소름 돋는 북콘서트! 끝나지 않는 이야기~,43,117,0,,,,,https://blog.naver.com/jklovelike/223733056015
2025-01-21,Tue,16,블로그 이웃 포스트 공유,[공유] 오 퍼센트의 첫 전자책이 출간되었습니다.,27,122,3,,,,,https://blog.naver.com/jklovelike/223732905873
2025-01-21,Tue,13,블로그 성장/노하우/팁,내가 읽은 책의 작가 분이 내 블로그에 방문하는 경험을 종종 하게 될 겁니다,42,252,26,,,,,https://blog.naver.com/jklovelike/223732684244
2025-01-21,Tue,12,블로그 이웃 포스트 공유,[공유] 저의 첫 전자책이 나왔습니다.,21,121,3,,,,,https://blog.naver.com/jklovelike/223732628674
2025-01-21,Tue,5,Na,어제 하루 동안 11명의 이웃분께 그림일기를 그려준 한그루 님입니다,37,220,34,,,,,https://blog.naver.com/jklovelike/223732301710
2025-01-20,Mon,17,독서 단상,"오늘 저녁 카페에서, 독서 직전에 남기는 짧은 글",27,345,25,,,,,https://blog.naver.com/jklovelike/223731807731
2025-01-20,Mon,12,블로그 성장/노하우/팁,글쓰는 사람과 교류하세요. 글쓰기 의욕이 생깁니다,27,331,48,,,,,https://blog.naver.com/jklovelike/223731261255
2025-01-20,Mon,7,일상의 기록,조이님&비티오님&리아님 합동 북콘서트 후기 (39장의 사진과 함께),37,253,29,,,,,https://blog.naver.com/jklovelike/223731194121
2025-01-19,Sun,23,"'데미안'의 단상, 생각",내가 지닌 꽤 괜찮은 기술 - 쪽잠 자기,22,229,20,,,,,https://blog.naver.com/jklovelike/223730992491
2025-01-19,Sun,12,'데미안'의 수능 칼럼 ,예비 고3 고2 겨울방학 역전 수능 공부법 + 노하우와 팁,32,215,25,621,17,0,8,https://blog.naver.com/jklovelike/223730513615
2025-01-19,Sun,12,블로그 이웃 포스트 공유,"[공유] [북콘서트후기]_제 1탄! 데미안님과의 데이트, 그리고 북콘서트 함께 하는 이 맞이 준비!",55,121,10,,,,,https://blog.naver.com/jklovelike/223730492223
2025-01-19,Sun,4,블로그 성장/노하우/팁,블로그 성공 전략 - 여러 가지 짬뽕 주제로 블로그해도 좋습니다. 저는 제 전략이 마음에 듭니다,53,248,62,,,,,https://blog.naver.com/jklovelike/223730328084
2025-01-18,Sat,22,블로그 성장/노하우/팁,블로그 글쓰기 주제에 대한 제약을 벗어나라,23,283,29,,,,,https://blog.naver.com/jklovelike/223730144464
2025-01-18,Sat,21,블로그 이웃 포스트 공유,[공유] 이수역 북콘서트 벙 /리아&비티오&조이 작가님 (feat. 데미안님),43,115,2,,,,,https://blog.naver.com/jklovelike/223730062551
2025-01-18,Sat,11,"'데미안'의 단상, 생각",오늘 오후에 번개모임처럼 뵐 분이 계실까요?,24,307,58,,,,,https://blog.naver.com/jklovelike/223729685645
2025-01-18,Sat,5,"'데미안'의 단상, 생각","아프고 지치고 늦었다고 불안해하고 있을지 모를 너에게, 그 이후",35,231,20,,,,,https://blog.naver.com/jklovelike/223729468905
2025-01-17,Fri,19,블로그 성장/노하우/팁,블로그 내부에서 글감을 찾는 방법,18,257,18,,,,,https://blog.naver.com/jklovelike/223729076786
2025-01-17,Fri,13,독서 단상,"자기계발 서적 기준 평어체 vs 경어체, 여러분은 어느 문체를 선호하나요?",41,260,62,,,,,https://blog.naver.com/jklovelike/223728715159
2025-01-17,Fri,5,"'데미안'의 단상, 생각",1년 뒤의 나에게 보내는 편지 <미래 편지 챌린지>,28,249,28,,,,,https://blog.naver.com/jklovelike/223728367113
2025-01-16,Thu,19,블로그 성장/노하우/팁,브랜드형 블로그를 지향하세요,15,322,35,,,,,https://blog.naver.com/jklovelike/223728021769
2025-01-16,Thu,17,블로그 이웃 포스트 공유,"[공유] [서울 북토크 모집 (1.18.토)] <2025, 나로 산다는 것> 비티오 & 조남희Joy1004 & 리아 합동 오프라인 북토크. <MZ 공무원은 도대체 왜 퇴사할까?>",99,130,5,,,,,https://blog.naver.com/jklovelike/223727902279
2025-01-16,Thu,7,"'데미안'의 단상, 생각",우리는 젊다,6,285,29,,,,,https://blog.naver.com/jklovelike/223727330598
2025-01-16,Thu,5,블로그 성장/노하우/팁,으쌰으쌰 5일차 - 우선 작심삼일을 넘겼습니다,25,209,31,,,,,https://blog.naver.com/jklovelike/223727308727
2025-01-15,Wed,19,블로그 성장/노하우/팁,"글감이 없어도, 콘텐츠가 부족해도 블로그를 성장시킬 수 있습니다",35,374,57,,,,,https://blog.naver.com/jklovelike/223726972428
2025-01-15,Wed,17,블로그 성장/노하우/팁,블로그 1일 1포와 1일 N포스팅 - 계속 나아가며 성장하기,33,286,16,,,,,https://blog.naver.com/jklovelike/223726817249
2025-01-15,Wed,11,"'데미안'의 단상, 생각",한없이 살았다,7,200,10,,,,,https://blog.naver.com/jklovelike/223726323745
2025-01-15,Wed,7,블로그 성장/노하우/팁,나에게는 블로그가 '제정신 유지 수단'이었던 적이 있다,30,240,34,,,,,https://blog.naver.com/jklovelike/223726268268
2025-01-14,Tue,22,'데미안'의 수능 칼럼 ,"수능 공부, 재능충과 비교하지 말라",19,223,8,2448,9,0,0,https://blog.naver.com/jklovelike/223726030027
2025-01-14,Tue,19,블로그 이웃 포스트 공유,[공유] 북 콘서트에 초대 합니다. 2월8일 토요일14:00~15:30,39,144,9,,,,,https://blog.naver.com/jklovelike/223725854627
2025-01-14,Tue,16,블로그 이웃 포스트 공유,[공유] 세상 사는 맛을 블로그를 하면서 느껴봅니다,28,133,0,,,,,https://blog.naver.com/jklovelike/223725680042
2025-01-14,Tue,13,블로그 성장/노하우/팁,1000명의 팬 대신 10명의 찐팬을 만들어라,25,295,39,,,,,https://blog.naver.com/jklovelike/223725463724
2025-01-14,Tue,5,독서 단상,나는 쓰기보다 독서를 더 좋아한다. 하지만 읽기보다 쓰기가 더 쉽다,37,277,40,,,,,https://blog.naver.com/jklovelike/223725097239
2025-01-13,Mon,23,블로그 성장/노하우/팁,으쌰으쌰 3일차 - 훈훈한 분위기입니다,21,229,20,,,,,https://blog.naver.com/jklovelike/223724906071
2025-01-13,Mon,17,블로그 성장/노하우/팁,1일 N포 효과 - 블로그에 활력을 만든다,23,252,27,,,,,https://blog.naver.com/jklovelike/223724602145
2025-01-13,Mon,16,블로그 이웃 포스트 공유,[공유] 오 퍼센트의 첫 전자책을 소개합니다.,25,92,1,,,,,https://blog.naver.com/jklovelike/223724536282
2025-01-13,Mon,15,블로그 성장/노하우/팁,'으쌰으쌰' 모집 마감 이후에 말씀주신 분들이 계십니다,30,221,0,,,,,https://blog.naver.com/jklovelike/223724423749
2025-01-13,Mon,13,블로그 이웃 포스트 공유,[공유] 6번째 전자책 <당신도 1만 블로거 될 수 있다> 무료 배포 합니다.,43,122,6,,,,,https://blog.naver.com/jklovelike/223724307239
2025-01-13,Mon,12,"'데미안'의 단상, 생각",변화의 계기를 주고 자기 내면의 잠재력을 일깨워 주는 것이 바로 교육이다,40,208,10,,,,,https://blog.naver.com/jklovelike/223724004780
2025-01-13,Mon,6,블로그 성장/노하우/팁,블로그가 사람과의 연결을 늘리고 접점을 증가시킵니다,28,229,31,,,,,https://blog.naver.com/jklovelike/223723960608
2025-01-12,Sun,23,'데미안'의 수능 칼럼 ,블로그 글을 통해 도움 받았다며 고마움을 전하는 학생들,30,226,26,684,7,0,4,https://blog.naver.com/jklovelike/223723758017
2025-01-12,Sun,12,"'데미안'의 단상, 생각",잠을 적게 잔 날 - 수면 부족에 대한 개인적 술회,28,302,40,,,,,https://blog.naver.com/jklovelike/223723275156
2025-01-12,Sun,6,블로그 성장/노하우/팁,<으쌰으쌰> 본격적인 첫날 새벽부터 인상적인 장면을 봤습니다,33,273,62,,,,,https://blog.naver.com/jklovelike/223723091458
2025-01-11,Sat,23,블로그 이웃 포스트 공유,"[공유] [프리라이팅 #114] 블로그를 넘어 책 쓰기까지, 데미안님과의 1년 5개월",47,104,2,,,,,https://blog.naver.com/jklovelike/223722930490
2025-01-11,Sat,22,블로그 성장/노하우/팁,<으쌰으쌰 1일 1포 챌린지> 마지막 막차입니다,26,179,35,,,,,https://blog.naver.com/jklovelike/223722882844
2025-01-11,Sat,16,블로그 성장/노하우/팁,블로그 1일 1포를 권하는 이유,17,341,27,,,,,https://blog.naver.com/jklovelike/223722610156
2025-01-11,Sat,14,블로그 이웃 포스트 공유,[공유] 250111_21일째(응원해주시는 분들 덕분에 꿈을 이룰 수 있습니다.),45,120,7,,,,,https://blog.naver.com/jklovelike/223722550815
2025-01-11,Sat,13,블로그 성장/노하우/팁,<으쌰으쌰 1일1포> 모집 마감을 며칠 앞당겨서 오늘까지만 신청받겠습니다,40,190,49,,,,,https://blog.naver.com/jklovelike/223722504006
2025-01-11,Sat,5,블로그 성장/노하우/팁,2년 동안 꾸준히 1일 N포 블로그 글쓰기를 통해 얻은 변화,33,325,58,,,,,https://blog.naver.com/jklovelike/223722217899
2025-01-10,Fri,13,"'데미안'의 단상, 생각",좋은 판단,5,275,18,,,,,https://blog.naver.com/jklovelike/223721455793
2025-01-10,Fri,5,블로그 성장/노하우/팁,어제 꾸준하게 1년 동안 1일1포를 함께 할 동료들을 찾았습니다,35,271,40,,,,,https://blog.naver.com/jklovelike/223721013191
2025-01-09,Thu,18,블로그 성장/노하우/팁,<데미안 '으쌰으쌰' 1일1포 챌린지> 2025년 1일1포를 함께 꾸준히 하실 분 신청받습니다!,53,542,885,1593,2,3,13,https://blog.naver.com/jklovelike/223720370820
2025-01-09,Thu,8,블로그 성장/노하우/팁,네이버 블로그에서 돌파구를 찾겠다,18,367,63,,,,,https://blog.naver.com/jklovelike/223719557536
2025-01-08,Wed,21,"'데미안'의 단상, 생각",한겨울 추운 야밤에 글을 쓰며 걸어가는 이유,24,274,22,,,,,https://blog.naver.com/jklovelike/223719184585
2025-01-08,Wed,12,"'데미안'의 단상, 생각",1월부터의 기세가 중요하다,14,248,22,,,,,https://blog.naver.com/jklovelike/223718389323
2025-01-08,Wed,6,블로그 성장/노하우/팁,블로그에 자기 축적의 기능을 잘 활용하자,22,262,40,,,,,https://blog.naver.com/jklovelike/223718324155
2025-01-07,Tue,22,'데미안'의 수능 칼럼 ,공부를 포기할까 싶은 재수생 제자에게 어머님이 해 준 말씀,32,190,9,1259,0,0,0,https://blog.naver.com/jklovelike/223717958592
2025-01-07,Tue,19,블로그 이웃 포스트 공유,[공유] 드디어 예약판매를 진행합니다.(With 교보문고),32,142,6,,,,,https://blog.naver.com/jklovelike/223717721676
2025-01-07,Tue,13,'데미안'의 자기혁신,형의 구김살 있는 모습을 본 적이 없어,21,216,19,,,,,https://blog.naver.com/jklovelike/223717322843
2025-01-07,Tue,12,수능/수능공부법/합격수기,"2025정시 대학 경쟁률(서울대, 연고대, 의대, 치대, 한의대, 약대, 수의대, 교대, 서성한, 중경외시 대학 경쟁률)",67,132,3,1324,1,0,0,https://blog.naver.com/jklovelike/223717261580
2025-01-07,Tue,5,"'데미안'의 단상, 생각",나는 잘 될 것이다,10,243,39,,,,,https://blog.naver.com/jklovelike/223716954463
2025-01-06,Mon,16,'데미안'의 자기혁신,동기부여 없이 일을 제대로 진행하는 방법,22,241,36,,,,,https://blog.naver.com/jklovelike/223716421823
2025-01-06,Mon,8,블로그 성장/노하우/팁,며칠 사이에 글을 자주 올리다 보니 비로소 데미안 님 같다는 이야기를 들었습니다,44,214,18,,,,,https://blog.naver.com/jklovelike/223715904805
2025-01-05,Sun,23,"'데미안'의 단상, 생각",노곤하지만 정신적으로 피로하지 않은 날,21,226,19,,,,,https://blog.naver.com/jklovelike/223715679796
2025-01-05,Sun,12,블로그 성장/노하우/팁,잘 써야 한다는 부담감이 꾸준한 글쓰기의 적이다,26,300,39,,,,,https://blog.naver.com/jklovelike/223715192695
2025-01-05,Sun,5,독서 단상,굳이 작가 스스로 '졸저'라는 표현을 할 필요가 있을까요?,32,216,30,,,,,https://blog.naver.com/jklovelike/223715035389
2025-01-04,Sat,13,'데미안'의 자기혁신,자투리 시간을 무시하지 말라,15,410,37,,,,,https://blog.naver.com/jklovelike/223714499859
2025-01-04,Sat,12,수능/수능공부법/합격수기,수능 노베이스 독학 재수 결과 (고3 국수영 764 -> 재수 국수영 32211) 독학 후기,51,219,10,3105,20,0,0,https://blog.naver.com/jklovelike/223714306691
2025-01-04,Sat,6,"'데미안'의 단상, 생각",둘 중에 더 귀찮은 일을 하자 (feat.북크북크),28,267,23,,,,,https://blog.naver.com/jklovelike/223714273414
2025-01-03,Fri,16,블로그 성장/노하우/팁,재밌게도 스마트폰으로 가볍게 쓴 블로그 글의 반응이 더 좋습니다,35,320,35,,,,,https://blog.naver.com/jklovelike/223713776737
2025-01-03,Fri,13,"'데미안'의 단상, 생각",2025년 한 해 동안 무엇을 버리시겠습니까?,25,206,22,,,,,https://blog.naver.com/jklovelike/223713558662
2025-01-03,Fri,13,수능/수능공부법/합격수기,현역 고3이 쓴 수능 수학 N제 문제집 후기 (주관적인 수학 콘텐츠 후기),41,167,6,2039,10,10,1,https://blog.naver.com/jklovelike/223713539168
2025-01-03,Fri,5,"'데미안'의 단상, 생각",책을 내서 좋았던 순간 - 좋아하는 작가분이 '작가님'이라고 불러주었을 때,41,199,33,,,,,https://blog.naver.com/jklovelike/223713216977
2025-01-02,Thu,20,"'데미안'의 단상, 생각",막상 시작하고 지속하면 자신감이 생깁니다,22,294,35,,,,,https://blog.naver.com/jklovelike/223712920589
2025-01-02,Thu,18,블로그 성장/노하우/팁,블로그 성장을 원한다면 1월에 블로그를 열심히 해 보세요 (+노하우와 팁),41,343,44,,,,,https://blog.naver.com/jklovelike/223712774679
2025-01-02,Thu,12,"'데미안'의 단상, 생각",열심히 사는 게 취미인 '열심형 인간'이 존재합니다,28,241,23,,,,,https://blog.naver.com/jklovelike/223712220080
2025-01-02,Thu,7,"'데미안'의 단상, 생각",글 쓰다가 냄비 하나 태웠습니다,17,271,75,,,,,https://blog.naver.com/jklovelike/223712151894
2025-01-01,Wed,22,'데미안'의 자기혁신,승률보다 더 중요한 것이 있습니다,18,197,19,,,,,https://blog.naver.com/jklovelike/223711889444
2025-01-01,Wed,20,블로그 이웃 포스트 공유,[공유] 1월 1일 새해맞이 이벤트 책 집필에 대한 강의 1월 7일 오후 8시,43,87,1,,,,,https://blog.naver.com/jklovelike/223711784907
2025-01-01,Wed,16,블로그 성장/노하우/팁,내가 알고 있는 사람이 내 블로그를 보는 게 부담스럽죠?,31,495,48,855,0,0,1,https://blog.naver.com/jklovelike/223711588837
2025-01-01,Wed,15,블로그 이웃 포스트 공유,"[공유] 2024년 마지막 모임 후기 (데미안, 북크북크, 억만장자 메신저, 라텔씨)",47,113,6,,,,,https://blog.naver.com/jklovelike/223711551876
2025-01-01,Wed,8,일상의 기록,홍대에서 블로그 친구들을 만났습니다. 검마사님 북크북크님 억만장자 메신저님까지 넷이 연말에 뭉쳤습니다.,57,286,60,,,,,https://blog.naver.com/jklovelike/223711302912
2025-01-01,Wed,0,"'데미안'의 단상, 생각",2025년 이제 시작입니다! 새해 복 많이 받으세요^^,30,248,78,,,,,https://blog.naver.com/jklovelike/223711107151
2024-12-31,Tue,23,"'데미안'의 단상, 생각",신년 계획 제대로 세우는 방법,16,196,50,,,,,https://blog.naver.com/jklovelike/223711028193
2024-12-31,Tue,17,"'데미안'의 단상, 생각",다시 어려운 길을 가라,12,232,13,,,,,https://blog.naver.com/jklovelike/223710728054
2024-12-31,Tue,16,블로그 이웃 포스트 공유,"[공유] 서울 만남 후기(Feat.데미안님,검마사님,북크북크님)",35,126,7,,,,,https://blog.naver.com/jklovelike/223710620616
2024-12-31,Tue,12,"'데미안'의 단상, 생각",환골탈태를 바라는 2025년입니다,18,176,13,,,,,https://blog.naver.com/jklovelike/223710150553
2024-12-31,Tue,6,"'데미안'의 단상, 생각",오늘 새벽에 처음으로 인스타 릴스를 만들어 봤습니다,28,181,25,,,,,https://blog.naver.com/jklovelike/223710118490
2024-12-31,Tue,4,"'데미안'의 단상, 생각",올바른 방향으로 직진하자,13,166,25,,,,,https://blog.naver.com/jklovelike/223710081228
2024-12-30,Mon,16,블로그 성장/노하우/팁,2024 마이 블로그 리포트 중에서 - 2025년에는 블로그를 더 꾸준히 해야겠습니다,47,215,46,,,,,https://blog.naver.com/jklovelike/223709501252
2024-12-30,Mon,6,"'데미안'의 단상, 생각","가라, 옛날이여.  오라, 새날이여 (이해인 수녀 - 12월의 엽서)",38,237,32,,,,,https://blog.naver.com/jklovelike/223708976194
2024-12-29,Sun,6,'데미안'의 자기혁신,창의행동(Creaction)하라,17,194,20,,,,,https://blog.naver.com/jklovelike/223708241838
2024-12-28,Sat,23,"'데미안'의 단상, 생각",나는 천천히 걸어가는 사람이다. 그러나 뒤로는 가지 않는다.,33,207,16,,,,,https://blog.naver.com/jklovelike/223708085802
2024-12-28,Sat,5,"'데미안'의 단상, 생각",일시적인 우울은 때로는 힘이 됩니다,19,223,82,,,,,https://blog.naver.com/jklovelike/223707500317
2024-12-27,Fri,18,블로그 성장/노하우/팁,이웃분들 중에 아직 서로이웃이 아닌 분들은 본문을 읽어주세요,33,313,270,290,3,0,5,https://blog.naver.com/jklovelike/223707130622
2024-12-27,Fri,5,"'데미안'의 단상, 생각",목표를 세우면서 두근거림을 느껴본 적이 있나요?,26,200,31,,,,,https://blog.naver.com/jklovelike/223706511664
2024-12-26,Thu,19,지성과 사랑,디트리히 본회퍼 - 자유의 도상에 있는 정거장 (Stations on the Way to Freedom),58,167,12,,,,,https://blog.naver.com/jklovelike/223706181325
2024-12-26,Thu,16,블로그 이웃 포스트 공유,[공유] 이번 책 첫 인세는 전액 기부 그리고 서평단 이벤트!,34,102,2,,,,,https://blog.naver.com/jklovelike/223705987654
2024-12-26,Thu,5,'데미안'의 자기혁신,추진력을 만들어라. 성과의 절반은 추진력의 몫이다.,28,193,41,,,,,https://blog.naver.com/jklovelike/223705468833
2024-12-25,Wed,17,지성과 사랑,러디어드 키플링의 '만약에',15,219,18,,,,,https://blog.naver.com/jklovelike/223705077558
2024-12-25,Wed,7,"'데미안'의 단상, 생각",메리 크리스마스! 처음으로 크리스마스 케이크 선물을 받았습니다,34,227,72,,,,,https://blog.naver.com/jklovelike/223704757389
2024-12-24,Tue,5,'데미안'의 자기혁신,5분 법칙 - ‘딱 5분만 하고 그만두자’,23,231,60,,,,,https://blog.naver.com/jklovelike/223703709277
2024-12-23,Mon,21,블로그 성장/노하우/팁,블로그 이웃 북크북크님을 보고 놀랐습니다. <나는 얼마짜리인가?>,36,214,27,,,,,https://blog.naver.com/jklovelike/223703396930
2024-12-23,Mon,20,블로그 이웃 포스트 공유,[공유] 북크북크의 2번째 책! 나는 얼마짜리인가? 출간했습니다!,36,93,2,,,,,https://blog.naver.com/jklovelike/223703371817
2024-12-23,Mon,6,'데미안'의 자기혁신,나는 목표의 정의를 새롭게 한다,17,198,59,,,,,https://blog.naver.com/jklovelike/223702573210
2024-12-22,Sun,7,"'데미안'의 단상, 생각",일의 열정이 많지 않으면 당신은 살아남지 못할 것이다. 포기할 거다,37,214,66,,,,,https://blog.naver.com/jklovelike/223701728291
2024-12-21,Sat,15,블로그 이웃 포스트 공유,"[공유] 드디어 만나다, 블로거 데미안님",22,130,16,,,,,https://blog.naver.com/jklovelike/223701200817
2024-12-21,Sat,7,일상의 기록,블로그 이웃 <미스터리킴> 님을 만났습니다 + 남자 둘이서 5시간 동안 술 한잔 없이 대화를 나누다가 왔습니다.,62,281,42,,,,,https://blog.naver.com/jklovelike/223700886447
2024-12-20,Fri,16,"'데미안'의 단상, 생각",싫어하는 일과 두려워하는 일과 귀찮아하는 일  중에서 하루에 최소 한 가지는 하자,45,228,37,,,,,https://blog.naver.com/jklovelike/223700269210
2024-12-20,Fri,5,'데미안'의 자기혁신,빠르게 실패하라. 많이 실패하라. 실패를 통해 전진하라,30,199,40,,,,,https://blog.naver.com/jklovelike/223699698627
2024-12-19,Thu,6,'데미안'의 자기혁신,인위적으로 집중의 순간을 늘려야 합니다,21,191,22,,,,,https://blog.naver.com/jklovelike/223698497991
2024-12-19,Thu,5,수능/수능공부법/합격수기,2025학년도 대학수학능력시험 채점결과 보도자료 (2025수능 평가원 채점 분석),45,102,6,469,14,0,2,https://blog.naver.com/jklovelike/223698478535
2024-12-18,Wed,4,"'데미안'의 단상, 생각",아예 시작도 하지 않은 작품이야말로 그 무엇보다 졸작이다,31,217,67,,,,,https://blog.naver.com/jklovelike/223697215317
2024-12-17,Tue,7,블로그 성장/노하우/팁,글쓰기는 고역입니다. 글 쓰는 과정이 괴롭습니다.,27,237,55,,,,,https://blog.naver.com/jklovelike/223696023384
2024-12-16,Mon,6,'데미안'의 자기혁신,자기 자신만의 일상 시스템을 구축하자,20,224,52,,,,,https://blog.naver.com/jklovelike/223694788316
2024-12-15,Sun,5,'데미안'의 자기혁신,내가 당신보다 더 많이 실패하면 내가 이기는 것이다,28,201,52,,,,,https://blog.naver.com/jklovelike/223693856713
2024-12-14,Sat,5,"'데미안'의 단상, 생각",이제 두려워 하던 일을 하라,15,234,40,,,,,https://blog.naver.com/jklovelike/223693013193
2024-12-13,Fri,21,"'데미안'의 단상, 생각",형편없는 시작을 용인하자. 불만족스러운 과정을 견디자,29,192,39,,,,,https://blog.naver.com/jklovelike/223692761258
2024-12-13,Fri,20,수능/수능공부법/합격수기,2025수능 유일한 문과 만점자(고대 반수생) + 서울대 공대에 수시 합격한 재학생 만점자 서장협 군,56,172,8,1402,1,0,0,https://blog.naver.com/jklovelike/223692706025
2024-12-13,Fri,6,"'데미안'의 단상, 생각","창의성을 위하여, 아이디어를 생각하자마자 바로 기록하자",30,199,29,,,,,https://blog.naver.com/jklovelike/223691871909
2024-12-12,Thu,6,'데미안'의 자기혁신,네가 끝났다고 생각하니까 끝인 거지. 네 인생은 사실 무한대야,34,237,47,,,,,https://blog.naver.com/jklovelike/223690589766
2024-12-11,Wed,17,블로그 성장/노하우/팁,"[공유] 모든 SNS 1만 명 이상 달성 SNS4종에 대한 무료 강의 선착순 100명까지만(인스타,스레드,X,블로그)",65,77,2,,,,,https://blog.naver.com/jklovelike/223690044512
2024-12-11,Wed,6,블로그 성장/노하우/팁,블로그 친구라는 말을 들었습니다,17,234,56,,,,,https://blog.naver.com/jklovelike/223689389433
2024-12-10,Tue,6,'데미안'의 자기혁신,성취를 위해서는 큰 두 걸음이 필요하다,21,234,56,,,,,https://blog.naver.com/jklovelike/223688200918
2024-12-09,Mon,5,'데미안'의 자기혁신,행운을 창조하는 요인과 불행을 유발시키는 요인에 대해 생각해 본 적이 있나요?,43,222,41,,,,,https://blog.naver.com/jklovelike/223686982347
2024-12-08,Sun,10,"'데미안'의 단상, 생각",자신의 목소리를 찾아라. 위험이 도사리는 곳으로 가라.,30,206,7,,,,,https://blog.naver.com/jklovelike/223686213578
2024-12-08,Sun,6,독서 단상,독서법(9) 독서하면서 즉각 글쓰기,19,264,59,,,,,https://blog.naver.com/jklovelike/223686137512
2024-12-07,Sat,5,'데미안'의 자기혁신,안전지대 밖으로 탈주하라. 안락의 세계에서 탈출하라,28,216,42,,,,,https://blog.naver.com/jklovelike/223685284216
2024-12-06,Fri,21,Na,오늘 충주북여자중학교 공부법 강연을 다녀왔습니다,26,249,73,,,,,https://blog.naver.com/jklovelike/223685082612
2024-12-06,Fri,12,수능/수능공부법/합격수기,2025 수능 국어 수학 확정 등급컷 - 원점수 별 표준점수 등급 백분위 비율,43,155,8,539,9,11,2,https://blog.naver.com/jklovelike/223684476175
2024-12-06,Fri,5,"'데미안'의 단상, 생각",내일은 없다. 오늘 하자,13,218,29,,,,,https://blog.naver.com/jklovelike/223684024839
2024-12-06,Fri,5,수능/수능공부법/합격수기,2025 수능 영어 사탐 과탐 원점수 확정 등급컷 표준점수 백분위,36,135,1,267,19,22,1,https://blog.naver.com/jklovelike/223684123671
2024-12-05,Thu,6,블로그 성장/노하우/팁,매일 쓰면 오늘도 글쓸까 말까 고민할 필요가 없다 + 무라카미 하루키의 꾸준함을 생각하며,49,236,27,,,,,https://blog.naver.com/jklovelike/223683051627
2024-12-04,Wed,6,"'데미안'의 단상, 생각",<깨어나 네 삶을 펼쳐라> - 실패에의 의지,24,217,37,,,,,https://blog.naver.com/jklovelike/223681881041
2024-12-03,Tue,22,블로그 이웃 포스트 공유,[공유] 2번째 책 계약했습니다.,18,134,2,,,,,https://blog.naver.com/jklovelike/223681607715
2024-12-03,Tue,6,"'데미안'의 단상, 생각",여전히 내가 탑재해야 할 무기들,17,263,81,,,,,https://blog.naver.com/jklovelike/223680661070
2024-12-02,Mon,20,"'데미안'의 단상, 생각",나는 행운아다,7,240,46,,,,,https://blog.naver.com/jklovelike/223680290159
2024-12-02,Mon,6,"'데미안'의 단상, 생각",이번 주에 충청도에 있는 중학교에 찾아가 전교생 대상으로 공부법 강연을 합니다,43,210,81,,,,,https://blog.naver.com/jklovelike/223679411874
2024-12-01,Sun,6,'데미안'의 자기혁신,20년 동안 마셔왔던 커피를 끊은 방법 + 습관을 바꾸는 방법,34,306,79,,,,,https://blog.naver.com/jklovelike/223678517747
2024-11-30,Sat,7,블로그 성장/노하우/팁,<3인 3색 와이즈 카페> 글쓰기 강의를 마쳤습니다. 더블와이파파님과 알파님과 생각여행자님과 강의를 들으신 블로그 이웃분 모두 감사합니다,76,215,78,,,,,https://blog.naver.com/jklovelike/223677696813
2024-11-29,Fri,20,블로그 이웃 포스트 공유,[공유] 35개의 강의 후기(와이즈 카페),23,0,0,,,,,https://blog.naver.com/jklovelike/223677369055
2024-11-29,Fri,5,독서 단상,"새벽에 읽고 있는 책, 새벽에 주문한 책, 새벽에 쓰고 있는 책",35,258,67,,,,,https://blog.naver.com/jklovelike/223676558077
2024-11-28,Thu,22,블로그 이웃 포스트 공유,"[공유] 데미안님, 알파님과 함께한 강의 (ft. 더블와이파파님의 와이즈 카페)",44,144,21,,,,,https://blog.naver.com/jklovelike/223676327908
2024-11-28,Thu,17,블로그 이웃 포스트 공유,"[공유] 데미안님, 알파님, 생각여행자님 강의가 오늘 저녁 8시에 진행됩니다.",43,97,0,,,,,https://blog.naver.com/jklovelike/223676036533
2024-11-28,Thu,5,'데미안'의 자기혁신,실패는 전진이다. 실패를 환영한다,18,232,54,,,,,https://blog.naver.com/jklovelike/223675384226
2024-11-27,Wed,6,'데미안'의 자기혁신,"""나는 할 수 있다""라는 긍정확언(만트라)의 힘",26,245,27,,,,,https://blog.naver.com/jklovelike/223674203678
2024-11-26,Tue,21,"'데미안'의 단상, 생각",자기 생에 상징적 불멸을 입히자,17,195,19,,,,,https://blog.naver.com/jklovelike/223673911643
2024-11-26,Tue,6,"'데미안'의 단상, 생각",성취를 위해서는 마음에 안 드는 단계를 꼭 지나야 한다,30,219,66,,,,,https://blog.naver.com/jklovelike/223673004015
2024-11-25,Mon,16,"'데미안'의 단상, 생각",수련을 즐기는 자는 평생을 즐길 수 있다,22,237,37,,,,,https://blog.naver.com/jklovelike/223672379768
2024-11-25,Mon,16,블로그 이웃 포스트 공유,[공유] 11월 28일 목 20시 3인 3색 강의가 있습니다,33,110,3,,,,,https://blog.naver.com/jklovelike/223672360026
2024-11-25,Mon,5,블로그 성장/노하우/팁,<블로그 초보 노하우와 팁> 매일 쓸 게 없다? + 1일 1포의 관성,38,258,75,,,,,https://blog.naver.com/jklovelike/223671750558
2024-11-24,Sun,5,"'데미안'의 단상, 생각",힘들어도 하게끔 하는 것이 진정한 목표의 힘이다,26,226,22,,,,,https://blog.naver.com/jklovelike/223670947694
2024-11-23,Sat,13,"'데미안'의 단상, 생각",'어떤 일이 있어도 절대 사라지지 않는 것'에 투자하라,30,256,26,,,,,https://blog.naver.com/jklovelike/223670428532
2024-11-23,Sat,6,'데미안'의 자기혁신,세렌디피티 - 흩어진 점을 연결하다 (스티브 잡스 2005년 스탠포드 연설),42,214,34,,,,,https://blog.naver.com/jklovelike/223670183156
2024-11-22,Fri,6,'데미안'의 자기혁신,체력이 추진력이다,9,276,82,,,,,https://blog.naver.com/jklovelike/223669102462
2024-11-21,Thu,22,'데미안'의 자기혁신,실패는 내 브랜딩의 초석이다,15,217,25,,,,,https://blog.naver.com/jklovelike/223668899950
2024-11-21,Thu,8,블로그 성장/노하우/팁,온라인과 오프라인 모두 매일 기록과 흔적을 남깁니다,28,260,21,,,,,https://blog.naver.com/jklovelike/223668028286
2024-11-21,Thu,6,Na,<충청도 사투리 자작시 릴레이 챌린지> 챌린지 해봤어유,30,203,46,,,,,https://blog.naver.com/jklovelike/223667978509
2024-11-20,Wed,6,"'데미안'의 단상, 생각","대학생들이여, 활자 중독자가 되어라",19,327,75,,,,,https://blog.naver.com/jklovelike/223666895329
2024-11-19,Tue,6,블로그 성장/노하우/팁,내가 2년 동안 매일 블로그 1일 N포를 해 온 이유,29,348,91,,,,,https://blog.naver.com/jklovelike/223665706381
2024-11-18,Mon,23,수능/수능공부법/합격수기,고3 수능이 끝난 후 해야 할 일 / 수험생들이 수능 이후 하면 좋을 활동,41,218,28,3921,9,0,1,https://blog.naver.com/jklovelike/223665513037
2024-11-18,Mon,17,블로그 성장/노하우/팁,블로그 글쓰기는 엔트로피에 저항합니다. 글쓰기는 성장 도구입니다,35,255,16,,,,,https://blog.naver.com/jklovelike/223665162607
2024-11-18,Mon,7,독서 단상,군대 동기가 제가 하지도 않은 자기계발 강의를 군대 시절에 들었다고 말합니다,42,248,66,,,,,https://blog.naver.com/jklovelike/223664493333
2024-11-17,Sun,5,'데미안'의 자기혁신,"마윈 ""경험이 곧 하나의 성공이다""",19,249,43,,,,,https://blog.naver.com/jklovelike/223663525182
2024-11-16,Sat,6,'데미안'의 자기혁신,인사이트 대신 아웃사이트를 추구하라,19,233,51,,,,,https://blog.naver.com/jklovelike/223662527004
2024-11-16,Sat,5,수능/수능공부법/합격수기,2025수능 수학 오답률 순위 (미적분 확통 기하 정답률),32,108,30,277,6,3,0,https://blog.naver.com/jklovelike/223662508447
2024-11-15,Fri,6,'데미안'의 자기혁신,"방크시아처럼, 피닉스처럼 불 타오른 뒤 다시 태어나라",29,213,56,,,,,https://blog.naver.com/jklovelike/223661198038
2024-11-14,Thu,19,수능/수능공부법/합격수기,2025수능 국어 수학 영어 추정 등급컷 (가채점 원점수 기준 예상 수능 등급컷),45,186,7,715,15,4,2,https://blog.naver.com/jklovelike/223660672693
2024-11-14,Thu,18,수능/수능공부법/합격수기,이해인 수녀 - 수험생들에게 보내는 편지,22,215,11,194,0,1,0,https://blog.naver.com/jklovelike/223660600514
2024-11-14,Thu,6,'데미안'의 자기혁신,몸과 함께 움직여라. 우리는 움직여야 하는 존재다,27,223,59,,,,,https://blog.naver.com/jklovelike/223659785455
2024-11-13,Wed,20,'데미안'의 수능 칼럼 ,"수능 D-1에 썼던 블로그 일기에 담긴 다짐 ""나는 꼭 이겨서 되돌아오겠다!""",43,239,29,602,2,1,1,https://blog.naver.com/jklovelike/223659299480
2024-11-13,Wed,6,'데미안'의 자기혁신,변화의 완성 = 간절함 -> 방법과 노하우 습득 -> 루틴화 및 습관 자동화,42,243,40,,,,,https://blog.naver.com/jklovelike/223658288257
2024-11-12,Tue,23,블로그 이웃 포스트 공유,[공유] 커피를 얼마 간 안 마실 수 있을까요?,26,148,10,,,,,https://blog.naver.com/jklovelike/223657966955
2024-11-12,Tue,17,'데미안'의 수능 칼럼 ,수능만 20년 가까이 가르쳐 온 강사의 수능 당일 조언과 필요한 마음가짐 (수능 D-1 전날에 읽어야 할 글),61,296,44,3487,2,1,1,https://blog.naver.com/jklovelike/223657532225
2024-11-12,Tue,6,'데미안'의 자기혁신,왜 행동해야 하는가? 행동해야만 하는 8가지 이유,27,266,58,,,,,https://blog.naver.com/jklovelike/223656759107
2024-11-11,Mon,7,블로그 성장/노하우/팁,11월 28일 저녁에 글쓰기 줌 강의가 있습니다,26,208,57,,,,,https://blog.naver.com/jklovelike/223655276928
2024-11-10,Sun,6,'데미안'의 자기혁신,나만의 기운을 탄생시켜라. 위험한 삶을 살아라,25,261,56,,,,,https://blog.naver.com/jklovelike/223654125163
2024-11-09,Sat,6,"'데미안'의 단상, 생각","""그렇게 하면 안 돼요""라는 말",17,288,78,,,,,https://blog.naver.com/jklovelike/223653076052
2024-11-08,Fri,19,"'데미안'의 단상, 생각",따라야 할 것은 의욕이 아닌 루틴이다,20,312,28,,,,,https://blog.naver.com/jklovelike/223652593438
2024-11-08,Fri,19,블로그 이웃 포스트 공유,"[공유] 새로운 도전은 언제나 즐겁다, 글쓰기 강연 시도 (ft. 와이즈 카페, 더블와이파파님)",53,117,0,,,,,https://blog.naver.com/jklovelike/223652581720
2024-11-08,Fri,6,'데미안'의 수능 칼럼 ,수능 일주일 남겨두고도 똑같이 열심히 하고 있는 제자들,30,185,33,1866,7,0,7,https://blog.naver.com/jklovelike/223651696175
2024-11-07,Thu,21,"'데미안'의 단상, 생각",수많은 실패작을 써 내려가는 것을 두려워하지 말라,27,257,20,,,,,https://blog.naver.com/jklovelike/223651268757
2024-11-07,Thu,20,수능/수능공부법/합격수기,2024년 11월 더프 모의고사 실제 등급컷 + 예상 보정 등급컷,36,123,1,115,4,0,0,https://blog.naver.com/jklovelike/223651218731
2024-11-07,Thu,14,블로그 이웃 포스트 공유,"[공유] 11월 와이즈 카페, 대단한 세 분을 모셨습니다.",32,124,3,,,,,https://blog.naver.com/jklovelike/223650788483
2024-11-07,Thu,6,'데미안'의 자기혁신,거절 당할 때는 포기하지 않고 다른 방법을 강구하자,28,207,55,,,,,https://blog.naver.com/jklovelike/223650264266
2024-11-06,Wed,6,블로그 성장/노하우/팁,블로그 정체성도 변해갈 수 있습니다,19,265,76,,,,,https://blog.naver.com/jklovelike/223648816437
2024-11-05,Tue,23,블로그 이웃 포스트 공유,[공유] [무료 전자책 배포] 미스터리킴의 '야 너도 블로그 시작해 part III' (feat.1일 1포 1000일 기념),69,111,2,,,,,https://blog.naver.com/jklovelike/223648504609
2024-11-05,Tue,6,'데미안'의 자기혁신,매일 짧게라도 일기를 쓰자,14,286,69,,,,,https://blog.naver.com/jklovelike/223647258528
2024-11-05,Tue,5,수능/수능공부법/합격수기,수능 부정행위 유형과 사례 및 주의사항,21,116,6,772,4,3,3,https://blog.naver.com/jklovelike/223647218838
2024-11-04,Mon,6,"'데미안'의 단상, 생각",좌절을 이기기 위해서는 긍정적 활동의 빈도를 늘려야 합니다,32,233,69,,,,,https://blog.naver.com/jklovelike/223645764991
2024-11-04,Mon,6,수능/수능공부법/합격수기,수능 전날과 당일을 위한 구체적인 팁과 지침 + 준비물,30,164,13,5580,12,1,1,https://blog.naver.com/jklovelike/223645747178
2024-11-03,Sun,6,'데미안'의 자기혁신,원한다면 정체성을 바꿔라. 우리는 계속 변해가는 존재다,30,252,65,,,,,https://blog.naver.com/jklovelike/223644620165
2024-11-02,Sat,6,블로그 성장/노하우/팁,꾸준한 블로그 글쓰기는 자아존중감을 향상시켜 줍니다. 계속 써 보세요,38,261,50,,,,,https://blog.naver.com/jklovelike/223643544660
2024-11-01,Fri,16,"'데미안'의 단상, 생각",미약한 존재의 날갯짓이 얼마나 고귀한지 잘 안다,26,204,36,,,,,https://blog.naver.com/jklovelike/223642853948
2024-11-01,Fri,16,수능/수능공부법/합격수기,2024년 10월 더프 모의고사 등급컷 (실제 등급컷과 예상 추정 등급컷),41,133,3,181,4,0,0,https://blog.naver.com/jklovelike/223642821811
2024-11-01,Fri,6,'데미안'의 자기혁신,"성장하는 방법 - ""뛰어난 예술가는 흉내를 낸다. 그러나 위대한 예술가는 훔친다.""",46,225,52,,,,,https://blog.naver.com/jklovelike/223642119291
2024-11-01,Fri,5,수능/수능공부법/합격수기,2023년 11월 더프 모의고사 등급컷 (실제컷 + 예상 추정 등급컷),39,102,1,150,4,0,0,https://blog.naver.com/jklovelike/223642091245
2024-10-31,Thu,18,블로그 이웃 포스트 공유,"[공유] 따로 또 같이, 고시원 삽니다.(feat. 책 무료 나눔 3명 OR 커피쿠폰 10명) / 마감일 10월 31일",66,132,6,,,,,https://blog.naver.com/jklovelike/223641493025
2024-10-31,Thu,4,'데미안'의 자기혁신,긍정적인 자기합리화의 귀재가 되어야 합니다. 자기 자신만의 정신승리법이 필요합니다,45,225,47,,,,,https://blog.naver.com/jklovelike/223640562833
2024-10-30,Wed,4,"'데미안'의 단상, 생각",삶의 후반부는 전반부보다 더욱더 훌륭할 것이다,25,266,49,,,,,https://blog.naver.com/jklovelike/223639138135
2024-10-29,Tue,7,지성과 사랑,정호승 - 바닥에 대하여,13,272,34,,,,,https://blog.naver.com/jklovelike/223637716003
2024-10-28,Mon,7,'데미안'의 자기혁신,강력한 변화를 위해서는 뾰족해야만 한다,21,248,33,,,,,https://blog.naver.com/jklovelike/223636212767
2024-10-27,Sun,7,'데미안'의 자기혁신,리서치를 그만 하자. 자료 수집을 잠시 멈추자. 때로는 탐색이야말로 유예하는 행동을 합리화한다,52,261,48,,,,,https://blog.naver.com/jklovelike/223635015942
2024-10-26,Sat,6,'데미안'의 자기혁신,자신의 길을 가다 보면 때로는 오해를 받을 수 있습니다. 꼭 이해를 받을 필요가 없습니다.,50,267,56,,,,,https://blog.naver.com/jklovelike/223633964942
2024-10-25,Fri,6,'데미안'의 자기혁신,스티브 잡스와 트럼프의 압박감을 이겨내는 방법 – 메멘토 모리 Memento mori,47,256,68,,,,,https://blog.naver.com/jklovelike/223632625342
2024-10-24,Thu,6,'데미안'의 자기혁신,자격주의를 버리고 당당히 시작하세요,19,294,95,,,,,https://blog.naver.com/jklovelike/223631230759
2024-10-23,Wed,7,블로그 이웃 포스트 공유,"[공유] 동서문학상, 동시에서 수상을 하였어요.",26,154,6,,,,,https://blog.naver.com/jklovelike/223629838882
2024-10-23,Wed,6,'데미안'의 자기혁신,"이제 나는 실천하리라. 이제부터 나는 이 말을 매시간, 매일 반복하고 또 반복할 것이다 <오그 만디노 - 위대한 상인의 비밀>",70,207,43,,,,,https://blog.naver.com/jklovelike/223629786416
2024-10-22,Tue,5,'데미안'의 자기혁신,두려운 경험에 뛰어들어라,13,270,54,,,,,https://blog.naver.com/jklovelike/223628332838
2024-10-21,Mon,6,"'데미안'의 단상, 생각","<GOAT의 마인드> 베컴이 말하는 리오넬 메시 ""그는 훈련장에 제일 먼저 도착하고, 맨 마지막에 나온다.""",60,222,33,,,,,https://blog.naver.com/jklovelike/223626965626
2024-10-20,Sun,16,"'데미안'의 단상, 생각","계속, 꾸준히, 매일 지속하다 보면 전에 보이지 않던 것이 보입니다",37,285,39,,,,,https://blog.naver.com/jklovelike/223626265495
2024-10-20,Sun,14,블로그 이웃 포스트 공유,[공유] 데미안님이 반겨주셔서 아침부터 행복했습니다,28,165,10,,,,,https://blog.naver.com/jklovelike/223626137864
2024-10-20,Sun,5,"'데미안'의 단상, 생각",오늘도 나 자신을 일으키는 힘이 있습니다. 무엇일까요?,30,241,51,,,,,https://blog.naver.com/jklovelike/223625794214
2024-10-19,Sat,6,"'데미안'의 단상, 생각",기분 나쁜 일은 두 시간이면 잊는다,19,264,64,,,,,https://blog.naver.com/jklovelike/223624814227
2024-10-18,Fri,6,'데미안'의 수능 칼럼 ,"고3 수포자 9등급 제자, 7개월 만에 수학 3등급이 나왔습니다 (10월 모의 기준)",47,202,43,3827,6,2,5,https://blog.naver.com/jklovelike/223623498251
2024-10-17,Thu,5,'데미안'의 자기혁신,실패는 도전의 현상이다. 실패는 나아감의 현장이다,27,248,48,,,,,https://blog.naver.com/jklovelike/223622061416
2024-10-16,Wed,20,'데미안'의 자기혁신,희망을 위해서는 건강한 생활을 처방해야 합니다,25,237,15,,,,,https://blog.naver.com/jklovelike/223621655421
2024-10-16,Wed,20,수능/수능공부법/합격수기,2024년 10월 고3 모의고사 수학(확통 미적분 기하) 정답률 오답률,39,127,1,148,6,3,1,https://blog.naver.com/jklovelike/223621629927
2024-10-16,Wed,5,'데미안'의 자기혁신,'완벽에의 충동'을 경계하라,15,231,52,,,,,https://blog.naver.com/jklovelike/223620693651
2024-10-15,Tue,20,수능/수능공부법/합격수기,2024년 10월 고3 모의고사 추정 등급컷 / 국어 수학 예상 등급컷,39,166,11,239,9,3,0,https://blog.naver.com/jklovelike/223620269077
2024-10-15,Tue,19,블로그 이웃 포스트 공유,[공유] 책 2쇄 성공! 행복하네요,19,153,5,,,,,https://blog.naver.com/jklovelike/223620222075
2024-10-15,Tue,5,"'데미안'의 단상, 생각",삶을 조금 더 또렷하게 살 수 있는 방법 중 하나가 바로 '기록'이라고 생각합니다,45,252,65,,,,,https://blog.naver.com/jklovelike/223619288424
2024-10-14,Mon,7,독서 단상,도서관 단상,6,363,68,,,,,https://blog.naver.com/jklovelike/223617939960
2024-10-13,Sun,23,Na,서울에 어르신들이 좋아할 만한 장소는 어디 있을까요?,29,188,58,,,,,https://blog.naver.com/jklovelike/223617647099
2024-10-13,Sun,22,블로그 이웃 포스트 공유,블로그 이웃분 럭키걸 님이 세 번째 도전 끝에 브런치 작가에 합격했습니다,40,215,24,,,,,https://blog.naver.com/jklovelike/223617607363
2024-10-13,Sun,6,'데미안'의 수능 칼럼 ,수능 직전까지도 최선을 다하던 제자 사례 (23년 9평 국어3등급 수학3등급에서 23년 수능 국어1등급 수학2등급) + 성적표 인증,73,224,36,3414,14,1,4,https://blog.naver.com/jklovelike/223616831201
2024-10-13,Sun,4,수능/수능공부법/합격수기,2023년 10월 고3 더프 모의고사 등급컷 (실제 등급컷 + 예상 보정 등급컷),45,117,2,171,4,0,0,https://blog.naver.com/jklovelike/223616791644
2024-10-12,Sat,22,블로그 이웃 포스트 공유,[공유] 데미안(임진강) 작가님과 함께한 원데이 독서모임 후기 각성자 공부법,42,132,6,,,,,https://blog.naver.com/jklovelike/223616553114
2024-10-12,Sat,7,독서 단상,이웃 작가님들로부터 책 선물을 받았습니다,22,236,29,,,,,https://blog.naver.com/jklovelike/223615847475
2024-10-11,Fri,15,'데미안'의 자기혁신,마음 수행은 끝이 없다,12,285,52,,,,,https://blog.naver.com/jklovelike/223615098768
2024-10-11,Fri,5,블로그 성장/노하우/팁,성장 과정을 블로그에 꾸준히 공개하라,20,298,43,,,,,https://blog.naver.com/jklovelike/223614544713
2024-10-11,Fri,5,수능/수능공부법/합격수기,2023년 고3 10월 모의고사 원점수 등급컷 (국어 수학),33,110,11,175,5,0,0,https://blog.naver.com/jklovelike/223614534525
2024-10-10,Thu,16,블로그 성장/노하우/팁,블로그 매력 - 긍정적인 에너지를 주고 받습니다,26,272,54,,,,,https://blog.naver.com/jklovelike/223613887116
2024-10-10,Thu,5,블로그 성장/노하우/팁,과거에 썼던 글을 비공개로 두지 마세요. 당당하게 공개로 놔두세요,36,249,29,,,,,https://blog.naver.com/jklovelike/223613252720
2024-10-10,Thu,4,수능/수능공부법/합격수기,2024년 8월 더프 모의고사 실제 등급컷 / 예상 등급컷(보정 등급컷),40,118,2,146,4,0,1,https://blog.naver.com/jklovelike/223613232418
2024-10-09,Wed,6,"'데미안'의 단상, 생각",이른 새벽에 겪은 동시성 현상 - 동시성을 생각한 지 얼마 안 되어 동시성을 바로 겪다,48,254,68,,,,,https://blog.naver.com/jklovelike/223612225760
2024-10-08,Tue,23,"'데미안'의 단상, 생각",꾸준함이 다른 꾸준함을 불러일으킨다,19,267,66,,,,,https://blog.naver.com/jklovelike/223612002593
2024-10-08,Tue,19,수능/수능공부법/합격수기,EBS 수능완성(연계) + 실전 모의고사(FINAL+만점마무리) 정오표,39,147,6,658,5,0,6,https://blog.naver.com/jklovelike/223611828878
2024-10-08,Tue,6,"'데미안'의 단상, 생각",100권 이상 다작한 작가 공병호 소장의 집필 스타일과 다작 비결,36,239,45,,,,,https://blog.naver.com/jklovelike/223610941341
2024-10-08,Tue,4,수능/수능공부법/합격수기,2024년 9월 고3 더프 모의고사 등급컷 (실제컷과 예상컷/보정컷),38,134,0,194,4,0,0,https://blog.naver.com/jklovelike/223610916161
2024-10-07,Mon,5,'데미안'의 자기혁신,'동기부여' - 쉬운 길만 찾지 말라. 자기 자신에게 어려운 기회를 선사하라,42,259,59,,,,,https://blog.naver.com/jklovelike/223609577582
2024-10-06,Sun,22,"'데미안'의 단상, 생각","<마흔, 이제는 책을 쓸 시간> 부아c님 북 콘서트 후기",31,303,72,,,,,https://blog.naver.com/jklovelike/223609297959
2024-10-06,Sun,7,"'데미안'의 단상, 생각","나는 보기에는 맨주먹 같을지 모르나 나에게는 확신이 있어. 나 자신에 대한, 모든 것에 대한 확신.",55,259,30,,,,,https://blog.naver.com/jklovelike/223608487933
2024-10-05,Sat,17,일상의 기록,오늘 부아c님 북콘서트에 다녀왔습니다,20,297,57,,,,,https://blog.naver.com/jklovelike/223607940859
2024-10-05,Sat,4,블로그 성장/노하우/팁,꾸준함에는 연속성에 대한 강박관념과 집착이 도움됩니다. 매일매일 하는 것이 오히려 더 쉽습니다.,53,262,51,,,,,https://blog.naver.com/jklovelike/223607442492
2024-10-04,Fri,19,블로그 이웃 포스트 공유,[공유] 다시 나는 희망의 증거가 되고 싶다 서진규,28,151,3,,,,,https://blog.naver.com/jklovelike/223607036068
2024-10-04,Fri,5,'데미안'의 자기혁신,104살 인생 선배님(김형석 교수님)의 조언 +  백년 인생을 살기 위한 다짐,43,277,78,,,,,https://blog.naver.com/jklovelike/223606175443
2024-10-04,Fri,0,Na,[공유] [선착순 15명] 데미안(임진강) 작가님과 함께 하는 원데이 독서모임 (feat. 처음으로 공부가 재밌어지기 시작했다),71,114,7,,,,,https://blog.naver.com/jklovelike/223606018886
2024-10-03,Thu,19,수능/수능공부법/합격수기,수능 수학 실전 모의고사 피드백 방법 (수학 실모 오답 정리 및  피드백 노하우),45,195,6,1217,3,5,4,https://blog.naver.com/jklovelike/223605727312
2024-10-03,Thu,5,"'데미안'의 단상, 생각",성장을 위해 할 수밖에 없는 환경을 구축해야 합니다,28,270,51,,,,,https://blog.naver.com/jklovelike/223605083776
2024-10-02,Wed,20,수능/수능공부법/합격수기,2024년 9월 모의평가 국어 수학 표준점수별 범위 / 2025수능 대비 9월 모의고사 원점수 등급컷,56,187,5,384,11,0,1,https://blog.naver.com/jklovelike/223604717502
2024-10-02,Wed,7,"'데미안'의 단상, 생각",어떤 분을 떠올릴 때마다 저는 웃는 표정을 짓곤 합니다,30,236,64,,,,,https://blog.naver.com/jklovelike/223603849539
2024-10-01,Tue,7,"'데미안'의 단상, 생각",새벽과 아침을 생산적으로 시작하기,18,288,46,,,,,https://blog.naver.com/jklovelike/223602742066
2024-10-01,Tue,5,"'데미안'의 단상, 생각",어떻게든 되겠지,8,236,33,,,,,https://blog.naver.com/jklovelike/223602699558
2024-09-30,Mon,20,블로그 이웃 포스트 공유,"[공유] 다시는 별이 되지 않겠습니다, 출간",24,157,1,,,,,https://blog.naver.com/jklovelike/223602332393
2024-09-30,Mon,6,"'데미안'의 단상, 생각",꾸준히 나아가면서 동시에 자기 자신의 때를 기다려야 합니다,32,266,56,,,,,https://blog.naver.com/jklovelike/223601385299
2024-09-29,Sun,22,"'데미안'의 단상, 생각",한 20대 청년에게 전하는 조언 - 책을 벗하라,26,245,28,,,,,https://blog.naver.com/jklovelike/223601059014
2024-09-29,Sun,6,"'데미안'의 단상, 생각",작가 입장에서 뿌듯할 때,13,251,22,,,,,https://blog.naver.com/jklovelike/223600279918
2024-09-28,Sat,23,"'데미안'의 단상, 생각",즉행하자. 바로 실행하자,13,256,31,,,,,https://blog.naver.com/jklovelike/223600058096
2024-09-28,Sat,5,독서 단상,책을 읽지 않은 날은 없습니다,16,274,64,,,,,https://blog.naver.com/jklovelike/223599273757
2024-09-27,Fri,20,"'데미안'의 단상, 생각",글을 쓸까 말까 할 때 글을 쓰자. 말을 할까 말까 할 때 말하지 말자,39,289,76,,,,,https://blog.naver.com/jklovelike/223598895854
2024-09-27,Fri,19,블로그 이웃 포스트 공유,[공유] 다섯 번째 전자책인 <50대에 시작하는 SNS>가 발간되었습니다,40,134,4,,,,,https://blog.naver.com/jklovelike/223598852911
2024-09-27,Fri,6,Na,요새는 하루 평균 2포 정도 하는 듯합니다,23,208,39,,,,,https://blog.naver.com/jklovelike/223598036407
2024-09-26,Thu,18,블로그 이웃 포스트 공유,[공유] [첫 오프 북토크 모집 (10.4.금. 대전)] <책쓰기로 자아실현 성공> 비티오 + Joy1004 합동 오프라인 북토크! <MZ 공무원은 도대체 왜 퇴사할까?> With.북크북크,105,144,2,,,,,https://blog.naver.com/jklovelike/223597555315
2024-09-26,Thu,6,"'데미안'의 단상, 생각",삶은 정신력을 키우는 과정이 아닐까 싶습니다,24,279,36,,,,,https://blog.naver.com/jklovelike/223596755545
2024-09-25,Wed,20,책쓰기 프로젝트,두 번째 저서 <직진형 인간>으로 자기계발서 1위에 도전할 겁니다,36,295,91,,,,,https://blog.naver.com/jklovelike/223596345626
2024-09-25,Wed,6,'데미안'의 수능 칼럼 ,수능 디데이 50일입니다. 공부인증방을 운영하면서 느낀 사실,33,253,45,2853,11,0,3,https://blog.naver.com/jklovelike/223595469889
2024-09-24,Tue,6,"'데미안'의 단상, 생각",소설 속 주인공처럼 살아보자,15,291,75,,,,,https://blog.naver.com/jklovelike/223594136759
2024-09-23,Mon,23,블로그 이웃 포스트 공유,[공유] 책과 삶이 연결되는 신기한 경험을 했습니다,28,128,3,,,,,https://blog.naver.com/jklovelike/223593941909
2024-09-23,Mon,17,블로그 이웃 포스트 공유,[공유] 데미안 님(임진강 작가)의 마음이 담긴 추천사. For. MZ 공무원은 도대체 왜 퇴사할까?,56,180,7,,,,,https://blog.naver.com/jklovelike/223593544536
2024-09-23,Mon,5,블로그 성장/노하우/팁,블로그 글을 쓰고 포스트 올릴 때는 뻔뻔해야 합니다,28,309,85,,,,,https://blog.naver.com/jklovelike/223592816535
2024-09-22,Sun,22,"'데미안'의 단상, 생각",고통의 밑바닥이 얼마나 감미로운가를 맛보라,23,264,17,,,,,https://blog.naver.com/jklovelike/223592520862
2024-09-22,Sun,19,수능/수능공부법/합격수기,"2024년 수능 수학 N제 모음 / 메이저 학원, 유명 강사와 저자들 엔제 목록 (출처 - 오르비)",55,245,18,3669,16,8,3,https://blog.naver.com/jklovelike/223592363271
2024-09-22,Sun,6,'데미안'의 자기혁신,'포기하지 않는 정신' 나는 쉽게 포기하지 않는다.,28,282,44,,,,,https://blog.naver.com/jklovelike/223591765677
2024-09-21,Sat,22,지성과 사랑,"<인생수업> 마지막 순간에 간절히 원하게 될 것, 그것을 지금 하라",37,252,19,,,,,https://blog.naver.com/jklovelike/223591520252
2024-09-21,Sat,5,독서 단상,독서의 묘미 중 하나는 바로 우연성 체험 및 동시성 현상입니다,34,287,58,,,,,https://blog.naver.com/jklovelike/223590753919
2024-09-20,Fri,5,블로그 성장/노하우/팁,"글을 쓰면서 생긴 습관 - ""잠깐, 기록 좀 할게!""",29,307,83,,,,,https://blog.naver.com/jklovelike/223589449275
2024-09-19,Thu,13,'데미안'의 자기혁신,"무엇을 해야 할지 모르는 상황이어도, 목적이 불명확해 보여도 일단 움직이자",41,304,25,,,,,https://blog.naver.com/jklovelike/223588587895
2024-09-19,Thu,6,일상의 기록,"10년, 20년 뒤에 다시 읽기 위해 쓰는 블로그 기록 - 18살 고양이 쿠키",43,255,37,,,,,https://blog.naver.com/jklovelike/223588142694
2024-09-18,Wed,23,"'데미안'의 단상, 생각",두 번째 책쓰기 짤막한 단상,15,245,61,,,,,https://blog.naver.com/jklovelike/223587918194
2024-09-18,Wed,20,"'데미안'의 단상, 생각",블로그에 인용한 구절을 보고 직접 책을 사서 읽어봤다는 이웃분 <젊은 날의 초상>,45,246,9,,,,,https://blog.naver.com/jklovelike/223587766276
2024-09-18,Wed,4,블로그 성장/노하우/팁,나의 사람과 연결되세요. 나의 사람과 함께 가세요.,28,302,39,,,,,https://blog.naver.com/jklovelike/223587168219
2024-09-17,Tue,4,"'데미안'의 단상, 생각","현타가 오지 않는 법, 권태기 없이 나아가는 법",26,274,46,,,,,https://blog.naver.com/jklovelike/223586351516
2024-09-16,Mon,6,일상의 기록,새벽 글쓰기의 귀여운 적들,14,311,66,,,,,https://blog.naver.com/jklovelike/223585544133
2024-09-16,Mon,5,'데미안'의 자기혁신,우리 모두 제로에서 시작한다. 꾸물대지 말고 시작하라. 망설이지 말고 행동하라.,44,222,20,,,,,https://blog.naver.com/jklovelike/223585531453
2024-09-15,Sun,23,"'데미안'의 단상, 생각",내 힘으로 나 자신조차 놀라게 만들어 보자,23,228,34,,,,,https://blog.naver.com/jklovelike/223585305058
2024-09-15,Sun,22,블로그 이웃 포스트 공유,[공유] 내가 쓴 글은 누군가에게 좋은 영향을 미칩니다,30,151,7,,,,,https://blog.naver.com/jklovelike/223585265503
2024-09-15,Sun,6,블로그 성장/노하우/팁,블로그는 나의 이야기를 들어주는 대상이다. 블로그는 나의 자서전이다.,38,289,60,,,,,https://blog.naver.com/jklovelike/223584579325
2024-09-14,Sat,23,"'데미안'의 단상, 생각",인내력이 '실력'이다.,12,263,54,,,,,https://blog.naver.com/jklovelike/223584366947
2024-09-14,Sat,22,블로그 이웃 포스트 공유,[공유] 이웃님들께 책 나눔 인세 기부 이벤트,25,119,2,,,,,https://blog.naver.com/jklovelike/223584321111
2024-09-14,Sat,13,블로그 이웃 포스트 공유,[공유] 위너모닝 추천사 (feat 데미안),24,113,4,,,,,https://blog.naver.com/jklovelike/223583909209
2024-09-14,Sat,5,블로그 성장/노하우/팁,블로그 운영 팁 - 내가 썼던 글을 기억하고 포스트를 연결하라,34,233,33,,,,,https://blog.naver.com/jklovelike/223583637697
2024-09-13,Fri,22,"'데미안'의 단상, 생각",오늘은 느린 길을 통해 귀가합니다,18,210,22,,,,,https://blog.naver.com/jklovelike/223583407853
2024-09-13,Fri,19,블로그 이웃 포스트 공유,[공유] 처음으로 공부가 재밌어지기 시작했다_임진강(데미안),33,145,8,,,,,https://blog.naver.com/jklovelike/223583259771
2024-09-13,Fri,4,"'데미안'의 단상, 생각",의지박약의 생존법,9,283,39,,,,,https://blog.naver.com/jklovelike/223582417406
2024-09-12,Thu,23,블로그 이웃 포스트 공유,[공유] 계속 그 자리에 있는 것으로 힘이 되는 사람,29,137,12,,,,,https://blog.naver.com/jklovelike/223582248133
2024-09-12,Thu,6,블로그 이웃 포스트 공유,[공유] 오늘부터 자아실현 꽃피우자  출간됩니다(10월 4일),34,149,11,,,,,https://blog.naver.com/jklovelike/223581208127
2024-09-12,Thu,5,블로그 성장/노하우/팁,저는 블로그를 하면서 인생이 바뀌었습니다,22,349,114,,,,,https://blog.naver.com/jklovelike/223581176732
2024-09-11,Wed,20,블로그 성장/노하우/팁,어제 제 글을 읽고 서로이웃 신청을 적극적으로 해 봤다는 두 분을 소개합니다,42,300,48,,,,,https://blog.naver.com/jklovelike/223580813989
2024-09-11,Wed,5,블로그 이웃 포스트 공유,블로그와 책쓰기,8,310,95,,,,,https://blog.naver.com/jklovelike/223579887965
2024-09-10,Tue,22,블로그 이웃 포스트 공유,"[공유] 저 기부하려고 하는데, 함께 해주시겠어요? :)",31,137,2,,,,,https://blog.naver.com/jklovelike/223579660678
2024-09-10,Tue,6,블로그 성장/노하우/팁,블로그 성장의 도약 과정 + 블로그 성장 노하우 및 블로그 초보 팁,37,384,162,4372,9,6,16,https://blog.naver.com/jklovelike/223578627831
2024-09-09,Mon,21,"'데미안'의 단상, 생각",저는 블로그에 계속 남아있습니다,17,349,63,,,,,https://blog.naver.com/jklovelike/223578294038
2024-09-09,Mon,20,블로그 이웃 포스트 공유,[공유] 야구 없는 월요일에 해보는 4음절 챌린지,27,117,3,,,,,https://blog.naver.com/jklovelike/223578268215
2024-09-09,Mon,17,블로그 성장/노하우/팁,네이버 블로그는 편의성 개선이 필요하다,21,216,23,,,,,https://blog.naver.com/jklovelike/223578054474
2024-09-09,Mon,13,블로그 이웃 포스트 공유,[공유] 메르의 블로그 뜯어보기,17,140,7,,,,,https://blog.naver.com/jklovelike/223577750079
2024-09-09,Mon,6,"'데미안'의 단상, 생각",<4음절 챌린지> 일기일회 (생각쟁2 님과 미미유 님 고마워요^^),37,201,47,,,,,https://blog.naver.com/jklovelike/223577321343
2024-09-08,Sun,20,블로그 이웃 포스트 공유,[공유] 북크북크작가님 첫 북 콘서트 (2024.9.7),31,133,1,,,,,https://blog.naver.com/jklovelike/223576851685
2024-09-08,Sun,16,블로그 이웃 포스트 공유,[공유] 블로그 1만 이웃 달성에 성공했습니다,25,179,13,,,,,https://blog.naver.com/jklovelike/223576654702
2024-09-08,Sun,6,일상의 기록,북크북크님 북콘서트에 다녀왔습니다 + 블로그 이웃과의 만남 유쾌했습니다,39,318,69,,,,,https://blog.naver.com/jklovelike/223576267712
2024-09-08,Sun,5,"'데미안'의 단상, 생각",'하거나 하지 않거나' 결정하세요,18,238,42,,,,,https://blog.naver.com/jklovelike/223576232283
2024-09-07,Sat,22,블로그 이웃 포스트 공유,[공유] 북크북크 북 콘서트 후기 생에 첫 북 콘서트를 마무리하고 왔습니다.,42,139,8,,,,,https://blog.naver.com/jklovelike/223575998690
2024-09-07,Sat,19,블로그 이웃 포스트 공유,[공유] 제 첫 종이 책이 인쇄소로 들어갔어요.,26,162,5,,,,,https://blog.naver.com/jklovelike/223575868657
2024-09-07,Sat,10,블로그 이웃 포스트 공유,[공유] [포텐셜 66챌 9월] 모집 합니다.(feat. 9월 28일까지),41,109,1,,,,,https://blog.naver.com/jklovelike/223575463544
2024-09-07,Sat,4,블로그 성장/노하우/팁,"블로그 글쓰기, 당당하게 내놓고 수정하자",22,273,47,,,,,https://blog.naver.com/jklovelike/223575274151
2024-09-06,Fri,22,'데미안'의 자기혁신,젊음은 젊은 시절에 낭비된다. 나의 젊음은 어땠는가?,29,217,31,,,,,https://blog.naver.com/jklovelike/223575070725
2024-09-06,Fri,22,수능/수능공부법/합격수기,2024년 9월 모의고사 수학 정답률 / 2025 9월 모의평가 수학 오답률 순위,45,108,3,130,6,0,0,https://blog.naver.com/jklovelike/223575056457
2024-09-06,Fri,19,블로그 이웃 포스트 공유,[공유] 수능 모의고사 국어 영역을 쳐봤습니다.,26,123,10,,,,,https://blog.naver.com/jklovelike/223574897741
2024-09-06,Fri,16,일상의 기록,생일 아닌 날에 친누나로부터 생일 선물을 받았습니다,28,225,46,,,,,https://blog.naver.com/jklovelike/223574697374
2024-09-06,Fri,14,블로그 이웃 포스트 공유,[공유] 글쓰기로 수익과 영향력을 얻는 SNS 4종 활용법. 5번 째 전자책 발간했습니다.,50,108,7,,,,,https://blog.naver.com/jklovelike/223574553932
2024-09-06,Fri,4,"'데미안'의 단상, 생각",밑바닥 체험은 소중하다,12,245,32,,,,,https://blog.naver.com/jklovelike/223574038565
2024-09-05,Thu,23,블로그 이웃 포스트 공유,[공유] 추천사: 오늘부터 자아실현 꽃피우자,24,113,4,,,,,https://blog.naver.com/jklovelike/223573900303
2024-09-05,Thu,20,'데미안'의 수능 칼럼 ,변하기에는 하루면 충분하다 (조언듣고 하루 만에 순공 8시간에서 12시간 올리기),45,217,13,1391,1,0,10,https://blog.naver.com/jklovelike/223573708236
2024-09-05,Thu,15,일상의 기록,책 읽으러 카페 왔다가 로또를 샀습니다,21,256,61,,,,,https://blog.naver.com/jklovelike/223573371817
2024-09-05,Thu,4,독서 단상,책을 읽다가 틀린 사실 관계와 마주치는 순간,24,224,61,,,,,https://blog.naver.com/jklovelike/223572761755
2024-09-04,Wed,23,독서 단상,9월은 독서의 달입니다. 도서관 이벤트 덕분에 책을 잔뜩 빌렸습니다,37,180,22,,,,,https://blog.naver.com/jklovelike/223572612787
2024-09-04,Wed,20,수능/수능공부법/합격수기,2024년 9월 모의고사 예상 등급컷 / 2025 9월 모의평가 국수영 추정 등급컷,46,153,8,258,10,0,8,https://blog.naver.com/jklovelike/223572403487
2024-09-04,Wed,15,블로그 이웃 포스트 공유,[공유] 드디어! 독기를 휘두르다 출간 강연회 홍보 포스터가 나왔습니다! 9월7일 11시!,50,124,9,,,,,https://blog.naver.com/jklovelike/223572107744
2024-09-04,Wed,14,수능/수능공부법/합격수기,2024년 9월 모의평가 시험지 모의고사 문제지 정답 다운로드 (EBS보다는 평가원으로),49,139,11,266,3,0,3,https://blog.naver.com/jklovelike/223571990491
2024-09-04,Wed,4,'데미안'의 수능 칼럼 ,전문직 시험을 준비하는 독자 분의 질문 - 어떻게 하면 12시간 이상 공부를 할 수 있을까요?,52,222,62,3806,5,0,8,https://blog.naver.com/jklovelike/223571483039
2024-09-03,Tue,23,'데미안'의 수능 칼럼 ,<70일의 전사>를 시작했습니다. 수능 역전을 위해 모였습니다,34,168,11,247,22,0,14,https://blog.naver.com/jklovelike/223571287407
2024-09-03,Tue,19,블로그 성장/노하우/팁,"이번 포스트는 10,000번째 포스팅입니다",23,298,85,,,,,https://blog.naver.com/jklovelike/223571062745
2024-09-03,Tue,4,'데미안'의 자기혁신,1년 내내 공부만 했던 경험과 1년간 일만 하며 살았던 체험은 어떤 힘을 줄까요?,45,245,70,,,,,https://blog.naver.com/jklovelike/223570181343
2024-09-02,Mon,17,'데미안'의 수능 칼럼 ,곧 수능 접수 마감입니다. 제2외국어 신청과 고사장 분위기에 관하여,37,175,16,1391,3,0,2,https://blog.naver.com/jklovelike/223569642528
2024-09-02,Mon,4,"'데미안'의 단상, 생각",책에 넣고 싶은 내용이 많습니다. 어떻게 할까요?,27,231,70,,,,,https://blog.naver.com/jklovelike/223568869306
2024-09-01,Sun,19,'데미안'의 수능 칼럼 ,수능 디데이 74일 동안 공부 기록 공부시간 인증 남길 고3 과 재수생들 있나요? (공부시간 어플 또는 스톱워치로 시간을 측정하면 됩니다),77,195,148,650,3,0,11,https://blog.naver.com/jklovelike/223568489946
2024-09-01,Sun,14,블로그 이웃 포스트 공유,[공유] 《상위 1% 일잘러의 글쓰기 절대 원칙》이 발간되었습니다,36,145,5,,,,,https://blog.naver.com/jklovelike/223568225184
2024-09-01,Sun,7,일상의 기록,지금 손목 위에 누운 고양이 때문에 키보드 자판을 못 치고 있습니다,37,272,80,,,,,https://blog.naver.com/jklovelike/223567974308
2024-09-01,Sun,4,"'데미안'의 단상, 생각","9월, 새로운 달이 시작됐습니다. 인생은 하루들의 집합이며 하루는 습관의 묶음입니다.",47,230,51,,,,,https://blog.naver.com/jklovelike/223567926879
2024-08-31,Sat,22,블로그 이웃 포스트 공유,[공유] 네이버 공유에 관한 짧은 글,20,112,2,,,,,https://blog.naver.com/jklovelike/223567726755
2024-08-31,Sat,19,블로그 이웃 포스트 공유,[공유] 편리함이 디폴트인 사회,17,120,3,,,,,https://blog.naver.com/jklovelike/223567568970
2024-08-31,Sat,17,"'데미안'의 단상, 생각",대부분 일들은 최초에는 어렵다는 이야기를 듣습니다,27,235,19,,,,,https://blog.naver.com/jklovelike/223567472412
2024-08-31,Sat,5,블로그 성장/노하우/팁,블로그 닫힌 계에서 열린 계로 나온지 21개월이 되었습니다 + 블로그 우정에 대하여,46,245,25,,,,,https://blog.naver.com/jklovelike/223567017649
2024-08-30,Fri,23,"'데미안'의 단상, 생각",'의지'라는 힘,8,206,15,,,,,https://blog.naver.com/jklovelike/223566834265
2024-08-30,Fri,16,블로그 성장/노하우/팁,좋은 글을 쓰면 세 종류의 아군이 생깁니다,23,267,42,,,,,https://blog.naver.com/jklovelike/223566492449
2024-08-30,Fri,14,블로그 이웃 포스트 공유,[공유] 3시간 수면을 시작하면 볼 수 있는 것들,27,134,7,,,,,https://blog.naver.com/jklovelike/223566320534
2024-08-30,Fri,4,독서 단상,"부아c님의 신간 <마흔, 이제는 책을 쓸 시간>을 읽고 있습니다",35,339,70,,,,,https://blog.naver.com/jklovelike/223565826848
2024-08-29,Thu,16,"'데미안'의 단상, 생각",영혼이 풍부한 사람이 존재한다,16,278,49,,,,,https://blog.naver.com/jklovelike/223565216231
2024-08-29,Thu,5,"'데미안'의 단상, 생각",나 자신이 나의 기준이다,13,275,66,,,,,https://blog.naver.com/jklovelike/223564591682
2024-08-28,Wed,23,"'데미안'의 단상, 생각",막상 시작하면 신기한 마력과 함께 합니다,22,243,52,,,,,https://blog.naver.com/jklovelike/223564396735
2024-08-28,Wed,17,Na,"피이웃분들 대상으로, 서로이웃하실 분들은 글을 읽어주세요",31,273,147,,,,,https://blog.naver.com/jklovelike/223564040856
2024-08-28,Wed,15,블로그 이웃 포스트 공유,[공유] 데미안님의 책 처음으로 공부가 재밌어지기 시작했다,32,147,4,,,,,https://blog.naver.com/jklovelike/223563868918
2024-08-28,Wed,6,블로그 성장/노하우/팁,<블로그 글감> 메뉴에 누적된 글감의 개수가 2천 개를 넘었습니다,36,237,59,,,,,https://blog.naver.com/jklovelike/223563315902
2024-08-27,Tue,23,"'데미안'의 단상, 생각",자기 자신의 기질을 따르는 삶은 행복합니다,23,276,41,,,,,https://blog.naver.com/jklovelike/223563094515
2024-08-27,Tue,22,블로그 이웃 포스트 공유,"[공유] 여러분, 제 첫 종이책이 나왔습니다.",25,150,6,,,,,https://blog.naver.com/jklovelike/223563068672
2024-08-27,Tue,15,블로그 이웃 포스트 공유,"[공유] <With. 데미안(임진강 작가), 사랑주니> 마음이 담긴 블로그를 만들다",46,128,3,,,,,https://blog.naver.com/jklovelike/223562566112
2024-08-27,Tue,4,"'데미안'의 단상, 생각",아직 살아보지 못한 그 1년,15,262,69,,,,,https://blog.naver.com/jklovelike/223562008944
2024-08-26,Mon,20,일상의 기록,오늘 종각에서 이웃 블로거 두 분을 만났습니다,25,356,68,,,,,https://blog.naver.com/jklovelike/223561648638
2024-08-26,Mon,17,블로그 성장/노하우/팁,블로그를 쉬지 않고 21개월을 했더니 어떻게 해 나갈지 감이 잡힙니다,38,245,34,,,,,https://blog.naver.com/jklovelike/223561462241
2024-08-26,Mon,17,블로그 이웃 포스트 공유,[공유] 하고 안 하고의 확률은 다르다.,22,125,2,,,,,https://blog.naver.com/jklovelike/223561416906
2024-08-26,Mon,4,'데미안'의 자기혁신,우리가 신경써야 할 대상은 결과가 아닌 과정이다,26,234,34,,,,,https://blog.naver.com/jklovelike/223560682025
2024-08-25,Sun,19,블로그 성장/노하우/팁,블로그를 하다 보면 소통 없던 이웃분과 갑자기 가까워지기도 합니다,36,302,43,,,,,https://blog.naver.com/jklovelike/223560323359
2024-08-25,Sun,16,블로그 이웃 포스트 공유,[공유] <기다림은 희망을 낳고>가 드디어 오늘부터 출고,31,144,3,,,,,https://blog.naver.com/jklovelike/223560162852
2024-08-25,Sun,5,블로그 성장/노하우/팁,올해에만 추천사를 다섯 번 쓰게 되었습니다. 점점 더 블로그 이웃분들의 출간이 늘고 있습니다,51,249,58,,,,,https://blog.naver.com/jklovelike/223559738385
2024-08-24,Sat,22,"'데미안'의 단상, 생각",'조금만 더' 해 보자,12,236,15,,,,,https://blog.naver.com/jklovelike/223559531339
2024-08-24,Sat,16,블로그 이웃 포스트 공유,[공유] 책의 내용을 잘 기억하는 비결,21,131,3,,,,,https://blog.naver.com/jklovelike/223559244906
2024-08-24,Sat,4,블로그 성장/노하우/팁,블로그와 10년 이상을 동행할 겁니다,20,205,57,,,,,https://blog.naver.com/jklovelike/223558805522
2024-08-23,Fri,23,블로그 이웃 포스트 공유,[공유] 내 정체성을 찾는 글쓰기,18,142,11,,,,,https://blog.naver.com/jklovelike/223558649831
2024-08-23,Fri,22,블로그 이웃 포스트 공유,[공유] 커뮤니티는 왜 만들어야 되는가?,22,117,1,,,,,https://blog.naver.com/jklovelike/223558617725
2024-08-23,Fri,19,"'데미안'의 단상, 생각",실패의 두려움이 없는 것 또한 문제입니다,22,230,17,,,,,https://blog.naver.com/jklovelike/223558460147
2024-08-23,Fri,16,블로그 이웃 포스트 공유,[공유] 내 경쟁자 100% 이기는 방법 - Feat. 사장학개론(김승호),41,119,3,,,,,https://blog.naver.com/jklovelike/223558256079
2024-08-23,Fri,4,'데미안'의 자기혁신,꿈을 추구하는 행위는 주변을 불편하게 만들 때가 있다,29,223,30,,,,,https://blog.naver.com/jklovelike/223557594772
2024-08-22,Thu,23,블로그 이웃 포스트 공유,"[공유] 근묵자흑, 근주자적, 환경이 가진 힘의 비밀",29,116,2,,,,,https://blog.naver.com/jklovelike/223557417683
2024-08-22,Thu,5,'데미안'의 자기혁신,최소 노력과 극한의 효율 자체가 목표가 되는 순간 글러먹는 거다,35,244,71,,,,,https://blog.naver.com/jklovelike/223556352862
2024-08-21,Wed,22,블로그 이웃 포스트 공유,"[공유] 친구야, 브런치에 도전했어",19,156,7,,,,,https://blog.naver.com/jklovelike/223556136871
2024-08-21,Wed,20,"'데미안'의 단상, 생각",최고의 복수는 바로 이거다,14,277,34,,,,,https://blog.naver.com/jklovelike/223555992833
2024-08-21,Wed,18,블로그 이웃 포스트 공유,[공유] 나의 임계점은 얼마나 남았을까?,22,147,4,,,,,https://blog.naver.com/jklovelike/223555869173
2024-08-21,Wed,14,블로그 이웃 포스트 공유,[공유] 나는 나를 지배하고 싶다_데일 카네기의 인생 아포리즘,34,149,7,,,,,https://blog.naver.com/jklovelike/223555552618
2024-08-21,Wed,5,블로그 성장/노하우/팁,블로그에 매일 글을 올리자. 내 정체성을 확립해 가는 과정이다.,35,304,85,,,,,https://blog.naver.com/jklovelike/223555108758
2024-08-20,Tue,22,블로그 이웃 포스트 공유,𝕏를 해 보고 느낀 점 - 블로그 이웃분들의 포스트를 적극적으로 공유하려고 합니다,45,236,25,,,,,https://blog.naver.com/jklovelike/223554898948
2024-08-20,Tue,20,블로그 이웃 포스트 공유,[공유] 패턴을 조금씩 바꿔보자.,18,136,6,,,,,https://blog.naver.com/jklovelike/223554744315
2024-08-20,Tue,15,블로그 이웃 포스트 공유,[공유] 블로그 유지 힘드시죠... 이제 다 와갑니다.,30,145,8,,,,,https://blog.naver.com/jklovelike/223554406946
2024-08-20,Tue,4,독서 단상,한때는 활자 중독자였습니다,14,290,70,,,,,https://blog.naver.com/jklovelike/223553816589
2024-08-19,Mon,23,블로그 이웃 포스트 공유,[공유] 블로그 글쓰기 100일이 되었습니다.,25,138,3,,,,,https://blog.naver.com/jklovelike/223553656779
2024-08-19,Mon,20,블로그 성장/노하우/팁,역행자 자청 작가에게 고맙다고 느낍니다,21,319,47,,,,,https://blog.naver.com/jklovelike/223553487347
2024-08-19,Mon,17,블로그 성장/노하우/팁,읽었으면 글을 쓰자,10,282,40,,,,,https://blog.naver.com/jklovelike/223553265018
2024-08-19,Mon,4,블로그 성장/노하우/팁,한 블로그 이웃분이 사라졌습니다,17,378,97,,,,,https://blog.naver.com/jklovelike/223552519188
2024-08-18,Sun,5,"'데미안'의 단상, 생각",싫어하는 사람과 미워하는 대상에 대하여 생각하는 데 1분도 허비하지 마세요,41,294,53,,,,,https://blog.naver.com/jklovelike/223551525095
2024-08-17,Sat,23,'데미안'의 수능 칼럼 ,강남대성 다니는 재수생 제자 한 명이 자기 노력에 대해 자랑하더군요,37,226,20,613,1,0,9,https://blog.naver.com/jklovelike/223551323455
2024-08-17,Sat,19,블로그 성장/노하우/팁,[공유] 독기를 휘두르다 베스트셀러 등록 기념 강의 19일 오후 8시,38,117,3,,,,,https://blog.naver.com/jklovelike/223551162000
2024-08-17,Sat,19,블로그 이웃 포스트 공유,[공유] 우리 서로 마주쳤을 수도 있어요,22,115,2,,,,,https://blog.naver.com/jklovelike/223551154223
2024-08-17,Sat,4,"'데미안'의 단상, 생각",대부분 싸움은 일어나지도 않아도 될 다툼입니다,25,251,57,,,,,https://blog.naver.com/jklovelike/223550584463
2024-08-16,Fri,19,일상의 기록,오늘 스레드? 쓰레드? 가입했습니다,19,249,21,,,,,https://blog.naver.com/jklovelike/223550228516
2024-08-16,Fri,4,"'데미안'의 단상, 생각",새벽 아침부터 다시 심상화를 시작하고 있습니다,25,262,37,,,,,https://blog.naver.com/jklovelike/223549411820
2024-08-15,Thu,21,블로그 성장/노하우/팁,"628일 동안 블로그 1일 N포를 해 왔습니다. 그 기간 동안 1,860개의 포스팅을 했습니다.",53,240,41,,,,,https://blog.naver.com/jklovelike/223549130196
2024-08-15,Thu,5,일상의 기록,아침에 댓글을 남겨주신 블로그 이웃분을 당일 지하철 역에서 우연히 마주칠 확률은 얼마나 될까요?,53,227,50,,,,,https://blog.naver.com/jklovelike/223548468256
2024-08-14,Wed,20,'데미안'의 수능 칼럼 ,<처음으로 공부가 재밌어지기 시작했다>를 읽고 환골탈태하고 싶다는 말을 전하는 고1 학생입니다,52,233,24,632,3,0,8,https://blog.naver.com/jklovelike/223548149696
2024-08-14,Wed,5,"'데미안'의 단상, 생각",나는 행운이 따르는 사람입니다. 운이 좋습니다.,26,281,63,,,,,https://blog.naver.com/jklovelike/223547264103
2024-08-13,Tue,4,블로그 성장/노하우/팁,블로그를 하면서 멘탈이 더욱 강해지고 마인드가 견고해졌습니다,33,287,73,,,,,https://blog.naver.com/jklovelike/223545997791
2024-08-12,Mon,17,블로그 성장/노하우/팁,블로그는 글자 크기와 폰트 모양이 문제가 아니다,26,300,59,,,,,https://blog.naver.com/jklovelike/223545463277
2024-08-12,Mon,5,"'데미안'의 단상, 생각",자기 자신만의 덕목을 발휘하라,16,220,52,,,,,https://blog.naver.com/jklovelike/223544731438
2024-08-11,Sun,17,'데미안'의 수능 칼럼 ,수능 수험생(고3 재수생)들의 절박성의 차이,24,242,21,903,4,0,7,https://blog.naver.com/jklovelike/223544168765
2024-08-11,Sun,5,"'데미안'의 단상, 생각",삶은 결과론이다,8,244,26,,,,,https://blog.naver.com/jklovelike/223543712952
2024-08-10,Sat,19,"'데미안'의 단상, 생각",절망에서 구원을 얻을 때가 있다,17,237,21,,,,,https://blog.naver.com/jklovelike/223543375842
2024-08-10,Sat,4,"'데미안'의 단상, 생각",좋아하는 일에 미친 듯이 빠져보자,18,259,59,,,,,https://blog.naver.com/jklovelike/223542779807
2024-08-09,Fri,5,"'데미안'의 단상, 생각",자기 자신만의 리듬으로 꾸준히 나아가자,21,264,44,,,,,https://blog.naver.com/jklovelike/223541618510
2024-08-08,Thu,17,"'데미안'의 단상, 생각",책쓰기는 만능이다,9,263,36,,,,,https://blog.naver.com/jklovelike/223541110040
2024-08-08,Thu,4,'데미안'의 자기혁신,"매일매일 나아가는 법, 끝내 성취하는 법",22,277,79,,,,,https://blog.naver.com/jklovelike/223540353983
2024-08-07,Wed,15,"'데미안'의 단상, 생각",나 자신이 직접 인생을 기록하지 않으면 정작 누가 내 삶을 기록해줄까?,39,356,45,,,,,https://blog.naver.com/jklovelike/223539722422
2024-08-07,Wed,4,블로그 성장/노하우/팁,"기분 나쁜 날에도, 노곤한 날에도, 귀찮은 날에도 꾸준하게 블로그 글쓰기를 합니다",45,268,58,,,,,https://blog.naver.com/jklovelike/223539128052
2024-08-06,Tue,20,'데미안'의 수능 칼럼 ,자녀 교육과 입시에 관심 있는 학부모님은 한 번 최근 수능 국어 시험지를 접해보는 것도 좋습니다,53,214,9,824,0,0,1,https://blog.naver.com/jklovelike/223538765428
2024-08-06,Tue,5,"'데미안'의 단상, 생각",경험의 차별주의자가 되어라,14,243,30,,,,,https://blog.naver.com/jklovelike/223537897572
2024-08-06,Tue,4,"'데미안'의 단상, 생각","""나는 존재를 그리지 않는다. 단지 행보를 그릴 뿐"" 몽테뉴가 생각나는 새벽입니다",45,199,12,,,,,https://blog.naver.com/jklovelike/223537887827
2024-08-05,Mon,15,지성과 사랑,하워드 굿맨 - 나는 조금도 후회하지 않는다,24,213,7,,,,,https://blog.naver.com/jklovelike/223537210576
2024-08-05,Mon,10,"'데미안'의 단상, 생각",항상 시간이 모자란다고 불평하면서 마치 시간이 무한정 있는 것처럼 행동한다,41,220,36,,,,,https://blog.naver.com/jklovelike/223536702016
2024-08-05,Mon,4,"'데미안'의 단상, 생각","링컨을 롤모델 삼아 공부하는, 한 가난한 법학도 - 노먼 록웰의 <The Law Student>",53,217,36,,,,,https://blog.naver.com/jklovelike/223536657291
2024-08-04,Sun,22,"'데미안'의 단상, 생각",자유롭게 나아가라,9,221,20,,,,,https://blog.naver.com/jklovelike/223536442022
2024-08-04,Sun,20,'데미안'의 수능 칼럼 ,이틀 동안 밤샘을 하고 60시간 넘게 깨어 있는 제자에게 무리하지 말라고 충고했습니다,47,268,36,1465,2,0,0,https://blog.naver.com/jklovelike/223536262897
2024-08-04,Sun,16,'데미안'의 자기혁신,더 잘 할 수밖에 없는 환경을 구축하자,21,240,11,,,,,https://blog.naver.com/jklovelike/223536104193
2024-08-04,Sun,3,"'데미안'의 단상, 생각","전역 한 달 전, 군대 말년 병장 시절에 썼던 글 <남의 등 뒤에 숨지 말고 직접 행동하라>",51,224,40,,,,,https://blog.naver.com/jklovelike/223535665356
2024-08-03,Sat,20,"'데미안'의 단상, 생각",내면의 점수를 채울 수 있는 일을 하자,21,240,25,,,,,https://blog.naver.com/jklovelike/223535368977
2024-08-03,Sat,4,"'데미안'의 단상, 생각","""오늘 콩을 심으면 내일 무엇이 돌아올까? 그 대답은 ""젖은 콩""이다",38,215,36,,,,,https://blog.naver.com/jklovelike/223534791461
2024-08-02,Fri,19,"'데미안'의 단상, 생각","악조건이 있더라도, 목표가 있다면 어떻게든 도전하자",28,266,14,,,,,https://blog.naver.com/jklovelike/223534460873
2024-08-02,Fri,4,'데미안'의 자기혁신,만일 인생이 지지부진하다면 지금 자신이 어떤 식으로 살고 있는지 살펴볼 필요가 있다,46,255,65,,,,,https://blog.naver.com/jklovelike/223533659865
2024-08-01,Thu,13,독서 단상,강력한 변화를 이끄는 데 가장 효과 좋은 도구는 단연 독서입니다,35,254,38,,,,,https://blog.naver.com/jklovelike/223532860384
2024-08-01,Thu,3,"'데미안'의 단상, 생각",8월을 <절제>와 함께 하는 시간으로 삼아봐야겠습니다,29,213,47,,,,,https://blog.naver.com/jklovelike/223532470427
2024-07-31,Wed,15,독서 단상,어제 구입한 중고 서적 31권의 도서가 배송 왔습니다,29,288,45,,,,,https://blog.naver.com/jklovelike/223531822947
2024-07-31,Wed,15,블로그 이웃 포스트 공유,[공유] 독기를 휘두르다 - 내 인생을 읽고 쓰고 실행하는 법 (ft. 북크북크),45,124,1,,,,,https://blog.naver.com/jklovelike/223531778861
2024-07-31,Wed,4,"'데미안'의 단상, 생각",나는 100% 성공할 것이다,15,264,26,,,,,https://blog.naver.com/jklovelike/223531244230
2024-07-30,Tue,22,독서 단상,독서의 쾌락을 아는 사람은 특별한 즐거움을 아는 자다,29,220,5,,,,,https://blog.naver.com/jklovelike/223531040950
2024-07-30,Tue,19,블로그 성장/노하우/팁,"블덱스 기준 블로그 교육 학문 분야 11등, 전체 랭킹 374등으로 나오네요. 장기적으로 주제 랭킹 1위 도전해 봅니다.",67,235,24,,,,,https://blog.naver.com/jklovelike/223530869367
2024-07-30,Tue,7,독서 단상,오늘 새벽에 중고 서적 쇼핑 좀 했습니다. 31권 구입에 5만 원이 채 되지 않더군요,47,245,48,,,,,https://blog.naver.com/jklovelike/223530111554
2024-07-30,Tue,4,'데미안'의 수능 칼럼 ,공부 잘 하는 법 - 공부를 잘하고 말고의 차이는 한 가지 태도에서 비롯되더군요. 무엇일까요?,52,227,15,2214,2,0,3,https://blog.naver.com/jklovelike/223530052026
2024-07-29,Mon,21,'데미안'의 수능 칼럼 ,"수능 디데이 100일 정도 남긴 시점, 여름방학 하루 15시간 순공하기",39,198,26,1042,13,0,12,https://blog.naver.com/jklovelike/223529751947
2024-07-29,Mon,17,독서 단상,오늘 출근 전까지 읽던 책 + 요새 다독하고 있습니다,29,251,23,,,,,https://blog.naver.com/jklovelike/223529547344
2024-07-29,Mon,15,"'데미안'의 단상, 생각",𝕏에서 마주친 동시성 현상,14,213,16,,,,,https://blog.naver.com/jklovelike/223529367611
2024-07-29,Mon,4,블로그 성장/노하우/팁,블로그를 통해 많은 사람들에게 영감을 불어넣기,25,236,25,,,,,https://blog.naver.com/jklovelike/223528823352
2024-07-28,Sun,22,'데미안'의 수능 칼럼 ,사관학교 시험 응시를 한 재수생과 고3 현역의 반응 차이,31,143,13,613,1,0,3,https://blog.naver.com/jklovelike/223528596319
2024-07-28,Sun,19,"'데미안'의 단상, 생각",제가 좋아하는 기도문입니다,14,236,18,,,,,https://blog.naver.com/jklovelike/223528407863
2024-07-28,Sun,16,수능/수능공부법/합격수기,"의대생이 말하는 공부 해야 하는 이유+오래, 잘하는 법",30,267,20,1676,8,6,0,https://blog.naver.com/jklovelike/223528242702
2024-07-28,Sun,4,"'데미안'의 단상, 생각",피곤한 하루를 보내야겠습니다,15,238,54,,,,,https://blog.naver.com/jklovelike/223527785820
2024-07-27,Sat,19,수능/수능공부법/합격수기,"2024년 사관학교 시험 (시험지, 기출) / 2025학년도 사관학교 국어 수학 영어 시험지 답안지",55,174,19,192,1,0,0,https://blog.naver.com/jklovelike/223527509643
2024-07-27,Sat,14,"'데미안'의 단상, 생각",약간의 수고로움만 더하면 장기적으로 이득을 볼 수 있는 일이 많습니다,38,264,25,,,,,https://blog.naver.com/jklovelike/223527270899
2024-07-27,Sat,4,"'데미안'의 단상, 생각",작가는 오늘 새벽 또는 아침에 글을 쓴 사람이다,26,244,24,,,,,https://blog.naver.com/jklovelike/223526958117
2024-07-26,Fri,15,내가 만난 [책],북크북크 작가 님의 <독기를 휘두르다> - 1년 안에 작가가 되는 노하우와 비법이 담겨 있습니다,53,252,24,,,,,https://blog.naver.com/jklovelike/223526373387
2024-07-26,Fri,13,"'데미안'의 단상, 생각",내 목숨을 내던진 곳에 득도가 있으리라,21,213,12,,,,,https://blog.naver.com/jklovelike/223526215687
2024-07-26,Fri,12,블로그 이웃 포스트 공유,[공유] 드디어 북크북크의 첫 종이책 출간입니다.,27,113,5,,,,,https://blog.naver.com/jklovelike/223526189052
2024-07-25,Thu,12,"'데미안'의 단상, 생각",자신감이 생길 때까지 기다리지 말자,19,310,36,,,,,https://blog.naver.com/jklovelike/223524989430
2024-07-24,Wed,6,독서 단상,저는 책을 통해 길을 찾습니다,16,268,41,,,,,https://blog.naver.com/jklovelike/223523438773
2024-07-23,Tue,13,"'데미안'의 단상, 생각",자기 삶에 최선을 다하기,13,289,39,,,,,https://blog.naver.com/jklovelike/223522643604
2024-07-22,Mon,4,블로그 성장/노하우/팁,계속 글을 축적해 나가자,13,268,65,,,,,https://blog.naver.com/jklovelike/223520916446
2024-07-21,Sun,16,"'데미안'의 단상, 생각",새벽 글쓰기의 적(2),12,295,46,,,,,https://blog.naver.com/jklovelike/223520328662
2024-07-21,Sun,4,"'데미안'의 단상, 생각",글쓰기는 묘한 힘이 있습니다,15,264,34,,,,,https://blog.naver.com/jklovelike/223519896147
2024-07-20,Sat,22,블로그 성장/노하우/팁,두 번째 책의 원고를 마치면 블로그 성장에 다시 박차를 가하겠습니다.,38,242,54,,,,,https://blog.naver.com/jklovelike/223519700219
2024-07-20,Sat,4,"'데미안'의 단상, 생각",결국에는 내 뜻대로 될 것이기에 나는 그 누구보다 인내심이 강하다,36,242,40,,,,,https://blog.naver.com/jklovelike/223518990860
2024-07-19,Fri,16,블로그 성장/노하우/팁,𝕏(과거 트위터)에도 꾸준히 글을 쓰고 있습니다,26,237,19,,,,,https://blog.naver.com/jklovelike/223518459072
2024-07-19,Fri,4,블로그 성장/노하우/팁,블로그 글쓰기와 책쓰기는 연계됩니다,19,266,29,,,,,https://blog.naver.com/jklovelike/223517785336
2024-07-18,Thu,19,'데미안'의 자기혁신,착한 사람이 되지 말아라,13,287,41,,,,,https://blog.naver.com/jklovelike/223517425921
2024-07-18,Thu,13,"'데미안'의 단상, 생각",극강의 마인드 - 실패 또한 먹어치우자,21,241,25,,,,,https://blog.naver.com/jklovelike/223517019357
2024-07-18,Thu,4,"'데미안'의 단상, 생각",두려워 피하기 보다는 대담하게 운명을 바꾼다는 생각으로 뛰어드는 것이 좋습니다,43,244,34,,,,,https://blog.naver.com/jklovelike/223516589212
2024-07-17,Wed,6,"'데미안'의 단상, 생각",그 많은 북마크는 과연 무슨 소용이 있던가?,24,263,47,,,,,https://blog.naver.com/jklovelike/223515419425
2024-07-17,Wed,3,"'데미안'의 단상, 생각",저항을 이겨내고 어떻게든 시작하자,18,237,16,,,,,https://blog.naver.com/jklovelike/223515357886
2024-07-16,Tue,7,"'데미안'의 단상, 생각",작가 겸 블로거,8,271,46,,,,,https://blog.naver.com/jklovelike/223514207529
2024-07-16,Tue,5,독서 단상,도서관에서 접하는 가벼운 딜레마 - '대출할 수 있는 권수보다 더 빌리고 싶을 때',46,233,33,,,,,https://blog.naver.com/jklovelike/223514160662
2024-07-15,Mon,17,'데미안'의 수능 칼럼 ,학교에서 제일 공부를 열심히 하는 고3학생들이 받는 견제들,32,300,21,1201,1,0,1,https://blog.naver.com/jklovelike/223513646337
2024-07-15,Mon,6,"'데미안'의 단상, 생각",올해 안에 두 번째 책과 세 번째 책 원고를 마칠 계획입니다.,34,240,38,,,,,https://blog.naver.com/jklovelike/223512927719
2024-07-14,Sun,20,"'데미안'의 단상, 생각",꾸준히 나아갈 때,9,296,15,,,,,https://blog.naver.com/jklovelike/223512467462
2024-07-14,Sun,16,블로그 이웃 포스트 공유,[공유] 이 계절에는 이 음악을 즐기며 필사를 하시면 두뇌 성장에 좋습니다,41,138,3,,,,,https://blog.naver.com/jklovelike/223512307019
2024-07-14,Sun,7,블로그 성장/노하우/팁,블로그 글쓰기 벗이여. 계속 꾸준히 써 나가봅시다,27,297,36,,,,,https://blog.naver.com/jklovelike/223511940741
2024-07-14,Sun,5,"'데미안'의 단상, 생각",새벽 글쓰기의 적,9,234,34,,,,,https://blog.naver.com/jklovelike/223511905132
2024-07-14,Sun,4,"'데미안'의 단상, 생각",써야 하기 때문에 쓴다,12,207,29,,,,,https://blog.naver.com/jklovelike/223511893549
2024-07-13,Sat,17,"'데미안'의 단상, 생각",내 삶을 리드하는 것은 바로 나 자신이다,22,297,20,,,,,https://blog.naver.com/jklovelike/223511454645
2024-07-13,Sat,4,독서 단상,<백만장자 메신저> 작가의 신간에 추천사를 썼습니다. <두려움이 내 삶을 결정하게 하지 마라>가 출간됐습니다,60,256,43,,,,,https://blog.naver.com/jklovelike/223510974093
2024-07-12,Fri,22,수능/수능공부법/합격수기,2024년 7월 교육청 모의고사 수학 미적분 확통 기하 정답률 오답률 순위,41,152,3,121,6,3,0,https://blog.naver.com/jklovelike/223510810133
2024-07-12,Fri,4,"'데미안'의 단상, 생각",부정적인 마음을 잘 활용할 수 있습니다,21,261,34,,,,,https://blog.naver.com/jklovelike/223509849594
2024-07-11,Thu,23,"'데미안'의 단상, 생각",20240711 어떤 하루,14,265,18,,,,,https://blog.naver.com/jklovelike/223509672233
2024-07-11,Thu,20,수능/수능공부법/합격수기,2024년 7월 고3 교육청 모의고사 국수영 등급컷 (예상/추정 등급컷),40,187,4,233,3,1,0,https://blog.naver.com/jklovelike/223509542334
2024-07-10,Wed,16,일상의 기록,어제 블로그 이웃분(해피나루 님과 센체 님)을 만났습니다,31,353,82,,,,,https://blog.naver.com/jklovelike/223508064292
2024-07-10,Wed,5,블로그 성장/노하우/팁,"19개월 동안 매일 글을 꾸준히 쓰다 보니, 그 글이 나를 이끌어 간다는 느낌을 받습니다.",50,292,49,,,,,https://blog.naver.com/jklovelike/223507474388
2024-07-09,Tue,19,블로그 성장/노하우/팁,"블로그 글쓰기, 했던 이야기 또 해도 됩니다. 반복하되 변주하면 됩니다.",40,367,40,,,,,https://blog.naver.com/jklovelike/223507083786
2024-07-09,Tue,4,"'데미안'의 단상, 생각",기억력을 되살리자,9,273,32,,,,,https://blog.naver.com/jklovelike/223506195837
2024-07-08,Mon,23,"'데미안'의 단상, 생각",의미 있는 일에는 권태기가 없다,17,279,31,,,,,https://blog.naver.com/jklovelike/223506046124
2024-07-08,Mon,17,블로그 성장/노하우/팁,블로그 이웃분이 제 포스트를 보고 닉네임을 바꾸셨다고 합니다,33,316,37,,,,,https://blog.naver.com/jklovelike/223505658325
2024-07-08,Mon,5,블로그 성장/노하우/팁,여기 온라인 세계에 필자로 데뷔하자,19,237,36,,,,,https://blog.naver.com/jklovelike/223504958845
2024-07-07,Sun,19,'데미안'의 수능 칼럼 ,수능 공부와 내신 공부에 있어서 자기객관화 능력이 중요합니다 + 주기적인 테스트가 필요합니다,51,224,24,784,0,0,0,https://blog.naver.com/jklovelike/223504497998
2024-07-07,Sun,16,지성과 사랑,'사랑'은 약점과 결점에도 불구하고 상대방을 여전히 사랑하는 것이다,37,278,24,,,,,https://blog.naver.com/jklovelike/223504329547
2024-07-07,Sun,7,블로그 성장/노하우/팁,서로이웃 신청과 수락은 일종의 명함 교환 같은 단계입니다,31,354,67,,,,,https://blog.naver.com/jklovelike/223503988473
2024-07-06,Sat,20,'데미안'의 수능 칼럼 ,"수능 수험생 기준, 미친 몰입으로 상대적으로 짧은 기간에 도약할 수 있습니다",42,251,21,823,1,0,6,https://blog.naver.com/jklovelike/223503602835
2024-07-06,Sat,5,"'데미안'의 단상, 생각",약간의 수고로움만 더하면 삶의 질이 달라집니다.,26,277,38,,,,,https://blog.naver.com/jklovelike/223503050151
2024-07-05,Fri,19,"'데미안'의 단상, 생각",글을 쓴다는 것은 결국 존재 차원 이동의 행위입니다,28,276,18,,,,,https://blog.naver.com/jklovelike/223502680821
2024-07-05,Fri,16,일상의 기록,블로그 이웃 '대사랑'님께 '데미안'이 적힌 책갈피 선물을 받았습니다,38,253,21,,,,,https://blog.naver.com/jklovelike/223502487903
2024-07-05,Fri,15,"'데미안'의 단상, 생각",생각하는 즉시 바로 한다,13,275,29,,,,,https://blog.naver.com/jklovelike/223502382240
2024-07-05,Fri,14,블로그 이웃 포스트 공유,[공유] [이벤트] 네 번째 전자책 <극복하지 못해도 괜찮아> 발간 기념으로 전자책 3종을 배포 합니다,57,136,3,,,,,https://blog.naver.com/jklovelike/223502291508
2024-07-05,Fri,5,"'데미안'의 단상, 생각",새벽과 아침부터 작은 승리를 시작하자,20,285,48,,,,,https://blog.naver.com/jklovelike/223501866566
2024-07-05,Fri,4,수능/수능공부법/합격수기,2024년 고3 6월 모의고사 성적표 결과 (6월 모의평가 원점수 등급컷),41,141,12,231,5,1,1,https://blog.naver.com/jklovelike/223501858733
2024-07-05,Fri,0,"'데미안'의 단상, 생각",매일 기록합니다,8,234,25,,,,,https://blog.naver.com/jklovelike/223501729616
2024-07-04,Thu,22,"'데미안'의 단상, 생각",분주함을 생산성으로 착각하면 안 됩니다,21,260,19,,,,,https://blog.naver.com/jklovelike/223501642787
2024-07-04,Thu,5,"'데미안'의 단상, 생각",새벽의 고독은 무엇을 선물해 주는가?,20,262,28,,,,,https://blog.naver.com/jklovelike/223500669575
2024-07-04,Thu,4,"'데미안'의 단상, 생각",삶의 예술가로 살아가기 위해서는 어려움을 견뎌낼 줄 알아야 한다,35,209,21,,,,,https://blog.naver.com/jklovelike/223500656123
2024-07-03,Wed,20,"'데미안'의 단상, 생각",자발적 성장을 추구하라,12,252,22,,,,,https://blog.naver.com/jklovelike/223500305926
2024-07-03,Wed,15,"'데미안'의 단상, 생각",결국 엉덩이 싸움이라는 사실을 잘 아시죠?,23,297,25,,,,,https://blog.naver.com/jklovelike/223500002446
2024-07-03,Wed,6,블로그 성장/노하우/팁,블로그의 극 장점 - 나의 사람과 함께 가면 됩니다. 좋아하는 사람과 함께 가세요.,46,351,89,,,,,https://blog.naver.com/jklovelike/223499476543
2024-07-02,Tue,19,"'데미안'의 단상, 생각",차라리 두려운 일을 하라. 두려움은 긍정적인 신호다.,29,353,53,,,,,https://blog.naver.com/jklovelike/223499061632
2024-07-02,Tue,16,"'데미안'의 단상, 생각",블로그에 뿌듯한 댓글이 달렸습니다,18,319,27,,,,,https://blog.naver.com/jklovelike/223498842468
2024-07-02,Tue,16,지성과 사랑,롱펠로우 - 비 오는 날,13,205,11,,,,,https://blog.naver.com/jklovelike/223498819582
2024-07-02,Tue,6,"'데미안'의 단상, 생각",매일 페달을 밟다 보면 어느새 자동화가 된다,24,277,41,,,,,https://blog.naver.com/jklovelike/223498235104
2024-07-01,Mon,20,"'데미안'의 단상, 생각",포기하면 마음이 편할까요?,14,322,26,,,,,https://blog.naver.com/jklovelike/223497860160
2024-07-01,Mon,17,"'데미안'의 단상, 생각","추천사를 쓰기 위해, 북크북크 님의 종이책 저서로 나올 교열본을 현재 읽고 있습니다.",47,251,17,,,,,https://blog.naver.com/jklovelike/223497672349
2024-07-01,Mon,11,블로그 성장/노하우/팁,2024년 7월의 목표 중 하나는 '블로그 열심히 하기'입니다,34,266,46,,,,,https://blog.naver.com/jklovelike/223497008014
2024-07-01,Mon,5,'데미안'의 자기혁신,세상은 오픈북이라는 사실을 잘 활용하자,21,284,38,,,,,https://blog.naver.com/jklovelike/223496949544
2024-06-30,Sun,22,일상의 기록,[공유] 데미안작가님 북토크 (feat. 처음으로 공부가 재밌어지기 시작했다),43,151,5,,,,,https://blog.naver.com/jklovelike/223496656006
2024-06-30,Sun,19,"'데미안'의 단상, 생각",2024년의 절반을 어떻게 보냈는가? (feat. 세이노의 가르침),37,279,15,,,,,https://blog.naver.com/jklovelike/223496444304
2024-06-30,Sun,16,'데미안'의 수능 칼럼 ,공부할 때 복습을 너무 안 합니다. 반복학습의 중요성을 자각하지 못한 학생들이 많습니다,48,244,14,799,0,0,0,https://blog.naver.com/jklovelike/223496295438
2024-06-30,Sun,5,블로그 성장/노하우/팁,블로그에는 정이 있습니다,13,253,31,,,,,https://blog.naver.com/jklovelike/223495872497
2024-06-29,Sat,20,"'데미안'의 단상, 생각",두뇌 활동을 떨어뜨리는 것은 나이가 아닙니다,24,283,24,,,,,https://blog.naver.com/jklovelike/223495548052
2024-06-29,Sat,16,일상의 기록,어제 강의에서 만나 뵈었던 '맑을정'님 북콘서트 후기입니다,32,243,24,,,,,https://blog.naver.com/jklovelike/223495396761
2024-06-29,Sat,13,일상의 기록,[공유] 데미안님 북 콘서트 후기!,19,158,26,,,,,https://blog.naver.com/jklovelike/223495239223
2024-06-29,Sat,4,독서 단상,침실을 책으로 채우면 장단점이 있습니다,21,242,31,,,,,https://blog.naver.com/jklovelike/223494975385
2024-06-28,Fri,22,독서 단상,오늘 잠들기 전 잠깐의 시간이라도 책 몇 페이지 읽어보는 것은 어떨까요?,40,238,23,,,,,https://blog.naver.com/jklovelike/223494801200
2024-06-28,Fri,19,일상의 기록,오늘 블로그 이웃 분들과 만나고 왔습니다^^,24,283,48,,,,,https://blog.naver.com/jklovelike/223494629930
2024-06-28,Fri,5,"'데미안'의 단상, 생각",자유직업을 가진 자는 자기관리를 철저하게 해야 한다,28,301,37,,,,,https://blog.naver.com/jklovelike/223493735731
2024-06-27,Thu,17,"'데미안'의 단상, 생각",싫어하는 일을 해야 할 때가 있습니다,20,334,21,,,,,https://blog.naver.com/jklovelike/223493372899
2024-06-27,Thu,5,"'데미안'의 단상, 생각",새벽 아침에 점괘를 보는 방법,16,291,76,,,,,https://blog.naver.com/jklovelike/223492683730
2024-06-26,Wed,23,Na,[공유] [동탄북콘서트] 공부가 재밌어지는 임진강 강사의 북콘서트 예약방법,41,134,12,,,,,https://blog.naver.com/jklovelike/223492492796
2024-06-26,Wed,20,'데미안'의 수능 칼럼 ,도봉고등학교 폐교생의 비운,14,306,36,1095,0,0,0,https://blog.naver.com/jklovelike/223492347536
2024-06-26,Wed,15,블로그 성장/노하우/팁,몇 년 뒤에도 이웃 중 몇 분은 블로그를 같이 하고 계시지 않을까요?,38,333,54,,,,,https://blog.naver.com/jklovelike/223492043202
2024-06-26,Wed,6,'데미안'의 자기혁신,배우는 방법과 성장하는 법을 게임을 통해서 배웠습니다,29,242,35,,,,,https://blog.naver.com/jklovelike/223491514363
2024-06-25,Tue,19,"'데미안'의 단상, 생각",나를 강화시켜주는 일이 있습니까?,18,288,26,,,,,https://blog.naver.com/jklovelike/223491105044
2024-06-25,Tue,16,"'데미안'의 단상, 생각",내일 하는 것보다 오늘 하는 것이 낫다는 사실은 누구나 잘 알고 있을 겁니다,42,272,27,,,,,https://blog.naver.com/jklovelike/223490908424
2024-06-25,Tue,7,Na,이번 주 금요일 오후 2시에 동탄에서 <각성자 공부법> 북콘서트를 합니다,40,248,78,,,,,https://blog.naver.com/jklovelike/223490331351
2024-06-25,Tue,6,"'데미안'의 단상, 생각",글을 쓰면서도 막상 쓰인 글이 나를 이끌어간다는 느낌을 받습니다,35,261,37,,,,,https://blog.naver.com/jklovelike/223490308583
2024-06-24,Mon,7,"'데미안'의 단상, 생각",곤경에는 웃음으로 대꾸할 것이다,17,269,31,,,,,https://blog.naver.com/jklovelike/223489090985
2024-06-24,Mon,6,"'데미안'의 단상, 생각",글 쓰는 시간이 좋습니다,13,254,33,,,,,https://blog.naver.com/jklovelike/223489058500
2024-06-23,Sun,16,'데미안'의 수능 칼럼 ,공부하면서 스트레스 받아본 적 있어?,20,305,30,402,1,0,0,https://blog.naver.com/jklovelike/223488571162
2024-06-23,Sun,5,블로그 성장/노하우/팁,저는 늘 그대로 여기 블로그에 있을 겁니다. 언제든 찾아오세요,34,316,57,,,,,https://blog.naver.com/jklovelike/223488226406
2024-06-22,Sat,16,"'데미안'의 단상, 생각",정신적 노화는 새로운 것을 안 배우려는 상태가 아닐까요?,31,319,49,,,,,https://blog.naver.com/jklovelike/223487807791
2024-06-22,Sat,5,"'데미안'의 단상, 생각",책값은 압도적으로 저렴하다. 책은 단연 최고의 성장 레버리지니까.,36,297,45,,,,,https://blog.naver.com/jklovelike/223487412854
2024-06-21,Fri,22,Na,"혹시 질문을 남기는 수험생 여러분, 질문을 안부게시판에 남겨주면 됩니다",39,188,10,,,,,https://blog.naver.com/jklovelike/223487238192
2024-06-21,Fri,15,"'데미안'의 단상, 생각",젊게 살기 위해 필요한 것,14,329,21,,,,,https://blog.naver.com/jklovelike/223486793628
2024-06-21,Fri,6,블로그 성장/노하우/팁,블로그를 1년 이상 꾸준히 하기는 힘듭니다,23,384,141,952,0,0,12,https://blog.naver.com/jklovelike/223486334144
2024-06-20,Thu,18,"'데미안'의 단상, 생각","첫째가 건강, 둘째가 재능이다",16,341,42,,,,,https://blog.naver.com/jklovelike/223485916490
2024-06-20,Thu,14,"'데미안'의 단상, 생각",슬퍼지려면 충분히 슬퍼질 수 있다,18,281,31,,,,,https://blog.naver.com/jklovelike/223485584592
2024-06-20,Thu,3,"'데미안'의 단상, 생각",열정을 추구하지 않는 리스크,15,249,25,,,,,https://blog.naver.com/jklovelike/223485137762
2024-06-19,Wed,22,Na,"[공유] 우리 형 독서법 포스팅, 보려다가 안 보게 된 이유",33,170,8,,,,,https://blog.naver.com/jklovelike/223484964802
2024-06-19,Wed,20,블로그 성장/노하우/팁,"같은 콘텐츠여도 다른 조회수 - 조회수 7만 vs 1,100회 (X와 블로그의 차이)",47,301,37,,,,,https://blog.naver.com/jklovelike/223484832269
2024-06-19,Wed,17,"'데미안'의 단상, 생각",부족하다고 느낄수록 계속 쓰자. 꾸준히 써 내려가자.,29,299,30,,,,,https://blog.naver.com/jklovelike/223484570086
2024-06-19,Wed,15,"'데미안'의 단상, 생각",선택장애 극복하는 방법 결정장애를 이기는 마인드,26,234,14,,,,,https://blog.naver.com/jklovelike/223484502070
2024-06-19,Wed,11,"'데미안'의 단상, 생각",나를 자극시키는 것은 내가 되고 싶었던 꿈의 모습이다,29,224,13,,,,,https://blog.naver.com/jklovelike/223484023720
2024-06-19,Wed,4,독서 단상,독서법(8) 책을 임의적으로 펼쳐 보곤 한다,24,285,27,,,,,https://blog.naver.com/jklovelike/223483977888
2024-06-18,Tue,23,"'데미안'의 단상, 생각",시간 많은 어른이 되고 싶습니다,17,264,22,,,,,https://blog.naver.com/jklovelike/223483818078
2024-06-18,Tue,22,블로그 성장/노하우/팁,[공유] 블로그는 나를 성장시켜주는 신나는 놀이터가 될 수 있습니다.,38,162,14,,,,,https://blog.naver.com/jklovelike/223483799833
2024-06-18,Tue,17,"'데미안'의 단상, 생각",미래지향적 시간관을 품습니다.,16,292,14,,,,,https://blog.naver.com/jklovelike/223483469764
2024-06-18,Tue,11,"'데미안'의 단상, 생각","홍정욱 전 국회의원의 ""져본 적이 없다""라는 말이 기억납니다",33,237,34,,,,,https://blog.naver.com/jklovelike/223482813644
2024-06-18,Tue,4,'데미안'의 자기혁신,"자, 오늘도 연습이다",11,277,73,,,,,https://blog.naver.com/jklovelike/223482792902
2024-06-17,Mon,15,독서 단상,독서는 위험하다. 독서는 불온하다,18,332,24,,,,,https://blog.naver.com/jklovelike/223482106680
2024-06-17,Mon,7,'데미안'의 자기혁신,성공과 성취에서 <꾸준한 양>은 진리입니다,23,258,45,,,,,https://blog.naver.com/jklovelike/223481642113
2024-06-17,Mon,5,"'데미안'의 단상, 생각",삶은 모험극이다,8,232,28,,,,,https://blog.naver.com/jklovelike/223481602746
2024-06-16,Sun,16,'데미안'의 수능 칼럼 ,공부를 가르치면서 느끼는 요즘 학생들에 대한 단상,27,390,47,835,2,1,1,https://blog.naver.com/jklovelike/223481145403
2024-06-16,Sun,13,"'데미안'의 단상, 생각",우리 영혼은 추구할 대상을 필요로 한다,21,252,19,,,,,https://blog.naver.com/jklovelike/223481018880
2024-06-16,Sun,3,블로그 성장/노하우/팁,전문 블로거가 미래를 위해 준비해야 할 것,23,317,56,,,,,https://blog.naver.com/jklovelike/223480752012
2024-06-15,Sat,23,Na,[공유] 미라클 특강 1. 임진강 작가님 편,24,139,6,,,,,https://blog.naver.com/jklovelike/223480610016
2024-06-15,Sat,19,"'데미안'의 단상, 생각",최선의 선택은 자신이 이룰 수 있는 최고치다,24,264,25,,,,,https://blog.naver.com/jklovelike/223480482204
2024-06-15,Sat,19,블로그 성장/노하우/팁,SNS와 콘텐츠 플랫폼와 관련하여 지금 시작해도 기회가 넘칠 겁니다,37,273,41,,,,,https://blog.naver.com/jklovelike/223480470699
2024-06-15,Sat,11,'데미안'의 자기혁신,못할수록 더 많이 하자,12,387,55,,,,,https://blog.naver.com/jklovelike/223479986201
2024-06-15,Sat,5,"'데미안'의 단상, 생각",신은 일을 미루시기는 해도 거절하시는 법은 없다,26,268,44,,,,,https://blog.naver.com/jklovelike/223479976629
2024-06-14,Fri,23,Na,[공유] 좋은 이웃 [데미안님],17,149,30,,,,,https://blog.naver.com/jklovelike/223479835532
2024-06-14,Fri,19,"'데미안'의 단상, 생각",용기를 가까이 하세요. 그 어느 때보다 실패의 값은 저렴합니다,34,297,22,,,,,https://blog.naver.com/jklovelike/223479644558
2024-06-14,Fri,16,'데미안'의 수능 칼럼 ,어제 학부모님 대상으로 각성자 공부법 특강을 진행했습니다,31,233,34,513,2,0,8,https://blog.naver.com/jklovelike/223479454169
2024-06-14,Fri,11,"'데미안'의 단상, 생각",요새 힘든 일을 겪고 있다면,15,287,33,,,,,https://blog.naver.com/jklovelike/223478884117
2024-06-14,Fri,7,블로그 성장/노하우/팁,블로그든 유튜브든 온라인에 자기만의 플랫폼이 있어야 합니다,32,257,36,,,,,https://blog.naver.com/jklovelike/223478929181
2024-06-14,Fri,4,'데미안'의 자기혁신,나이가 들수록 어떻게 사는지 알겠다,19,275,31,,,,,https://blog.naver.com/jklovelike/223478870765
2024-06-13,Thu,11,"'데미안'의 단상, 생각",삶은 해석하기 나름이다,12,297,43,,,,,https://blog.naver.com/jklovelike/223477771486
2024-06-13,Thu,8,블로그 성장/노하우/팁,블로그 이웃분들이 기쁜 소식을 전해주면 저도 좋습니다,29,313,40,,,,,https://blog.naver.com/jklovelike/223477783578
2024-06-13,Thu,6,"'데미안'의 단상, 생각","나는 인생을 깊게 살기를, 인생의 모든 골수를 빼먹기를 원했다",34,228,22,,,,,https://blog.naver.com/jklovelike/223477752625
2024-06-12,Wed,20,"'데미안'의 단상, 생각",힘을 쓰세요,6,332,30,,,,,https://blog.naver.com/jklovelike/223477390975
2024-06-12,Wed,15,"'데미안'의 단상, 생각",전진을 가로막는 한 가지 심리적 장벽은 바로 이거입니다,30,285,25,,,,,https://blog.naver.com/jklovelike/223477051831
2024-06-12,Wed,12,"'데미안'의 단상, 생각",억지로 의지를 쥐어짜지 않아도 잘 될 수 있는 방법,28,238,15,,,,,https://blog.naver.com/jklovelike/223476569035
2024-06-12,Wed,5,"'데미안'의 단상, 생각",어째서 몸부림조차 쳐본 적이 없는 사람들과 같은 수준에 머무르는 것일까?,40,295,53,,,,,https://blog.naver.com/jklovelike/223476545777
2024-06-11,Tue,22,"'데미안'의 단상, 생각",젊게 살아가기,7,302,26,,,,,https://blog.naver.com/jklovelike/223476357713
2024-06-11,Tue,16,"'데미안'의 단상, 생각",글을 잘 쓰면 좋습니다. 필요한 덕목은 배우려는 의지와 꾸준함이겠죠,37,289,19,,,,,https://blog.naver.com/jklovelike/223476013076
2024-06-11,Tue,7,블로그 성장/노하우/팁,블로그 이웃 보리온 님에게 갑자기 이웃 신청이 늘어난 이유는 무엇일까?,39,336,49,,,,,https://blog.naver.com/jklovelike/223475422725
2024-06-11,Tue,5,"'데미안'의 단상, 생각","그것을 하려면, 내 존재가 그 소망 하나로 가득차 있을 정도로 강렬하게 원해야 하는 거야",49,258,23,,,,,https://blog.naver.com/jklovelike/223475392308
2024-06-10,Mon,17,"'데미안'의 단상, 생각",시작은 미약하나 그 끝은 창대하리라,19,269,38,,,,,https://blog.naver.com/jklovelike/223474919920
2024-06-10,Mon,17,Na,[공유] 베스트셀러 <처음으로 공부가 재미있어지기 시작했다 > 임진강 작가님의 '각성자 공부법' 무료 특강,59,120,3,,,,,https://blog.naver.com/jklovelike/223474897244
2024-06-10,Mon,16,"'데미안'의 단상, 생각",아무리 짧아도 매일 써야 생각을 정리할 수 있다,26,300,24,,,,,https://blog.naver.com/jklovelike/223474785601
2024-06-10,Mon,6,"'데미안'의 단상, 생각",이번 주 목요일에 '각성자 공부법' 온라인 강의가 예정되어 있습니다 (처음으로 공부가 재밌어지기 시작했다),59,229,26,,,,,https://blog.naver.com/jklovelike/223474239908
2024-06-10,Mon,5,"'데미안'의 단상, 생각",글을 쓴다는 것은 자기 창조 행위다,19,241,28,,,,,https://blog.naver.com/jklovelike/223474223998
2024-06-09,Sun,22,"'데미안'의 단상, 생각",꾸준한 양에는 자신있다,12,268,40,,,,,https://blog.naver.com/jklovelike/223474022867
2024-06-09,Sun,16,"'데미안'의 단상, 생각",시간을 아끼면 이것저것 많이 할 수 있습니다.,25,361,30,,,,,https://blog.naver.com/jklovelike/223473732615
2024-06-09,Sun,8,"'데미안'의 단상, 생각",불안과 두려움을 쉽게 해소하는 법,18,300,26,,,,,https://blog.naver.com/jklovelike/223473367311
2024-06-09,Sun,4,"'데미안'의 단상, 생각",훨씬 잘 할 방도가 있다,13,270,34,,,,,https://blog.naver.com/jklovelike/223473360194
2024-06-09,Sun,4,수능/수능공부법/합격수기,2024년 6월 모의평가 수학 오답률 정답률,24,131,1,161,6,0,1,https://blog.naver.com/jklovelike/223473357619
2024-06-08,Sat,19,"'데미안'의 단상, 생각",전진하지 않는 자는 곧 후퇴하고 있는 셈이다,24,323,48,,,,,https://blog.naver.com/jklovelike/223473056979
2024-06-08,Sat,4,블로그 성장/노하우/팁,오늘도 블로그 동료들과 함께 합니다,19,316,38,,,,,https://blog.naver.com/jklovelike/223472537718
2024-06-07,Fri,19,"'데미안'의 단상, 생각",지루한 일을 싫어하는 남들 덕분에 기회가 더 열린다,28,313,41,,,,,https://blog.naver.com/jklovelike/223472199815
2024-06-07,Fri,14,'데미안'의 자기혁신,가성비 갑은 단연 독서와 글쓰기다,18,320,38,,,,,https://blog.naver.com/jklovelike/223471882092
2024-06-07,Fri,5,블로그 성장/노하우/팁,꾸준한 블로그 글쓰기의 힘,14,321,81,,,,,https://blog.naver.com/jklovelike/223471453234
2024-06-06,Thu,17,"'데미안'의 단상, 생각",행동하지 않은 삶은 불행하다,15,360,30,,,,,https://blog.naver.com/jklovelike/223471023854
2024-06-06,Thu,7,"'데미안'의 단상, 생각",오늘 하루는 유일합니다,12,337,39,,,,,https://blog.naver.com/jklovelike/223470600443
2024-06-06,Thu,5,블로그 성장/노하우/팁,저는 글을 쓸 때마다 블로그 이웃 삭제가 일어납니다,28,354,103,,,,,https://blog.naver.com/jklovelike/223470571485
2024-06-05,Wed,20,블로그 성장/노하우/팁,X(엑스/트위터)를 일주일 해봤습니다,20,282,41,,,,,https://blog.naver.com/jklovelike/223470267769
2024-06-05,Wed,16,"'데미안'의 단상, 생각",차원 이동에 비견될 정도로 변화가 필요할 때가 있습니다,30,255,15,,,,,https://blog.naver.com/jklovelike/223470016751
2024-06-05,Wed,4,블로그 성장/노하우/팁,블로그를 때려치울 뻔했던 이야기,17,422,124,2548,3,0,6,https://blog.naver.com/jklovelike/223469441944
2024-06-04,Tue,20,수능/수능공부법/합격수기,2024년 6월 모의고사 예상 등급컷 2025모의평가 국수영 추정 등급 커트라인,44,202,8,297,10,0,16,https://blog.naver.com/jklovelike/223469099581
2024-06-04,Tue,14,수능/수능공부법/합격수기,2024년 6월 모의평가 국어 수학 시험지 답지(문제 및 정답) 다운로드,40,177,5,213,2,0,2,https://blog.naver.com/jklovelike/223468730174
2024-06-04,Tue,6,"'데미안'의 단상, 생각",다른 SNS 플랫폼을 관찰해 봐도 꾸준한 사람이 적어 보입니다,34,320,46,,,,,https://blog.naver.com/jklovelike/223468280646
2024-06-04,Tue,4,'데미안'의 자기혁신,차라리 지금 시작하여 실패하라,16,282,66,,,,,https://blog.naver.com/jklovelike/223468236570
2024-06-03,Mon,11,'데미안'의 자기혁신,영감이 필요하면 운동을 하라,15,333,42,,,,,https://blog.naver.com/jklovelike/223467033400
2024-06-03,Mon,4,"'데미안'의 단상, 생각",천 개의 주사위를 던졌다고? 또 한 번 주사위를 던져라,30,269,38,,,,,https://blog.naver.com/jklovelike/223467023928
2024-06-03,Mon,4,수능/수능공부법/합격수기,"올해 입시 변수 중 하나, 이과생(과탐 선택자)들의 사탐런",32,184,8,796,1,0,0,https://blog.naver.com/jklovelike/223467020931
2024-06-02,Sun,19,"'데미안'의 단상, 생각",전념의 세계를 겪어본다면,13,263,32,,,,,https://blog.naver.com/jklovelike/223466685246
2024-06-02,Sun,16,"'데미안'의 단상, 생각",한 번 더 알을 깰 때가 되었습니다,19,271,37,,,,,https://blog.naver.com/jklovelike/223466544040
2024-06-02,Sun,16,'데미안'의 수능 칼럼 ,수능 수학/ 수학 모의고사 꼼수 요령 야매 등 찍기팁(1),32,177,5,734,2,0,2,https://blog.naver.com/jklovelike/223466534447
2024-06-02,Sun,5,"'데미안'의 단상, 생각",넣을 물건이 많이 있는 사람에게 보다 많은 주머니가 있어야 한다,35,286,43,,,,,https://blog.naver.com/jklovelike/223466155199
2024-06-01,Sat,16,'데미안'의 수능 칼럼 ,똑똑해진 기분이 든다는 제자의 말,18,315,48,888,0,0,20,https://blog.naver.com/jklovelike/223465686258
2024-06-01,Sat,5,"'데미안'의 단상, 생각",6월 첫 새벽의 마음가짐,13,279,30,,,,,https://blog.naver.com/jklovelike/223465317284
2024-06-01,Sat,4,"'데미안'의 단상, 생각",바다가 되어라. 내 삶의 거대한 존재가 되어라,25,261,19,,,,,https://blog.naver.com/jklovelike/223465297590
2024-06-01,Sat,0,블로그 성장/노하우/팁,[공유] 제가 만든 커뮤니티가 1000명을 넘었습니다.,30,151,4,,,,,https://blog.naver.com/jklovelike/223465186376
2024-05-31,Fri,19,"'데미안'의 단상, 생각",내가 생각하는 습관과 루틴의 차이,18,313,24,,,,,https://blog.naver.com/jklovelike/223464953040
2024-05-31,Fri,12,"'데미안'의 단상, 생각",당신의 실수는 이거다. 시작하지 않는 것! 끝까지 하지 않는 것!,36,316,36,,,,,https://blog.naver.com/jklovelike/223464123582
2024-05-31,Fri,5,블로그 성장/노하우/팁,블로그를 하면 귀인이 나타난다,16,479,144,1532,1,0,15,https://blog.naver.com/jklovelike/223464152083
2024-05-30,Thu,19,일상의 기록,어제부터 X(트위터)를 시작했습니다,19,341,60,,,,,https://blog.naver.com/jklovelike/223463790001
2024-05-30,Thu,6,'데미안'의 자기혁신,데일 카네기를 읽고 인생이 바뀌었습니다,21,368,61,,,,,https://blog.naver.com/jklovelike/223463010762
2024-05-30,Thu,5,블로그 성장/노하우/팁,알파님이 말하는 SNS를 성장시키는 방법,22,280,34,,,,,https://blog.naver.com/jklovelike/223462990531
2024-05-29,Wed,23,"'데미안'의 단상, 생각",비판적인 인간에서 열린 인간으로 전향했습니다,24,237,18,,,,,https://blog.naver.com/jklovelike/223462838265
2024-05-29,Wed,4,'데미안'의 자기혁신,꾸준함의 힘으로 벽을 돌파해 보세요,19,375,110,,,,,https://blog.naver.com/jklovelike/223461819378
2024-05-28,Tue,16,"'데미안'의 단상, 생각",나의 글로 하여금 자기 자신을 뜨겁게 만들어라,25,382,46,,,,,https://blog.naver.com/jklovelike/223461296848
2024-05-28,Tue,7,"'데미안'의 단상, 생각",블로그를 하면서 마음이 불편할 때가 있습니다,24,408,103,,,,,https://blog.naver.com/jklovelike/223460712685
2024-05-28,Tue,5,"'데미안'의 단상, 생각",좋아하는 일을 꾸준히 하게 되면 깨닫게 되는 사실,27,331,43,,,,,https://blog.naver.com/jklovelike/223460655000
2024-05-27,Mon,21,"'데미안'의 단상, 생각",괜찮아,3,337,48,,,,,https://blog.naver.com/jklovelike/223460352890
2024-05-27,Mon,17,"'데미안'의 단상, 생각",매일 글을 쓰자,8,361,47,,,,,https://blog.naver.com/jklovelike/223460137130
2024-05-27,Mon,5,"'데미안'의 단상, 생각",내가 블로그를 좋아하는 이유 - 20살 때 블로그 통해서 도움받았던 이야기,41,345,80,,,,,https://blog.naver.com/jklovelike/223459444368
2024-05-26,Sun,19,"'데미안'의 단상, 생각",글쓰기 일상화의 장점이 있습니다,17,359,44,,,,,https://blog.naver.com/jklovelike/223459077179
2024-05-26,Sun,13,"'데미안'의 단상, 생각",견딤의 크기가 쓰임의 크기다,15,320,27,,,,,https://blog.naver.com/jklovelike/223458801559
2024-05-26,Sun,5,'데미안'의 자기혁신,꿈이 있다면 지하 세계를 다녀오는 것을 두려워하지 말라,30,314,31,,,,,https://blog.naver.com/jklovelike/223458536170
2024-05-25,Sat,16,"'데미안'의 단상, 생각",가급적 좋아하는 일을 하자,14,392,56,,,,,https://blog.naver.com/jklovelike/223458109493
2024-05-25,Sat,5,'데미안'의 자기혁신,당황하지 말자,7,344,57,,,,,https://blog.naver.com/jklovelike/223457727619
2024-05-25,Sat,5,수능/수능공부법/합격수기,2024년 5월 모의고사 확정 등급컷 (원점수 등급 커트라인 확정컷),38,148,2,315,1,0,2,https://blog.naver.com/jklovelike/223457726004
2024-05-24,Fri,19,"'데미안'의 단상, 생각",하마르티아가 뭔지 알아?,13,283,32,,,,,https://blog.naver.com/jklovelike/223457407922
2024-05-24,Fri,14,"'데미안'의 단상, 생각","내가 집중한 만큼 삶은 짙어지고, 감동한 만큼 삶은 진해진다",33,280,29,,,,,https://blog.naver.com/jklovelike/223457066269
2024-05-24,Fri,5,"'데미안'의 단상, 생각","나쁜 일에 빠져들기는 쉽지만, 거기에서 벗어나는 것은 얼마나 어려운가요?",40,309,44,,,,,https://blog.naver.com/jklovelike/223456618368
2024-05-23,Thu,20,"'데미안'의 단상, 생각",티비 안 보고도 잘 살 수 있더라,18,362,47,,,,,https://blog.naver.com/jklovelike/223456303299
2024-05-23,Thu,7,"'데미안'의 단상, 생각",인스타그램을 일주일 정도 해봤습니다,19,367,115,,,,,https://blog.naver.com/jklovelike/223455490285
2024-05-23,Thu,6,"'데미안'의 단상, 생각",괴롭고 불안한 일이 아무리 많더라도,19,305,46,,,,,https://blog.naver.com/jklovelike/223455449907
2024-05-22,Wed,20,"'데미안'의 단상, 생각",블로그 예찬,6,367,31,,,,,https://blog.naver.com/jklovelike/223455163590
2024-05-22,Wed,16,블로그 성장/노하우/팁,서로이웃 되신 분들 감사합니다. 꾸준히 블로그를 함께 해 나가죠!,36,353,129,,,,,https://blog.naver.com/jklovelike/223454915026
2024-05-22,Wed,12,블로그 성장/노하우/팁,서로이웃이 아닌 이웃분들만 본문을 읽어주세요,24,336,139,,,,,https://blog.naver.com/jklovelike/223454380253
2024-05-22,Wed,5,블로그 성장/노하우/팁,블로그를 통해 책을 쓰겠다는 각오가 생긴 순간,25,354,63,,,,,https://blog.naver.com/jklovelike/223454345392
2024-05-21,Tue,23,"'데미안'의 단상, 생각","오늘도, 내일도 반복이다",13,295,31,,,,,https://blog.naver.com/jklovelike/223454185923
2024-05-21,Tue,22,수능/수능공부법/합격수기,2024년 5월 더프 모의고사 수학 국어 정답률 오답률,30,167,4,158,4,0,2,https://blog.naver.com/jklovelike/223454162800
2024-05-21,Tue,12,"'데미안'의 단상, 생각",혹시 살아가면서 알고 싶은 것이 있을까요?,23,301,46,,,,,https://blog.naver.com/jklovelike/223453245546
2024-05-21,Tue,6,'데미안'의 수능 칼럼 ,"실전 경험을 회피하는 수험생, 모의고사 응시를 피하는 재수생, 테스트를 받아들여라",45,247,22,1924,1,0,1,https://blog.naver.com/jklovelike/223453201785
2024-05-21,Tue,5,"'데미안'의 단상, 생각",내가 내 가치를 알아주면 된다,16,304,35,,,,,https://blog.naver.com/jklovelike/223453185892
2024-05-20,Mon,21,"'데미안'의 단상, 생각",블로그 유입과 조회수와 관련하여 제목이 중요할까? 이미지가 중요할까?,38,372,45,,,,,https://blog.naver.com/jklovelike/223452889068
2024-05-20,Mon,17,독서 단상,도서관 나들이,7,384,67,,,,,https://blog.naver.com/jklovelike/223452680374
2024-05-20,Mon,12,"'데미안'의 단상, 생각",쉽게 행복해지는 방법은 이겁니다,17,315,24,,,,,https://blog.naver.com/jklovelike/223452055793
2024-05-20,Mon,6,Na,라이즈 님이 제 이웃분 자녀를 위해 쓰신 '꼴찌가 보내는 응원'입니다.,39,222,15,,,,,https://blog.naver.com/jklovelike/223452014522
2024-05-20,Mon,5,"'데미안'의 단상, 생각",감정의 비대칭성을 가진 사람은 행복할 수밖에 없다,27,242,41,,,,,https://blog.naver.com/jklovelike/223451992735
2024-05-19,Sun,20,"'데미안'의 단상, 생각",카페에서 두 시간 가까이 말 한 마디도 안 하는 가족을 봤습니다,35,505,51,918,0,0,0,https://blog.naver.com/jklovelike/223451650635
2024-05-19,Sun,13,"'데미안'의 단상, 생각",당연해 보이는 글도 쓰자,13,367,55,,,,,https://blog.naver.com/jklovelike/223451385328
2024-05-19,Sun,6,"'데미안'의 단상, 생각",우리는 위대하고 신성한 노력을 하고 있습니다,24,255,45,,,,,https://blog.naver.com/jklovelike/223451161315
2024-05-19,Sun,5,블로그 성장/노하우/팁,나의 글은 단 한 명의 마음에라도 가 닿으면 된다,27,300,48,,,,,https://blog.naver.com/jklovelike/223451144828
2024-05-18,Sat,22,"'데미안'의 단상, 생각","""사람이 사람에게 주는 온기만큼 따뜻한 게 없는 것 같다""라는 이야기",38,296,31,,,,,https://blog.naver.com/jklovelike/223450957994
2024-05-18,Sat,16,"'데미안'의 단상, 생각",다 도전해보라고 우리의 인생이 존재한다,21,344,26,,,,,https://blog.naver.com/jklovelike/223450716447
2024-05-18,Sat,7,"'데미안'의 단상, 생각",아프고 지치고 늦었다고 불안해하고 있을지 모를 너에게 (블로그 이웃분 자녀를 위한 글),48,495,80,4807,2,0,0,https://blog.naver.com/jklovelike/223450357717
2024-05-18,Sat,5,"'데미안'의 단상, 생각",감정의 변덕을 이겨내는 나만의 방법,19,332,88,,,,,https://blog.naver.com/jklovelike/223450327647
2024-05-17,Fri,22,독서 단상,"독서법(7) 자투리 독서, 틈새 독서도 활용하자",26,295,34,,,,,https://blog.naver.com/jklovelike/223450120952
2024-05-17,Fri,18,"'데미안'의 단상, 생각",행운이 생겨나게 하는 가장 좋은 방법,20,353,26,,,,,https://blog.naver.com/jklovelike/223449915426
2024-05-17,Fri,8,"'데미안'의 단상, 생각",어제부터 인스타그램을 시작한 인스타 초보입니다,25,312,53,,,,,https://blog.naver.com/jklovelike/223449299364
2024-05-17,Fri,5,"'데미안'의 단상, 생각",최고를 꿈꾸세요,8,321,30,,,,,https://blog.naver.com/jklovelike/223449217867
2024-05-16,Thu,18,"'데미안'의 단상, 생각",카페 와서 읽고 있는 책 <나다움으로 시작하는 퍼스널 브랜딩>,34,396,79,,,,,https://blog.naver.com/jklovelike/223448752609
2024-05-16,Thu,7,일상의 기록,블로그 이웃분들 인스타그램 맞팔로우 해보죠!,24,328,105,,,,,https://blog.naver.com/jklovelike/223448057014
2024-05-16,Thu,5,'데미안'의 자기혁신,고생을 해야 한다,9,326,33,,,,,https://blog.naver.com/jklovelike/223448021540
2024-05-15,Wed,22,"'데미안'의 단상, 생각",매일매일의 힘,7,313,38,,,,,https://blog.naver.com/jklovelike/223447834001
2024-05-15,Wed,11,블로그 성장/노하우/팁,저는 블로그를 할 때 마음이 편안합니다,21,383,97,,,,,https://blog.naver.com/jklovelike/223447123828
2024-05-15,Wed,5,"'데미안'의 단상, 생각",스승의 날 스승 명언 / 배움 명언,19,309,40,,,,,https://blog.naver.com/jklovelike/223447106802
2024-05-14,Tue,16,"'데미안'의 단상, 생각",매일 우리 의지는 도전받는다,15,336,52,,,,,https://blog.naver.com/jklovelike/223446594669
2024-05-14,Tue,6,"'데미안'의 단상, 생각",<백만장자 메신저> 작가 브렌든 버처드의 신간에 추천사를 쓰게 됐습니다,39,356,113,,,,,https://blog.naver.com/jklovelike/223445994569
2024-05-14,Tue,5,"'데미안'의 단상, 생각",글쓰기는 풍요를 지향한다,13,311,40,,,,,https://blog.naver.com/jklovelike/223445971557
2024-05-13,Mon,17,"'데미안'의 단상, 생각",도서 출간을 염두에 두고 블로그를 해 보세요,24,413,83,,,,,https://blog.naver.com/jklovelike/223445457843
2024-05-13,Mon,5,블로그 성장/노하우/팁,"아무리 바빠도, 정신이 없어도 블로그에 글을 씁니다",28,348,50,,,,,https://blog.naver.com/jklovelike/223444762180
2024-05-12,Sun,16,"'데미안'의 단상, 생각",오늘 하루도 내 주의력을 잘 쓰고 있는가,22,350,44,,,,,https://blog.naver.com/jklovelike/223444285305
2024-05-12,Sun,10,"'데미안'의 단상, 생각",좋은 말이 내 운명을 바꿉니다,16,342,25,,,,,https://blog.naver.com/jklovelike/223443947286
2024-05-12,Sun,5,"'데미안'의 단상, 생각",네이버에서 '글쓰기'를 검색해 타인의 글을 종종 보곤 합니다,33,345,36,,,,,https://blog.naver.com/jklovelike/223443924501
2024-05-11,Sat,23,"'데미안'의 단상, 생각",무기력할수록 기운 나는 글을 써라,18,346,49,,,,,https://blog.naver.com/jklovelike/223443757007
2024-05-11,Sat,16,"'데미안'의 단상, 생각",중요한 건 바로 글쓰기다,13,384,31,,,,,https://blog.naver.com/jklovelike/223443484055
2024-05-11,Sat,5,Na,내 이름 삼행시 챌린지 (데미안/진강),21,257,88,,,,,https://blog.naver.com/jklovelike/223443108188
2024-05-10,Fri,22,"'데미안'의 단상, 생각",모험을 하지 않는 사람은 없다,16,257,19,,,,,https://blog.naver.com/jklovelike/223442938002
2024-05-10,Fri,19,"'데미안'의 단상, 생각","가벼운 일상, 홍대 상상마당에서",17,378,68,,,,,https://blog.naver.com/jklovelike/223442789451
2024-05-10,Fri,19,Na,[공유] [이벤트] 세 번째 전자책인 <B형 남자> 배포합니다.,35,141,2,,,,,https://blog.naver.com/jklovelike/223442758906
2024-05-10,Fri,6,"'데미안'의 단상, 생각",목숨이 경각에 달려 있을 때조차 침착할 수 있는 집중력을 키워야 한다,38,303,34,,,,,https://blog.naver.com/jklovelike/223442026605
2024-05-10,Fri,5,수능/수능공부법/합격수기,2024년 5월 고3 모의고사 수학 오답률 정답률,27,184,5,131,7,3,0,https://blog.naver.com/jklovelike/223442009874
2024-05-09,Thu,19,"'데미안'의 단상, 생각",좋아하는 일을 한다면 어떤 일이 일어날까?,23,368,68,,,,,https://blog.naver.com/jklovelike/223441657468
2024-05-09,Thu,5,"'데미안'의 단상, 생각",부족하다면 더 창조하라,12,343,52,,,,,https://blog.naver.com/jklovelike/223440863195
2024-05-08,Wed,23,"'데미안'의 단상, 생각",온 힘을 다한 시간만이 의미 있는 시간이다,23,351,20,,,,,https://blog.naver.com/jklovelike/223440678648
2024-05-08,Wed,20,수능/수능공부법/합격수기,2024년 5월 고3 모의고사 국수영 등급컷 (추정 등급 커트라인),37,264,8,517,10,0,16,https://blog.naver.com/jklovelike/223440515823
2024-05-08,Wed,14,"'데미안'의 단상, 생각",삶에서 실제로 실행하는 생각만이 가치 있는 거야,26,324,27,,,,,https://blog.naver.com/jklovelike/223440171750
2024-05-08,Wed,5,"'데미안'의 단상, 생각",글쓰기를 염두에 두고 경험하면 어떨까요?,22,342,66,,,,,https://blog.naver.com/jklovelike/223439678753
2024-05-07,Tue,23,"'데미안'의 단상, 생각",꾸준한 블로그 글쓰기는 작은 성공의 축적이다,24,332,56,,,,,https://blog.naver.com/jklovelike/223439490073
2024-05-07,Tue,20,블로그 성장/노하우/팁,[19년 전 오늘] 가난으로 힘들어 하시는 수험생분들께...,33,320,28,,,,,https://blog.naver.com/jklovelike/223439311948
2024-05-07,Tue,16,"'데미안'의 단상, 생각",타인의 성의를 받으려면 몸소 성의를 보이는 길밖에 없다.,31,313,34,,,,,https://blog.naver.com/jklovelike/223439070699
2024-05-07,Tue,6,"'데미안'의 단상, 생각",수능 공부를 제대로 할 거면 수능 공부만 하자,25,276,28,,,,,https://blog.naver.com/jklovelike/223438508868
2024-05-07,Tue,4,독서 단상,독서 명언 책 읽을 시간이 있느냐고? 나는 그 시간을 주머니에 넣고 다녀,40,322,38,,,,,https://blog.naver.com/jklovelike/223438475271
2024-05-06,Mon,17,"'데미안'의 단상, 생각",탁월한 삶은 자부심 있는 인생이다,18,332,44,,,,,https://blog.naver.com/jklovelike/223438020751
2024-05-06,Mon,14,"'데미안'의 단상, 생각",블로그 하길 잘했다! 보람을 느끼는 순간에 대하여,27,415,71,,,,,https://blog.naver.com/jklovelike/223437871892
2024-05-06,Mon,5,"'데미안'의 단상, 생각",시간과 정성을 들일 자신이 있는가?,19,326,41,,,,,https://blog.naver.com/jklovelike/223437540869
2024-05-05,Sun,19,"'데미안'의 단상, 생각",짧은 시간 내 정신집중의 연습을 권하다,21,364,64,,,,,https://blog.naver.com/jklovelike/223437225918
2024-05-05,Sun,19,Na,[공유] 위너노트 추천사 5 (feat 데미안),26,176,4,,,,,https://blog.naver.com/jklovelike/223437211786
2024-05-05,Sun,16,"'데미안'의 단상, 생각",굳이 고생스럽게 왜 해? 시작은 피곤하다,22,330,26,,,,,https://blog.naver.com/jklovelike/223437068870
2024-05-05,Sun,4,"'데미안'의 단상, 생각",정말 재미있는 게임을 해보자,15,303,32,,,,,https://blog.naver.com/jklovelike/223436717594
2024-05-04,Sat,22,"'데미안'의 단상, 생각",좋아하는 일을 적극적으로 블로그에 표현하세요,24,442,75,362,0,0,0,https://blog.naver.com/jklovelike/223436549710
2024-05-04,Sat,16,"'데미안'의 단상, 생각",관성이 끊기면 의문이 생긴다,15,351,30,,,,,https://blog.naver.com/jklovelike/223436305029
2024-05-04,Sat,13,블로그 성장/노하우/팁,시(방문객/너를 기다리는 동안/대추 한 알)에 대입해보는 블로그하는 마음,40,310,28,,,,,https://blog.naver.com/jklovelike/223436177402
2024-05-04,Sat,5,블로그 성장/노하우/팁,자고 일어났더니 2만 블로그가 되었습니다,22,539,227,1632,13,0,7,https://blog.naver.com/jklovelike/223435909615
2024-05-03,Fri,23,"'데미안'의 단상, 생각",하루를 닫으며 스스로 자기 자신을 심판합니다,24,307,33,,,,,https://blog.naver.com/jklovelike/223435750752
2024-05-03,Fri,16,"'데미안'의 단상, 생각",전도하고 싶은 대상은 독서와 글쓰기와 블로그입니다,27,352,60,,,,,https://blog.naver.com/jklovelike/223435397383
2024-05-03,Fri,11,지성과 사랑,쇼펜하우어 등 사상가가 말하는 독서 명언,22,309,32,,,,,https://blog.naver.com/jklovelike/223434813262
2024-05-03,Fri,5,"'데미안'의 단상, 생각",본업과 관련되어서 자신의 저서가 있으면 좋은 이유,27,333,63,,,,,https://blog.naver.com/jklovelike/223434784001
2024-05-02,Thu,22,"'데미안'의 단상, 생각",나는 '대부분의 사람들'이 아니다,18,350,59,,,,,https://blog.naver.com/jklovelike/223434575721
2024-05-02,Thu,17,"'데미안'의 단상, 생각",노력은 즐겁다,7,368,39,,,,,https://blog.naver.com/jklovelike/223434249965
2024-05-02,Thu,12,"'데미안'의 단상, 생각",이것 또한 곧 지나가리라,13,342,21,,,,,https://blog.naver.com/jklovelike/223433660242
2024-05-02,Thu,6,"'데미안'의 단상, 생각",열두 개의 달 중 오월을 가장 좋아합니다,22,312,34,,,,,https://blog.naver.com/jklovelike/223433624459
2024-05-02,Thu,5,"'데미안'의 단상, 생각",일주일 간 강의와 강연을 해보니 질의응답 시간이 더 흥미롭다는 사실을 알게 됐습니다,46,338,49,,,,,https://blog.naver.com/jklovelike/223433591173
2024-05-02,Thu,0,블로그 성장/노하우/팁,"[공유] [전자책 마지막 무료 배포] 야 너도 블로그 시작해, 파트 1,2 (단 일주일간만)",51,178,5,,,,,https://blog.naver.com/jklovelike/223433493964
2024-05-01,Wed,20,블로그 성장/노하우/팁,"블로그를 통한 묘한 인연, 이런 게 블로그 재미 같습니다",31,403,76,,,,,https://blog.naver.com/jklovelike/223433236043
2024-05-01,Wed,15,"'데미안'의 단상, 생각",새로운 문을 여세요,10,332,28,,,,,https://blog.naver.com/jklovelike/223433017730
2024-05-01,Wed,15,Na,[공유] <작가 모집> 대한민국 최초 출판 공동체 <가칭>북코압<Book-coop> 제1차 베스트셀러 책쓰기 작가 모집,66,183,5,,,,,https://blog.naver.com/jklovelike/223432972641
2024-05-01,Wed,11,"'데미안'의 단상, 생각",감사 인사는 얼마나 듣든 질리지 않는다,21,304,44,,,,,https://blog.naver.com/jklovelike/223432638796
2024-05-01,Wed,6,"'데미안'의 단상, 생각",블로그에 성장기를 담자,12,364,60,,,,,https://blog.naver.com/jklovelike/223432614342
2024-04-30,Tue,20,"'데미안'의 단상, 생각",블로그를 '제대로 하면' '꾸준히 하면' 행동력이 좋아집니다,33,435,83,1063,1,0,4,https://blog.naver.com/jklovelike/223432235006
2024-04-30,Tue,8,"'데미안'의 단상, 생각",자투리 글쓰기를 추천합니다,14,396,54,,,,,https://blog.naver.com/jklovelike/223431488014
2024-04-30,Tue,5,"'데미안'의 단상, 생각",새벽 시간이 기다려집니다,13,374,60,,,,,https://blog.naver.com/jklovelike/223431416935
2024-04-29,Mon,18,"'데미안'의 단상, 생각",방금 고양시 신원중학교 강연을 마쳤습니다,22,537,135,1714,9,2,4,https://blog.naver.com/jklovelike/223430992557
2024-04-29,Mon,4,'데미안'의 자기혁신,왜 꿈을 나의 자극으로 삼지 않는가?,20,321,55,,,,,https://blog.naver.com/jklovelike/223430222557
2024-04-28,Sun,20,'데미안'의 수능 칼럼 ,수능 공부 극단적인 성적향상을 위해서는 극단적인 노력이 필요하다,35,351,18,1300,39,0,25,https://blog.naver.com/jklovelike/223429905361
2024-04-28,Sun,16,"'데미안'의 단상, 생각",글을 언제 써야 할까?,12,370,42,,,,,https://blog.naver.com/jklovelike/223429756067
2024-04-28,Sun,4,"'데미안'의 단상, 생각",공부든 글쓰기든 결국 요령이 아닌 본질 강화가 필요합니다,31,357,39,,,,,https://blog.naver.com/jklovelike/223429410657
2024-04-27,Sat,23,'데미안'의 수능 칼럼 ,"작년 수능 수학 6등급에서 3월 더프 4등급, 4월 더프 2등급까지 올라온 재수생 제자",48,255,22,1453,4,0,20,https://blog.naver.com/jklovelike/223429252194
2024-04-27,Sat,19,"'데미안'의 단상, 생각",네이버 블로그의 장점 중 하나는 바로 ㄴㅇㅂ ㄷㅌㄱ입니다,31,348,39,,,,,https://blog.naver.com/jklovelike/223429120066
2024-04-27,Sat,16,독서 단상,백 권 이상 다작하는 작가들의 경우를 두 가지로 분류해 봤습니다 (영감형과 연구형),46,326,49,,,,,https://blog.naver.com/jklovelike/223429002621
2024-04-27,Sat,5,내가 만난 [책],도서관 이벤트로 오랜만에 책을 다수 빌려왔습니다 + 개중 추천할 만한 서적이 있습니다,47,318,84,,,,,https://blog.naver.com/jklovelike/223428629431
2024-04-26,Fri,22,"'데미안'의 단상, 생각",꾸준하지 않았기 때문에 현재 꾸준합니다,21,331,60,,,,,https://blog.naver.com/jklovelike/223428459014
2024-04-26,Fri,19,"'데미안'의 단상, 생각",글감을 쉽게 찾는 방법,12,354,36,,,,,https://blog.naver.com/jklovelike/223428312790
2024-04-26,Fri,15,"'데미안'의 단상, 생각",머리만 좋아서는 안 돼. 때로는 바보가 되어야지,26,335,33,,,,,https://blog.naver.com/jklovelike/223428015934
2024-04-26,Fri,6,블로그 성장/노하우/팁,정체성 없는 블로그?,11,412,94,,,,,https://blog.naver.com/jklovelike/223427564678
2024-04-26,Fri,5,"'데미안'의 단상, 생각",저는 블로그 글쓰기 퇴고를 하지 않습니다,22,369,51,,,,,https://blog.naver.com/jklovelike/223427539430
2024-04-26,Fri,4,블로그 성장/노하우/팁,블로그 관련하여 5월부터는 수비가 아닌 공격입니다,27,269,26,,,,,https://blog.naver.com/jklovelike/223427532136
2024-04-25,Thu,23,블로그 성장/노하우/팁,방금 밤 시간에 온라인으로 '블로그' 줌 강의를 처음 해봤습니다 (데미안 X 66챌),47,273,56,,,,,https://blog.naver.com/jklovelike/223427371583
2024-04-25,Thu,6,"'데미안'의 단상, 생각",매일매일 이기고 있습니다,13,362,48,,,,,https://blog.naver.com/jklovelike/223426417569
2024-04-24,Wed,22,"'데미안'의 단상, 생각","꾸준한 1일 1포, 1일 N포과 관련된 팁 - 샤워 시간을 활용할 수 있습니다",43,366,64,,,,,https://blog.naver.com/jklovelike/223426192170
2024-04-24,Wed,19,블로그 성장/노하우/팁,[공유] 66챌린지 X 데미안(feat. 미친 몰입이 무엇인지 보여주겠다.),42,208,18,,,,,https://blog.naver.com/jklovelike/223426045728
2024-04-24,Wed,5,"'데미안'의 단상, 생각",블로그 외형 성장이 일순위 목적일 때 블태기가 쉽게 찾아옵니다,34,363,55,,,,,https://blog.naver.com/jklovelike/223425260191
2024-04-23,Tue,20,블로그 성장/노하우/팁,블로그 하는 시간을 점점 늘려보려고 합니다,23,439,89,759,0,0,1,https://blog.naver.com/jklovelike/223424922912
2024-04-23,Tue,6,"'데미안'의 단상, 생각",열심히 살고 있는 누군가의 새로운 도전을 바라볼 때,28,434,52,,,,,https://blog.naver.com/jklovelike/223424125213
2024-04-22,Mon,20,"'데미안'의 단상, 생각","닮고 싶은 인물, 역할 모델이 필요합니다",22,389,29,,,,,https://blog.naver.com/jklovelike/223423784342
2024-04-22,Mon,17,일상의 기록,방금 산책로를 지나다가 마주친 고양이,20,359,49,,,,,https://blog.naver.com/jklovelike/223423613660
2024-04-22,Mon,6,블로그 성장/노하우/팁,"임시저장 글 555개, 블로그 글감 1775개가 있는 블로거입니다 + 관련된 노하우와 팁입니다",52,370,52,,,,,https://blog.naver.com/jklovelike/223422950980
2024-04-21,Sun,16,"'데미안'의 단상, 생각",움직이는 도서관에서 흘러가는 무의식의 흐름,23,415,37,,,,,https://blog.naver.com/jklovelike/223422428912
2024-04-21,Sun,4,블로그 성장/노하우/팁,블로그 글쓰기에도 끌어당김의 법칙이 적용됩니다,25,451,52,,,,,https://blog.naver.com/jklovelike/223422034266
2024-04-20,Sat,23,"'데미안'의 단상, 생각","변명할 필요도 없고, 남을 비난할 필요도 없다",25,330,33,,,,,https://blog.naver.com/jklovelike/223421879377
2024-04-20,Sat,19,"'데미안'의 단상, 생각",시간이 아무리 흘러도 글이 읽힐 수 있는 매력을 블로그는 지니고 있습니다,40,368,45,,,,,https://blog.naver.com/jklovelike/223421735623
2024-04-20,Sat,5,"'데미안'의 단상, 생각",머리 쓰는 것이 즐겁다고요?,15,360,42,,,,,https://blog.naver.com/jklovelike/223421211014
2024-04-19,Fri,19,"'데미안'의 단상, 생각",잡탕 블로그도 좋습니다,12,480,107,1076,0,0,6,https://blog.naver.com/jklovelike/223420892184
2024-04-19,Fri,5,"'데미안'의 단상, 생각",블로그는 꾸준히 하다 보면 어느새 갈피가 잡힙니다,27,453,68,1190,0,0,5,https://blog.naver.com/jklovelike/223420129604
2024-04-18,Thu,19,"'데미안'의 단상, 생각","어제 뵌 아버지의 말씀 ""책을 계속 써라""",23,555,127,1190,1,0,2,https://blog.naver.com/jklovelike/223419788578
2024-04-18,Thu,6,'데미안'의 자기혁신,때로는 불편을 선호해야 한다,15,333,41,,,,,https://blog.naver.com/jklovelike/223419062227
2024-04-17,Wed,20,"'데미안'의 단상, 생각",이번 달에 처음으로 중학교 강연을 하게 됐습니다. '공부법과 공부 동기부여'강연입니다,47,405,96,,,,,https://blog.naver.com/jklovelike/223418706611
2024-04-17,Wed,13,블로그 성장/노하우/팁,블로그 꾸준히 하기 힘드네,14,501,110,1606,0,0,15,https://blog.naver.com/jklovelike/223418249765
2024-04-16,Tue,23,"'데미안'의 단상, 생각",오로지 평범한 사람만이 발전한다,17,431,55,,,,,https://blog.naver.com/jklovelike/223417815656
2024-04-16,Tue,22,"'데미안'의 단상, 생각",2024년 4월 더프 모의고사 수학 정답률/오답률 (지난 3월 더프 보다 어려웠던 수학 시험),52,218,4,,,,,https://blog.naver.com/jklovelike/223417777964
2024-04-16,Tue,16,"'데미안'의 단상, 생각",오늘 우연히 바깥에서 블로그를 하는 분을 보고 반가운 마음이 들더군요,38,431,56,,,,,https://blog.naver.com/jklovelike/223417438822
2024-04-16,Tue,6,"'데미안'의 단상, 생각",블로그는 제2의 두뇌이자 외뇌이다,18,361,43,,,,,https://blog.naver.com/jklovelike/223416837094
2024-04-15,Mon,17,"'데미안'의 단상, 생각",글쓰기는 글쓰기를 통해서만 배울 수 있다. 매일 쓰자,29,466,118,476,0,0,0,https://blog.naver.com/jklovelike/223416282763
2024-04-15,Mon,11,블로그 성장/노하우/팁,블덱스로 블로그 지수를 확인해 봤습니다 (전체 랭킹 424등에 최적+3 나오네요),45,338,28,,,,,https://blog.naver.com/jklovelike/223415659259
2024-04-15,Mon,5,'데미안'의 자기혁신,"단 하나의 길, 그것은 나 자신만의 길이다",23,350,41,,,,,https://blog.naver.com/jklovelike/223415636606
2024-04-14,Sun,19,"'데미안'의 단상, 생각",벤 카슨의 사고법과 그를 만든 독서의 힘,22,351,37,,,,,https://blog.naver.com/jklovelike/223415303604
2024-04-14,Sun,14,"'데미안'의 단상, 생각",직진하라,4,367,32,,,,,https://blog.naver.com/jklovelike/223415055314
2024-04-14,Sun,5,블로그 성장/노하우/팁,남이 담아갈 수 있는 글을 종종 써 보자,22,318,42,,,,,https://blog.naver.com/jklovelike/223414825936
2024-04-13,Sat,19,"'데미안'의 단상, 생각",성공은 간단합니다,9,371,59,,,,,https://blog.naver.com/jklovelike/223414534899
2024-04-13,Sat,4,"'데미안'의 단상, 생각",내 안을 들여다보면 깨어나게 되리라,19,326,51,,,,,https://blog.naver.com/jklovelike/223414052904
2024-04-12,Fri,19,"'데미안'의 단상, 생각",하루에 귀찮은 일 한 가지는 꼭 해 보자,22,395,48,,,,,https://blog.naver.com/jklovelike/223413752778
2024-04-12,Fri,15,"'데미안'의 단상, 생각","제 저서를 읽고 냉수욕을 따라 해봤다는 학생 독자 ""아드레날린이 온몸을 타고 다닌다""",47,290,17,,,,,https://blog.naver.com/jklovelike/223413488867
2024-04-12,Fri,5,"'데미안'의 단상, 생각",내가 전업 작가라면 얼마나 좋을까?,19,381,63,,,,,https://blog.naver.com/jklovelike/223413004680
2024-04-11,Thu,21,"'데미안'의 단상, 생각",아무래도 그건 무리야,11,393,65,,,,,https://blog.naver.com/jklovelike/223412738781
2024-04-11,Thu,11,블로그 성장/노하우/팁,블로그 포스트 조회수가 0이어도 나는 글을 꾸준히 쓸 것인가?,34,480,83,1484,4,0,1,https://blog.naver.com/jklovelike/223411928983
2024-04-11,Thu,6,"'데미안'의 단상, 생각",과거는 결코 나 자신의 잠재력이 아니다,21,303,30,,,,,https://blog.naver.com/jklovelike/223411916635
2024-04-10,Wed,20,"'데미안'의 단상, 생각",프로는 하고 싶지 않을 때에도 해야 할 일을 하고 만다,30,401,39,,,,,https://blog.naver.com/jklovelike/223411602354
2024-04-10,Wed,15,블로그 성장/노하우/팁,블로그를 꾸준히 하는 데 필요한 능력이 있습니다. 그게 무엇일까요?,37,454,55,,,,,https://blog.naver.com/jklovelike/223411397088
2024-04-10,Wed,5,"'데미안'의 단상, 생각",증오와 분노는 누구나 할 수 있습니다. 보다 더 어려운 일에 도전하세요,39,317,37,,,,,https://blog.naver.com/jklovelike/223411066933
2024-04-09,Tue,19,"'데미안'의 단상, 생각",성공은 가장 달콤한 복수다,14,400,43,,,,,https://blog.naver.com/jklovelike/223410738068
2024-04-09,Tue,14,"'데미안'의 단상, 생각","조조 ""준마는 늙어 마구간에 묶여 있어도 그 뜻은 천리를 달린다""",36,366,49,,,,,https://blog.naver.com/jklovelike/223410403672
2024-04-09,Tue,4,블로그 성장/노하우/팁,블로그 이웃 부아c님의 한 포스트를 읽고,22,494,82,1875,4,0,4,https://blog.naver.com/jklovelike/223409972360
2024-04-08,Mon,16,"'데미안'의 단상, 생각",'무익한 노력이 되지 않을까' 의구심이 들 때,25,375,70,,,,,https://blog.naver.com/jklovelike/223409434770
2024-04-08,Mon,12,"'데미안'의 단상, 생각",우물쭈물 망설이는 것은 시간 도둑이다,20,347,63,,,,,https://blog.naver.com/jklovelike/223409159561
2024-04-08,Mon,5,'데미안'의 자기혁신,매일매일 하면 더 잘해진다,14,359,52,,,,,https://blog.naver.com/jklovelike/223408813527
2024-04-07,Sun,22,"'데미안'의 단상, 생각",자투리 글쓰기와 유비쿼터스 글쓰기 추천합니다,24,333,34,,,,,https://blog.naver.com/jklovelike/223408656330
2024-04-07,Sun,16,'데미안'의 자기혁신,결점을 극복하는 두 가지 방향,16,327,24,,,,,https://blog.naver.com/jklovelike/223408381951
2024-04-07,Sun,14,"'데미안'의 단상, 생각","젊게 사는 비결, 두 가지를 매일 하자",21,406,51,,,,,https://blog.naver.com/jklovelike/223408268390
2024-04-07,Sun,7,"'데미안'의 단상, 생각",세 종류의 독자가 존재한다,14,334,41,,,,,https://blog.naver.com/jklovelike/223408069754
2024-04-06,Sat,22,"'데미안'의 단상, 생각",잘 듣고 잘 읽어야겠다는 생각이 들었습니다,23,342,40,,,,,https://blog.naver.com/jklovelike/223407878131
2024-04-06,Sat,13,"'데미안'의 단상, 생각",무라카미 하루키처럼 나이 들고 싶습니다,21,400,55,,,,,https://blog.naver.com/jklovelike/223407523621
2024-04-06,Sat,5,블로그 성장/노하우/팁,블로그를 왜 외롭게 혼자 하나요?,18,400,62,,,,,https://blog.naver.com/jklovelike/223407246241
2024-04-05,Fri,22,"'데미안'의 단상, 생각",저는 집요한 구석과 함께 오기와 승부욕이 있습니다,27,297,22,,,,,https://blog.naver.com/jklovelike/223407110520
2024-04-05,Fri,19,"'데미안'의 단상, 생각",성에 차지 않더라도 오늘 한 만큼 성장할 수 있다,27,320,23,,,,,https://blog.naver.com/jklovelike/223406959870
2024-04-05,Fri,13,"'데미안'의 단상, 생각",세상 좋아졌습니다,9,357,36,,,,,https://blog.naver.com/jklovelike/223406584694
2024-04-05,Fri,4,블로그 성장/노하우/팁,블로그 성장에는 마이웨이가 필요합니다,20,438,66,,,,,https://blog.naver.com/jklovelike/223406226960
2024-04-04,Thu,19,'데미안'의 자기혁신,도전하라. 당연히 문제가 생길 것이다,20,364,44,,,,,https://blog.naver.com/jklovelike/223405878454
2024-04-04,Thu,16,"'데미안'의 단상, 생각",정신은 그냥 허비되기에 너무나 아깝다,20,355,22,,,,,https://blog.naver.com/jklovelike/223405675664
2024-04-04,Thu,9,"'데미안'의 단상, 생각",때로는 명저가 독자의 글쓰기에 관한 기를 죽일 때가 있다,31,315,40,,,,,https://blog.naver.com/jklovelike/223405250259
2024-04-03,Wed,19,"'데미안'의 단상, 생각",잘하고 싶다,6,448,112,482,0,0,0,https://blog.naver.com/jklovelike/223404767357
2024-04-03,Wed,15,"'데미안'의 단상, 생각","유비쿼터스 운동, 유비쿼터스 독서, 유비쿼터스 글쓰기",29,345,36,,,,,https://blog.naver.com/jklovelike/223404505647
2024-04-03,Wed,5,"'데미안'의 단상, 생각",인생에 오답은 있지만 정답은 없다,18,335,43,,,,,https://blog.naver.com/jklovelike/223403986577
2024-04-03,Wed,4,수능/수능공부법/합격수기,2024년 3월 수학 모의고사 오답률 정답률 (미적분 확통 기하),36,178,1,128,6,0,0,https://blog.naver.com/jklovelike/223403977117
2024-04-02,Tue,23,블로그 성장/노하우/팁,[공유] [이벤트] 평범한 블로거를 3달 만에 베스트셀러 작가로 만든 비결 무료 배포합니다.,51,177,13,,,,,https://blog.naver.com/jklovelike/223403840013
2024-04-02,Tue,23,"'데미안'의 단상, 생각",원씽이냐? 시너지 효과를 기대하는 분산이냐?,24,253,16,,,,,https://blog.naver.com/jklovelike/223403821229
2024-04-02,Tue,14,"'데미안'의 단상, 생각",자기 자신에게 충실하라,12,383,34,,,,,https://blog.naver.com/jklovelike/223403296404
2024-04-02,Tue,12,Na,[공유] 글을 써야 하는 이유 (위너노트 증정 예약 이벤트 선착순 50분 한정),44,178,3,,,,,https://blog.naver.com/jklovelike/223403167876
2024-04-02,Tue,9,"'데미안'의 단상, 생각",오늘의 하루는 1년 전의 하루와 같지가 않다,24,320,53,,,,,https://blog.naver.com/jklovelike/223402947803
2024-04-01,Mon,21,"'데미안'의 단상, 생각",비행기 내 독서 대신 글쓰기,15,406,81,,,,,https://blog.naver.com/jklovelike/223402540500
2024-04-01,Mon,7,"'데미안'의 단상, 생각",최대의 실속은 손해에서 이득을 보는 것이다,23,323,37,,,,,https://blog.naver.com/jklovelike/223401684761
2024-03-31,Sun,6,Na,여행 중 예약 포스팅을 활용하려다가,19,307,38,,,,,https://blog.naver.com/jklovelike/223400757851
2024-03-31,Sun,5,"'데미안'의 단상, 생각",나 자신에게 천차만별을 허락하라,17,307,36,,,,,https://blog.naver.com/jklovelike/223400590722
2024-03-30,Sat,5,"'데미안'의 단상, 생각",공중누각을 쌓아 올려라,12,321,49,,,,,https://blog.naver.com/jklovelike/223399922380
2024-03-29,Fri,20,"'데미안'의 단상, 생각",만년 수학 9등급 불과 일주일만에 고3 수학 5등급 만들기,32,301,23,,,,,https://blog.naver.com/jklovelike/223399637596
2024-03-29,Fri,5,"'데미안'의 단상, 생각",인생을 바꾸어 본 경험 - 염세주의 탈출기,23,390,58,,,,,https://blog.naver.com/jklovelike/223398866628
2024-03-28,Thu,22,"'데미안'의 단상, 생각",글쓰기에 가장 좋은 타이밍,14,402,66,,,,,https://blog.naver.com/jklovelike/223398624923
2024-03-28,Thu,19,수능/수능공부법/합격수기,2024년 고3 3월 모의고사 등급컷(추정) + 예상 등급컷과 몇 가지 조언,42,243,13,887,9,0,11,https://blog.naver.com/jklovelike/223398487860
2024-03-28,Thu,7,블로그 성장/노하우/팁,"새벽부터, 아침부터 블로그를 하면 좋은 이유",24,489,94,917,0,0,0,https://blog.naver.com/jklovelike/223397753113
2024-03-28,Thu,6,"'데미안'의 단상, 생각",오늘 새벽에 겪은 동시성 현상 <킬리만자로의 표범>과 <킬리만자로의 눈>,40,281,30,,,,,https://blog.naver.com/jklovelike/223397714948
2024-03-27,Wed,20,'데미안'의 자기혁신,세 가지 종류의 노력이 있다는 사실을 아시나요?,26,382,40,,,,,https://blog.naver.com/jklovelike/223397358946
2024-03-27,Wed,15,"'데미안'의 단상, 생각",예쁜약사님의 <집착의 법칙> 리뷰을 읽고 남기는 기록의 조각,33,274,28,,,,,https://blog.naver.com/jklovelike/223397091691
2024-03-27,Wed,7,"'데미안'의 단상, 생각",블로그의 포스트 하나가 한 출판사와 인연을 맺게 해줬습니다,32,412,117,1745,6,1,7,https://blog.naver.com/jklovelike/223396584397
2024-03-27,Wed,5,"'데미안'의 단상, 생각",내 꿈이 강력한 꿈인지 아닌지 알 수 있는 방법,26,299,46,,,,,https://blog.naver.com/jklovelike/223396529583
2024-03-26,Tue,23,'데미안'의 수능 칼럼 ,요새 들어 수능 공부가 재밌다는 제자,20,227,18,718,2,0,1,https://blog.naver.com/jklovelike/223396366685
2024-03-26,Tue,22,블로그 성장/노하우/팁,[공유] [이웃 9168명 이벤트] 누구나 쉽게 하는 전자책 쓰기 무료 배포합니다.,46,160,3,,,,,https://blog.naver.com/jklovelike/223396335546
2024-03-26,Tue,20,"'데미안'의 단상, 생각",세상은 내 행복에 달려있다,14,370,36,,,,,https://blog.naver.com/jklovelike/223396174475
2024-03-26,Tue,16,"'데미안'의 단상, 생각",나는 왜 꾸준한가? 내 꾸준함의 원동력은 무엇일까?,28,326,38,,,,,https://blog.naver.com/jklovelike/223395956849
2024-03-26,Tue,7,'데미안'의 수능 칼럼 ,수학 9등급 수포자 고3 제자 단 하루만에 변화시키기,29,300,36,3614,11,2,14,https://blog.naver.com/jklovelike/223395411773
2024-03-26,Tue,4,'데미안'의 자기혁신,차라리 도박사가 되어라,12,257,31,,,,,https://blog.naver.com/jklovelike/223395365371
2024-03-25,Mon,21,"'데미안'의 단상, 생각",절망이란 비극을 승리로 만들자,16,330,60,,,,,https://blog.naver.com/jklovelike/223395071199
2024-03-25,Mon,5,"'데미안'의 단상, 생각",사람은 '원하는 것'이 아니라 '가질 자격이 되는 것'을 갖게 된다,37,365,64,,,,,https://blog.naver.com/jklovelike/223394159061
2024-03-24,Sun,22,"'데미안'의 단상, 생각",나의 촉을 따라야 한다,12,355,40,,,,,https://blog.naver.com/jklovelike/223393939469
2024-03-24,Sun,16,"'데미안'의 단상, 생각",블로그 욕심이 있다면 매일 꾸준히 하라,21,437,54,,,,,https://blog.naver.com/jklovelike/223393666166
2024-03-24,Sun,7,"'데미안'의 단상, 생각",계속 공부해라,7,339,34,,,,,https://blog.naver.com/jklovelike/223393334758
2024-03-23,Sat,23,"'데미안'의 단상, 생각",블로그를 하니 유해졌습니다,14,372,50,,,,,https://blog.naver.com/jklovelike/223393139115
2024-03-23,Sat,22,"'데미안'의 단상, 생각",2024년 3월 더프 모의고사 수학 정답률 오답률,27,200,5,,,,,https://blog.naver.com/jklovelike/223393124841
2024-03-23,Sat,19,"'데미안'의 단상, 생각",시작은 내 능력의 봉인 해제다,16,310,25,,,,,https://blog.naver.com/jklovelike/223392994223
2024-03-23,Sat,16,블로그 성장/노하우/팁,이미지 없는 글,8,308,27,,,,,https://blog.naver.com/jklovelike/223392896517
2024-03-23,Sat,6,"'데미안'의 단상, 생각",삶은 게임이다. 인생은 희극이다,17,314,40,,,,,https://blog.naver.com/jklovelike/223392533712
2024-03-23,Sat,5,"'데미안'의 단상, 생각","블로그 활동에 관해, 숫자에 잡아먹히지 않도록 하자",28,263,34,,,,,https://blog.naver.com/jklovelike/223392517191
2024-03-22,Fri,22,"'데미안'의 단상, 생각",무조건 극복할 겁니다,11,335,69,,,,,https://blog.naver.com/jklovelike/223392327238
2024-03-22,Fri,6,블로그 성장/노하우/팁,이번에는 저와 서로이웃이라고 생각하는 분들이 읽어주시면 좋겠습니다,36,404,159,2679,5,0,2,https://blog.naver.com/jklovelike/223391460681
2024-03-22,Fri,5,블로그 성장/노하우/팁,글쓰기는 고작 한두 해로 끝날 일이 아닙니다,24,304,52,,,,,https://blog.naver.com/jklovelike/223391428309
2024-03-21,Thu,20,블로그 성장/노하우/팁,오늘 일일 서로이웃 신청 인원수 제한에 걸렸습니다,27,397,78,,,,,https://blog.naver.com/jklovelike/223391115034
2024-03-21,Thu,7,블로그 성장/노하우/팁,제 이웃분들 중에 아직 서로이웃이 아닌 분들은 한 번 읽어보세요,35,459,322,850,1,0,5,https://blog.naver.com/jklovelike/223390307941
2024-03-21,Thu,5,블로그 성장/노하우/팁,블로그 십 년 대계 중 2단계가 코앞입니다,23,308,43,,,,,https://blog.naver.com/jklovelike/223390259685
2024-03-20,Wed,23,블로그 성장/노하우/팁,블로그의 장점이자 동시에 단점,16,384,87,,,,,https://blog.naver.com/jklovelike/223390071907
2024-03-20,Wed,20,"'데미안'의 단상, 생각",오늘 새벽에 턱걸이 151개를 한 이유는?,23,348,44,,,,,https://blog.naver.com/jklovelike/223389877019
2024-03-20,Wed,14,"'데미안'의 단상, 생각",잘 살 수밖에 없는 운명,13,371,45,,,,,https://blog.naver.com/jklovelike/223389525536
2024-03-20,Wed,6,"'데미안'의 단상, 생각",정죄는 성장을 가로막는다,13,282,30,,,,,https://blog.naver.com/jklovelike/223389055679
2024-03-20,Wed,5,블로그 성장/노하우/팁,스크랩된 포스트를 통해서도 자신의 글을 분석해볼 수 있습니다 + 최근 한 달 스크랩 리스트,50,249,19,,,,,https://blog.naver.com/jklovelike/223389030582
2024-03-19,Tue,19,"'데미안'의 단상, 생각",의식의 자동 운행 장치를 주기적으로 풀어야 합니다,27,298,20,,,,,https://blog.naver.com/jklovelike/223388633893
2024-03-19,Tue,16,블로그 성장/노하우/팁,블로그를 습작 노트로 활용하자,16,374,84,,,,,https://blog.naver.com/jklovelike/223388440857
2024-03-19,Tue,15,블로그 성장/노하우/팁,[공유] 요즘 글쓰기하는 꿈을 꾼다,19,187,14,,,,,https://blog.naver.com/jklovelike/223388352286
2024-03-19,Tue,4,"'데미안'의 단상, 생각",한계치를 넘는 순간부터 노력의 시작이다,21,319,88,,,,,https://blog.naver.com/jklovelike/223387834501
2024-03-18,Mon,17,"'데미안'의 단상, 생각",재지 말자,5,331,34,,,,,https://blog.naver.com/jklovelike/223387329409
2024-03-18,Mon,4,"'데미안'의 단상, 생각",나 자신이 내 글의 독자다,14,403,63,,,,,https://blog.naver.com/jklovelike/223386668132
2024-03-17,Sun,23,"'데미안'의 단상, 생각",누군가가 너를 화내게 할 때 너의 머릿속의 생각이 너를 화나게 하는 것임을 알라,44,361,38,,,,,https://blog.naver.com/jklovelike/223386491025
2024-03-17,Sun,19,'데미안'의 수능 칼럼 ,공부를 못하던 노베이스 학생의 성장 과정을 지켜본다는 것,31,302,37,1375,0,0,1,https://blog.naver.com/jklovelike/223386309120
2024-03-17,Sun,15,일상의 기록,주말 혼자 들어온 카페에서,14,393,58,,,,,https://blog.naver.com/jklovelike/223386126666
2024-03-17,Sun,5,블로그 성장/노하우/팁,매일 써야 합니다,9,411,61,,,,,https://blog.naver.com/jklovelike/223385793323
2024-03-16,Sat,22,'데미안'의 자기혁신,계속 해라,5,368,31,,,,,https://blog.naver.com/jklovelike/223385601228
2024-03-16,Sat,16,블로그 성장/노하우/팁,[공유] 블랙스완을 만나다,14,217,16,,,,,https://blog.naver.com/jklovelike/223385344746
2024-03-16,Sat,8,"'데미안'의 단상, 생각",도전할 때 유치하게 자신감을 얻는 방법,21,354,42,,,,,https://blog.naver.com/jklovelike/223384979517
2024-03-16,Sat,4,'데미안'의 수능 칼럼 ,제자가 책 한 권을 읽고 공부를 즐겁게 했다고 합니다 - 몇 권의 공부 동기부여 책,46,296,23,961,5,0,4,https://blog.naver.com/jklovelike/223384968813
2024-03-15,Fri,22,'데미안'의 자기혁신,일상을 충만하게 만드는 방법 - 감정의 '뒷끝'을 활용하라,32,360,49,,,,,https://blog.naver.com/jklovelike/223384754124
2024-03-15,Fri,19,책쓰기 프로젝트,책 출간 이후 처음으로 인세를 받아봤습니다 + 책을 냈다는 실감은 언제 할까요?,44,602,122,738,1,0,2,https://blog.naver.com/jklovelike/223384622773
2024-03-15,Fri,16,'데미안'의 자기혁신,가장 효과적인 광고는 <작품의 질을 올리는 것>이다,28,311,33,,,,,https://blog.naver.com/jklovelike/223384439283
2024-03-15,Fri,5,"'데미안'의 단상, 생각",희망과 빛이 되는 책을 쓰리라,16,320,51,,,,,https://blog.naver.com/jklovelike/223383901000
2024-03-14,Thu,22,'데미안'의 자기혁신,압도하라,4,361,39,,,,,https://blog.naver.com/jklovelike/223383673961
2024-03-14,Thu,21,블로그 성장/노하우/팁,"[공유] [이벤트] 아마존 전자책 출시 및 이웃 5,000명 돌파 기념 ""Alcohol was Alien to me"" 영어 전자책을 드립니다.",79,180,9,,,,,https://blog.naver.com/jklovelike/223383623057
2024-03-14,Thu,16,블로그 성장/노하우/팁,15개월 동안 꾸준한 글쓰기를 했더니 지능이 개선된 느낌입니다,34,438,111,662,0,0,0,https://blog.naver.com/jklovelike/223383340968
2024-03-14,Thu,5,Na,사땡 발견!,6,320,53,,,,,https://blog.naver.com/jklovelike/223382798430
2024-03-14,Thu,5,"'데미안'의 단상, 생각",흰구름이 되어 유유자적하며 살 것인가? 청운이 되어 더 높이 날아볼 것인가?,42,279,30,,,,,https://blog.naver.com/jklovelike/223382785108
2024-03-13,Wed,23,"'데미안'의 단상, 생각",돌파력을 키우자,8,327,28,,,,,https://blog.naver.com/jklovelike/223382614955
2024-03-13,Wed,20,"'데미안'의 단상, 생각",블로그를 통해 본인 저서의 독자와 소통 가능하다는 것,29,319,25,,,,,https://blog.naver.com/jklovelike/223382453790
2024-03-13,Wed,11,"'데미안'의 단상, 생각",때로는 영원히 산다는 생각이 필요합니다,21,338,41,,,,,https://blog.naver.com/jklovelike/223381770028
2024-03-13,Wed,5,블로그 성장/노하우/팁,블로그는 긍정적인 세계입니다,15,419,102,1068,4,0,3,https://blog.naver.com/jklovelike/223381669663
2024-03-12,Tue,23,블로그 성장/노하우/팁,생각날 때 즉석에서 쓰기 -  스마트폰으로 어떤 곳에서든 글을 쓸 수 있습니다,43,363,72,,,,,https://blog.naver.com/jklovelike/223381492041
2024-03-12,Tue,19,'데미안'의 자기혁신,위대한 과업의 과정은 대부분 조용하고 지루하고 재미가 없다,32,418,41,,,,,https://blog.naver.com/jklovelike/223381318033
2024-03-12,Tue,5,블로그 성장/노하우/팁,블로그를 제대로 하면 행동력이 좋아집니다. '공언의 힘'을 활용하면 일상이 바뀝니다,46,380,58,,,,,https://blog.naver.com/jklovelike/223380552691
2024-03-11,Mon,21,"'데미안'의 단상, 생각",독서를 통해 성공할 수 있을까?,17,469,47,1130,2,0,2,https://blog.naver.com/jklovelike/223380262818
2024-03-11,Mon,19,블로그 성장/노하우/팁,"[공유] [이벤트] 초보 블로거를 위한 글쓰기 근력, 멘탈 근력 강화 비법서 전자책 이벤트입니다.",54,220,6,,,,,https://blog.naver.com/jklovelike/223380130696
2024-03-11,Mon,16,블로그 성장/노하우/팁,장기적으로 블로그 포스트 10만 스크랩 수가 제 목표 중 하나입니다,37,293,45,,,,,https://blog.naver.com/jklovelike/223379964431
2024-03-11,Mon,6,'데미안'의 자기혁신,기억력이 나쁘다고 생각하는 사람은 그 생각만으로 기억력이 약한 법이다,38,331,39,,,,,https://blog.naver.com/jklovelike/223379423303
2024-03-10,Sun,23,일상의 기록,교육 유튜브에 출연했습니다 <가든패밀리>에서 인터뷰한 영상입니다,35,423,151,241,1,0,0,https://blog.naver.com/jklovelike/223379238380
2024-03-10,Sun,19,Na,[공유] [이벤트] 3달 만에 0에서 5천 인플루언서 블로거가 되는법 구매인증 이벤트를 진행합니다.,55,204,3,,,,,https://blog.naver.com/jklovelike/223379071068
2024-03-10,Sun,13,"'데미안'의 단상, 생각",성공은 필연적으로 일어난다,14,405,78,,,,,https://blog.naver.com/jklovelike/223378807698
2024-03-10,Sun,5,블로그 성장/노하우/팁,블로그 조회수 늘리는 방법 + 최근 2년 간 조회수가 많이 늘었습니다,38,347,54,,,,,https://blog.naver.com/jklovelike/223378585640
2024-03-09,Sat,22,"'데미안'의 단상, 생각",너는 왜 아프다는 사람이 책을 읽고 있냐?,23,397,90,,,,,https://blog.naver.com/jklovelike/223378393520
2024-03-09,Sat,15,"'데미안'의 단상, 생각","벌써 3월의 26%가, 2024년의 19%가 지났습니다",30,359,29,,,,,https://blog.naver.com/jklovelike/223378125127
2024-03-09,Sat,4,내가 만난 [책],<완벽하지 않아서 더 아름다운 것들> 40년 넘게 함께 한 불안을 떨쳐내는 치유의 과정,48,380,89,,,,,https://blog.naver.com/jklovelike/223377780847
2024-03-08,Fri,21,'데미안'의 자기혁신,저는 자기확신이 강한 사람입니다,17,381,84,,,,,https://blog.naver.com/jklovelike/223377560583
2024-03-08,Fri,4,'데미안'의 자기혁신,실패하길 잘했다,8,365,56,,,,,https://blog.naver.com/jklovelike/223376731061
2024-03-07,Thu,22,블로그 성장/노하우/팁,블로그는 나의 분신이다,12,390,76,,,,,https://blog.naver.com/jklovelike/223376555277
2024-03-07,Thu,17,독서 단상,독서법(6) 목적성과 의도성을 품고 읽고 쓰기,25,329,24,,,,,https://blog.naver.com/jklovelike/223376254673
2024-03-07,Thu,7,"'데미안'의 단상, 생각",늘 살아 있는 존재에게는 세월이 붙지 않는다,24,345,47,,,,,https://blog.naver.com/jklovelike/223375685185
2024-03-07,Thu,4,"'데미안'의 단상, 생각",완벽주의를 내려놓으니 삶이 편하다,18,331,38,,,,,https://blog.naver.com/jklovelike/223375644073
2024-03-06,Wed,23,'데미안'의 수능 칼럼 ,"심장병을 딛고, 고3 수학 3월 모의고사 6등급에서 8개월 만에 수능 이과 수학 1등급까지 (3월 국수영564에서 수능111까지)",72,320,36,5096,26,0,7,https://blog.naver.com/jklovelike/223375482809
2024-03-06,Wed,15,"'데미안'의 단상, 생각",절제는 자유다,7,385,45,,,,,https://blog.naver.com/jklovelike/223375021501
2024-03-06,Wed,5,'데미안'의 자기혁신,자동화의 경지를 위해 매일 페달을 밟아야 할 때가 있습니다,32,325,59,,,,,https://blog.naver.com/jklovelike/223374514264
2024-03-05,Tue,22,블로그 성장/노하우/팁,밤 10시~11시에 가급적 포스팅하려고 하는 이유,27,409,70,,,,,https://blog.naver.com/jklovelike/223374303753
2024-03-05,Tue,19,일상의 기록,<10배의 법칙>과 함께 한 카페 독서,21,414,96,,,,,https://blog.naver.com/jklovelike/223374142750
2024-03-05,Tue,17,블로그 성장/노하우/팁,꾸준함의 힘을 보여주겠다,13,408,61,,,,,https://blog.naver.com/jklovelike/223373974114
2024-03-05,Tue,8,'데미안'의 자기혁신,"행동 방침, 우선 질보다 양이다",17,342,44,,,,,https://blog.naver.com/jklovelike/223373360460
2024-03-05,Tue,4,'데미안'의 수능 칼럼 ,"3월 초에도 열심히 공부하고 있는 제자들, 하루 순공 15시간 정도는 이제 할 만합니다",48,264,30,1626,3,0,17,https://blog.naver.com/jklovelike/223373351480
2024-03-04,Mon,19,"'데미안'의 단상, 생각",'한 달이 걸리는 것'은 이틀이면 할 수 있다!,26,426,83,,,,,https://blog.naver.com/jklovelike/223372944107
2024-03-04,Mon,5,"'데미안'의 단상, 생각","블태기, 책태기, 공태기, 글태기 등등 나는 왜 권태기를 느껴본 적이 없을까?",43,364,55,,,,,https://blog.naver.com/jklovelike/223372218671
2024-03-04,Mon,4,'데미안'의 수능 칼럼 ,재수 성공률? 재수생 포함 N수생 51% 수능 등급 성적 향상 없었다,38,209,16,1376,1,0,4,https://blog.naver.com/jklovelike/223372208004
2024-03-03,Sun,16,"'데미안'의 단상, 생각",'나를 강하게 만드는 느낌'을 주는 일이 있나요?,27,425,44,,,,,https://blog.naver.com/jklovelike/223371707665
2024-03-03,Sun,5,'데미안'의 자기혁신,"'말'과 '행동' 사이에서, 자신을 변화시키는 데 3초면 충분하다",36,371,67,,,,,https://blog.naver.com/jklovelike/223371371367
2024-03-02,Sat,20,"'데미안'의 단상, 생각",본인이 하기에 따라 힘은 증폭됩니다,19,404,101,,,,,https://blog.naver.com/jklovelike/223371067466
2024-03-02,Sat,17,"'데미안'의 단상, 생각",적극적인 사고와 진취적 행동은 자석이다,21,346,56,,,,,https://blog.naver.com/jklovelike/223370948863
2024-03-02,Sat,5,블로그 성장/노하우/팁,괜히 쓴 글은 없다. 썼으면 일단 발행하라,23,408,145,1831,2,0,11,https://blog.naver.com/jklovelike/223370570647
2024-03-01,Fri,22,"'데미안'의 단상, 생각",어려움에 처할 때마다 이런 생각을 해 봅니다,24,364,64,,,,,https://blog.naver.com/jklovelike/223370379600
2024-03-01,Fri,16,"'데미안'의 단상, 생각",필요성을 활용하라,9,343,37,,,,,https://blog.naver.com/jklovelike/223370098451
2024-03-01,Fri,5,"'데미안'의 단상, 생각",왜 미루는가?,7,397,78,,,,,https://blog.naver.com/jklovelike/223369701150
2024-02-29,Thu,19,책쓰기 프로젝트,내일 3월 1일부터 두 번째 책 집필 시작합니다,26,410,125,506,2,0,1,https://blog.naver.com/jklovelike/223369294217
2024-02-29,Thu,16,책쓰기 프로젝트,제 저서가 2쇄 발행돼서 나온 사실을 블로그 이웃 님 통해 알게 됐습니다,40,382,83,,,,,https://blog.naver.com/jklovelike/223369065219
2024-02-29,Thu,5,"'데미안'의 단상, 생각","그래, 흑역사를 남겨도 좋다. 처음 시작의 실수를 두려워하지 말자",36,426,81,,,,,https://blog.naver.com/jklovelike/223368521757
2024-02-28,Wed,19,블로그 성장/노하우/팁,블로그는 나를 알리는 자동화 마케팅이다,21,479,122,1116,1,0,0,https://blog.naver.com/jklovelike/223368113667
2024-02-28,Wed,5,'데미안'의 자기혁신,충분한 자극만 있으면 사람은 쉽게 바뀝니다,23,369,58,,,,,https://blog.naver.com/jklovelike/223367419537
2024-02-27,Tue,19,'데미안'의 자기혁신,"삶을 바꾸는 방법, 행동량을 늘려야 합니다",23,533,83,978,1,1,7,https://blog.naver.com/jklovelike/223367029523
2024-02-27,Tue,5,'데미안'의 자기혁신,"N번째 도전, 계속 꾸준히 나아가기",19,378,127,,,,,https://blog.naver.com/jklovelike/223366202740
2024-02-26,Mon,17,블로그 성장/노하우/팁,[공유] [전자책 무료 배포] 야 너도 블로그 시작해 Part II_24년 2월 29일까지 모집,53,248,11,,,,,https://blog.naver.com/jklovelike/223365813794
2024-02-26,Mon,4,"'데미안'의 단상, 생각",고맙게도 푸짐한 책 선물을 받았습니다,20,406,75,,,,,https://blog.naver.com/jklovelike/223365132511
2024-02-25,Sun,22,"'데미안'의 단상, 생각",대충 살고 싶지 않습니다,13,474,92,692,0,0,6,https://blog.naver.com/jklovelike/223364905243
2024-02-25,Sun,19,'데미안'의 수능 칼럼 ,"고3, 하루 15시간 순공을 채워나가는 과정 (고3은 공부를 조금 더 많이 하세요)",46,348,34,2073,22,0,15,https://blog.naver.com/jklovelike/223364745887
2024-02-25,Sun,4,블로그 성장/노하우/팁,글쓰기 싫은 날이 있습니다. 어떻게 할까요?,24,459,78,1669,1,0,3,https://blog.naver.com/jklovelike/223364267805
2024-02-24,Sat,22,"'데미안'의 단상, 생각",수치스러워할 시간 따위는 없다. 유일한 수치는 싸우지 않고 포기하는 것이다,41,394,44,,,,,https://blog.naver.com/jklovelike/223364087068
2024-02-24,Sat,19,블로그 성장/노하우/팁,"조회수와 관련된 최근의 경험담, 조회수와 팔로워 수의 상관관계가 떨어졌던 상황을 접해봤습니다",51,343,38,,,,,https://blog.naver.com/jklovelike/223363961460
2024-02-24,Sat,5,"'데미안'의 단상, 생각",분노 일기가 도움될까요?,13,346,63,,,,,https://blog.naver.com/jklovelike/223363495707
2024-02-23,Fri,23,블로그 성장/노하우/팁,쓸 소재가 없는 게 아니다. 잡생각이라도 쓰자,25,460,98,659,0,0,2,https://blog.naver.com/jklovelike/223363326902
2024-02-23,Fri,17,"'데미안'의 단상, 생각",함께 수레바퀴를 타자,11,352,48,,,,,https://blog.naver.com/jklovelike/223363078252
2024-02-23,Fri,6,"'데미안'의 단상, 생각",잠재력 발휘의 짐보다 더 무거운 짐은 없을지도 모른다,29,351,50,,,,,https://blog.naver.com/jklovelike/223362488970
2024-02-23,Fri,5,'데미안'의 수능 칼럼 ,Q.현역 수능 수학 미적분 5등급에서 재수 수능 1등급 목표로 공부하고 싶습니다,44,277,18,2853,4,0,3,https://blog.naver.com/jklovelike/223362469346
2024-02-22,Thu,19,블로그 성장/노하우/팁,저는 글이 마음에 안 들어도 발행합니다,21,584,103,1106,1,0,4,https://blog.naver.com/jklovelike/223362083934
2024-02-22,Thu,7,"'데미안'의 단상, 생각","일상에서 접하는 끌어당김의 법칙, 어제 겪었던 신기한 사례",32,455,99,1769,2,0,8,https://blog.naver.com/jklovelike/223361383798
2024-02-21,Wed,23,"'데미안'의 단상, 생각",나는 쓰기 이전에 읽는 인간이다,17,389,67,,,,,https://blog.naver.com/jklovelike/223361190382
2024-02-21,Wed,19,책쓰기 프로젝트,예스24 메인에 제 공부법 저서가 노출됐습니다 + 청소년 분야 순위가 올랐습니다,44,390,69,,,,,https://blog.naver.com/jklovelike/223360972106
2024-02-21,Wed,16,블로그 성장/노하우/팁,올해 봄에도 릴레이 챌린지가 있을지 궁금합니다,25,294,42,,,,,https://blog.naver.com/jklovelike/223360748897
2024-02-21,Wed,7,'데미안'의 수능 칼럼 ,공태기가 어디 있어?,11,342,64,568,0,0,0,https://blog.naver.com/jklovelike/223360257219
2024-02-20,Tue,23,Na,"[공유] [이벤트] 제 첫 전자책 공유드립니다, 블로그 세상에 필요한 마음(~2/21일까지)",51,213,15,,,,,https://blog.naver.com/jklovelike/223360006448
2024-02-20,Tue,17,블로그 성장/노하우/팁,블로그를 꾸준히 하다 보면 블로그 관련된 자기만의 경험칙이 생깁니다,37,496,76,883,0,0,0,https://blog.naver.com/jklovelike/223359724830
2024-02-20,Tue,5,"'데미안'의 단상, 생각",글쓰기에서 꼭 쉬운 단어를 써라?,18,416,84,,,,,https://blog.naver.com/jklovelike/223359063117
2024-02-19,Mon,22,Na,짙어진 다크서클 때문에 마시던 커피량을 줄였습니다,27,398,85,,,,,https://blog.naver.com/jklovelike/223358820422
2024-02-19,Mon,18,책쓰기 프로젝트,공부 자극과 동기부여 최고입니다 + <처음으로 공부가 재밌어지기 시작했다> 이번 주중에 2쇄 들어갑니다,57,375,123,,,,,https://blog.naver.com/jklovelike/223358591613
2024-02-19,Mon,4,독서 단상,독서법(5) 책에서 영감을 빌려온다. 나의 몫은 실행뿐이다,32,408,88,,,,,https://blog.naver.com/jklovelike/223357865803
2024-02-18,Sun,22,Na,[공유] 그저 앞으로 나아간다는 것.,20,260,24,,,,,https://blog.naver.com/jklovelike/223357672627
2024-02-18,Sun,16,"'데미안'의 단상, 생각",연습광만이 살아남는다,11,474,114,965,1,0,1,https://blog.naver.com/jklovelike/223357390217
2024-02-18,Sun,5,"'데미안'의 단상, 생각",무엇이 성공인가? 나는 어떤 성공을 꿈꾸는가?,25,367,44,,,,,https://blog.naver.com/jklovelike/223357026624
2024-02-17,Sat,19,일상의 기록,어제 블로그 친구 검마사님과 직접 만나 4시간 반 동안 대화를 나눴습니다,40,627,214,2230,4,0,5,https://blog.naver.com/jklovelike/223356690362
2024-02-17,Sat,4,'데미안'의 자기혁신,글쓰기에 힘을 쓰기 때문에 오히려 힘을 얻는다. 글을 쓰면서 강력해지는 경험을 해보자,47,417,90,,,,,https://blog.naver.com/jklovelike/223356191715
2024-02-16,Fri,5,블로그 성장/노하우/팁,블태기를 극복하기 위한 방법,15,442,101,1701,1,0,10,https://blog.naver.com/jklovelike/223355159059
2024-02-15,Thu,23,"'데미안'의 단상, 생각",컨디션이 안 좋아도 그냥 합니다,17,483,72,505,0,0,0,https://blog.naver.com/jklovelike/223354958521
2024-02-15,Thu,22,책쓰기 프로젝트,"[공유] 10개월 만에 수학 8등급 → 수능 수학 만점, 독학 천재의 공부법",42,196,6,,,,,https://blog.naver.com/jklovelike/223354919178
2024-02-15,Thu,8,블로그 성장/노하우/팁,블로그 이웃은 성장 파트너입니다,17,508,118,1520,4,0,4,https://blog.naver.com/jklovelike/223354087364
2024-02-15,Thu,4,블로그 성장/노하우/팁,"제 블로그 비공개 포스트까지 다 하면 포스트 수가 10,000개 정도 됩니다",42,306,48,,,,,https://blog.naver.com/jklovelike/223354018581
2024-02-14,Wed,19,책쓰기 프로젝트,예비 고1 동생에게 제 책을 권유했던 학생이 제게 감사 인사를 전했습니다,40,359,31,,,,,https://blog.naver.com/jklovelike/223353654226
2024-02-14,Wed,16,"'데미안'의 단상, 생각",완벽주의 성향이 있는 사람이라면 약간은 무책임할 필요도 있습니다,35,410,56,,,,,https://blog.naver.com/jklovelike/223353456239
2024-02-14,Wed,4,독서 단상,"고객님, 혹시 세이노의 가르침을 아세요?",22,574,145,3257,1,0,3,https://blog.naver.com/jklovelike/223352876737
2024-02-13,Tue,23,"'데미안'의 단상, 생각",몰입은 절정 경험이다,11,403,42,,,,,https://blog.naver.com/jklovelike/223352686892
2024-02-13,Tue,19,'데미안'의 수능 칼럼 ,"공부 동기부여, 학업 관련하여 한 부모님이 자녀에게 해주던 말씀",35,365,23,909,0,0,0,https://blog.naver.com/jklovelike/223352476897
2024-02-13,Tue,5,블로그 성장/노하우/팁,블로그가 나의 홈그라운드다. 또한 블로그는 나의 전초 기지다,33,417,86,,,,,https://blog.naver.com/jklovelike/223351714942
2024-02-12,Mon,21,일상의 기록,오늘은 쉬는 날이었습니다 + 잡담,18,478,98,1179,5,0,1,https://blog.naver.com/jklovelike/223351444587
2024-02-12,Mon,15,블로그 성장/노하우/팁,블로그 성장시키는 방법 블로그 성장의 기폭제가 되는 포스트가 있습니다,38,566,70,2636,5,0,4,https://blog.naver.com/jklovelike/223351183880
2024-02-12,Mon,5,"'데미안'의 단상, 생각",책 읽는 20대는 쓸쓸하다,14,572,75,1442,1,0,0,https://blog.naver.com/jklovelike/223350859880
2024-02-11,Sun,20,"'데미안'의 단상, 생각",의욕이 없을 때 뭐든 하자,14,504,55,175,0,0,0,https://blog.naver.com/jklovelike/223350545146
2024-02-11,Sun,8,"'데미안'의 단상, 생각",비록 갈대처럼 연약하지만 생각하는 존재가 되어야 한다,29,389,29,,,,,https://blog.naver.com/jklovelike/223350193079
2024-02-11,Sun,5,"'데미안'의 단상, 생각",글을 쓰기 위해 경험한다고 생각해 보자,21,325,48,,,,,https://blog.naver.com/jklovelike/223350154933
2024-02-10,Sat,20,책쓰기 프로젝트,제 저서 또는 블로그를 보고 공부량(순공시간)이 늘었다는 이야기를 들을 때마다,43,362,73,,,,,https://blog.naver.com/jklovelike/223349908811
2024-02-10,Sat,12,Na,[공유] 고등 필독서 청소년 필독도서 처음으로 공부가 재밌어지기 시작했다 (데미안 작가),49,230,31,,,,,https://blog.naver.com/jklovelike/223349690188
2024-02-10,Sat,5,블로그 성장/노하우/팁,많이 쓰다 보면 나아지겠죠?,15,352,111,,,,,https://blog.naver.com/jklovelike/223349523838
2024-02-09,Fri,23,'데미안'의 수능 칼럼 ,Q.수능 수험생인데 N수 비용 때문에 알바를 병행하는 것은 어떤가요?,38,272,42,2212,1,1,0,https://blog.naver.com/jklovelike/223349368013
2024-02-09,Fri,20,"'데미안'의 단상, 생각",내가 이기지 못할 경험은 없다,16,372,98,,,,,https://blog.naver.com/jklovelike/223349265048
2024-02-09,Fri,7,'데미안'의 수능 칼럼 ,"제 공부법 책을 읽은 뒤 공부자극 받고, 바로 뒷날에 하루 순공시간 15시간 채운 예비 중3 독자",54,328,32,1140,3,0,7,https://blog.naver.com/jklovelike/223348825530
2024-02-09,Fri,5,블로그 성장/노하우/팁,블로그 이웃 분 중에는 좋은 분이 많이 계십니다 (비티오님 감사합니다),39,298,78,,,,,https://blog.naver.com/jklovelike/223348792084
2024-02-08,Thu,22,'데미안'의 수능 칼럼 ,예비 고3과 재수생 설날 연휴에도 똑같은 강도로 공부해야 합니다. 방심말고 원래 하던 대로 공부하세요,56,245,57,1041,6,0,1,https://blog.naver.com/jklovelike/223348585468
2024-02-08,Thu,19,"'데미안'의 단상, 생각",자신의 천재성을 모르는 사람은 아무것도 가질 수 없다,29,383,43,,,,,https://blog.naver.com/jklovelike/223348461324
2024-02-08,Thu,5,블로그 성장/노하우/팁,이웃분들이 시간이 지나도 기억해주는 블로그 이웃이 되고 싶습니다,35,343,90,,,,,https://blog.naver.com/jklovelike/223347743875
2024-02-07,Wed,19,'데미안'의 자기혁신,난 한 분야의 최고가 될 수 없다,18,407,57,,,,,https://blog.naver.com/jklovelike/223347353303
2024-02-07,Wed,11,블로그 성장/노하우/팁,"저만의 블로그 원칙, 큰 기대를 위해 작은 기대를 하지 않는다",34,370,62,,,,,https://blog.naver.com/jklovelike/223346655250
2024-02-07,Wed,5,"'데미안'의 단상, 생각",동기부여를 매일 해야 하는 이유 (동기부여 명언과 함께),31,339,52,,,,,https://blog.naver.com/jklovelike/223346629783
2024-02-07,Wed,5,수능/수능공부법/합격수기,"의대 증원 의대 정원 확대의 입시 영향, 작년에 서울대 들어간 제자가 다시 수능을 본다고 합니다",53,237,29,912,5,0,1,https://blog.naver.com/jklovelike/223346619156
2024-02-06,Tue,19,블로그 성장/노하우/팁,글감에 대한 기록을 즉각 하자,16,484,73,405,1,0,7,https://blog.naver.com/jklovelike/223346215051
2024-02-06,Tue,18,Na,"[공유] [처음으로 공부가 재밌어지기 시작했다.]선택하라. 알에서 깨어날 것인가,",45,221,7,,,,,https://blog.naver.com/jklovelike/223346120919
2024-02-06,Tue,9,독서 단상,독서법(4) 인용은 다른 책을 향한 초대장이다,25,333,37,,,,,https://blog.naver.com/jklovelike/223345468344
2024-02-06,Tue,5,'데미안'의 수능 칼럼 ,고3 수능 공부는 결국 마인드 싸움이다 / 하루 14시간 주간 100시간 노력을 할 수 있는 원동력,55,283,23,3000,1,1,10,https://blog.naver.com/jklovelike/223345441852
2024-02-06,Tue,0,"'데미안'의 단상, 생각",그날 할 일은 최소한 80%는 다 하고 자자,24,369,70,,,,,https://blog.naver.com/jklovelike/223345317030
2024-02-05,Mon,21,블로그 성장/노하우/팁,블로그를 하는 것은 당신의 특권이다,19,419,66,,,,,https://blog.naver.com/jklovelike/223345161055
2024-02-05,Mon,7,블로그 성장/노하우/팁,블로그 운영 노하우와 관련된 고정관념을 깨는 이야기,28,452,111,1009,1,0,3,https://blog.naver.com/jklovelike/223344309529
2024-02-05,Mon,6,'데미안'의 수능 칼럼 ,"고3 공부량이 늘어나는 과정, 기존의 한계를 깨고 하루 공부 시간 13시간 넘어서기",46,233,38,2239,8,0,1,https://blog.naver.com/jklovelike/223344267824
2024-02-05,Mon,4,수능/수능공부법/합격수기,의약계열 신입생 중 만 25세 이상 N수생 장수생 인원과 비율,34,190,22,929,1,0,0,https://blog.naver.com/jklovelike/223344241102
2024-02-04,Sun,22,블로그 성장/노하우/팁,블로그 성장에 대해 계속 궁리하고 있습니다,23,375,99,,,,,https://blog.naver.com/jklovelike/223344021787
2024-02-04,Sun,16,"'데미안'의 단상, 생각",나 자신을 찾는 모험은 계속 될 수밖에 없다,24,405,37,,,,,https://blog.naver.com/jklovelike/223343742789
2024-02-04,Sun,15,수능/수능공부법/합격수기,반수 휴학 가능 대학교 (주요 대학별 1학년 1학기 2학기 휴학 가능 유무),42,328,14,961,2,0,0,https://blog.naver.com/jklovelike/223343670846
2024-02-04,Sun,6,"'데미안'의 단상, 생각",남의 시선이 두렵지 않다면 자유를 느낄 수 있다,26,393,64,,,,,https://blog.naver.com/jklovelike/223343412710
2024-02-04,Sun,5,수능/수능공부법/합격수기,시대인재 대성학원 종로학원 이투스 재수종합학원 개강 일정,31,203,7,877,5,0,0,https://blog.naver.com/jklovelike/223343402223
2024-02-04,Sun,0,Na,[공유] 두 번째 전자책 발간했습니다. 그리고 이벤트!,30,231,9,,,,,https://blog.naver.com/jklovelike/223343283193
2024-02-03,Sat,19,"'데미안'의 단상, 생각",먼저 십 년 뒤의 미래를 다녀오자,18,401,57,,,,,https://blog.naver.com/jklovelike/223343084570
2024-02-03,Sat,7,블로그 성장/노하우/팁,"1일 3포스팅 하시는 이웃 분들의 이야기, 블로그에 열정적인 두 분에 대한 이야기",45,458,70,2057,12,0,9,https://blog.naver.com/jklovelike/223342664617
2024-02-03,Sat,4,블로그 성장/노하우/팁,지난 1월은 한 달간 120포스팅을 했습니다. 그리고 이웃분들께 감사합니다,41,302,51,,,,,https://blog.naver.com/jklovelike/223342621948
2024-02-02,Fri,23,"'데미안'의 단상, 생각",자존,2,360,64,,,,,https://blog.naver.com/jklovelike/223342462775
2024-02-02,Fri,22,Na,[공유] 책닫의 첫 전자책 <99%의 인간관계 문제를 해결하는 방법>을 '일주일 간' 무료배포합니다.,56,181,6,,,,,https://blog.naver.com/jklovelike/223342418382
2024-02-02,Fri,20,책쓰기 프로젝트,[공유] 데미안님 청소년 공부법 책 출판! [처음으로 공부가 재밌어지기 시작했다],45,219,13,,,,,https://blog.naver.com/jklovelike/223342361568
2024-02-02,Fri,15,블로그 성장/노하우/팁,블로그와 글쓰기에는 다산다사 전략이 필요합니다,25,428,110,1212,2,0,6,https://blog.naver.com/jklovelike/223342072673
2024-02-02,Fri,6,'데미안'의 수능 칼럼 ,요새 왜 공부량이 늘었냐는 질문에 대한 제자의 답변 + 한석원 공부법 한석원 고3 수기,48,318,27,1789,17,1,0,https://blog.naver.com/jklovelike/223341581676
2024-02-02,Fri,4,'데미안'의 수능 칼럼 ,"3시간만에 제 책을 단번에 다 읽었다는 예비 고3 학생, 노베이스와 수포자에 현실적인 공부 방법을 알려줬다고 합니다",64,249,22,689,3,0,5,https://blog.naver.com/jklovelike/223341537972
2024-02-01,Thu,23,블로그 성장/노하우/팁,"블로그, 그거 하는 것 귀찮지 않아?",20,482,103,1240,1,0,3,https://blog.naver.com/jklovelike/223341350179
2024-02-01,Thu,19,블로그 성장/노하우/팁,블우정을 보여주는 검마사님,14,423,64,,,,,https://blog.naver.com/jklovelike/223341162561
2024-02-01,Thu,4,책쓰기 프로젝트,책을 쓰면 좋은 점 중 하나,15,399,67,,,,,https://blog.naver.com/jklovelike/223340332543
2024-01-31,Wed,22,"'데미안'의 단상, 생각",우연히 군대 동기의 블로그를 발견했습니다,22,400,84,,,,,https://blog.naver.com/jklovelike/223340083898
2024-01-31,Wed,22,"'데미안'의 단상, 생각",곤궁에 처할 때,8,308,19,,,,,https://blog.naver.com/jklovelike/223340053343
2024-01-31,Wed,19,책쓰기 프로젝트,공부법 책 <처음으로 공부가 재밌어지기 시작했다>를 읽고 스탑워치까지 준비해서 열심히 공부 시작한 이웃분이 계십니다,64,332,17,,,,,https://blog.naver.com/jklovelike/223339846110
2024-01-31,Wed,16,블로그 성장/노하우/팁,고민을 털어놓은 블로그 초보 분께 드리는 조언,25,491,85,1195,4,0,10,https://blog.naver.com/jklovelike/223339656934
2024-01-31,Wed,6,책쓰기 프로젝트,[공유] 임진강 데미안 저서 처음으로 공부가 재밌어지기 시작했다 책 리뷰,40,217,17,,,,,https://blog.naver.com/jklovelike/223339111251
2024-01-31,Wed,5,수능/수능공부법/합격수기,"공부 자극 글귀, 치열한 자세를 위하여",21,305,29,1050,1,1,1,https://blog.naver.com/jklovelike/223339079180
2024-01-31,Wed,4,'데미안'의 수능 칼럼 ,<처음으로 공부가 재밌어지기 시작했다> 공부를 오랜만에 시작한 수포자 노베이스 독자의 질문에 대한 답변,57,211,13,1083,2,0,0,https://blog.naver.com/jklovelike/223339073783
2024-01-30,Tue,22,책쓰기 프로젝트,"제 첫 번째 저서가 출간 일주일 만에 청소년 분야 교보문고 9위, 알라딘 7위, 예스24 12위가 됐습니다",59,398,108,,,,,https://blog.naver.com/jklovelike/223338834179
2024-01-30,Tue,17,책쓰기 프로젝트,이웃 두 분께서 각각 진행하는 <처음으로 공부가 재밌어지기 시작했다> '책 선물 이벤트' 입니다.,54,313,22,,,,,https://blog.naver.com/jklovelike/223338555819
2024-01-30,Tue,15,책쓰기 프로젝트,[공유] 데미안님의 신간 처음으로 공부가 재밌어지기 시작했다 서평 리뷰,39,200,11,,,,,https://blog.naver.com/jklovelike/223338456547
2024-01-30,Tue,14,책쓰기 프로젝트,[공유] [처음으로 공부가 재밌어지기 시작했다] 각성자 공부법,34,195,22,,,,,https://blog.naver.com/jklovelike/223338362554
2024-01-30,Tue,5,"'데미안'의 단상, 생각",블로그 모바일 배경 사진을 바꿨습니다,20,424,70,,,,,https://blog.naver.com/jklovelike/223337921303
2024-01-30,Tue,4,'데미안'의 수능 칼럼 ,<처음으로 공부가 재밌어지기 시작했다> 재수생 독자의 수학 공부와 수학 문제집 질문에 대한 답변,53,248,12,1465,2,0,0,https://blog.naver.com/jklovelike/223337909943
2024-01-29,Mon,20,'데미안'의 자기혁신,완벽을 기다리지 말고 완수를 위한 실행에 집중하자,27,489,62,935,0,0,0,https://blog.naver.com/jklovelike/223337573653
2024-01-29,Mon,15,책쓰기 프로젝트,[공유] 처음으로 공부가 재밌어지기 시작했다 - 굴복하지 말고 극복하세요,40,247,17,,,,,https://blog.naver.com/jklovelike/223337290154
2024-01-29,Mon,11,"'데미안'의 단상, 생각",해야 할 일이 많을 때마다 스스로 묻습니다,23,399,51,,,,,https://blog.naver.com/jklovelike/223336950769
2024-01-29,Mon,4,책쓰기 프로젝트,"연이은 홍보로 영업 당한 이웃분의 ""처음으로 공부가 재밌어지기 시작했다"" 진솔한 리뷰입니다",50,279,72,,,,,https://blog.naver.com/jklovelike/223336743421
2024-01-28,Sun,16,"'데미안'의 단상, 생각",목적의식이야말로 한 인간을 충만케 만든다,22,427,51,,,,,https://blog.naver.com/jklovelike/223336266721
2024-01-28,Sun,15,책쓰기 프로젝트,"[공유] <데미안>님의 책이 도착했습니다. 공부뿐만 아니라, 인생 역전을 원하신다면 반드시 봐야 할 책입니다.",61,252,47,,,,,https://blog.naver.com/jklovelike/223336198687
2024-01-28,Sun,5,블로그 성장/노하우/팁,때로는 시간에 쫓겨 글을 써보는 것도 좋습니다,25,384,66,,,,,https://blog.naver.com/jklovelike/223335940827
2024-01-28,Sun,5,책쓰기 프로젝트,[공유] [리뷰] 처음으로 공부가 재밌어지기 시작했다 (임진강/데미안) - 각성하라! 1등급이다!,54,199,16,,,,,https://blog.naver.com/jklovelike/223335934970
2024-01-27,Sat,20,블로그 성장/노하우/팁,저는 장기적인 관점 아래 블로그를 합니다. 여기서 '장기'의 기준은 어느 정도일까요?,47,491,117,707,0,0,0,https://blog.naver.com/jklovelike/223335637303
2024-01-27,Sat,5,Na,사촌누나로부터 받은 축하 메시지와 함께 밀려오는 회상,29,387,65,,,,,https://blog.naver.com/jklovelike/223335139356
2024-01-27,Sat,4,'데미안'의 수능 칼럼 ,영어 혼동 어휘(2) 헷갈리는 영어 단어를 정리해뒀습니다,31,280,30,4347,1,0,1,https://blog.naver.com/jklovelike/223335127098
2024-01-26,Fri,22,"'데미안'의 단상, 생각",노화와 맞바꾼 글쓰기,11,462,69,1387,0,0,0,https://blog.naver.com/jklovelike/223334945254
2024-01-26,Fri,15,책쓰기 프로젝트,[공유] 처음으로 인생 공부가 더 재밌어지기 시작했다(thanks to 데미안님 책),47,287,61,,,,,https://blog.naver.com/jklovelike/223334583771
2024-01-26,Fri,9,블로그 성장/노하우/팁,<처음으로 공부가 재밌어지기 시작했다> 오프라인 서점 출간은 1월 26~27일입니다,46,373,98,,,,,https://blog.naver.com/jklovelike/223334205268
2024-01-26,Fri,5,"'데미안'의 단상, 생각",어머니께 책을 보내드릴 생각을 못 했습니다,23,409,86,,,,,https://blog.naver.com/jklovelike/223334105600
2024-01-25,Thu,15,블로그 성장/노하우/팁,1년 동안 천 개의 포스팅을 했더니 알게 된 점,26,586,135,915,2,0,2,https://blog.naver.com/jklovelike/223333452345
2024-01-25,Thu,6,Na,"네이버에 제 블로그를 검색했을 때 함께 나오는 인스타 링크는, 타인의 인스타그램입니다 (네이버의 황당한 알고리즘)",63,354,79,,,,,https://blog.naver.com/jklovelike/223333044053
2024-01-25,Thu,4,"'데미안'의 단상, 생각",지금은 내 안에 새벽이 있는 시간이다,20,331,57,,,,,https://blog.naver.com/jklovelike/223333013874
2024-01-24,Wed,22,독서 단상,방금 독서 고수를 목도했습니다,16,536,108,568,1,0,0,https://blog.naver.com/jklovelike/223332797587
2024-01-24,Wed,19,책쓰기 프로젝트,"[공유] 수포자 8등급을 8개월 만에 수능 1등급으로 만드는 각성자 공부법이 궁금하신 분에게 추천합니다 <처음으로 공부가 재밌어지기 시작했다, 임진강(데미안)>",89,258,24,,,,,https://blog.naver.com/jklovelike/223332630141
2024-01-24,Wed,16,"'데미안'의 단상, 생각",우리가 싸워야 할 적은 결국 '공허'다,21,445,54,,,,,https://blog.naver.com/jklovelike/223332417460
2024-01-24,Wed,7,책쓰기 프로젝트,"공부법 책 <처음으로 공부가 재밌어지기 시작했다>를 꼭 읽었으면 하는 독자층은 ""역전을 바라는 학생""입니다",59,758,147,4544,3,0,8,https://blog.naver.com/jklovelike/223331950355
2024-01-24,Wed,5,블로그 성장/노하우/팁,제가 좋아하는 이웃분을 소개합니다. 최근 10개월간 무려 1004개의 포스팅을 하신 분입니다. 독서광입니다,59,421,67,,,,,https://blog.naver.com/jklovelike/223331913388
2024-01-23,Tue,15,책쓰기 프로젝트,공부법 책 <처음으로 공부가 재밌어지기 시작했다>를 출간했습니다 (임진강/데미안 저서),48,757,452,1463,5,4,19,https://blog.naver.com/jklovelike/223331253589
2024-01-23,Tue,7,블로그 성장/노하우/팁,급성장한 블로그 이웃 세 분을 소개합니다 + 그분들의 공통점 및 개인적인 의견,43,607,113,1846,3,4,4,https://blog.naver.com/jklovelike/223330837554
2024-01-23,Tue,4,블로그 성장/노하우/팁,"블로그 활용법, 경험의 기록을 자주 남기길 권유합니다",29,427,61,,,,,https://blog.naver.com/jklovelike/223330803053
2024-01-23,Tue,0,블로그 성장/노하우/팁,[공유] [이벤트] 110일만에 5천 블로거가 되는 방법 전자책 출간,38,181,9,,,,,https://blog.naver.com/jklovelike/223330713410
2024-01-22,Mon,22,"'데미안'의 단상, 생각",생각을 전환하는 능력은 기분을 바꿀 수 있는 힘입니다,29,375,55,,,,,https://blog.naver.com/jklovelike/223330598295
2024-01-22,Mon,14,'데미안'의 자기혁신,한 번만 한계를 깨보면 그다음이 보다 더 쉬워집니다,28,445,64,,,,,https://blog.naver.com/jklovelike/223330149421
2024-01-22,Mon,6,블로그 성장/노하우/팁,어제 출간 소식을 전하는 것보다 더 기뻤던 일은 한 이웃분의 댓글과 마주친 겁니다,45,452,97,1655,5,0,1,https://blog.naver.com/jklovelike/223329710507
2024-01-22,Mon,5,수능/수능공부법/합격수기,"2024년 사설 모의고사 일정 (더프, 이투스, 종로 모의고사)",35,225,8,346,3,0,0,https://blog.naver.com/jklovelike/223329695848
2024-01-21,Sun,16,책쓰기 프로젝트,다음 주에 제 첫 번째 저서<처음으로 공부가 재밌어지기 시작했다>가 출간됩니다,43,528,252,1042,2,0,2,https://blog.naver.com/jklovelike/223329197623
2024-01-21,Sun,8,블로그 성장/노하우/팁,블로그 이웃 분들께 종종 격려와 칭찬의 말씀을 나눠주면 서로 좋습니다,38,479,85,819,2,0,1,https://blog.naver.com/jklovelike/223328878434
2024-01-21,Sun,4,블로그 성장/노하우/팁,"블로그 초보 팁, 자기 자신의 리듬에 맞추어 꾸준히 나아가라",33,392,62,,,,,https://blog.naver.com/jklovelike/223328869729
2024-01-20,Sat,22,블로그 성장/노하우/팁,초단기 블로그 성장 전략에 혹시 관심이 있으신가요?,28,384,54,,,,,https://blog.naver.com/jklovelike/223328696764
2024-01-20,Sat,16,"'데미안'의 단상, 생각",니체의 '여행자의 다섯 등급',16,384,47,,,,,https://blog.naver.com/jklovelike/223328434749
2024-01-20,Sat,4,블로그 성장/노하우/팁,"블로그 성장 방법은 다양합니다. 후킹 없이도, 자극적이지 않아도 성공할 수 있습니다",46,447,113,2486,2,0,2,https://blog.naver.com/jklovelike/223328075215
2024-01-19,Fri,22,블로그 성장/노하우/팁,"블로그 초보 팁, 내가 쓰고 싶은 글과 남이 읽고 싶은 글 사이",35,542,83,949,1,0,6,https://blog.naver.com/jklovelike/223327894427
2024-01-19,Fri,19,'데미안'의 수능 칼럼 ,"공부 자극용, 서로 공부시간 인증하고 공부기록 공유하고 싶은 분은 댓글 남겨주세요",45,389,237,904,2,0,1,https://blog.naver.com/jklovelike/223327736111
2024-01-19,Fri,4,'데미안'의 자기혁신,혁신은 작게 시작한다. 구체적인 것을 시도한다. 장래가 아닌 현재를 위해 혁신한다,45,407,66,,,,,https://blog.naver.com/jklovelike/223327063836
2024-01-19,Fri,4,수능/수능공부법/합격수기,2024년 고3 수능 및 모의고사 일정,21,236,21,264,1,0,0,https://blog.naver.com/jklovelike/223327053469
2024-01-18,Thu,23,"'데미안'의 단상, 생각","1년을 10년처럼, 1년을 한 달처럼",20,387,90,,,,,https://blog.naver.com/jklovelike/223326864166
2024-01-18,Thu,16,'데미안'의 수능 칼럼 ,내가 공부했던 영어 혼동 어휘 (헷갈리는 영어 단어 정리),32,427,47,3375,4,1,1,https://blog.naver.com/jklovelike/223326506972
2024-01-18,Thu,5,"'데미안'의 단상, 생각","오늘 새벽, 턱걸이 150개 후기 및 감상",23,432,79,,,,,https://blog.naver.com/jklovelike/223325979078
2024-01-18,Thu,4,"'데미안'의 단상, 생각",글은 자유다,6,414,72,,,,,https://blog.naver.com/jklovelike/223325978711
2024-01-17,Wed,19,블로그 성장/노하우/팁,블로그가 커질수록 좋은 점 중 하나,19,596,74,971,7,0,5,https://blog.naver.com/jklovelike/223325597884
2024-01-17,Wed,8,"'데미안'의 단상, 생각",글감이 따로 있는 게 아닙니다,16,483,96,1096,1,0,14,https://blog.naver.com/jklovelike/223324855627
2024-01-17,Wed,4,블로그 성장/노하우/팁,이웃분 포엠 님의 1일 10포스팅 도전기 성공담,26,325,48,,,,,https://blog.naver.com/jklovelike/223324838003
2024-01-16,Tue,19,일상의 기록,"수년간 미뤄왔던 일, 수염 기르기",18,560,195,1168,3,0,3,https://blog.naver.com/jklovelike/223324457457
2024-01-16,Tue,7,"'데미안'의 단상, 생각",꿈꾸는 사람(dreamer) vs 실천하는 사람(doer),32,441,73,,,,,https://blog.naver.com/jklovelike/223323767311
2024-01-16,Tue,5,'데미안'의 수능 칼럼 ,하루 14시간 공부 약속을 지킨 재수생 제자와 살면서 처음으로 12시간 공부한 예비 고3 제자,52,360,39,2540,3,1,15,https://blog.naver.com/jklovelike/223323730499
2024-01-15,Mon,21,"'데미안'의 단상, 생각",꿈을 이루기 힘든 이유 중 하나는,18,504,123,284,0,0,0,https://blog.naver.com/jklovelike/223323480349
2024-01-15,Mon,6,'데미안'의 자기혁신,강력한 의지를 투사하기,12,408,87,,,,,https://blog.naver.com/jklovelike/223322601977
2024-01-15,Mon,5,수능/수능공부법/합격수기,감동이 있는 서울대 합격 수기 (20여년 전 서울대 합격자 생활 수기 공모작 중에서),47,352,39,2344,0,3,0,https://blog.naver.com/jklovelike/223322586302
2024-01-14,Sun,19,블로그 성장/노하우/팁,포스팅을 많이 할 수 있는 심리적 비결,21,556,122,1055,2,0,10,https://blog.naver.com/jklovelike/223322229752
2024-01-14,Sun,16,독서 단상,독서법(3) 지독遲讀 - 옛날보다 책을 천천히 읽고 있습니다,33,416,52,,,,,https://blog.naver.com/jklovelike/223322093195
2024-01-14,Sun,5,'데미안'의 수능 칼럼 ,나의 글이 남의 변화를 일으킬 수 있을 때 (예비 고3에 공부 자극과 동기부여가 되는 경우),51,352,50,1070,4,0,5,https://blog.naver.com/jklovelike/223321779597
2024-01-14,Sun,4,블로그 성장/노하우/팁,1일 20포스팅?,9,331,65,,,,,https://blog.naver.com/jklovelike/223321771715
2024-01-13,Sat,16,블로그 성장/노하우/팁,블로그만의 힘을 겪어보고 싶습니다,18,506,111,372,0,0,8,https://blog.naver.com/jklovelike/223321357044
2024-01-13,Sat,7,"'데미안'의 단상, 생각",불가능을 떠올려 보는 일은 즐거운 상상이 될 수 없는가?,31,378,61,,,,,https://blog.naver.com/jklovelike/223321054210
2024-01-13,Sat,5,블로그 성장/노하우/팁,나만의 새벽 글쓰기 소재를 얻는 법,19,365,55,,,,,https://blog.naver.com/jklovelike/223321011170
2024-01-12,Fri,19,"'데미안'의 단상, 생각",자기 자신의 한계를 넘어보는 경험을 최근에 해 본 적이 있나요?,35,438,73,,,,,https://blog.naver.com/jklovelike/223320636173
2024-01-12,Fri,18,수능/수능공부법/합격수기,군대에서 수능 준비하기 (군수 성공 수기),23,418,25,2228,12,0,2,https://blog.naver.com/jklovelike/223320609561
2024-01-12,Fri,9,"'데미안'의 단상, 생각","기버 마인드, 보상을 바라지 않고 먼저 베푼다는 것",28,443,60,,,,,https://blog.naver.com/jklovelike/223320018789
2024-01-12,Fri,7,"'데미안'의 단상, 생각",짧은 글,4,392,74,,,,,https://blog.naver.com/jklovelike/223319972764
2024-01-11,Thu,22,"'데미안'의 단상, 생각","꾸준함의 비결 - 시작은 강렬한 소망으로, 과정은 내려놓은 마음으로",37,467,65,1188,1,0,2,https://blog.naver.com/jklovelike/223319751724
2024-01-11,Thu,7,'데미안'의 자기혁신,귀찮은 일이 있는 게 아닙니다. 단지 귀찮은 마음이 있을 뿐입니다,36,470,96,1207,2,1,1,https://blog.naver.com/jklovelike/223318866055
2024-01-11,Thu,6,블로그 성장/노하우/팁,블로그 이웃 분(훈 님)이 훈훈한 소식을 전해주십니다,29,351,68,,,,,https://blog.naver.com/jklovelike/223318846532
2024-01-10,Wed,22,"'데미안'의 단상, 생각",어떠한 종류의 꾸준함인가?,14,375,114,,,,,https://blog.naver.com/jklovelike/223318647791
2024-01-10,Wed,16,"'데미안'의 단상, 생각",하루하루가 최선이다,10,416,64,,,,,https://blog.naver.com/jklovelike/223318278868
2024-01-10,Wed,7,블로그 성장/노하우/팁,"이웃수 16,000여 명 블로그의 조회수 목록은 어떻게 구성이 되어 있을까요?",43,336,51,,,,,https://blog.naver.com/jklovelike/223317805336
2024-01-10,Wed,5,블로그 성장/노하우/팁,블로그를 통해 나의 삶을 노래하는 시인이 될 수 있습니다,31,335,53,,,,,https://blog.naver.com/jklovelike/223317769859
2024-01-09,Tue,22,블로그 성장/노하우/팁,저는 잡탕 블로그를 운영합니다,16,538,114,736,3,0,4,https://blog.naver.com/jklovelike/223317585839
2024-01-09,Tue,18,블로그 성장/노하우/팁,블로그 목표 하나를 달성했습니다. 이것은 제가 네이버 전체 블로그 1등일지도 모릅니다.,48,503,143,2430,6,1,2,https://blog.naver.com/jklovelike/223317373752
2024-01-09,Tue,8,"'데미안'의 단상, 생각",나는 10년 전보다 더 젊습니다,17,420,57,,,,,https://blog.naver.com/jklovelike/223316745218
2024-01-09,Tue,7,블로그 성장/노하우/팁,그냥 팍팍 써야겠습니다,12,379,93,,,,,https://blog.naver.com/jklovelike/223316705213
2024-01-09,Tue,5,'데미안'의 수능 칼럼 ,수포자에서 10개월 만에 수능 2등급이 나온 제자가 전하는 감사 인사 + 수포자 지도에 대한 단상,54,284,52,2359,2,0,16,https://blog.naver.com/jklovelike/223316683874
2024-01-08,Mon,15,'데미안'의 수능 칼럼 ,청소년 대상으로 공부의 즐거움에 관한 책도 써보고 싶습니다,32,419,45,1485,1,0,3,https://blog.naver.com/jklovelike/223316043453
2024-01-08,Mon,6,블로그 성장/노하우/팁,생각의 변화로 블로그 혁명을 느꼈다는 이웃 분 '똑닥배' 님입니다.,37,372,54,,,,,https://blog.naver.com/jklovelike/223315608967
2024-01-08,Mon,5,'데미안'의 수능 칼럼 ,"(예비 고3의 질문)Q.저는 집중력이 안 좋아서, 공부를 적게 하는 게 생산성이 더 좋아요. 공부를 많이 하면 오히려 비효율적이더군요?",75,254,33,1319,4,0,2,https://blog.naver.com/jklovelike/223315595427
2024-01-07,Sun,23,"'데미안'의 단상, 생각",도처가 작업실이다,9,383,65,,,,,https://blog.naver.com/jklovelike/223315398730
2024-01-07,Sun,16,"'데미안'의 단상, 생각",궁지에 몰릴 때 오히려 강해집니다,18,402,52,,,,,https://blog.naver.com/jklovelike/223315094067
2024-01-07,Sun,7,독서 단상,책을 사랑할 수밖에 없는 이유,16,424,63,,,,,https://blog.naver.com/jklovelike/223314797572
2024-01-07,Sun,6,"'데미안'의 단상, 생각",흰구름 같은 구도자를 꿈꾸던 시기가 있었습니다,25,306,50,,,,,https://blog.naver.com/jklovelike/223314783386
2024-01-06,Sat,19,책쓰기 프로젝트,이틀 전에 책의 표지를 결정했습니다. 그리고 추천사를 받았습니다,35,523,193,1252,2,0,1,https://blog.naver.com/jklovelike/223314456582
2024-01-06,Sat,8,"'데미안'의 단상, 생각",목표가 한 걸음보다 꼭 우위에 있지 않다,22,383,68,,,,,https://blog.naver.com/jklovelike/223313980862
2024-01-06,Sat,4,블로그 성장/노하우/팁,블로그 1년 1000개 포스팅의 위력,20,356,109,,,,,https://blog.naver.com/jklovelike/223313970295
2024-01-05,Fri,22,"'데미안'의 단상, 생각",가능성을 가능성으로 끝내지 말자,17,393,56,,,,,https://blog.naver.com/jklovelike/223313759022
2024-01-05,Fri,18,블로그 성장/노하우/팁,블덱스를 통해 블로그 지수 확인해 봤습니다,23,378,51,,,,,https://blog.naver.com/jklovelike/223313592563
2024-01-05,Fri,16,수능/수능공부법/합격수기,수능 수학 공부 순서 - 재능없이 수능 미적 97(백분위 100) 받는 법,41,345,12,5928,15,2,0,https://blog.naver.com/jklovelike/223313487906
2024-01-05,Fri,7,블로그 성장/노하우/팁,포스팅 하나 올린 뒤에 이웃 한 분에게 차단당했던 이야기,31,496,102,1967,3,0,5,https://blog.naver.com/jklovelike/223313001358
2024-01-05,Fri,4,블로그 성장/노하우/팁,블로그 이웃 메리민트 님의 꾸준한 100일간의 포스팅을 축하합니다 (놀랍게도 12월 한 달간 100포스팅하셨더군요),64,313,49,,,,,https://blog.naver.com/jklovelike/223312950025
2024-01-04,Thu,19,블로그 성장/노하우/팁,블로그 포스트에 링크를 통해 과거에 쓴 다른 포스트를 첨부하면 좋습니다,39,406,86,,,,,https://blog.naver.com/jklovelike/223312594058
2024-01-04,Thu,18,"'데미안'의 단상, 생각",내가 약속한 것을 오늘 했는가?,17,381,106,,,,,https://blog.naver.com/jklovelike/223312515985
2024-01-04,Thu,16,"'데미안'의 단상, 생각",우리는 전성기를 향해 나아가고 있습니다,21,310,43,,,,,https://blog.naver.com/jklovelike/223312378391
2024-01-04,Thu,5,"'데미안'의 단상, 생각",저는 게으름뱅이입니다. 게으름뱅이를 위한 생존법,26,419,84,,,,,https://blog.naver.com/jklovelike/223311875510
2024-01-03,Wed,21,"'데미안'의 단상, 생각",언제까지 미루려고요?,11,389,54,,,,,https://blog.naver.com/jklovelike/223311531467
2024-01-03,Wed,18,블로그 성장/노하우/팁,블로그 꾸준함과 방향성에 대하여,17,549,83,1388,2,0,1,https://blog.naver.com/jklovelike/223311421624
2024-01-03,Wed,4,'데미안'의 자기혁신,어떻게든 이겨낼 방도가 있다,15,425,96,2217,1,0,5,https://blog.naver.com/jklovelike/223310792932
2024-01-02,Tue,22,'데미안'의 수능 칼럼 ,"고3, 1년 간 온종일 공부만 해 본 경험담",24,489,53,1630,8,0,8,https://blog.naver.com/jklovelike/223310585644
2024-01-02,Tue,17,'데미안'의 수능 칼럼 ,"정이 많은 제자, 군대 가서도 꼬박꼬박 안부를 묻는 제자",31,371,41,869,3,1,6,https://blog.naver.com/jklovelike/223310298913
2024-01-02,Tue,5,"'데미안'의 단상, 생각",나이는 숫자에 불과하다,12,375,60,,,,,https://blog.naver.com/jklovelike/223309715139
2024-01-01,Mon,21,"'데미안'의 단상, 생각",시간을 잘 쓰는 어른이 되고 싶다,18,422,54,,,,,https://blog.naver.com/jklovelike/223309451812
2024-01-01,Mon,17,블로그 성장/노하우/팁,"2023년 블로그 성장, 꾸준한 양에 기반한 누적효과와 복리효과를 체감했습니다.",44,364,53,,,,,https://blog.naver.com/jklovelike/223309230526
2024-01-01,Mon,5,"'데미안'의 단상, 생각",매일매일 하자,7,368,63,,,,,https://blog.naver.com/jklovelike/223308862537
2024-01-01,Mon,0,지성과 사랑,새해를 맞이하며 Life is …,18,429,86,1036,0,4,0,https://blog.naver.com/jklovelike/223308720319
2023-12-31,Sun,18,블로그 성장/노하우/팁,1년 뒤에도 뵙자는 약속을 동봉한 타임 캡슐,24,370,74,,,,,https://blog.naver.com/jklovelike/223308383288
2023-12-31,Sun,6,일상의 기록,2023년 연말 일상 중에서,15,488,171,580,10,0,1,https://blog.naver.com/jklovelike/223307981180
2023-12-31,Sun,5,'데미안'의 자기혁신,더 이상 나의 '때'를 기다리지 않습니다,22,289,59,,,,,https://blog.naver.com/jklovelike/223307961390
2023-12-30,Sat,23,"'데미안'의 단상, 생각",재창조의 한 해였습니다,12,353,87,,,,,https://blog.naver.com/jklovelike/223307776056
2023-12-30,Sat,6,수능/수능공부법/합격수기,(공부 자극)힘들고 지칠 때는 부모님을 생각하며,26,343,68,3802,4,1,1,https://blog.naver.com/jklovelike/223307201832
2023-12-30,Sat,5,"'데미안'의 단상, 생각",늘어지는 마음과 목적 지향적인 마음 사이에,23,284,44,,,,,https://blog.naver.com/jklovelike/223307181721
2023-12-29,Fri,21,"'데미안'의 단상, 생각","선택 과잉과 선택 유예, 선택 장애",19,361,50,,,,,https://blog.naver.com/jklovelike/223306924363
2023-12-29,Fri,5,"'데미안'의 단상, 생각",일지 목록에 시원시원하게 밑줄 치는 쾌감,22,381,87,,,,,https://blog.naver.com/jklovelike/223306256199
2023-12-28,Thu,22,블로그 성장/노하우/팁,잘 쓰려고 애써 노력하지 않는다,17,469,72,760,1,0,1,https://blog.naver.com/jklovelike/223306049409
2023-12-28,Thu,6,"'데미안'의 단상, 생각","읽기는 사고 실험실이요, 실행은 자가 실습실이요, 글쓰기는 연구실이다",38,399,73,,,,,https://blog.naver.com/jklovelike/223305239266
2023-12-28,Thu,5,"'데미안'의 단상, 생각",고민할 것인가 궁리할 것인가,15,305,49,,,,,https://blog.naver.com/jklovelike/223305234889
2023-12-27,Wed,19,'데미안'의 자기혁신,독서와 생각하기와 글쓰기를 즐기면 노년도 그리 두렵지 않습니다,34,475,81,741,4,0,9,https://blog.naver.com/jklovelike/223304861902
2023-12-27,Wed,16,독서 단상,20대 초반에 썼던 <나의 독서편력>,20,350,48,,,,,https://blog.naver.com/jklovelike/223304661940
2023-12-27,Wed,4,'데미안'의 자기혁신,내가 지금보다 십 년 더 젊어진다면 (하고 싶은 일 앞에 나이 계산을 따질 필요가 없다),49,375,60,,,,,https://blog.naver.com/jklovelike/223304188322
2023-12-26,Tue,20,블로그 성장/노하우/팁,블로그가 정말 좋은 이유,13,571,142,749,0,0,3,https://blog.naver.com/jklovelike/223303874639
2023-12-26,Tue,4,블로그 성장/노하우/팁,단기적인 기대를 안 하고 블로그하는 게 좋습니다,26,436,103,2245,2,0,8,https://blog.naver.com/jklovelike/223303125132
2023-12-25,Mon,22,내가 만난 [책],요새 책 쓰기 서적을 읽고 있습니다,19,390,76,,,,,https://blog.naver.com/jklovelike/223302896343
2023-12-25,Mon,16,"'데미안'의 단상, 생각",오라! 나의 미래여 (긍정확언에 관하여),22,416,63,,,,,https://blog.naver.com/jklovelike/223302659241
2023-12-25,Mon,5,블로그 성장/노하우/팁,나를 위한 블로그를 하라,13,496,98,1597,1,1,0,https://blog.naver.com/jklovelike/223302355440
2023-12-24,Sun,18,블로그 성장/노하우/팁,1일 1포스팅을 권하는 이유,15,567,133,894,2,0,4,https://blog.naver.com/jklovelike/223302035152
2023-12-24,Sun,7,"'데미안'의 단상, 생각","어제 글 하나를 쓰고 배운 사실, ""진부해 보이는 문장도 어쩌면 쓰이지 않았던 글이다""",48,326,57,,,,,https://blog.naver.com/jklovelike/223301729766
2023-12-24,Sun,5,블로그 성장/노하우/팁,역행자와 같은 블로거라는 이야기를 들어본 적이 있습니다,30,336,77,,,,,https://blog.naver.com/jklovelike/223301711865
2023-12-23,Sat,22,독서 단상,책읽기는 몸쓰기다,9,374,70,,,,,https://blog.naver.com/jklovelike/223301550874
2023-12-23,Sat,19,"'데미안'의 단상, 생각",자기 동정을 하지 말자,12,391,51,,,,,https://blog.naver.com/jklovelike/223301423075
2023-12-23,Sat,17,관심사/이슈,[공유] NTB(엔티비)챌린지 4기 모집 안내,25,164,1,,,,,https://blog.naver.com/jklovelike/223301384571
2023-12-23,Sat,7,책쓰기 프로젝트,<블로그 글감>에 이어 <책 주제>목록도 만들어 봤습니다,31,329,71,,,,,https://blog.naver.com/jklovelike/223301055221
2023-12-23,Sat,5,블로그 성장/노하우/팁,"1일 10포 썰, 1일 10포스팅은 생각보다 쉽더군요 + 포스팅 쉽게 하는 법",43,295,88,,,,,https://blog.naver.com/jklovelike/223301036980
2023-12-22,Fri,19,'데미안'의 자기혁신,꾸준함도 실력이다. 꾸준하면 길이 열린다,22,452,88,989,0,0,6,https://blog.naver.com/jklovelike/223300747769
2023-12-22,Fri,15,내가 만난 [책],"블로그 이웃 '열달'님의 첫 저서 출간을 축하합니다 ""내 하루는 나를 닮았으면 좋겠어""",48,326,75,,,,,https://blog.naver.com/jklovelike/223300540013
2023-12-22,Fri,6,'데미안'의 수능 칼럼 ,나도 모르던 <블로그 고3 제자>라는 존재를 알게 됐습니다,32,307,67,1013,5,0,4,https://blog.naver.com/jklovelike/223300072289
2023-12-22,Fri,5,수능/수능공부법/합격수기,2023년 고2 11월 모의고사 국수영 예상 등급컷 (12월 모의고사 등급컷) + 예비 고3 겨울방학 때 역전해야 합니다,67,177,17,383,3,0,2,https://blog.naver.com/jklovelike/223300064820
2023-12-21,Thu,21,블로그 성장/노하우/팁,"오늘 이웃수 15,000명을 넘겼습니다 + 내년 목표에 관하여",34,461,178,2269,7,0,5,https://blog.naver.com/jklovelike/223299809051
2023-12-21,Thu,16,"'데미안'의 단상, 생각",정말 불가능하다는 사실을 알기 위해서는 직접 해볼 수밖에 없습니다,36,388,99,,,,,https://blog.naver.com/jklovelike/223299592754
2023-12-21,Thu,11,블로그 성장/노하우/팁,"2005년판, 인기 있는 블로그 만들기",21,357,65,,,,,https://blog.naver.com/jklovelike/223299114245
2023-12-21,Thu,5,블로그 성장/노하우/팁,각 잡고 블로그 시작한 지 1년이 되었습니다,24,374,105,,,,,https://blog.naver.com/jklovelike/223299056837
2023-12-20,Wed,23,블로그 성장/노하우/팁,공개적으로 책을 써라. 책쓰기 과정을 공유하라,25,370,82,,,,,https://blog.naver.com/jklovelike/223298900895
2023-12-20,Wed,16,"'데미안'의 단상, 생각",이제는 미룰 때가 아닙니다. 결국 짧은 인생입니다,27,426,76,,,,,https://blog.naver.com/jklovelike/223298567918
2023-12-20,Wed,8,독서 단상,독서법(2) 책을 읽을 때나 대화를 나눌 때 발견한 아름다운 문구를 적는다,41,454,65,1277,1,1,3,https://blog.naver.com/jklovelike/223298051844
2023-12-20,Wed,5,"'데미안'의 단상, 생각",블로그 글쓰기는 예나 지금이나 나에게 힘을 줍니다,27,299,74,,,,,https://blog.naver.com/jklovelike/223298000536
2023-12-20,Wed,5,수능/수능공부법/합격수기,"[펌] 재수 실패, 삼수 실패 수능중독 N수생의 수능 일곱 번 실패 경험담",41,231,17,350,17,0,0,https://blog.naver.com/jklovelike/223297997454
2023-12-19,Tue,19,블로그 성장/노하우/팁,조회수는 숫자 놀음에 불과할 때가 있습니다 + 조회수 올리는 법,35,501,108,1711,2,0,3,https://blog.naver.com/jklovelike/223297663125
2023-12-19,Tue,7,"'데미안'의 단상, 생각",함께 성공하자는 마인드가 도움됩니다. 동반성장이 목표입니다,32,399,75,,,,,https://blog.naver.com/jklovelike/223296981013
2023-12-19,Tue,5,책쓰기 프로젝트,8개월간의 출간 과정이 비로소 다 끝났습니다,24,360,124,,,,,https://blog.naver.com/jklovelike/223296944062
2023-12-18,Mon,21,블로그 성장/노하우/팁,블로그 외적/외연 성장의 비결 + 한 가지 고민점,27,420,126,2135,4,2,5,https://blog.naver.com/jklovelike/223296687544
2023-12-18,Mon,8,"'데미안'의 단상, 생각",독서와 글쓰기와 운동의 삼중주와 관련된 이웃분들의 말씀 중에서,34,424,91,,,,,https://blog.naver.com/jklovelike/223295917692
2023-12-18,Mon,5,블로그 성장/노하우/팁,블로그 때문에 취미를 잃었습니다,17,338,67,,,,,https://blog.naver.com/jklovelike/223295857357
2023-12-17,Sun,16,'데미안'의 자기혁신,인생 바꾸는 방법은 정말 쉽습니다,18,589,210,720,0,2,3,https://blog.naver.com/jklovelike/223295369118
2023-12-17,Sun,8,블로그 성장/노하우/팁,우리는 완벽한 글을 읽기 위해 블로그를 방문하지 않는다,30,537,113,2428,1,1,2,https://blog.naver.com/jklovelike/223295065109
2023-12-17,Sun,5,블로그 성장/노하우/팁,글감 축적은 꾸준한 블로그 운영의 자산입니다,24,349,85,,,,,https://blog.naver.com/jklovelike/223295027596
2023-12-16,Sat,17,"'데미안'의 단상, 생각",노력하되 노력하지 말자. 노력 아닌 '노력'을 하자,28,411,69,,,,,https://blog.naver.com/jklovelike/223294649228
2023-12-16,Sat,7,내가 만난 [책],오늘 새벽에 주문한 세 권의 서적,18,380,107,,,,,https://blog.naver.com/jklovelike/223294351498
2023-12-16,Sat,5,"'데미안'의 단상, 생각",이틀 전에 블로그 포스팅을 하고 겪었던 신기한 일,27,358,80,,,,,https://blog.naver.com/jklovelike/223294305067
2023-12-15,Fri,22,"'데미안'의 단상, 생각",다시 초심으로,7,364,71,,,,,https://blog.naver.com/jklovelike/223294050376
2023-12-15,Fri,18,독서 단상,독서법(1) 저는 북마크를 활용하지 않습니다,24,479,104,680,1,0,0,https://blog.naver.com/jklovelike/223293900331
2023-12-15,Fri,8,'데미안'의 젊은 날의 초상,나 자신은 내 신실한 벗이다,15,423,93,1330,1,0,0,https://blog.naver.com/jklovelike/223293277745
2023-12-15,Fri,5,독서 단상,구본형 칼럼 필사 추천합니다,15,385,89,,,,,https://blog.naver.com/jklovelike/223293196277
2023-12-15,Fri,5,수능/수능공부법/합격수기,2024 수능 수학 선택과목 미적분과 확통 점수 차이는 얼마나 날까?,38,183,19,575,2,0,0,https://blog.naver.com/jklovelike/223293191453
2023-12-14,Thu,21,블로그 성장/노하우/팁,글쓰기를 즐기면 일상에 지루할 틈이 없습니다,24,493,105,1989,0,0,7,https://blog.naver.com/jklovelike/223292924029
2023-12-14,Thu,8,가속성장/자기계발,매일 지속하는 것만큼 강력한 실행법은 없다. 꾸준히 끝까지 가는 노력가는 만나보기 힘들다,49,422,103,956,6,1,0,https://blog.naver.com/jklovelike/223292167298
2023-12-14,Thu,6,블로그 성장/노하우/팁,가끔 블로그와 관련하여 조언을 해주고 싶은 분이 있습니다,31,409,97,,,,,https://blog.naver.com/jklovelike/223292121375
2023-12-13,Wed,22,블로그 성장/노하우/팁,저는 블로그를 할 때 기분이 좋습니다,20,483,113,1386,0,0,0,https://blog.naver.com/jklovelike/223291897892
2023-12-13,Wed,18,"대학,대학인",고종석 칼럼 - 성년 문턱에 선 아들에게,22,322,26,,,,,https://blog.naver.com/jklovelike/223291698789
2023-12-13,Wed,8,블로그 성장/노하우/팁,15분 글쓰기를 하신 분들의 반응은 대부분 긍정적입니다,30,422,83,,,,,https://blog.naver.com/jklovelike/223291088096
2023-12-13,Wed,5,"'데미안'의 단상, 생각",20여 년 전 글에 '미친놈'이라는 댓글이 달렸습니다,29,414,98,,,,,https://blog.naver.com/jklovelike/223291028603
2023-12-12,Tue,15,책쓰기 프로젝트,청소년용 공부 서적 책 제목 중에 어느 게 더 끌리나요?,31,334,342,414,0,1,0,https://blog.naver.com/jklovelike/223290364194
2023-12-12,Tue,7,"'데미안'의 단상, 생각",바로 <15분 글쓰기>를 시작하신 실행력 으뜸인 이웃 네 분을 보고 놀랬습니다,43,425,70,,,,,https://blog.naver.com/jklovelike/223289955024
2023-12-12,Tue,6,블로그 성장/노하우/팁,블로그에 참 부지런한 사람 많습니다. 그 점이 좋습니다. 함께 미래지향적으로 나아가 보죠!,50,334,57,,,,,https://blog.naver.com/jklovelike/223289938001
2023-12-12,Tue,4,블로그 성장/노하우/팁,<10분 글쓰기> 또는 <15분 글쓰기> 도전해 보세요,30,552,106,1596,1,0,17,https://blog.naver.com/jklovelike/223289912580
2023-12-11,Mon,17,'데미안'의 수능 칼럼 ,블로그에서 학생들과 수능 수험생들에게 고맙다는 이야기를 들을 때가 많습니다,41,341,81,1219,10,0,6,https://blog.naver.com/jklovelike/223289436834
2023-12-11,Mon,8,블로그 성장/노하우/팁,어제 하루 동안 블로그 일일 조회수 1만과 이웃추가 100명 정도가 있었던 이유,44,519,145,2485,5,2,7,https://blog.naver.com/jklovelike/223288872673
2023-12-11,Mon,5,블로그 성장/노하우/팁,비록 내 마음에 안 드는 글이라도 독자가 좋아하는 글이 될 수 있습니다. 그냥 발행하세요,49,332,76,,,,,https://blog.naver.com/jklovelike/223288806016
2023-12-10,Sun,18,블로그 성장/노하우/팁,블로그 새해 목표와 계획을 효과적으로 설계하는 방법,28,363,69,,,,,https://blog.naver.com/jklovelike/223288405763
2023-12-10,Sun,11,"'데미안'의 단상, 생각",'그때'가 바로 지금 '이때'입니다,19,406,62,,,,,https://blog.naver.com/jklovelike/223288053972
2023-12-10,Sun,7,블로그 성장/노하우/팁,블로그 이웃 검마사 님의 100일간1일 N포스팅(100일 글쓰기 성공)을 축하합니다,46,376,85,,,,,https://blog.naver.com/jklovelike/223288064323
2023-12-10,Sun,5,블로그 성장/노하우/팁,"1년 동안 블로그에 1,000포스팅을 올렸더니 듣게 된 이야기",34,380,59,,,,,https://blog.naver.com/jklovelike/223288041340
2023-12-09,Sat,18,블로그 성장/노하우/팁,요새 누가 블로그를 해? 정말?,17,468,76,1548,1,0,3,https://blog.naver.com/jklovelike/223287721708
2023-12-09,Sat,17,수능/수능공부법/합격수기,2024 수능 원점수 등급컷 (표준점수가 아닌 원점수에 따른 국어 수학 확정 등급 커트라인),51,221,9,524,7,0,0,https://blog.naver.com/jklovelike/223287665100
2023-12-09,Sat,5,블로그 성장/노하우/팁,망해가던 블로그를 되살렸습니다. 블로그 고속성장의 노하우는 이렇습니다,38,532,118,4292,10,2,22,https://blog.naver.com/jklovelike/223287287276
2023-12-08,Fri,17,'데미안'의 자기혁신,스스로가 동력이 되어 에너지를 창조하고 더 나아가 그 힘을 증폭시킬 것인가?,42,330,87,,,,,https://blog.naver.com/jklovelike/223286928161
2023-12-08,Fri,9,블로그 성장/노하우/팁,"글쓰기의 저항감과 자기검열을 떨쳐 나가는 과정과 고백, 이웃 구홉님을 보며",41,389,115,,,,,https://blog.naver.com/jklovelike/223286419142
2023-12-08,Fri,5,블로그 성장/노하우/팁,블로그 글쓰기를 즐기면 생기는 6가지 일,22,433,91,1569,1,5,3,https://blog.naver.com/jklovelike/223286324874
2023-12-07,Thu,23,블로그 성장/노하우/팁,블로그 저품질이라고요? 과연 그럴까요?,21,333,36,,,,,https://blog.naver.com/jklovelike/223286178772
2023-12-07,Thu,20,블로그 성장/노하우/팁,1년 뒤에도 블로그에서 뵙겠습니다!,19,414,180,610,2,0,2,https://blog.naver.com/jklovelike/223285992425
2023-12-07,Thu,17,수능/수능공부법/합격수기,불수능이었던 2024수능에서의 유일한 수능 만점자,27,272,28,595,3,0,2,https://blog.naver.com/jklovelike/223285830375
2023-12-07,Thu,10,블로그 성장/노하우/팁,저는 블로그 금칙어 검사와 글자 수 검사를 해 본 적이 단 한 번도 없습니다. 블로그는 대충 운영해도 됩니다,60,399,86,,,,,https://blog.naver.com/jklovelike/223285403707
2023-12-07,Thu,5,"'데미안'의 단상, 생각",행동했으면 넌 한 일가를 이뤘을 것이다,21,322,44,,,,,https://blog.naver.com/jklovelike/223285241156
2023-12-06,Wed,22,블로그 성장/노하우/팁,1경험 1글쓰기,8,405,70,,,,,https://blog.naver.com/jklovelike/223285032937
2023-12-06,Wed,18,"'데미안'의 단상, 생각",무지개 쫓기를 단념한 순간 우리는 폭삭 늙어버린다,27,330,48,,,,,https://blog.naver.com/jklovelike/223284850736
2023-12-06,Wed,8,블로그 성장/노하우/팁,필사/글쓰기 블로그를 운영하는 이웃 flowing님을 소개합니다,35,375,96,,,,,https://blog.naver.com/jklovelike/223284271454
2023-12-06,Wed,7,블로그 성장/노하우/팁,당신의 메시지를 찾아 꾸준하게 공유하세요. 메신저가 되세요,32,299,90,,,,,https://blog.naver.com/jklovelike/223284229990
2023-12-06,Wed,6,블로그 성장/노하우/팁,"민방위 교육 휴식 시간 10분을 활용해서 당일 조회수 1,000 넘는 글 하나 간단히 쓰기",50,203,43,,,,,https://blog.naver.com/jklovelike/223284214604
2023-12-05,Tue,18,블로그 성장/노하우/팁,꾸준함을 특별함으로,10,413,91,,,,,https://blog.naver.com/jklovelike/223283792251
2023-12-05,Tue,10,"'데미안'의 단상, 생각",나 자신이 바로 플라시보다,14,353,58,,,,,https://blog.naver.com/jklovelike/223283338883
2023-12-05,Tue,10,지성과 사랑,"<불안의 서>작가 페르난두 페소아의 어록 및 명언, 그의 문장",34,276,28,,,,,https://blog.naver.com/jklovelike/223283313912
2023-12-05,Tue,4,가속성장/자기계발,나폴레온 힐이 말하는 성공을 위해 극복해야 할 16가지 약점,33,273,71,,,,,https://blog.naver.com/jklovelike/223283170484
2023-12-04,Mon,18,블로그 성장/노하우/팁,모든 것이 글감이다,10,422,95,575,0,0,12,https://blog.naver.com/jklovelike/223282757532
2023-12-04,Mon,12,블로그 성장/노하우/팁,블로그에 계속 글을 쓰다 보면 궁극적으로 무엇을 써야 할지 알게 됩니다,39,366,68,,,,,https://blog.naver.com/jklovelike/223282207730
2023-12-04,Mon,7,'데미안'의 자기혁신,평판은 눈에 보이지 않는 자본이다,18,310,73,,,,,https://blog.naver.com/jklovelike/223282179861
2023-12-03,Sun,23,블로그 성장/노하우/팁,일일 퀘스트 완성했습니다. 오늘 하루 동안 11개의 포스팅을 했습니다,38,278,65,,,,,https://blog.naver.com/jklovelike/223281996371
2023-12-03,Sun,23,'데미안'의 수능 칼럼 ,2시간 가르침으로 변화시키기,15,261,49,820,3,0,0,https://blog.naver.com/jklovelike/223281974202
2023-12-03,Sun,20,블로그 성장/노하우/팁,"제3의 유입을 오늘 말한 뒤에, <블로그 추천> 목록에 오늘 포스팅한 글 중 절반이 올라갔습니다.",54,249,13,,,,,https://blog.naver.com/jklovelike/223281828134
2023-12-03,Sun,18,'데미안'의 자기혁신,2:10 효과 / 압도적 양 /  '원씽' / '불광불급' 미쳐야 미친다 / 마스터의 길,49,308,46,,,,,https://blog.naver.com/jklovelike/223281759944
2023-12-03,Sun,17,지성과 사랑,시간의 망상에서 벗어나라. 오직 지금뿐이다.,24,262,22,,,,,https://blog.naver.com/jklovelike/223281703338
2023-12-03,Sun,14,"'데미안'의 단상, 생각",나는 가장 친한 친구에게 블로그를 권하고 싶다,25,408,61,,,,,https://blog.naver.com/jklovelike/223281487743
2023-12-03,Sun,12,"'데미안'의 단상, 생각",제가 좋아하는 말입니다 <한낮에 꿈꾸는 사람>,25,272,26,,,,,https://blog.naver.com/jklovelike/223281470432
2023-12-03,Sun,8,블로그 성장/노하우/팁,블로그를 활용한 출판 노하우? 작가가 되기 위한 노하우?,31,308,52,,,,,https://blog.naver.com/jklovelike/223281446040
2023-12-03,Sun,7,블로그 성장/노하우/팁,블로그 제3의 유입 <블로그 추천> 메뉴,22,264,26,,,,,https://blog.naver.com/jklovelike/223281425705
2023-12-03,Sun,5,"'데미안'의 단상, 생각",하루의 시작과 끝이 중요하다,15,250,69,,,,,https://blog.naver.com/jklovelike/223281398276
2023-12-03,Sun,1,"'데미안'의 단상, 생각",오늘 하루의 목표(1),12,214,59,,,,,https://blog.naver.com/jklovelike/223281343036
2023-12-02,Sat,21,블로그 성장/노하우/팁,1년 전까지 글감이 0개였습니다,17,369,82,,,,,https://blog.naver.com/jklovelike/223281202068
2023-12-02,Sat,4,"'데미안'의 단상, 생각",긍정적 존재는 긍정적 세계를 만들어 나간다,23,317,61,,,,,https://blog.naver.com/jklovelike/223280664634
2023-12-01,Fri,21,블로그 성장/노하우/팁,보잘것없더라도 많이 써라,13,483,95,589,0,0,3,https://blog.naver.com/jklovelike/223280458177
2023-12-01,Fri,18,블로그 성장/노하우/팁,1년 동안 블로그에 979개의 포스팅을 하니 일어난 변화,31,366,52,,,,,https://blog.naver.com/jklovelike/223280309100
2023-12-01,Fri,12,'데미안'의 자기혁신,왜 안 되는데? 그 이유를 묻자,17,338,44,,,,,https://blog.naver.com/jklovelike/223279797384
2023-12-01,Fri,8,Na,2023년 마지막 남은 한 달을 하고 싶은 일을 하며 보내실 건가요? 미뤄왔던 일을 하며 보내실 건가요?,58,305,86,,,,,https://blog.naver.com/jklovelike/223279754447
2023-12-01,Fri,5,"'데미안'의 단상, 생각",나의 스토리를 적어 보라,13,279,83,,,,,https://blog.naver.com/jklovelike/223279683379
2023-11-30,Thu,20,블로그 성장/노하우/팁,만약 블로그를 하다가 이웃 삭제가 있더라도 속상해하지 마세요,33,371,56,,,,,https://blog.naver.com/jklovelike/223279399762
2023-11-30,Thu,17,블로그 성장/노하우/팁,글을 쓴다는 것은 위험한 일입니다,18,442,80,1480,1,3,1,https://blog.naver.com/jklovelike/223279197873
2023-11-30,Thu,8,가속성장/자기계발,가능성의 달인,7,302,31,,,,,https://blog.naver.com/jklovelike/223278747684
2023-11-30,Thu,5,블로그 성장/노하우/팁,기록의 힘과 의미 - 10년 전 일기도 읽히는 게 블로그입니다. 20년 전 포스트도 조회되는 게 블로그입니다,60,330,51,,,,,https://blog.naver.com/jklovelike/223278663973
2023-11-29,Wed,20,블로그 성장/노하우/팁,블로그 운영에 있어서 곁눈질하지 마세요 그러하기 위해서는,31,420,76,,,,,https://blog.naver.com/jklovelike/223278341228
2023-11-29,Wed,18,블로그 성장/노하우/팁,즐거운 블로그 인연,10,358,74,,,,,https://blog.naver.com/jklovelike/223278274046
2023-11-29,Wed,10,지성과 사랑,이해인 수녀 - 12월의 엽서,16,286,43,,,,,https://blog.naver.com/jklovelike/223277703401
2023-11-29,Wed,6,블로그 성장/노하우/팁,추후에는 블로그 이웃분들 대상으로 인터뷰를 하고 싶습니다,31,310,93,,,,,https://blog.naver.com/jklovelike/223277687579
2023-11-28,Tue,23,"'데미안'의 단상, 생각",미워하는 사람을 축복하라,13,351,65,,,,,https://blog.naver.com/jklovelike/223277507783
2023-11-28,Tue,16,블로그 성장/노하우/팁,이번 겨울철은 블로그 도약 성장하기 좋을 때입니다. 함께 성장할 동료가 많아야 합니다.,48,401,78,,,,,https://blog.naver.com/jklovelike/223277175410
2023-11-28,Tue,9,블로그 성장/노하우/팁,43명의 이웃분들이 말하는 성장이란? + 소개한 분들 중에 결이 맞는 분과 서로이웃을 하시면 좋습니다,56,327,59,,,,,https://blog.naver.com/jklovelike/223276776168
2023-11-28,Tue,6,블로그 성장/노하우/팁,글을 쓰셨죠? 그냥 발행 버튼을 누르세요,22,363,90,,,,,https://blog.naver.com/jklovelike/223276676481
2023-11-28,Tue,5,"'데미안'의 단상, 생각",새벽에 몰아서 글을 쓰려고 합니다 그리고 마음껏 쓰려고 합니다,34,259,60,,,,,https://blog.naver.com/jklovelike/223276662890
2023-11-27,Mon,19,블로그 성장/노하우/팁,하루 평균 4.5개씩 포스팅을 하면 어떤 일이 생길까요? 블로그 가속성장과 관련하여,46,387,77,,,,,https://blog.naver.com/jklovelike/223276322728
2023-11-27,Mon,6,'데미안'의 자기혁신,만권의 책을 읽으면 글을 쓰는 것도 신의 경지에 이른다,30,392,87,,,,,https://blog.naver.com/jklovelike/223275646865
2023-11-26,Sun,23,블로그 성장/노하우/팁,블로그 또한 노력과 실행이 쌓여 복리 효과를 일으킵니다 장기적인 관점이 중요합니다 미래를 위한 씨를 뿌리세요,60,316,76,,,,,https://blog.naver.com/jklovelike/223275471219
2023-11-26,Sun,17,블로그 성장/노하우/팁,1일N포 시작한 지 정확히 1년이 되었습니다 + 블로그 성장의 원동력,38,430,73,,,,,https://blog.naver.com/jklovelike/223275224328
2023-11-26,Sun,11,"'데미안'의 단상, 생각",여러분이 생각하는 '성장'은 무엇인가요? 어떠한가요?,29,310,90,,,,,https://blog.naver.com/jklovelike/223274918814
2023-11-26,Sun,5,블로그 성장/노하우/팁,누구나 처음은 있다. 누구나 초짜 시기가 있다,25,344,77,,,,,https://blog.naver.com/jklovelike/223274900571
2023-11-25,Sat,20,블로그 성장/노하우/팁,서이추 멘트 관련 - 진정성은 그 자신을 각인시킨다 (김의박 님),36,439,86,1362,8,0,4,https://blog.naver.com/jklovelike/223274664185
2023-11-25,Sat,16,블로그 성장/노하우/팁,많은 이웃 분들이 블로그를 통해 출판사로부터 출간 제안을 받으면 좋겠습니다,41,418,113,1132,2,0,3,https://blog.naver.com/jklovelike/223274519255
2023-11-25,Sat,6,블로그 성장/노하우/팁,조회수가 거슬려서 블로그를 못 해먹겠다,21,495,196,2703,0,4,2,https://blog.naver.com/jklovelike/223274244605
2023-11-25,Sat,4,지성과 사랑,오늘만큼은 '행복하자',12,240,40,,,,,https://blog.naver.com/jklovelike/223274223161
2023-11-24,Fri,23,블로그 성장/노하우/팁,제 블로그 인용과 언급 그리고 링크까지 편하게 하시면 됩니다!,34,261,77,,,,,https://blog.naver.com/jklovelike/223274105525
2023-11-24,Fri,16,독서 단상,앤터니 로빈순을 아시나요?,14,318,46,,,,,https://blog.naver.com/jklovelike/223273780051
2023-11-24,Fri,8,블로그 성장/노하우/팁,우선 100일 이상 꾸준하게 블로그를 해보죠. 목적의식이 있는 게 도움 됩니다.,44,431,153,2465,6,1,2,https://blog.naver.com/jklovelike/223273364303
2023-11-24,Fri,6,'데미안'의 수능 칼럼 ,2023수능 확통 54점(5등급)에서 2024수능 확통 88점까지,36,212,22,1822,5,1,1,https://blog.naver.com/jklovelike/223273333414
2023-11-24,Fri,5,블로그 성장/노하우/팁,그동안 말씀 드려왔던 제 블로그 성장 비결의 일부분을 잘 정리해둔 포스트입니다,43,267,40,,,,,https://blog.naver.com/jklovelike/223273318475
2023-11-23,Thu,22,블로그 성장/노하우/팁,블로그는 뉴스레터를 발행한다는 마인드로 운영하면 좋습니다,31,390,116,,,,,https://blog.naver.com/jklovelike/223273110184
2023-11-23,Thu,17,'데미안'의 자기혁신,"지미 카터, 왜 최선을 다하지 못했는가?",22,274,27,,,,,https://blog.naver.com/jklovelike/223272893127
2023-11-23,Thu,14,블로그 성장/노하우/팁,1년 전만 하더라도 제 블로그에는 광고 댓글만 달렸습니다,31,974,262,2500,12,0,11,https://blog.naver.com/jklovelike/223272687628
2023-11-23,Thu,5,블로그 성장/노하우/팁,당당히 쓰레기 글을 써라,13,1429,298,1405,1,0,7,https://blog.naver.com/jklovelike/223272339828
2023-11-22,Wed,22,"'데미안'의 단상, 생각",자기 자신을 기다려줘야 합니다,16,367,41,,,,,https://blog.naver.com/jklovelike/223272128832
2023-11-22,Wed,18,블로그 성장/노하우/팁,블로그를 재밌게 하는 방법,14,587,185,1300,0,0,0,https://blog.naver.com/jklovelike/223271978895
2023-11-22,Wed,15,블로그 성장/노하우/팁,오전 오후 저녁 포스팅 효과 + 가속성장하는 이웃 분 소개,32,321,74,,,,,https://blog.naver.com/jklovelike/223271761486
2023-11-22,Wed,6,가속성장/자기계발,인간 현존의 최대 행복은 장애의 극복이다,22,271,38,,,,,https://blog.naver.com/jklovelike/223271356080
2023-11-22,Wed,4,블로그 성장/노하우/팁,"2023년 한 해 1,000개의 포스팅을 해낼 수 있을까요?",33,200,67,,,,,https://blog.naver.com/jklovelike/223271334623
2023-11-21,Tue,21,지성과 사랑,고개를 들어 높은 곳을 쳐다보자 그곳에는 자유와 희망이 있다,33,319,52,,,,,https://blog.naver.com/jklovelike/223271114394
2023-11-21,Tue,19,"'데미안'의 단상, 생각",손석희 씨의 '지각인생',13,377,45,,,,,https://blog.naver.com/jklovelike/223271002035
2023-11-21,Tue,15,블로그 성장/노하우/팁,어제 블로그 시작 이후로 역대급 블로그 일간현황 지표 수치를 기록했습니다,40,304,110,,,,,https://blog.naver.com/jklovelike/223270764843
2023-11-21,Tue,5,블로그 성장/노하우/팁,매일 글쓰기 수준과 만족도에 대한 편차와 기복이 있을 겁니다. 개의치 말고 매일 블로그에 글을 남기세요,57,358,72,,,,,https://blog.naver.com/jklovelike/223270355598
2023-11-21,Tue,5,수능/수능공부법/합격수기,2024 수능 만점 몇 명? 최근 10년간 수능 만점자 수,32,157,10,452,2,0,0,https://blog.naver.com/jklovelike/223270350709
2023-11-20,Mon,20,"'데미안'의 단상, 생각",블로그 그 내적 친밀감에 관하여,17,362,85,,,,,https://blog.naver.com/jklovelike/223270088221
2023-11-20,Mon,15,블로그 성장/노하우/팁,블로그 초보 팁 5가지,12,580,176,1378,0,2,1,https://blog.naver.com/jklovelike/223269817734
2023-11-20,Mon,8,"'데미안'의 단상, 생각",블로그 하길 잘했다고 보람을 느끼는 순간이 있습니다,28,292,49,,,,,https://blog.naver.com/jklovelike/223269443661
2023-11-20,Mon,5,"'데미안'의 단상, 생각",오늘 나는 행운을 요구하지 않는다. 나 자신이 행운이므로,31,220,49,,,,,https://blog.naver.com/jklovelike/223269377191
2023-11-19,Sun,23,블로그 성장/노하우/팁,시간대를 나눠서 오전 오후 저녁에 분산해서 포스팅할까 합니다,33,221,26,,,,,https://blog.naver.com/jklovelike/223269220306
2023-11-19,Sun,21,"'데미안'의 단상, 생각",자기 자신으로 존재하는 삶을 꿈꿔본 적이 있습니까?,28,249,15,,,,,https://blog.naver.com/jklovelike/223269130757
2023-11-19,Sun,13,"'데미안'의 단상, 생각",긍정은 긍정적인 것을 이끈다,15,303,25,,,,,https://blog.naver.com/jklovelike/223268726019
2023-11-19,Sun,8,블로그 성장/노하우/팁,"지난 1년 간 블로그를 부지런하게 했습니다. 총 1,000시간을 투입했습니다",42,304,68,,,,,https://blog.naver.com/jklovelike/223268706343
2023-11-18,Sat,21,"'데미안'의 단상, 생각",무엇이 우선순위인가 무엇이 선결과제인가,21,287,50,,,,,https://blog.naver.com/jklovelike/223268485067
2023-11-18,Sat,8,"'데미안'의 단상, 생각",왜 그렇게 부지런하세요?,13,366,52,,,,,https://blog.naver.com/jklovelike/223268063855
2023-11-18,Sat,8,블로그 성장/노하우/팁,저장된 글감이 천 개를 돌파했습니다. 쓰는 것보다 쌓이는 소재가 더 많습니다,42,280,40,,,,,https://blog.naver.com/jklovelike/223268049041
2023-11-18,Sat,6,블로그 성장/노하우/팁,블로그에서 완벽주의자가 되려 하지 말고 경험주의자가 되어라,32,279,48,,,,,https://blog.naver.com/jklovelike/223268019793
2023-11-18,Sat,5,수능/수능공부법/합격수기,2024수능 수학 미적분 확통 기하 오답률 정답률 (공통 22번 정답률 1.5%),45,127,9,251,6,3,0,https://blog.naver.com/jklovelike/223268008336
2023-11-17,Fri,20,블로그 성장/노하우/팁,출판을 통해 블로그에 독자를 유입시키려고 합니다,26,310,73,,,,,https://blog.naver.com/jklovelike/223267778983
2023-11-17,Fri,5,'데미안'의 수능 칼럼 ,저는 돈 없이 삼수를 했습니다. 실패란 무엇일까요?,28,397,144,1809,3,0,2,https://blog.naver.com/jklovelike/223267095488
2023-11-17,Fri,4,'데미안'의 자기혁신,환경설계 환경설정 찾다가 시간 다 가겠다 문제는 동기와 우선순위야! 문제는 실행이야!,47,201,18,,,,,https://blog.naver.com/jklovelike/223267084244
2023-11-16,Thu,22,수능/수능공부법/합격수기,2023년 2024 수능 예상 등급컷 (국어 수학 영어 원점수 예상 수능 등급컷),45,231,9,361,8,0,0,https://blog.naver.com/jklovelike/223266886569
2023-11-16,Thu,17,수능/수능공부법/합격수기,수능이 끝났고 이제 또 다른 시작이다,20,269,72,1783,4,2,0,https://blog.naver.com/jklovelike/223266677704
2023-11-16,Thu,7,"'데미안'의 단상, 생각",진다고 생각하면 우리는 진다. 이긴다고 생각하면 우리는 이긴다,34,322,53,,,,,https://blog.naver.com/jklovelike/223266132729
2023-11-16,Thu,5,"'데미안'의 단상, 생각",내가 통제할 수 있는 것,13,241,33,,,,,https://blog.naver.com/jklovelike/223266105352
2023-11-15,Wed,20,'데미안'의 수능 칼럼 ,"수능 전날, 가르쳐왔던 제자들을 떠올려보니 마음이 짠합니다. 마지막까지 응원합니다!",46,305,84,781,4,0,0,https://blog.naver.com/jklovelike/223265811172
2023-11-15,Wed,18,"'데미안'의 단상, 생각",귀찮다는 것은 하나의 신호다,15,387,64,,,,,https://blog.naver.com/jklovelike/223265723036
2023-11-15,Wed,6,"'데미안'의 단상, 생각",함께 성공하자,7,307,76,,,,,https://blog.naver.com/jklovelike/223265108035
2023-11-15,Wed,5,수능/수능공부법/합격수기,수능 D-1 모든 것을 다 정리한다는 욕심은 버려라,28,192,47,2075,4,0,0,https://blog.naver.com/jklovelike/223265098621
2023-11-14,Tue,6,블로그 성장/노하우/팁,"2022년 2월(한 달 조회수1,831)부터 2023년 10월(한 달 조회수135,910) 까지 블로그 지표 변화와 블로그 성장 노하우",75,226,74,,,,,https://blog.naver.com/jklovelike/223264109343
2023-11-14,Tue,5,'데미안'의 자기혁신,부족한 탓일까요? 부족한 덕분일까요?,20,226,29,,,,,https://blog.naver.com/jklovelike/223264084246
2023-11-14,Tue,4,수능/수능공부법/합격수기,수능 당일 각종 돌발 상황 대처법,18,154,10,6144,9,11,0,https://blog.naver.com/jklovelike/223264079238
2023-11-14,Tue,4,수능/수능공부법/합격수기,5수생 출신 경희대 한의대생이 쓰는 수능을 위한 팁(수능 시험당에서 실력껏 성적을 받는 방법),52,139,6,3824,7,6,0,https://blog.naver.com/jklovelike/223264075084
2023-11-13,Mon,7,"'데미안'의 단상, 생각",2023년 한 해 동안 티비를 본 시간은 총합 0시간입니다,32,378,139,1001,1,1,0,https://blog.naver.com/jklovelike/223263095730
2023-11-13,Mon,6,지성과 사랑,남진우 - 독서,8,175,13,,,,,https://blog.naver.com/jklovelike/223263085965
2023-11-13,Mon,5,블로그 성장/노하우/팁,장기적으로 블로그 조회수 늘리기 이것저것 써두라 미리 씨앗을 뿌려두라,38,279,52,,,,,https://blog.naver.com/jklovelike/223263068193
2023-11-12,Sun,6,"'데미안'의 단상, 생각",끝을 보다 더 강하게 확신하세요. 강력한 동기부여는 절대적 자기확신에서 비롯됩니다.,46,320,34,,,,,https://blog.naver.com/jklovelike/223262350564
2023-11-12,Sun,4,블로그 성장/노하우/팁,블로그 세세한 노하우와 팁에 너무 연연하지 마세요. 별거 없어요. 자연스러운 것이 최고입니다. 막 하세요!,59,341,79,,,,,https://blog.naver.com/jklovelike/223262327524
2023-11-11,Sat,18,'데미안'의 수능 칼럼 ,빼빼로데이라고 방금 빼빼로 하나 받았네요,22,281,84,289,1,0,0,https://blog.naver.com/jklovelike/223262016775
2023-11-11,Sat,15,'데미안'의 수능 칼럼 ,2023년 이해원 모의고사 시즌4 공통문항 선별,26,152,5,654,3,3,1,https://blog.naver.com/jklovelike/223261931607
2023-11-11,Sat,4,Na,댓글 답글은 꼭 달려고 합니다.,17,207,33,,,,,https://blog.naver.com/jklovelike/223261655623
2023-11-10,Fri,7,블로그 성장/노하우/팁,블로그가 성장해 나가는 게 보입니다 + 성장의 비결은 단순합니다. 알려드립니다.,44,346,91,,,,,https://blog.naver.com/jklovelike/223260772348
2023-11-10,Fri,5,지성과 사랑,엘라 윌콕스 - <고독> 웃어라 세상이 너와 함께 웃을 것이다. 울어라 너 혼자만 울게 되리라,52,184,21,,,,,https://blog.naver.com/jklovelike/223260733640
2023-11-09,Thu,6,독서 단상,책을 읽었다면 그 책을 통하여 더 나아졌다는 사실을 보여주시오,34,338,56,,,,,https://blog.naver.com/jklovelike/223259763669
2023-11-09,Thu,4,블로그 성장/노하우/팁,Q.몸이 아프거나 컨디션이 안 좋은 날에 어떻게 포스팅을 하는지 궁금합니다,41,230,44,,,,,https://blog.naver.com/jklovelike/223259738520
2023-11-08,Wed,16,'데미안'의 자기혁신,블로그에 시간을 축적해 보세요,16,329,69,,,,,https://blog.naver.com/jklovelike/223259210017
2023-11-08,Wed,8,'데미안'의 수능 칼럼 ,최근에 읽고 있는 수학 공부법 서적 + 이런저런 잡다한 이야기,34,241,32,2489,4,0,10,https://blog.naver.com/jklovelike/223258788989
2023-11-08,Wed,5,블로그 성장/노하우/팁,블로그가 커질수록 소재가 고갈될 일은 없습니다 + 블로그 이웃 댓글 모음이 있으면 좋겠네요,50,258,49,,,,,https://blog.naver.com/jklovelike/223258744190
2023-11-08,Wed,5,"'데미안'의 단상, 생각",영감을 얻는 방법,9,173,16,,,,,https://blog.naver.com/jklovelike/223258739136
2023-11-07,Tue,7,"'데미안'의 단상, 생각",그 어디서든 해낼 수 있다,14,306,76,,,,,https://blog.naver.com/jklovelike/223257782630
2023-11-07,Tue,7,블로그 성장/노하우/팁,1일 N포 어렵지 않아요. 너무 완성도에 집착하지 말고 거리낌없이 쓰세요,40,258,65,,,,,https://blog.naver.com/jklovelike/223257779141
2023-11-07,Tue,7,'데미안'의 수능 칼럼 ,이해원 모의고사 시즌3 선별문항,17,114,9,739,3,0,1,https://blog.naver.com/jklovelike/223257763696
2023-11-07,Tue,6,'데미안'의 수능 칼럼 ,EBS 만점마무리 수학 시즌2 모의고사 선별 문항,27,110,7,1106,3,1,1,https://blog.naver.com/jklovelike/223257753327
2023-11-06,Mon,7,'데미안'의 수능 칼럼 ,(뇌피셜) 올해 수능은 혹시 모르니 수학 기준 EBS연계교재를 철저히 보는 게 좋겠습니다. 비연계 EBS실전모의고사와 만점마무리도 보면 도움 될지 모릅니다.,87,195,13,1169,7,0,0,https://blog.naver.com/jklovelike/223256732957
2023-11-06,Mon,6,블로그 성장/노하우/팁,한 달 목표로 1일N포와 한 달 N포스팅을 함께 할 동지가 있어도 괜찮을 듯합니다,45,218,69,,,,,https://blog.naver.com/jklovelike/223256714882
2023-11-06,Mon,5,"'데미안'의 단상, 생각",새벽 운동 이후의 독서와 사색은 사고를 팽창시킨다,27,225,39,,,,,https://blog.naver.com/jklovelike/223256702276
2023-11-05,Sun,5,독서 단상,<전작주의 독서법> 좋아하는 작가의 전작을 다 읽어보려고 합니다. 우선 세스 고딘부터 시작합니다.,54,248,38,,,,,https://blog.naver.com/jklovelike/223255924582
2023-11-04,Sat,18,"'데미안'의 단상, 생각",(질문과 토론)100만 유튜버 vs 10만 블로거 누가 출판 시장에 유리할까요?,44,305,51,,,,,https://blog.naver.com/jklovelike/223255604673
2023-11-04,Sat,7,"'데미안'의 단상, 생각",기도하는 저 손을 보라,12,290,54,,,,,https://blog.naver.com/jklovelike/223255243607
2023-11-04,Sat,6,"'데미안'의 단상, 생각",우주를 목표해야 적어도 천장 정도는 쉽게 뚫을 수 있다,30,222,38,,,,,https://blog.naver.com/jklovelike/223255229481
2023-11-03,Fri,6,블로그 성장/노하우/팁,블로그의 길은 자유롭다 다채롭다 다양다종하다,24,270,92,,,,,https://blog.naver.com/jklovelike/223254278754
2023-11-02,Thu,10,블로그 성장/노하우/팁,"자랑을 해보자면, 제 블로그가 2023년 기준 가장 고속성장한 블로그 중 하나가 아닐까 싶습니다",53,295,102,,,,,https://blog.naver.com/jklovelike/223253385730
2023-11-02,Thu,6,'데미안'의 자기혁신,위대한 사람은 기록을 남긴다?,16,238,39,,,,,https://blog.naver.com/jklovelike/223253276706
2023-11-01,Wed,16,"'데미안'의 단상, 생각",사상은 사실의 부모다,11,216,13,,,,,https://blog.naver.com/jklovelike/223252716404
2023-11-01,Wed,11,Na,밤을 샐 줄 몰랐습니다,12,262,69,,,,,https://blog.naver.com/jklovelike/223252437480
2023-10-31,Tue,6,책쓰기 프로젝트,글은 작성자/작가를 이용해 자가증식하는 존재가 아닐까요?,31,212,34,,,,,https://blog.naver.com/jklovelike/223251198091
2023-10-30,Mon,8,'데미안'의 수능 칼럼 ,다행스럽게 저는 아이들이 좋아해주는 선생님입니다,26,302,50,1720,3,3,0,https://blog.naver.com/jklovelike/223250211553
2023-10-30,Mon,6,"'데미안'의 단상, 생각",글쓰기 책을 찢어버려라,12,293,47,,,,,https://blog.naver.com/jklovelike/223250156759
2023-10-29,Sun,21,블로그 성장/노하우/팁,블로그 서로이웃 먼저 신청한 뒤 뒷삭하는 몇몇 블로거도 있습니다(신청 뒤 몰래 삭제하는 사람),52,359,152,,,,,https://blog.naver.com/jklovelike/223249889583
2023-10-29,Sun,7,지성과 사랑,유달영 - 슬픔에 관하여,13,171,13,,,,,https://blog.naver.com/jklovelike/223249427424
2023-10-29,Sun,6,"'데미안'의 단상, 생각",글은 삘받은 그 순간에 써야 한다,18,230,44,,,,,https://blog.naver.com/jklovelike/223249417255
2023-10-28,Sat,18,수능/수능공부법/합격수기,오르비 창업자 라크리의 <수능 날짜 D-19 남은 시간 어떻게 보낼까>,39,175,16,191,6,1,1,https://blog.naver.com/jklovelike/223249069697
2023-10-28,Sat,6,블로그 성장/노하우/팁,2023년의 블로그 목표 재점검,17,207,63,,,,,https://blog.naver.com/jklovelike/223248729819
2023-10-28,Sat,5,"'데미안'의 단상, 생각",평화로운 나날보다는 차라리 비장한 삶을 택하라,25,197,16,,,,,https://blog.naver.com/jklovelike/223248711301
2023-10-28,Sat,0,가속성장/자기계발,구본형 선생님의 행동 강령,14,161,16,,,,,https://blog.naver.com/jklovelike/223248642970
2023-10-27,Fri,21,"'데미안'의 단상, 생각",자기 브랜드를 지닌 지적 기업가,17,186,12,,,,,https://blog.naver.com/jklovelike/223248502159
2023-10-27,Fri,7,'데미안'의 자기혁신,수입을 늘리기 위한 방법을 찾는 질문,20,231,65,,,,,https://blog.naver.com/jklovelike/223247823091
2023-10-26,Thu,6,"'데미안'의 단상, 생각",오늘을 위한 기도 / 하루하루에 집중하기,22,214,34,,,,,https://blog.naver.com/jklovelike/223246829802
2023-10-26,Thu,6,블로그 성장/노하우/팁,글의 시작은 단 한 줄입니다. 그 한 조각을 붙잡으세요,30,238,59,,,,,https://blog.naver.com/jklovelike/223246819560
2023-10-26,Thu,0,블로그 성장/노하우/팁,블로그 성장을 계속 추구해 보겠습니다,20,215,42,,,,,https://blog.naver.com/jklovelike/223246733314
2023-10-25,Wed,6,"'데미안'의 단상, 생각",우리는 자신의 심상이 반복적으로 그리는 모습으로 되어간다,31,239,78,,,,,https://blog.naver.com/jklovelike/223245846081
2023-10-24,Tue,21,블로그 성장/노하우/팁,"공부든, 블로그든 바라는 성과가 있다면 그냥 하시면 됩니다. 블태기여도 변명을 만들지 말고 그냥 하세요.",58,331,94,,,,,https://blog.naver.com/jklovelike/223245591301
2023-10-24,Tue,7,블로그 성장/노하우/팁,1일N포의 장점 중 하나는 누적 포스팅 효과 즉 복리 효과입니다,35,243,39,,,,,https://blog.naver.com/jklovelike/223244863884
2023-10-23,Mon,6,"'데미안'의 단상, 생각",비평가와 평론가 대신 창조자가 되기로 결심했습니다,27,248,49,,,,,https://blog.naver.com/jklovelike/223243834334
2023-10-22,Sun,6,'데미안'의 자기혁신,"일지 사용법, 문제 해결의 가장 좋은 장소는 종이 위다!",31,279,74,,,,,https://blog.naver.com/jklovelike/223243128603
2023-10-22,Sun,5,블로그 성장/노하우/팁,지난주 주말에 피이웃 분 대상으로 서로이웃 신청을 받았습니다,33,216,58,,,,,https://blog.naver.com/jklovelike/223243117959
2023-10-21,Sat,8,"'데미안'의 단상, 생각",환골탈태는 내 뼈를 갈아끼우고 내장까지 몽땅 빼내어 새것으로 채울 정도의 변화입니다,46,220,48,,,,,https://blog.naver.com/jklovelike/223242494188
2023-10-21,Sat,4,책쓰기 프로젝트,출간 준비의 마지막 과정 같습니다,18,185,83,,,,,https://blog.naver.com/jklovelike/223242444529
2023-10-21,Sat,4,'데미안'의 수능 칼럼 ,"수학 실모 추천, 이해원 모의고사 시즌3~4",24,102,3,609,2,0,3,https://blog.naver.com/jklovelike/223242441439
2023-10-20,Fri,5,'데미안'의 수능 칼럼 ,수능 디데이 30일이 깨져도 여전히 주간 100시간 이상을 채우는 제자와 감기 걸려도 핑계 안대고 공부하는 제자,62,201,37,2586,4,0,5,https://blog.naver.com/jklovelike/223241534941
2023-10-19,Thu,7,"'데미안'의 단상, 생각",신과 경쟁할 정도의 근자감,14,220,65,,,,,https://blog.naver.com/jklovelike/223240633704
2023-10-19,Thu,6,'데미안'의 자기혁신,"무엇에 집중하고, 무엇을 배제할 것인가",21,186,21,,,,,https://blog.naver.com/jklovelike/223240607161
2023-10-18,Wed,19,블로그 성장/노하우/팁,"블로그, 진솔해야 오래 간다. 표현해야 잘 된다.",27,307,96,,,,,https://blog.naver.com/jklovelike/223240282531
2023-10-18,Wed,7,"'데미안'의 단상, 생각",이전의 모든 것은 연습에 불과하다,18,236,38,,,,,https://blog.naver.com/jklovelike/223239688259
2023-10-18,Wed,6,가속성장/자기계발,카림 라시드 - 나를 디자인하라,17,157,26,,,,,https://blog.naver.com/jklovelike/223239671372
2023-10-18,Wed,5,수능/수능공부법/합격수기,이해인 수녀 - 수험생들에게 보내는 편지,22,140,10,187,1,1,0,https://blog.naver.com/jklovelike/223239664607
2023-10-17,Tue,21,"'데미안'의 단상, 생각","운명의 갈림길, 죽지 않고 살았다",18,213,62,,,,,https://blog.naver.com/jklovelike/223239433847
2023-10-17,Tue,21,수능/수능공부법/합격수기,이투스 10월 모의고사 수학 (미적분 확통) 정답률 및 간단한 평가,37,112,0,564,4,0,0,https://blog.naver.com/jklovelike/223239400652
2023-10-17,Tue,4,블로그 성장/노하우/팁,블로그를 하길 잘했다,11,341,109,,,,,https://blog.naver.com/jklovelike/223238668253
2023-10-16,Mon,18,"'데미안'의 단상, 생각",오히려 약하기 때문에 강하다,15,261,68,,,,,https://blog.naver.com/jklovelike/223238312920
2023-10-16,Mon,7,블로그 성장/노하우/팁,네이버 인플루언서와 파워블로거에게 블로그 포스트가 인용되면 일어나는 현상,40,259,39,,,,,https://blog.naver.com/jklovelike/223237697801
2023-10-16,Mon,6,가속성장/자기계발,[공유] 2023.10.14 루틴의 힘 / 루틴이 곧 당신의 인생이다,38,120,13,,,,,https://blog.naver.com/jklovelike/223237681286
2023-10-15,Sun,14,블로그 성장/노하우/팁,블로그에 남긴 글과 기록의 힘! 2005년에 쓴 글을 2005년생이 읽다,40,344,96,,,,,https://blog.naver.com/jklovelike/223237158573
2023-10-14,Sat,18,블로그 성장/노하우/팁,피이웃 분 중에 혹시 서로이웃 하실 분은 이웃신청하세요,30,291,70,,,,,https://blog.naver.com/jklovelike/223236619213
2023-10-14,Sat,7,블로그 성장/노하우/팁,블로그 20주년 기념과 19년 전 내 블로그의 첫 시작,30,229,34,,,,,https://blog.naver.com/jklovelike/223236266794
2023-10-14,Sat,5,수능/수능공부법/합격수기,2023년 10월 고3 모의고사 수학 정답률 (미적분 확통 기하 오답률),40,107,7,315,8,3,0,https://blog.naver.com/jklovelike/223236247996
2023-10-13,Fri,18,"'데미안'의 단상, 생각",결국은 루틴이다,8,272,52,,,,,https://blog.naver.com/jklovelike/223235889422
2023-10-13,Fri,6,블로그 성장/노하우/팁,블로그 팁! 칭찬을 수집하세요,16,240,61,,,,,https://blog.naver.com/jklovelike/223235309481
2023-10-12,Thu,21,수능/수능공부법/합격수기,2023년 고3 10월 모의고사 등급컷 (10월 학력평가 예상 등급컷),39,123,9,348,3,0,0,https://blog.naver.com/jklovelike/223235032775
2023-10-12,Thu,16,"'데미안'의 단상, 생각",자신이 제일 중요한 일을 하고 있다고 생각해야 합니다,29,224,24,,,,,https://blog.naver.com/jklovelike/223234804678
2023-10-12,Thu,9,블로그 성장/노하우/팁,죽어가는 블로그를 살린 블로그 성장 3트랙 전략,26,417,76,,,,,https://blog.naver.com/jklovelike/223234363823
2023-10-12,Thu,7,블로그 성장/노하우/팁,고작 저녁 포스팅 하나 더 했을 뿐인데,21,150,18,,,,,https://blog.naver.com/jklovelike/223234327651
2023-10-11,Wed,22,"'데미안'의 단상, 생각",글쓰기를 좋아하나요? 글은 마력이 있습니다. 힘들수록 글을 쓰세요,36,269,35,,,,,https://blog.naver.com/jklovelike/223234098422
2023-10-11,Wed,19,'데미안'의 자기혁신,지식의 계통수를 머릿속에 담고 있어야 한다,23,185,11,,,,,https://blog.naver.com/jklovelike/223233972188
2023-10-11,Wed,8,'데미안'의 수능 칼럼 ,"열심히 하는 제자들, 그렇기 때문에 더욱 아끼는 제자들",30,196,16,661,4,1,1,https://blog.naver.com/jklovelike/223233382066
2023-10-11,Wed,7,블로그 성장/노하우/팁,"블로그는 못 써도 되니 마구 쓰세요. 더 자유롭게, 더 편하게 하세요",38,273,51,,,,,https://blog.naver.com/jklovelike/223233363229
2023-10-11,Wed,7,블로그 성장/노하우/팁,블로그와 저술 모두 다작에 의한 선순환을 꿈꿔봅니다,28,143,31,,,,,https://blog.naver.com/jklovelike/223233354791
2023-10-10,Tue,18,'데미안'의 수능 칼럼 ,이번 9월 모의고사 성적표를 보고 어머니가 우셨습니다,29,231,14,1665,4,0,0,https://blog.naver.com/jklovelike/223232936662
2023-10-10,Tue,8,블로그 성장/노하우/팁,블로그 꾸준하면 좋습니다,13,239,59,,,,,https://blog.naver.com/jklovelike/223232418606
2023-10-10,Tue,7,블로그 성장/노하우/팁,제가 지키지 않은 블로그 전략과 조언들,21,234,44,,,,,https://blog.naver.com/jklovelike/223232378917
2023-10-10,Tue,6,'데미안'의 수능 칼럼 ,재수 시절 블로그에 썼던 수능 D-36 일기를 발견했습니다. 그리고 초심을 떠올려 봅니다.,50,174,20,798,5,0,1,https://blog.naver.com/jklovelike/223232361638
2023-10-09,Mon,8,"'데미안'의 단상, 생각",김미경 강사님의 나이를 보고 놀랬습니다,21,261,64,,,,,https://blog.naver.com/jklovelike/223231632260
2023-10-09,Mon,6,"'데미안'의 단상, 생각",숨지 말고 나오세요,10,171,17,,,,,https://blog.naver.com/jklovelike/223231614880
2023-10-08,Sun,6,책쓰기 프로젝트,제 첫 번째 책과 관련하여,14,263,84,,,,,https://blog.naver.com/jklovelike/223230967334
2023-10-08,Sun,5,Na,"스마일라식 3,4년차 후기 및 부작용인 안구건조증",27,129,11,,,,,https://blog.naver.com/jklovelike/223230960022
2023-10-07,Sat,8,블로그 성장/노하우/팁,네임드 블로그 부아c님의 영향력과 파워를 올 초에 겪어본 적이 있습니다,39,271,73,,,,,https://blog.naver.com/jklovelike/223230379819
2023-10-07,Sat,6,'데미안'의 자기혁신,스스로 반성해 내가 옳다면 천만 명이 반대해도 나의 길을 간다,34,190,23,,,,,https://blog.naver.com/jklovelike/223230341526
2023-10-07,Sat,6,블로그 성장/노하우/팁,글을 쓰고 싶다면 결코 낭비되는 시간은 없습니다,26,193,39,,,,,https://blog.naver.com/jklovelike/223230336308
2023-10-06,Fri,16,수능/수능공부법/합격수기,2023년 9월 모의고사 원점수 등급컷 (2024학년도 9월 모의평가 결과 자료),45,132,4,252,7,5,0,https://blog.naver.com/jklovelike/223229866649
2023-10-06,Fri,7,블로그 성장/노하우/팁,두 10개월의 비교! 블로그 성장의 차이는 어디에서 비롯되었을까요?,37,194,47,,,,,https://blog.naver.com/jklovelike/223229442564
2023-10-06,Fri,6,블로그 성장/노하우/팁,요새 누가 블로그를 해요?,14,294,83,,,,,https://blog.naver.com/jklovelike/223229430858
2023-10-05,Thu,23,"'데미안'의 단상, 생각",인간사에 파도가 있어 우리를 행운으로 이끈다,24,174,21,,,,,https://blog.naver.com/jklovelike/223229288120
2023-10-05,Thu,6,"'데미안'의 단상, 생각",저 정도는 나도 할 수 있지 않을까?,20,204,60,,,,,https://blog.naver.com/jklovelike/223228494044
2023-10-05,Thu,6,블로그 성장/노하우/팁,시간이 없거나 바쁘다면 블로그에 짧은 글을 자주 쓰는 것을 추천합니다,38,222,29,,,,,https://blog.naver.com/jklovelike/223228486842
2023-10-04,Wed,7,블로그 성장/노하우/팁,블로그에 글을 매일 쓰면서 얻을 수 있는 크나큰 이점,29,328,77,,,,,https://blog.naver.com/jklovelike/223227534327
2023-10-04,Wed,6,"'데미안'의 단상, 생각",이건 지나가는 기분일 뿐이야,15,164,17,,,,,https://blog.naver.com/jklovelike/223227525184
2023-10-03,Tue,8,블로그 성장/노하우/팁,9월 한 달 100포스팅한 결과는? 블로그에 유의미한 변화가 있습니다,38,224,65,,,,,https://blog.naver.com/jklovelike/223226790396
2023-10-03,Tue,7,"'데미안'의 단상, 생각",나의 유일한 경쟁자는 ㅇㅁ뿐이다,17,165,27,,,,,https://blog.naver.com/jklovelike/223226770808
2023-10-03,Tue,6,'데미안'의 수능 칼럼 ,남은 45일 동안 수능 수학 N제 vs 수학 실전모의고사(실모),35,121,20,1594,6,0,2,https://blog.naver.com/jklovelike/223226763990
2023-10-02,Mon,6,블로그 성장/노하우/팁,9월 한 달 100포스팅 목표 실천 완성했습니다,26,195,50,,,,,https://blog.naver.com/jklovelike/223226049658
2023-10-02,Mon,5,'데미안'의 자기혁신,"기억과 관련된 의식의 힘 ""기억하고 말겠다""",24,128,9,,,,,https://blog.naver.com/jklovelike/223226038164
2023-10-01,Sun,8,일상의 기록,추석 연휴 때 교보문고 가서 구입한 책,21,264,45,,,,,https://blog.naver.com/jklovelike/223225430352
2023-10-01,Sun,6,Na,1일은 언제나 새롭다,11,155,38,,,,,https://blog.naver.com/jklovelike/223225401144
2023-09-30,Sat,13,'데미안'의 자기혁신,배움은 나쁜 판단이 흘린 피 위에서 탄생한다,24,170,32,,,,,https://blog.naver.com/jklovelike/223224936644
2023-09-30,Sat,13,"'데미안'의 단상, 생각",고통스런 일을 미리 처리하자,15,153,19,,,,,https://blog.naver.com/jklovelike/223224928794
2023-09-29,Fri,8,'데미안'의 자기혁신,인생살이 또한 가치투자와 비슷하다,18,169,12,,,,,https://blog.naver.com/jklovelike/223224266929
2023-09-29,Fri,8,'데미안'의 수능 칼럼 ,"수능 45일 가까이 남은 시점에, 마지막까지 최선을 다하세요 (추석 연휴 기간에도 치열하게 공부하세요)",57,121,5,1212,0,0,0,https://blog.naver.com/jklovelike/223224259148
2023-09-29,Fri,6,"'데미안'의 단상, 생각",자기 창조적 존재가 되려는 노력을 해본 적이 있나요?,29,120,5,,,,,https://blog.naver.com/jklovelike/223224235220
2023-09-29,Fri,5,'데미안'의 수능 칼럼 ,수학 실전 모의고사는 가리지 말고 푸세요. 수능 수학 실모는 많이 푸세요,40,116,4,1529,3,0,1,https://blog.naver.com/jklovelike/223224231391
2023-09-28,Thu,7,'데미안'의 자기혁신,삶은 우리들이 집중한 대상들의 합이다,20,163,28,,,,,https://blog.naver.com/jklovelike/223223633383
2023-09-28,Thu,6,블로그 성장/노하우/팁,가끔씩 잡문을 쓰자. 때로는 내키는 대로 쓰자. 블로그에 편하게 쓰자.,39,223,30,,,,,https://blog.naver.com/jklovelike/223223615060
2023-09-28,Thu,5,"'데미안'의 단상, 생각",함께 별들 사이를 산책할 수 있는 사람이 되고 싶다,28,107,17,,,,,https://blog.naver.com/jklovelike/223223609461
2023-09-27,Wed,7,"'데미안'의 단상, 생각",날고 싶으면 너를 끌어내리는 무게를 포기해야 한다,27,167,33,,,,,https://blog.naver.com/jklovelike/223222724894
2023-09-27,Wed,7,블로그 성장/노하우/팁,블로그 공부도 열심히 해보려고 합니다,20,164,39,,,,,https://blog.naver.com/jklovelike/223222715024
2023-09-27,Wed,0,"'데미안'의 단상, 생각",일상을 피드백하며 습관을 바꿔나가는 나의 방법,25,118,16,,,,,https://blog.naver.com/jklovelike/223222614858
2023-09-26,Tue,6,지성과 사랑,자신을 가장 자신답게 만드는 것,17,199,24,,,,,https://blog.naver.com/jklovelike/223221721779
2023-09-26,Tue,6,"'데미안'의 단상, 생각",싫어하는 일을 하기 싫으면 좋아하는 일을 극히 잘하면 된다,32,137,24,,,,,https://blog.naver.com/jklovelike/223221717285
2023-09-26,Tue,0,"'데미안'의 단상, 생각",저는 대기만성에 베팅했습니다.,16,150,38,,,,,https://blog.naver.com/jklovelike/223221619777
2023-09-25,Mon,7,블로그 성장/노하우/팁,블로그 할 때는 자기검열을 떨쳐야 합니다. 편하게 하세요,31,2080,445,1238,2,0,1,https://blog.naver.com/jklovelike/223220721195
2023-09-25,Mon,6,"'데미안'의 단상, 생각",하기 싫을 때 우리를 구해주는 것은 결국 루틴이다,27,153,20,,,,,https://blog.naver.com/jklovelike/223220708542
2023-09-24,Sun,7,일상의 기록,주인장의 취향이 오롯이 책에 담겨있던 북카페를 가서,28,163,38,,,,,https://blog.naver.com/jklovelike/223219970584
2023-09-24,Sun,5,"'데미안'의 단상, 생각",성공하는 사람은 송곳과 같아서 옳은 방향을 찾아 최대한 노력한다,35,124,25,,,,,https://blog.naver.com/jklovelike/223219957432
2023-09-23,Sat,14,'데미안'의 자기혁신,"괄목상대, 작심삼일을 떠나 꾸준한 사흘을 보내야 합니다",30,160,24,,,,,https://blog.naver.com/jklovelike/223219518575
2023-09-23,Sat,7,지성과 사랑,그냥 걷기만 하세요,10,156,21,,,,,https://blog.naver.com/jklovelike/223219284317
2023-09-23,Sat,5,독서 단상,독서를 했으면 글을 써서 나의 세계를 만들어라,25,149,16,,,,,https://blog.naver.com/jklovelike/223219261225
2023-09-23,Sat,4,"'데미안'의 단상, 생각",의식의 수준을 높일 것인가 높이기를 거부할 것인가,27,82,5,,,,,https://blog.naver.com/jklovelike/223219256903
2023-09-23,Sat,4,수능/수능공부법/합격수기,2023년 9월 이투스 수학 모의고사 정답률 오답률,28,48,1,173,2,0,0,https://blog.naver.com/jklovelike/223219254251
2023-09-22,Fri,7,블로그 성장/노하우/팁,1일 N포는 블로그에 활력을 넣어주는 방법이다,25,229,77,,,,,https://blog.naver.com/jklovelike/223218371686
2023-09-22,Fri,6,'데미안'의 수능 칼럼 ,자기 자신을 뒤바꿀 정도의 배움을 겪어봤습니다,25,143,32,2153,3,0,2,https://blog.naver.com/jklovelike/223218349012
2023-09-21,Thu,7,"'데미안'의 단상, 생각",엄지족을 졸업하며,9,204,58,,,,,https://blog.naver.com/jklovelike/223217391947
2023-09-21,Thu,6,"'데미안'의 단상, 생각",나를 위해서 대인배가 되자,14,163,19,,,,,https://blog.naver.com/jklovelike/223217386347
2023-09-21,Thu,6,'데미안'의 수능 칼럼 ,새벽 5시에 24시간 스터디카페에 공부하러 들어가는 학생을 봤습니다.,38,156,10,554,0,0,0,https://blog.naver.com/jklovelike/223217378686
2023-09-20,Wed,7,블로그 성장/노하우/팁,하루에 블로그 3포스팅 이상 하는 방법,21,264,70,,,,,https://blog.naver.com/jklovelike/223216397870
2023-09-20,Wed,6,'데미안'의 수능 칼럼 ,모든 것은 두 달이다,11,165,7,710,0,1,1,https://blog.naver.com/jklovelike/223216377613
2023-09-20,Wed,6,"'데미안'의 단상, 생각",가치추출이 아니라 가치창출에 힘을 쓰자,21,115,7,,,,,https://blog.naver.com/jklovelike/223216371447
2023-09-20,Wed,0,"'데미안'의 단상, 생각",씨를 뿌려라,6,126,18,,,,,https://blog.naver.com/jklovelike/223216275937
2023-09-19,Tue,21,독서 단상,파울로 코엘료의 소설 <연금술사> vs <꿈을 찾아 떠나는 양치기 소년> 제목의 중요성,48,137,16,,,,,https://blog.naver.com/jklovelike/223216102568
2023-09-19,Tue,8,"'데미안'의 단상, 생각",노력천재라는 말을 들었습니다. 그리고 고루한 가치로 보이는 노력에 대한 옹호입니다.,46,166,38,,,,,https://blog.naver.com/jklovelike/223215409493
2023-09-19,Tue,6,"'데미안'의 단상, 생각",대담함이여 내 벗이 되어라!,15,130,13,,,,,https://blog.naver.com/jklovelike/223215371394
2023-09-19,Tue,5,"'데미안'의 단상, 생각",우물쭈물하다 보니 벌써 세월이 이렇게 흘렀습니다,26,126,12,,,,,https://blog.naver.com/jklovelike/223215359164
2023-09-19,Tue,5,수능/수능공부법/합격수기,2023년 앞으로 남아있는 모의고사 일정 (10월 교육청과 사설 모의고사 일정),44,78,1,231,3,5,1,https://blog.naver.com/jklovelike/223215355108
2023-09-18,Mon,8,"'데미안'의 단상, 생각",인간이 자기 자신을 향해 나아가는 일보다 더 하기 싫은 일은 없다!,37,169,25,,,,,https://blog.naver.com/jklovelike/223214393521
2023-09-18,Mon,8,블로그 성장/노하우/팁,9월 포스팅 수를 늘린 이후의 유의미한 조회수 변화,28,139,25,,,,,https://blog.naver.com/jklovelike/223214372992
2023-09-18,Mon,7,'데미안'의 수능 칼럼 ,"수능 60일의 기적, 매일 1점씩 올린다는 생각으로 공부하세요",34,127,4,1886,1,0,1,https://blog.naver.com/jklovelike/223214348329
2023-09-17,Sun,6,"'데미안'의 단상, 생각",세상은 자기 뜻이 있는 사람과 그렇지 않은 사람으로 나뉜다,32,199,47,,,,,https://blog.naver.com/jklovelike/223213580513
2023-09-16,Sat,7,블로그 성장/노하우/팁,블로그에 학생들 성장을 위한 글도 많이 써야겠습니다,28,181,35,,,,,https://blog.naver.com/jklovelike/223212887426
2023-09-16,Sat,7,"'데미안'의 단상, 생각",강력한 실행과 즉행이 우리의 마음을 구원해주리라,26,138,13,,,,,https://blog.naver.com/jklovelike/223212879775
2023-09-16,Sat,6,수능/수능공부법/합격수기,2024수능 늘어난 N수생 비율 및 수능인원 (+의대를 가고 싶어 반수 고민하던 서울대 경영학과 3학년 이야기),62,83,5,1109,2,0,0,https://blog.naver.com/jklovelike/223212870546
2023-09-15,Fri,8,"'데미안'의 단상, 생각",아이젠하워 매트릭스​ - 즉시 해야 할 일은 무엇일까,29,155,11,,,,,https://blog.naver.com/jklovelike/223211953931
2023-09-15,Fri,7,"'데미안'의 단상, 생각",새벽에 글 쓰느라 피곤함을 느낀 날입니다,22,130,18,,,,,https://blog.naver.com/jklovelike/223211938715
2023-09-14,Thu,23,'데미안'의 수능 칼럼 ,제가 직접 가르치는 제자가 아니어도 공부시간(순공시간)을 여기에다 올려도 됩니다,44,128,81,579,9,0,3,https://blog.naver.com/jklovelike/223211750224
2023-09-14,Thu,7,"'데미안'의 단상, 생각",나는 한없이 살았다,10,168,25,,,,,https://blog.naver.com/jklovelike/223210976127
2023-09-14,Thu,6,독서 단상,"스무 살 이후로 책 5,000여권 이상을 읽어보니",27,187,38,,,,,https://blog.naver.com/jklovelike/223210943112
2023-09-13,Wed,19,블로그 성장/노하우/팁,<매일매일 나는 나의 길을 간다 > 오늘 블로그 이웃 만명을 넘겼습니다,39,206,80,,,,,https://blog.naver.com/jklovelike/223210627266
2023-09-13,Wed,8,일상의 기록,블로그 이웃분 센체 님을 만나 뵙고 왔습니다,24,182,45,,,,,https://blog.naver.com/jklovelike/223210007037
2023-09-13,Wed,7,"'데미안'의 단상, 생각",기분전환하는 것도 능력입니다,15,151,18,,,,,https://blog.naver.com/jklovelike/223209985208
2023-09-12,Tue,21,'데미안'의 자기혁신,"전략은 나의 능력을 1/10로 축소시키도 하고, 10배로 증강시키도 한다",40,123,13,,,,,https://blog.naver.com/jklovelike/223209728337
2023-09-12,Tue,8,"'데미안'의 단상, 생각",그래도 길이 있었다,10,178,35,,,,,https://blog.naver.com/jklovelike/223209022842
2023-09-12,Tue,6,"'데미안'의 단상, 생각",결국 나는 정상에 서게 될 것이다,18,151,16,,,,,https://blog.naver.com/jklovelike/223208965370
2023-09-12,Tue,5,"'데미안'의 단상, 생각",경제경영 포스트 조회수가 천만이 나온다는 중국 SNS 스케일,33,105,7,,,,,https://blog.naver.com/jklovelike/223208953623
2023-09-12,Tue,5,'데미안'의 젊은 날의 초상,"자기성장, 자기수양, 자기쇄신",16,81,7,,,,,https://blog.naver.com/jklovelike/223208948044
2023-09-11,Mon,15,'데미안'의 자기혁신,특정 분야에서 최고가 되어보자,16,159,30,,,,,https://blog.naver.com/jklovelike/223208388605
2023-09-11,Mon,6,"'데미안'의 단상, 생각",손가락만 빨고 있지 마세요. 남의 성공을 구경만 하고 있지 마세요. 얻고자 한다면 그 안으로 들어가세요,57,184,38,,,,,https://blog.naver.com/jklovelike/223207931969
2023-09-11,Mon,5,"'데미안'의 단상, 생각",혁신은 폐기에서부터 시작된다,15,105,9,,,,,https://blog.naver.com/jklovelike/223207923034
2023-09-11,Mon,4,수능/수능공부법/합격수기,2023년 8월 더프 모의고사 등급컷(등급 실제컷과 예상컷),33,59,0,253,3,0,0,https://blog.naver.com/jklovelike/223207915297
2023-09-10,Sun,7,블로그 성장/노하우/팁,블로그를 자기 약속과 실천의 도구로 삼아보세요,25,148,44,,,,,https://blog.naver.com/jklovelike/223207196657
2023-09-10,Sun,6,"'데미안'의 단상, 생각",신념가는 멋지다,8,105,21,,,,,https://blog.naver.com/jklovelike/223207188751
2023-09-09,Sat,7,블로그 성장/노하우/팁,"블로그 하루 조회수 15,000회를 기록한 날의 네이버 애드포스트 수익은 어땠을까요?",47,162,43,,,,,https://blog.naver.com/jklovelike/223206524399
2023-09-09,Sat,5,"'데미안'의 단상, 생각",오늘 하루는 어땠는가,11,97,6,,,,,https://blog.naver.com/jklovelike/223206490628
2023-09-09,Sat,5,수능/수능공부법/합격수기,2023년 9월 모의고사 수학 미적분 확통 기하 오답률(정답률),35,55,0,162,6,3,0,https://blog.naver.com/jklovelike/223206487913
2023-09-09,Sat,1,"'데미안'의 단상, 생각",나는 어떻게든 해결책을 찾아낼 것이다,20,94,7,,,,,https://blog.naver.com/jklovelike/223206427864
2023-09-08,Fri,6,블로그 성장/노하우/팁,블로그 장점 중 하나 - 작가 분이 직접 댓글을 남겨줄 때가 있습니다,38,152,38,,,,,https://blog.naver.com/jklovelike/223205574251
2023-09-08,Fri,5,"'데미안'의 단상, 생각","낮은 목표를 가진 자는 쉽게 포기하고, 빨리 양보한다",29,119,23,,,,,https://blog.naver.com/jklovelike/223205557310
2023-09-07,Thu,19,"'데미안'의 단상, 생각",때로는 이상한 나라로 들어가기 위해서는 앨리스처럼 작아져야만 한다,36,127,22,,,,,https://blog.naver.com/jklovelike/223205250535
2023-09-07,Thu,7,일상의 기록,오랜만에 일상 이야기와 이번 여름의 짧은 일상 기록 그리고 요새 읽고 있는 책,43,186,53,,,,,https://blog.naver.com/jklovelike/223204614129
2023-09-07,Thu,5,"'데미안'의 단상, 생각",지하 세계로 내려가는 자만이 사랑하는 사람을 구할 수 있다,32,81,13,,,,,https://blog.naver.com/jklovelike/223204593888
2023-09-07,Thu,4,"'데미안'의 단상, 생각","참된 삶을 위해 도전할 것인가, 아니면 노예로 일생을 마칠 것인가?",37,82,17,,,,,https://blog.naver.com/jklovelike/223204583579
2023-09-06,Wed,21,수능/수능공부법/합격수기,2023년 9월 모의고사 국수영 예상 등급컷 (2024학년도 9월 모의평가 추정 등급컷),49,63,7,269,3,0,0,https://blog.naver.com/jklovelike/223204348708
2023-09-06,Wed,15,독서 단상,책 읽을 시간이 없나요? 글 쓸 시간도 없고요?,26,145,38,,,,,https://blog.naver.com/jklovelike/223204070214
2023-09-06,Wed,7,'데미안'의 수능 칼럼 ,공부할 때 잠 깨는 방법과 블로그 이웃분들이 알려주시는 졸음 깨는 노하우,40,120,19,841,11,0,2,https://blog.naver.com/jklovelike/223203650362
2023-09-06,Wed,6,"'데미안'의 단상, 생각",겪은 것은 인풋이고 글쓰기는 아웃풋이다,21,122,16,,,,,https://blog.naver.com/jklovelike/223203634057
2023-09-06,Wed,6,'데미안'의 젊은 날의 초상,자각의 경지,6,77,3,,,,,https://blog.naver.com/jklovelike/223203627674
2023-09-06,Wed,1,가속성장/자기계발,발타자르 그라시안 - 지혜로운 사람이 되어라,24,76,6,,,,,https://blog.naver.com/jklovelike/223203572931
2023-09-05,Tue,21,블로그 성장/노하우/팁,9월 블로그 목표 - 한 달 100포스팅 이상 합니다,29,127,50,,,,,https://blog.naver.com/jklovelike/223203378848
2023-09-05,Tue,7,블로그 성장/노하우/팁,브랜드 설계자가 말하는 블로그를 키우는 10가지 방법,29,198,57,,,,,https://blog.naver.com/jklovelike/223202664094
2023-09-05,Tue,6,"'데미안'의 단상, 생각",용기는 최상의 살해자다,12,78,7,,,,,https://blog.naver.com/jklovelike/223202642944
2023-09-05,Tue,6,"'데미안'의 단상, 생각",최고가 아닌 그 어떤 것도 받아들이지 않으면 바로 그 최고의 것을 얻는다,40,68,5,,,,,https://blog.naver.com/jklovelike/223202636178
2023-09-05,Tue,0,"'데미안'의 단상, 생각",자기 연민과 자기 동정은 필요없다,18,101,11,,,,,https://blog.naver.com/jklovelike/223202565344
2023-09-04,Mon,15,"'데미안'의 단상, 생각",26살 일기 중 '붙잡고 겨루기 위하여',22,97,14,,,,,https://blog.naver.com/jklovelike/223202083476
2023-09-04,Mon,8,배움에 대하여,김두식 교수 - 글쓰기에 대해 하고 싶은 말,24,116,10,659,1,1,0,https://blog.naver.com/jklovelike/223201681338
2023-09-04,Mon,7,"'데미안'의 단상, 생각","안 되는 이유를 찾을 것인가, 잘 될 수 있는 요인을 찾을 것인가",36,100,6,,,,,https://blog.naver.com/jklovelike/223201658767
2023-09-04,Mon,7,'데미안'의 수능 칼럼 ,시험불안 해소법 + 시험장 실전 마인드,21,73,6,1661,0,1,0,https://blog.naver.com/jklovelike/223201652593
2023-09-04,Mon,6,'데미안'의 수능 칼럼 ,수능 접수 제2외국어는 이왕이면 신청하는 게 좋습니다 + 수능장 빌런,38,75,10,1278,4,3,0,https://blog.naver.com/jklovelike/223201643839
2023-09-03,Sun,7,'데미안'의 수능 칼럼 ,"대학 입시(수능)를 중도 포기하고, 좋아하는 일을 찾고 싶다는 수능 수험생 질문에 답변하기",50,112,20,1987,2,0,0,https://blog.naver.com/jklovelike/223200911859
2023-09-03,Sun,6,지성과 사랑,다무라 류이치 - 4천의 낮과 밤,18,62,2,,,,,https://blog.naver.com/jklovelike/223200896078
2023-09-03,Sun,5,"'데미안'의 단상, 생각",새벽 5시의 기운은 재탄생의 느낌과 비슷하다,24,94,21,,,,,https://blog.naver.com/jklovelike/223200888784
2023-09-02,Sat,15,"'데미안'의 단상, 생각",파워란 행할 수 있는 능력을 의미한다,20,112,21,,,,,https://blog.naver.com/jklovelike/223200455524
2023-09-02,Sat,6,'데미안'의 자기혁신,아직 오지 않았지만 어느새 도달할 미래를 생각해보니,28,110,20,,,,,https://blog.naver.com/jklovelike/223200204939
2023-09-02,Sat,6,"'데미안'의 단상, 생각",자신의 정신을 눈구덩이에 던져보고 싶을 정도로 뜨거웠던 적이 있는가,37,87,11,,,,,https://blog.naver.com/jklovelike/223200200616
2023-09-01,Fri,7,"'데미안'의 단상, 생각",그가 말한 성공법은 진짜일까?,16,133,28,,,,,https://blog.naver.com/jklovelike/223199282700
2023-09-01,Fri,6,지식의 정리,월 1억 수입(연봉 12억)을 번다면 소득 기준 최상위 0.1%안에 들 수 있을까?,46,82,5,,,,,https://blog.naver.com/jklovelike/223199266656
2023-09-01,Fri,5,"'데미안'의 단상, 생각",내가 생각하는 1인 기업 철학,16,80,6,,,,,https://blog.naver.com/jklovelike/223199258640
2023-08-31,Thu,8,"'데미안'의 단상, 생각",굳이 해야 하는 일인가? 꼭 해야만 하는가?,24,106,13,,,,,https://blog.naver.com/jklovelike/223198306701
2023-08-31,Thu,7,블로그 성장/노하우/팁,블로그 포스트 1일 1포 2포 3포 4포 5포의 비교와 그외 조회수 관련 유입 비율,46,111,19,,,,,https://blog.naver.com/jklovelike/223198285216
2023-08-31,Thu,6,"'데미안'의 단상, 생각",글을 써야 하는 이유,11,108,18,,,,,https://blog.naver.com/jklovelike/223198264145
2023-08-30,Wed,16,가속성장/자기계발,공병호 - 부자들의 자기경영,15,98,10,,,,,https://blog.naver.com/jklovelike/223197744426
2023-08-30,Wed,8,"'데미안'의 단상, 생각",멋대로 살아라. 마음 가는 대로 살아라,21,117,19,,,,,https://blog.naver.com/jklovelike/223197296333
2023-08-30,Wed,7,독서 단상,좋은 책은 좋은 친구다,12,84,13,,,,,https://blog.naver.com/jklovelike/223197270039
2023-08-29,Tue,22,"'데미안'의 단상, 생각",<양치기> 철학 - 압도적인 양이 중요하다,23,106,18,,,,,https://blog.naver.com/jklovelike/223197016446
2023-08-29,Tue,21,'데미안'의 자기혁신,경험을 기록하라. 표현하라. 출력하라. 아웃풋하라.,28,105,24,,,,,https://blog.naver.com/jklovelike/223196979430
2023-08-29,Tue,8,블로그 성장/노하우/팁,1일 1포스팅과 4포스팅의 비교와 그 차이 - 1일N포는 N이 클수록 블로그 성장에 유리합니다,52,124,41,,,,,https://blog.naver.com/jklovelike/223196308246
2023-08-29,Tue,8,'데미안'의 수능 칼럼 ,고3 미만 학생이 공부를 갓 시작할 때는 8/8/8 공부습관으로 한 번 시작해보세요,46,101,10,1673,2,0,1,https://blog.naver.com/jklovelike/223196282544
2023-08-29,Tue,7,지성과 사랑,지금 시작하세요,8,103,11,,,,,https://blog.naver.com/jklovelike/223196268804
2023-08-28,Mon,19,'데미안'의 자기혁신,정신 집중이 습성이 되면 거의 어떠한 상태에서도 집중할 수가 있게 된다,39,134,16,,,,,https://blog.naver.com/jklovelike/223195869833
2023-08-28,Mon,9,'데미안'의 수능 칼럼 ,문제아라고 평가받는 청소년들도 바뀔 수 있습니다. 그들도 변화를 갈구합니다.,42,94,18,1826,4,0,0,https://blog.naver.com/jklovelike/223195334145
2023-08-28,Mon,6,'데미안'의 수능 칼럼 ,공부할 때 잠을 깨는 개인적인 방법,19,116,26,1581,2,0,1,https://blog.naver.com/jklovelike/223195244736
2023-08-28,Mon,6,가속성장/자기계발,우석(브라운스톤)이 말하는 가난의 5가지 본능을 극복하기,31,85,10,,,,,https://blog.naver.com/jklovelike/223195236133
2023-08-27,Sun,8,"'데미안'의 단상, 생각",나는 문제를 좋아하나 봅니다,15,106,25,,,,,https://blog.naver.com/jklovelike/223194521569
2023-08-27,Sun,7,지성과 사랑,무라키미 하루키가 말하는 '엄청난 사건',22,91,11,,,,,https://blog.naver.com/jklovelike/223194515724
2023-08-26,Sat,18,지성과 사랑,페르난두 페소아 - 인생이라는 집에서,20,91,7,,,,,https://blog.naver.com/jklovelike/223194198958
2023-08-26,Sat,8,"'데미안'의 단상, 생각",나는 자유인입니다,9,107,16,,,,,https://blog.naver.com/jklovelike/223193841903
2023-08-26,Sat,7,"'데미안'의 단상, 생각",열등감이라는 성공의 후원자,14,83,6,,,,,https://blog.naver.com/jklovelike/223193833529
2023-08-26,Sat,0,"'데미안'의 단상, 생각","자기확신, 근자감에 대하여",14,89,11,,,,,https://blog.naver.com/jklovelike/223193719625
2023-08-25,Fri,6,"'데미안'의 단상, 생각","더 나아지고 싶은 욕구, 새로워지고 싶은 마음",25,85,22,,,,,https://blog.naver.com/jklovelike/223192890688
2023-08-25,Fri,6,가속성장/자기계발,1인 기업가로 살아가기,12,89,12,,,,,https://blog.naver.com/jklovelike/223192887752
2023-08-24,Thu,17,"'데미안'의 단상, 생각",후회를 먹고 산다,9,108,11,,,,,https://blog.naver.com/jklovelike/223192431548
2023-08-23,Wed,18,"'데미안'의 단상, 생각",당신이 어둠 속에 있다면 내 촛불을 가져다가 당신 초에 불을 밝혀라,37,105,6,,,,,https://blog.naver.com/jklovelike/223191571584
2023-08-23,Wed,18,수능/수능공부법/합격수기,2023년 7월 더프 모의고사 등급컷 (실제 등급컷 / 보정컷),35,58,0,173,4,0,0,https://blog.naver.com/jklovelike/223191561048
2023-08-22,Tue,7,Na,공부 질문 댓글과 그 답변과 관련하여,20,78,3,,,,,https://blog.naver.com/jklovelike/223189996241
2023-08-22,Tue,7,'데미안'의 수능 칼럼 ,"수능 공부 중에, 안 풀리는 문제를 얼마나 오래 고민을 해야 할까요?",38,72,5,2868,0,0,0,https://blog.naver.com/jklovelike/223189988692
2023-08-21,Mon,18,지성과 사랑,롱펠로우 - 화살과 노래,13,79,5,,,,,https://blog.naver.com/jklovelike/223189601321
2023-08-20,Sun,8,책쓰기 프로젝트,양으로 밀어붙이는 습성,12,131,12,,,,,https://blog.naver.com/jklovelike/223188283488
2023-08-19,Sat,8,'데미안'의 수능 칼럼 ,시험 공부는 밑 빠진 독에 끊임없이 물을 채우는 과정이다,31,108,5,1699,0,0,0,https://blog.naver.com/jklovelike/223187601730
2023-08-18,Fri,8,"'데미안'의 단상, 생각",한때 비싸게 느껴졌던 물건이 더이상 그렇게 느껴지지 않는 순간,34,101,15,,,,,https://blog.naver.com/jklovelike/223186696930
2023-08-17,Thu,8,"'데미안'의 단상, 생각",고여있는 물 웅덩이가 될 것인가? 계속 유유히 흘러가는 강물이 될 것인가?,41,101,5,,,,,https://blog.naver.com/jklovelike/223185751474
2023-08-17,Thu,8,가속성장/자기계발,인내로서 운명을 지배할 수 있다는 것을 배우지 않으면 안된다,33,89,5,,,,,https://blog.naver.com/jklovelike/223185743360
2023-08-16,Wed,7,"'데미안'의 단상, 생각",생명력이 넘치는 긴장감을 환영하라,18,100,6,,,,,https://blog.naver.com/jklovelike/223184741962
2023-08-15,Tue,8,지성과 사랑,"독일인의 사랑 중에서 - 인생의 봄날을 돌이켜 생각하고, 마음 속을 들여다보는 것은 아름다운 일이다",55,89,4,,,,,https://blog.naver.com/jklovelike/223183955438
2023-08-15,Tue,8,"'데미안'의 단상, 생각",26살 시절에 생각했던 미래의 마흔살,20,124,30,,,,,https://blog.naver.com/jklovelike/223183951345
2023-08-14,Mon,8,가속성장/자기계발,행동하지 않으면 행동을 강요당하게 된다,21,138,16,,,,,https://blog.naver.com/jklovelike/223183042710
2023-08-13,Sun,8,'데미안'의 수능 칼럼 ,"고3 여름방학 막바지, 여전히 노력의 땀을 흘리며 최선을 다하는 제자들",39,102,47,1402,8,0,2,https://blog.naver.com/jklovelike/223182313205
2023-08-12,Sat,8,"'데미안'의 단상, 생각","쉬우면 재미가 없다. 쉬운 것은 나를 감동시키지도, 나를 도약시키지도 못한다.",43,131,12,,,,,https://blog.naver.com/jklovelike/223181632043
2023-08-11,Fri,7,블로그 성장/노하우/팁,요새는 1일1포만 하고 있습니다,17,107,30,,,,,https://blog.naver.com/jklovelike/223180702551
2023-08-10,Thu,10,'데미안'의 자기혁신,과거보다 판단력이 더 향상되었나요?,19,122,13,,,,,https://blog.naver.com/jklovelike/223179823758
2023-08-10,Thu,8,가속성장/자기계발,로버트 기요사키 - 돈을 더 벌고 싶다는 마음에 대해 솔직해지자. 잘못을 인정하는 것에 대해 솔직해지자,57,92,5,,,,,https://blog.naver.com/jklovelike/223179748139
2023-08-09,Wed,7,'데미안'의 젊은 날의 초상,나는 회복하는 인간이다. 나는 극복하는 인간이다.,27,142,38,,,,,https://blog.naver.com/jklovelike/223178759046
2023-08-08,Tue,9,'데미안'의 수능 칼럼 ,"수능 디데이 100일 무렵, 생일 날에도 똑같이 공부하는 제자",34,109,25,2027,3,0,2,https://blog.naver.com/jklovelike/223177820201
2023-08-07,Mon,7,"'데미안'의 단상, 생각",무엇이 우선순위인가,10,117,25,,,,,https://blog.naver.com/jklovelike/223176761241
2023-08-06,Sun,11,"'데미안'의 단상, 생각",기억보다는 기록을 믿자. 체크리스트를 활용하자,25,128,28,,,,,https://blog.naver.com/jklovelike/223176111647
2023-08-05,Sat,6,가속성장/자기계발,에디슨의 성공 비결 - 원씽,15,133,29,,,,,https://blog.naver.com/jklovelike/223175323451
2023-08-04,Fri,6,"'데미안'의 단상, 생각",일기는 나의 시간을 축적하는 수단입니다,21,134,24,,,,,https://blog.naver.com/jklovelike/223174409107
2023-08-04,Fri,6,'데미안'의 수능 칼럼 ,공부를 할 때는 죄책감을 활용하세요,19,114,5,2563,0,0,0,https://blog.naver.com/jklovelike/223174398635
2023-08-03,Thu,7,'데미안'의 수능 칼럼 ,"집이 망해도, 가난해도 공부를 해야 하는 이유",25,171,41,2694,1,1,2,https://blog.naver.com/jklovelike/223173449378
2023-08-02,Wed,7,지성과 사랑,"장영희 - 사랑이냐, 돈이냐",15,99,18,,,,,https://blog.naver.com/jklovelike/223172480691
2023-08-01,Tue,7,가속성장/자기계발,오쇼 라즈니쉬 - 나이를 먹는다는 것,20,119,30,,,,,https://blog.naver.com/jklovelike/223171480428
2023-07-31,Mon,8,'데미안'의 자기혁신,자기확언 긍정확언의 방법 중에 추천하는 확언 노하우,28,166,32,,,,,https://blog.naver.com/jklovelike/223170506598
2023-07-30,Sun,11,지성과 사랑,인생은 세 권의 책이다,12,153,30,,,,,https://blog.naver.com/jklovelike/223169854258
2023-07-29,Sat,6,블로그 성장/노하우/팁,8개월 동안 어떤 일이 있더라도 1일1포를 해왔습니다 + 원칙에 대한 생각,41,170,35,,,,,https://blog.naver.com/jklovelike/223169079227
2023-07-28,Fri,7,"'데미안'의 단상, 생각",자기혁신의 적,7,114,18,,,,,https://blog.naver.com/jklovelike/223168180174
2023-07-27,Thu,7,'데미안'의 자기혁신,수련하면서 노력을 즐길 수 있는 단계,20,126,24,,,,,https://blog.naver.com/jklovelike/223167238274
2023-07-26,Wed,8,가속성장/자기계발,브라이언 트레이시 - 뛰어난 인간 관계를 위한 7가지 방법,32,131,24,,,,,https://blog.naver.com/jklovelike/223166308631
2023-07-25,Tue,8,'데미안'의 수능 칼럼 ,"고3 여름방학 기간, 제 제자들의 공부시간은 어떻게 될까요?",33,121,42,2429,12,0,9,https://blog.naver.com/jklovelike/223165344172
2023-07-24,Mon,6,책쓰기 프로젝트,집필 중인 글을 다시 쓰고 있습니다,19,179,70,,,,,https://blog.naver.com/jklovelike/223164335685
2023-07-23,Sun,11,'데미안'의 젊은 날의 초상,묵묵히 걸어가라,8,170,10,,,,,https://blog.naver.com/jklovelike/223163719609
2023-07-22,Sat,6,"'데미안'의 단상, 생각",열심히 사는 게 취미입니다,14,171,64,,,,,https://blog.naver.com/jklovelike/223162980578
2023-07-22,Sat,6,가속성장/자기계발,일상 속의 자기학습법 - 메모를 활용해야 하는 이유,28,107,9,,,,,https://blog.naver.com/jklovelike/223162975417
2023-07-22,Sat,5,가속성장/자기계발,"엔트로피에 지배될 것인가. 아니면 진화할 것인가. 쇠퇴냐, 창조냐?",37,84,4,,,,,https://blog.naver.com/jklovelike/223162957452
2023-07-21,Fri,7,'데미안'의 수능 칼럼 ,작년 수능 국수영342 과탐84에서 최근 7모 국수영111 과탐31까지 - 수능 공부는 그냥 엉덩이 싸움입니다.,62,107,15,2398,2,1,7,https://blog.naver.com/jklovelike/223162108570
2023-07-20,Thu,20,가속성장/자기계발,이런 태도와 마인드가 있으면 반드시 성공합니다,25,161,17,,,,,https://blog.naver.com/jklovelike/223161804514
2023-07-20,Thu,19,수능/수능공부법/합격수기,"2023년 입결 경희대 정시등급 자료 (70% 커트라인, 경쟁률, 수학선택과목 비율 등)",49,69,2,295,6,0,1,https://blog.naver.com/jklovelike/223161779297
2023-07-20,Thu,6,"'데미안'의 단상, 생각",이 세상은 사람들의 끈기를 시험하는 일종의 중력 같은 자연적인 힘을 가지고 있는 것처럼 보인다,52,131,40,,,,,https://blog.naver.com/jklovelike/223161153182
2023-07-20,Thu,6,지성과 사랑,극단적 선택은 무책임한 행동이다. 비겁한 행동이다.,28,110,24,,,,,https://blog.naver.com/jklovelike/223161148330
2023-07-19,Wed,8,블로그 성장/노하우/팁,보람을 느낄 수 있는 댓글을 발견했습니다,22,122,19,,,,,https://blog.naver.com/jklovelike/223160227960
2023-07-19,Wed,7,'데미안'의 자기혁신,과감히 베껴라. 기꺼이 훔쳐라. 부끄러움 없이 모방하라.,31,148,30,,,,,https://blog.naver.com/jklovelike/223160195577
2023-07-19,Wed,6,가속성장/자기계발,<돈의 속성> <사장학개론> 저자 김승호 칼럼 - 성공의 조건 12가지,39,118,20,,,,,https://blog.naver.com/jklovelike/223160175305
2023-07-18,Tue,8,블로그 성장/노하우/팁,1일 10포 한달 동안의 경험담과 그 때의 기록 (1일 10포스팅의 추억),41,144,39,,,,,https://blog.naver.com/jklovelike/223159214713
2023-07-18,Tue,8,'데미안'의 자기혁신,열정으로 증폭하라,9,118,13,,,,,https://blog.naver.com/jklovelike/223159205063
2023-07-17,Mon,7,'데미안'의 자기혁신,세상은 오픈북입니다. 성공의 비결은 이미 널리 알려져 있습니다. 간단합니다. 조준했으면 이제는 발사해야 합니다.,62,206,58,,,,,https://blog.naver.com/jklovelike/223158175986
2023-07-16,Sun,11,'데미안'의 자기혁신,의욕을 이겨내는 것은 루틴이다,16,213,43,,,,,https://blog.naver.com/jklovelike/223157485292
2023-07-15,Sat,7,"'데미안'의 단상, 생각",'가난해서 힘들어요'라는 검색유입을 보고,22,181,24,,,,,https://blog.naver.com/jklovelike/223156704350
2023-07-15,Sat,6,가속성장/자기계발,공병호 - 꿈의 성취,11,107,14,,,,,https://blog.naver.com/jklovelike/223156687155
2023-07-14,Fri,5,'데미안'의 자기혁신,스스로 과대평가하라. 자신의 능력을 과신하라.,25,145,16,,,,,https://blog.naver.com/jklovelike/223155695368
2023-07-13,Thu,8,"'데미안'의 단상, 생각","집이 파산한 후, 링컨은 나의 역할모델이었다. 가난하다고 희망을 저버릴 수는 없다.",46,458,106,4752,1,0,6,https://blog.naver.com/jklovelike/223154704746
2023-07-13,Thu,6,일상의 기록,고양이의 방해 공작,10,152,36,,,,,https://blog.naver.com/jklovelike/223154668623
2023-07-13,Thu,5,"'데미안'의 단상, 생각",성공과 인생 그리고 자기 자신만의 길에 대하여 : 가고 싶은 길을 가는 나는 이미 성공자입니다,52,102,12,,,,,https://blog.naver.com/jklovelike/223154658486
2023-07-13,Thu,5,수능/수능공부법/합격수기,2023년 홍익대 입시 결과 수시 등급 정시 등급 입결,30,64,0,177,3,0,1,https://blog.naver.com/jklovelike/223154654275
2023-07-13,Thu,0,수능/수능공부법/합격수기,2023년 고3 7월 교육청 모의고사 수학 오답률 정답률,31,59,0,177,4,0,0,https://blog.naver.com/jklovelike/223154567210
2023-07-12,Wed,14,"'데미안'의 단상, 생각","창조적인 인간, 남다른 개성과 열정",19,130,14,,,,,https://blog.naver.com/jklovelike/223154040897
2023-07-11,Tue,20,수능/수능공부법/합격수기,2023년 7월 고3 교육청 모의고사 국수영 등급컷 (예상/추정 등급 커트라인),44,84,8,304,8,0,0,https://blog.naver.com/jklovelike/223153335662
2023-07-11,Tue,17,수능/수능공부법/합격수기,2023년 7월 교육청 고3 모의고사 시험지와 해설지 답지 다운로드,37,74,2,254,2,0,1,https://blog.naver.com/jklovelike/223153150354
2023-07-11,Tue,7,"'데미안'의 단상, 생각",인간관계에서 꼭 이유를 알 필요는 없다,21,157,22,,,,,https://blog.naver.com/jklovelike/223152564056
2023-07-11,Tue,5,수능/수능공부법/합격수기,"아버지가 방황하는 17살, 고1 아들에게 전하는 인생 이야기",33,127,25,5008,0,1,0,https://blog.naver.com/jklovelike/223152540456
2023-07-10,Mon,22,'데미안'의 자기혁신,'이건 할 수 없어'라는 무의식적 반응에 대처하는 방법,30,133,33,,,,,https://blog.naver.com/jklovelike/223152340317
2023-07-10,Mon,19,수능/수능공부법/합격수기,고3 현역 수능 수학 100점은 수능 이전의 실모에서 몇 점을 받아왔을까요?,42,112,4,4378,9,4,1,https://blog.naver.com/jklovelike/223152165515
2023-07-10,Mon,7,"'데미안'의 단상, 생각","행복의지, 행복을 만들어 낼 수 있습니다.",23,143,29,,,,,https://blog.naver.com/jklovelike/223151552669
2023-07-10,Mon,6,책쓰기 프로젝트,나의 것을 써내려 갈 때는 확연하게 몰입이 잘 됩니다,29,145,16,,,,,https://blog.naver.com/jklovelike/223151530606
2023-07-09,Sun,17,블로그 성장/노하우/팁,매일 글 하나를 남기자,12,190,36,,,,,https://blog.naver.com/jklovelike/223151113612
2023-07-08,Sat,18,독서 단상,또 다른 동시성 현상을 겪다 - 종이 위의 기적 쓰면 이루어진다,35,183,37,,,,,https://blog.naver.com/jklovelike/223150464370
2023-07-08,Sat,8,'데미안'의 수능 칼럼 ,수능 디데이 100여 일이 다가오는데 왜 나는 조금 더 치열할 수 없는가,40,110,5,3194,1,0,0,https://blog.naver.com/jklovelike/223150143373
2023-07-08,Sat,5,수능/수능공부법/합격수기,재수생 프로의 정신,10,94,10,5785,0,3,0,https://blog.naver.com/jklovelike/223150106782
2023-07-07,Fri,7,블로그 성장/노하우/팁,작년 연말에 세웠던 새해 2023년 블로그 목표와 중간 점검,33,147,53,,,,,https://blog.naver.com/jklovelike/223149182767
2023-07-06,Thu,6,'데미안'의 자기혁신,"삶은 쉽다. 단지 유익하면 한다, 해가 되면 하지 않는다.",32,198,64,,,,,https://blog.naver.com/jklovelike/223148184536
2023-07-06,Thu,5,가속성장/자기계발,"구본형 - 30대 10년 동안 해야 할 7가지 일, 40대에 해야 할 7가지 일",44,121,30,,,,,https://blog.naver.com/jklovelike/223148171122
2023-07-05,Wed,0,블로그 성장/노하우/팁,블로그 1일 1포 이상을 8개월 정도 해봤습니다,26,177,52,,,,,https://blog.naver.com/jklovelike/223147068136
2023-07-04,Tue,6,'데미안'의 수능 칼럼 ,"고3 3월 모의 52점 4등급, 4월 모의 58점 3등급에서 6월 모의평가 수학 1등급까지 수직상승한 고3 제자의 사례",66,121,13,859,11,0,2,https://blog.naver.com/jklovelike/223146152840
2023-07-04,Tue,5,수능/수능공부법/합격수기,2023년 고3 7월 모의고사 범위 및 일정 (교육청과 사설 모의고사),39,67,0,146,4,3,0,https://blog.naver.com/jklovelike/223146142784
2023-07-03,Mon,17,지성과 사랑,마틴 루터 킹 명언과 감정을 자극하는 파토스적 연설,28,91,20,,,,,https://blog.naver.com/jklovelike/223145683587
2023-07-03,Mon,8,"'데미안'의 단상, 생각",입에서 거품을 뿜으며 열변을 토하기,19,112,17,,,,,https://blog.naver.com/jklovelike/223145176724
2023-07-03,Mon,7,"'데미안'의 단상, 생각",쓰면 이루어진다?,9,123,24,,,,,https://blog.naver.com/jklovelike/223145158412
2023-07-02,Sun,11,"'데미안'의 단상, 생각",막상 부딪혀보면 예상보다 할 만하다,19,149,35,,,,,https://blog.naver.com/jklovelike/223144488685
2023-07-01,Sat,7,'데미안'의 자기혁신,인풋과 아웃풋의 법칙 (1:2 법칙),20,156,33,,,,,https://blog.naver.com/jklovelike/223143702685
2023-07-01,Sat,6,'데미안'의 수능 칼럼 ,수능 공부에서의 디지털 방식의 활용과 아날로그 방식의 활용 (특히 수학은 연습장에다가 푸세요),52,86,3,1649,12,2,0,https://blog.naver.com/jklovelike/223143686930
2023-06-30,Fri,17,'데미안'의 젊은 날의 초상,건강한 집착,6,106,27,,,,,https://blog.naver.com/jklovelike/223143263796
2023-06-30,Fri,6,일상의 기록,"어제 블로그 이웃 분, 솔개님을 만나뵙고 왔습니다",27,169,58,,,,,https://blog.naver.com/jklovelike/223142720468
2023-06-29,Thu,6,"'데미안'의 단상, 생각",1%의 차이,6,110,21,,,,,https://blog.naver.com/jklovelike/223141719195
2023-06-29,Thu,5,책쓰기 프로젝트,첫 책 쓰기 프로젝트(4) 출판사와의 관계는 예상보다 독립적이라고 느낍니다,41,106,38,,,,,https://blog.naver.com/jklovelike/223141710267
2023-06-28,Wed,4,가속성장/자기계발,이런 사람은 성공하기 힘듭니다 + 부자가 될 수 없는 사람,32,164,31,,,,,https://blog.naver.com/jklovelike/223140723258
2023-06-27,Tue,5,"'데미안'의 단상, 생각",스스로 체험의 입 속으로 뛰어들기,18,92,18,,,,,https://blog.naver.com/jklovelike/223139740206
2023-06-27,Tue,5,블로그 성장/노하우/팁,블로그 글 하나를 표절 당한 이야기 그리고 오히려 내 글이 누락되는 주객전도의 상황,46,129,34,,,,,https://blog.naver.com/jklovelike/223139735323
2023-06-27,Tue,0,지성과 사랑,나의 내면 깊은 곳,10,79,8,,,,,https://blog.naver.com/jklovelike/223139624727
2023-06-26,Mon,5,"'데미안'의 단상, 생각",인내의 화신,6,97,17,,,,,https://blog.naver.com/jklovelike/223138705562
2023-06-26,Mon,5,수능/수능공부법/합격수기,수능을 활용해 똑똑해지기 (ft. 지적으로 즐거운 삶),30,80,9,1626,4,1,0,https://blog.naver.com/jklovelike/223138702736
2023-06-25,Sun,11,관심사/이슈,"6.25 73주년, 6.25 참전용사가 후손에게 전하는 말",32,107,30,,,,,https://blog.naver.com/jklovelike/223138113032
2023-06-24,Sat,7,지성과 사랑,마음이 편한 친구,9,137,43,,,,,https://blog.naver.com/jklovelike/223137376868
2023-06-23,Fri,18,'데미안'의 수능 칼럼 ,[수능칼럼] 매체단식을 하세요 미디어를 끊으세요,26,129,23,5955,1,0,1,https://blog.naver.com/jklovelike/223137015613
2023-06-23,Fri,6,배움에 대하여,"하루 16시간씩 치열하게, 집요하게 글을 쓰는 소설가 조정래와 다니엘 스틸",41,96,17,2166,1,0,1,https://blog.naver.com/jklovelike/223136434480
2023-06-22,Thu,22,가속성장/자기계발,"도전과 응전, 진화할 것이냐 도태할 것이냐",23,80,10,,,,,https://blog.naver.com/jklovelike/223136268161
2023-06-22,Thu,8,일상의 기록,중량조끼 20kg 간단 후기,15,126,37,,,,,https://blog.naver.com/jklovelike/223135535397
2023-06-22,Thu,0,'데미안'의 자기혁신,시간 만들기,6,100,24,,,,,https://blog.naver.com/jklovelike/223135397688
2023-06-21,Wed,9,'데미안'의 자기혁신,우리 모두는 지적 기업가다,14,117,6,,,,,https://blog.naver.com/jklovelike/223134567011
2023-06-21,Wed,7,'데미안'의 수능 칼럼 ,고3 수능 끝난 바로 뒷날에도 수학문제집을 새로 사서 풀었던 썰,35,153,46,2531,3,0,0,https://blog.naver.com/jklovelike/223134517846
2023-06-20,Tue,21,수능/수능공부법/합격수기,"1980년대 재수기숙학원의 광경, 이게 진정한 군대식 스파르타 학원이 아닐까",42,87,12,469,4,0,0,https://blog.naver.com/jklovelike/223134248621
2023-06-20,Tue,6,'데미안'의 자기혁신,자기혁명에 대한 단상 - 안으로나 밖으로나 만나는 것은 모조리 죽여라,38,101,27,,,,,https://blog.naver.com/jklovelike/223133518060
2023-06-20,Tue,6,수능/수능공부법/합격수기,IQ88이 말하는 재능과 노력에 대한 글입니다,25,148,18,1825,1,4,0,https://blog.naver.com/jklovelike/223133511179
2023-06-20,Tue,5,수능/수능공부법/합격수기,2023년 가천대 정시등급 정시 수능성적 입결,25,53,0,159,1,0,0,https://blog.naver.com/jklovelike/223133497619
2023-06-19,Mon,8,"'데미안'의 단상, 생각",후회는 좋은 감정입니다,12,150,43,,,,,https://blog.naver.com/jklovelike/223132533001
2023-06-19,Mon,5,수능/수능공부법/합격수기,한 하버드 대학생의 인터뷰 중에서 - <미래를 위한 투자>,32,98,8,438,6,2,0,https://blog.naver.com/jklovelike/223132486020
2023-06-18,Sun,11,지성과 사랑,"마틴 루터 킹이 남긴 명언과 연설 모음 ""목숨을 걸 가치가 있는 것을 발견하지 못했다면 살아있다고 할 수 없다""",62,119,19,,,,,https://blog.naver.com/jklovelike/223131889678
2023-06-17,Sat,6,"'데미안'의 단상, 생각","싱클레어, 그의 친구 데미안",15,143,25,,,,,https://blog.naver.com/jklovelike/223131146390
2023-06-17,Sat,5,"'데미안'의 단상, 생각","자기 자신에 대한 승부욕, 누가 이기냐 보자",24,93,13,,,,,https://blog.naver.com/jklovelike/223131139774
2023-06-16,Fri,8,독서 단상,적시적기에 나타나는 책의 마력,16,123,23,,,,,https://blog.naver.com/jklovelike/223130288392
2023-06-16,Fri,7,가속성장/자기계발,브라이언 트레이시 인터뷰 중에서 - 성공을 위해서는 강력한 동기와 욕구가 중요하다,45,91,21,,,,,https://blog.naver.com/jklovelike/223130251068
2023-06-16,Fri,6,"대학,대학인",메가스터디 현우진 강사의 대학 시절 스탠포드 대학 이야기,31,95,6,,,,,https://blog.naver.com/jklovelike/223130244710
2023-06-15,Thu,6,"'데미안'의 단상, 생각",행동은 부산물에 불과하다,13,130,44,,,,,https://blog.naver.com/jklovelike/223129272075
2023-06-14,Wed,6,책쓰기 프로젝트,첫 책 쓰기 프로젝트(3) 독자가 청소년 대상인 글을 쓴다는 건,35,161,71,,,,,https://blog.naver.com/jklovelike/223128306193
2023-06-14,Wed,5,독서 단상,과거 책의 유물 찾기 - 절판된 도서 구하기,24,90,10,,,,,https://blog.naver.com/jklovelike/223128287376
2023-06-14,Wed,4,가속성장/자기계발,전력투구는 언젠가 당당하고 자유로운 사람으로 살아가기를 원하는 사람이라면 반드시 새겨들어야 할 단어이다,57,72,7,,,,,https://blog.naver.com/jklovelike/223128277083
2023-06-13,Tue,21,"'데미안'의 단상, 생각",가속성장이 필요할 때,11,121,12,,,,,https://blog.naver.com/jklovelike/223128071426
2023-06-13,Tue,6,'데미안'의 자기혁신,가난한 덕분에 성공할 것인가 가난하기 때문에 실패할 것인가,32,156,37,,,,,https://blog.naver.com/jklovelike/223127326739
2023-06-12,Mon,16,'데미안'의 자기혁신,당나귀로 살아갈 것인가 강인한 자태의 늑대가 되어볼 것인가,32,112,24,,,,,https://blog.naver.com/jklovelike/223126798873
2023-06-12,Mon,6,"'데미안'의 단상, 생각","빅터 프랭클, 죽음의 수용소에서 살아남는 방법",25,130,33,,,,,https://blog.naver.com/jklovelike/223126336702
2023-06-11,Sun,11,블로그 성장/노하우/팁,1일1포의 매일 작은 실천,14,150,41,,,,,https://blog.naver.com/jklovelike/223125717662
2023-06-10,Sat,6,"'데미안'의 단상, 생각","미라클모닝, 새벽 시간의 도미노 효과",20,133,42,,,,,https://blog.naver.com/jklovelike/223124972242
2023-06-10,Sat,5,지성과 사랑,구본형 - 하루를 즐기는 법,15,89,22,,,,,https://blog.naver.com/jklovelike/223124961222
2023-06-09,Fri,6,"'데미안'의 단상, 생각",마음 극복하기와 시작 전 자기암시법,19,135,31,,,,,https://blog.naver.com/jklovelike/223124055431
2023-06-09,Fri,4,흰구름의 길,오쇼 라즈니쉬 - 즉시 일어나라,17,97,18,,,,,https://blog.naver.com/jklovelike/223124039716
2023-06-08,Thu,18,독서 단상,재밌는 독서의 동시성 현상,14,164,34,,,,,https://blog.naver.com/jklovelike/223123702961
2023-06-08,Thu,17,"'데미안'의 단상, 생각",혹시 능동적 미루기를 하고 있지 않나요?,22,105,14,,,,,https://blog.naver.com/jklovelike/223123658774
2023-06-08,Thu,7,'데미안'의 자기혁신,엔비디아 CEO 젠슨 황 - 어떠한 상황이건 뛰어야 한다는 것을 잊지 말라. 걷지 말고 힘껏 달려라,55,90,23,,,,,https://blog.naver.com/jklovelike/223123125433
2023-06-08,Thu,0,"'데미안'의 단상, 생각","소신대로 살 수 있는 시대, 충분한 자유를 누릴 수 있는 시대",34,77,14,,,,,https://blog.naver.com/jklovelike/223123025578
2023-06-07,Wed,9,"'데미안'의 단상, 생각",단 하루 동안의 2시간 수면 후기,18,123,29,,,,,https://blog.naver.com/jklovelike/223122204250
2023-06-07,Wed,7,"'데미안'의 단상, 생각",새로움을 탐하다,8,94,20,,,,,https://blog.naver.com/jklovelike/223122134939
2023-06-07,Wed,6,수능/수능공부법/합격수기,수학 모의고사 시간 100분 운영법,19,78,0,2063,3,9,0,https://blog.naver.com/jklovelike/223122126987
2023-06-06,Tue,21,블로그 성장/노하우/팁,"블로그 스크랩 수 57,000회 돌파!",21,112,19,,,,,https://blog.naver.com/jklovelike/223121862520
2023-06-06,Tue,6,"'데미안'의 단상, 생각",한다면 하고 만다,9,100,36,,,,,https://blog.naver.com/jklovelike/223121346854
2023-06-05,Mon,23,'데미안'의 수능 칼럼 ,<수학 찍기 팁>2023년 6월 모의고사 수학13번 정답률 낮은 도형 문제 찍어서 맞는 비법 - '종이자'를 활용하자,65,65,6,1955,8,6,0,https://blog.naver.com/jklovelike/223121211930
2023-06-05,Mon,17,지성과 사랑,'환경'과 '우주' 사이 단 한 가지 차이는 바로 '나'이다,33,93,22,,,,,https://blog.naver.com/jklovelike/223120915796
2023-06-05,Mon,5,"'데미안'의 단상, 생각",헝그리 정신이 필요할 때가 있습니다,19,96,21,,,,,https://blog.naver.com/jklovelike/223120399598
2023-06-04,Sun,6,'데미안'의 수능 칼럼 ,고3 3월 모의 52점 4등급에서 70일 만에 6월 모의평가 80점 1등급까지의 성적 향상 방법,53,120,56,3451,6,1,1,https://blog.naver.com/jklovelike/223119723886
2023-06-03,Sat,7,"'데미안'의 단상, 생각","블로그 이웃, 책으로 연결되다",16,127,29,,,,,https://blog.naver.com/jklovelike/223119067180
2023-06-03,Sat,5,"'데미안'의 단상, 생각","새벽, 자기 시간의 지배자",14,109,25,,,,,https://blog.naver.com/jklovelike/223119047840
2023-06-02,Fri,22,수능/수능공부법/합격수기,2023년 6월 모의평가 수학 정답률/ 2024 6월 모의고사 수학 오답률 순위,44,46,1,156,6,1,0,https://blog.naver.com/jklovelike/223118890931
2023-06-02,Fri,5,"'데미안'의 단상, 생각",내가 겪은 아침 운동의 장점,15,116,41,,,,,https://blog.naver.com/jklovelike/223118129724
2023-06-01,Thu,21,수능/수능공부법/합격수기,2023년 6월 모의고사 추정 등급 커트라인 2024 6월 모의평가 예상 등급컷,44,74,6,531,8,0,4,https://blog.naver.com/jklovelike/223117890716
2023-06-01,Thu,9,"'데미안'의 단상, 생각","무라카미 하루키, 자유직업을 가진 자의 자기 관리",27,135,17,,,,,https://blog.naver.com/jklovelike/223117241437
2023-06-01,Thu,6,"'데미안'의 단상, 생각",강력한 목적성을 가지세요,13,124,33,,,,,https://blog.naver.com/jklovelike/223117153395
2023-05-31,Wed,8,"'데미안'의 단상, 생각",'조금만 더'는 또 다른 '조금만 더'를 만든다,26,136,44,,,,,https://blog.naver.com/jklovelike/223116204066
2023-05-31,Wed,7,"'데미안'의 단상, 생각",오르는 까닭은 계속 흐르기 위해서다,19,96,9,,,,,https://blog.naver.com/jklovelike/223116172819
2023-05-31,Wed,5,'데미안'의 자기혁신,"열심히 살면, 지지받는다.",14,127,25,,,,,https://blog.naver.com/jklovelike/223116138406
2023-05-30,Tue,6,'데미안'의 자기혁신,마무리가 멋져야 한다. 꾸준함이 원칙이다. 우리가 통제할 수 있는 것은 지속적 실행력이다,49,148,55,,,,,https://blog.naver.com/jklovelike/223115121919
2023-05-29,Mon,7,'데미안'의 젊은 날의 초상,정호승 <빈손> - 나는 나의 손을 더욱 사랑하게 됐다,30,119,39,,,,,https://blog.naver.com/jklovelike/223114331068
2023-05-29,Mon,5,"'데미안'의 단상, 생각","피하지 말자, 두려움을. 극복하자, 두려움의 허상을.",29,101,11,,,,,https://blog.naver.com/jklovelike/223114314138
2023-05-28,Sun,11,"'데미안'의 단상, 생각",왜 더 나은 자신이 되어야 하는가,18,110,16,,,,,https://blog.naver.com/jklovelike/223113735508
2023-05-28,Sun,11,'데미안'의 젊은 날의 초상,"초여름의 비, 비오는 날은 꿈꾸기 좋다",21,84,15,,,,,https://blog.naver.com/jklovelike/223113719796
2023-05-27,Sat,6,지성과 사랑,고민 명언 / 고민 해결 방법 - 막상 고민의 96%는 쓸데없다,35,99,44,,,,,https://blog.naver.com/jklovelike/223112986233
2023-05-27,Sat,5,"'데미안'의 단상, 생각",잠은 무위의 왕을 위한 일상의 수행이다,21,70,12,,,,,https://blog.naver.com/jklovelike/223112973718
2023-05-26,Fri,8,"'데미안'의 단상, 생각",즐거운 불만을 환영한다,12,105,28,,,,,https://blog.naver.com/jklovelike/223112133581
2023-05-26,Fri,7,'데미안'의 수능 칼럼 ,공부로 무리해서 실신한 장수생 제자,19,94,24,2829,3,1,1,https://blog.naver.com/jklovelike/223112114303
2023-05-26,Fri,5,가속성장/자기계발,"구본형, 자기계발에 대한 강령 7가지",20,67,14,,,,,https://blog.naver.com/jklovelike/223112089794
2023-05-25,Thu,19,독서 단상,올려다보기 - 자유는 우리의 머리 위에 있다,24,120,37,,,,,https://blog.naver.com/jklovelike/223111775722
2023-05-25,Thu,6,"'데미안'의 단상, 생각",꾸준한 미라클모닝의 기적과 의미 추구적 행위,24,114,54,,,,,https://blog.naver.com/jklovelike/223111155887
2023-05-25,Thu,5,"'데미안'의 단상, 생각",내일은 없으니 오늘을 살아라,15,83,21,,,,,https://blog.naver.com/jklovelike/223111143579
2023-05-25,Thu,1,지성과 사랑,다릴 앙카 - 가슴 뛰는 일을 하라,19,79,10,,,,,https://blog.naver.com/jklovelike/223111090498
2023-05-24,Wed,7,일상의 기록,뒤늦게 해보는 <오나대 챌린지>! 오늘도 나를 대접한다!,31,151,45,,,,,https://blog.naver.com/jklovelike/223110210468
2023-05-24,Wed,5,'데미안'의 자기혁신,글로 약속하라. 글을 통해 자신과 계약하라,23,130,31,,,,,https://blog.naver.com/jklovelike/223110186736
2023-05-23,Tue,21,"'데미안'의 단상, 생각",당신은 성공합니다,9,131,15,,,,,https://blog.naver.com/jklovelike/223109957395
2023-05-23,Tue,21,지성과 사랑,이주향 - 고독 속으로 달아나라!,18,67,3,,,,,https://blog.naver.com/jklovelike/223109938852
2023-05-23,Tue,7,"'데미안'의 단상, 생각",하늘은 언제나 나의 편!,13,117,28,,,,,https://blog.naver.com/jklovelike/223109233563
2023-05-23,Tue,5,"'데미안'의 단상, 생각",미루지 않기 - 나름 생산적으로 보냈던 24시간의 일상,30,105,13,,,,,https://blog.naver.com/jklovelike/223109213325
2023-05-23,Tue,2,가속성장/자기계발,장자 - 싸움닭,8,78,11,,,,,https://blog.naver.com/jklovelike/223109183140
2023-05-22,Mon,16,가속성장/자기계발,오쇼 라즈니쉬 - 미루지 말라,16,103,32,,,,,https://blog.naver.com/jklovelike/223108683256
2023-05-22,Mon,6,흰구름의 길,"구도하는 마음, 도의 사람, 흰구름의 길",22,90,5,,,,,https://blog.naver.com/jklovelike/223108237528
2023-05-22,Mon,5,'데미안'의 자기혁신,자기 확언 - 나는 무적이다,15,122,19,,,,,https://blog.naver.com/jklovelike/223108220752
2023-05-22,Mon,4,지성과 사랑,실수 명언 실패 명언 - 실수는 삶 자체이다,24,89,8,,,,,https://blog.naver.com/jklovelike/223108209905
2023-05-21,Sun,5,블로그 성장/노하우/팁,블로그 글감을 따로 저장하고 있습니다. 현재 517개의 소재가 기다리고 있습니다,44,116,54,,,,,https://blog.naver.com/jklovelike/223107536204
2023-05-21,Sun,4,"'데미안'의 단상, 생각",그러나 모험은 감행돼야 한다,15,80,11,,,,,https://blog.naver.com/jklovelike/223107523199
2023-05-20,Sat,18,'데미안'의 수능 칼럼 ,제 블로그를 보고 공부를 더 했다는 학생을 보니 내심 뿌듯합니다,35,91,17,975,3,0,2,https://blog.naver.com/jklovelike/223107233807
2023-05-20,Sat,6,내가 만난 [책],[릴레이 필사 챌린지] 저에게 의미있는 책을 선택했습니다 <살아 있는 것은 다 행복하라>,49,109,48,,,,,https://blog.naver.com/jklovelike/223106911025
2023-05-20,Sat,5,Na,새 일지 노트와 새로운 시작을 합니다,20,102,26,,,,,https://blog.naver.com/jklovelike/223106897789
2023-05-19,Fri,6,'데미안'의 수능 칼럼 ,제 블로그를 보고 하루 순공시간 15시간 공부에 도전하는 분들이 있습니다,40,132,45,2595,7,0,11,https://blog.naver.com/jklovelike/223106054328
2023-05-19,Fri,4,가속성장/자기계발,공병호 - 두뇌가동률 끌어올리기,17,83,19,,,,,https://blog.naver.com/jklovelike/223106029207
2023-05-18,Thu,16,지성과 사랑,로버트 슐러 <신념은 도약이다>,17,94,4,,,,,https://blog.naver.com/jklovelike/223105623789
2023-05-18,Thu,7,'데미안'의 수능 칼럼 ,수능 4등급에서 시작해 불과 3개월만에 재수종합학원 종로학원에서 수학 1등 찍은 현재 제자입니다 + 그외 몇 가지 공부에 대한 잔소리와 팁,77,117,45,3542,3,7,5,https://blog.naver.com/jklovelike/223105178761
2023-05-17,Wed,6,내가 만난 [책],블로그 이웃인 송주하 작가의 <리딩타임> - 독서 초보에서 2년 만에 작가가 되다,45,127,49,,,,,https://blog.naver.com/jklovelike/223104227784
2023-05-17,Wed,0,"'데미안'의 단상, 생각",우울을 극복하는 방법 중 하나는 바로 선행이다,25,122,21,,,,,https://blog.naver.com/jklovelike/223104102740
2023-05-16,Tue,7,블로그 성장/노하우/팁,1일 1포스팅 이상을 해왔던 반년 간 블로그 성장 많이 했습니다. 그 원동력에 목적의식이 있다고 생각합니다.,60,208,69,,,,,https://blog.naver.com/jklovelike/223103221913
2023-05-16,Tue,5,가속성장/자기계발,10년을 키워갈 나무처럼 생각하라,18,96,27,,,,,https://blog.naver.com/jklovelike/223103187563
2023-05-15,Mon,7,독서 단상,(붓다 브레인) 남들의 평판에서 자유로워지자,24,133,40,,,,,https://blog.naver.com/jklovelike/223102230044
2023-05-15,Mon,6,"'데미안'의 단상, 생각",삶을 바꾸는 건 생각보다 단순하다,18,124,28,,,,,https://blog.naver.com/jklovelike/223102211901
2023-05-15,Mon,5,가속성장/자기계발,구본형 - 늘 신선하고 창조적인 하루를 살기 위해서,28,73,7,,,,,https://blog.naver.com/jklovelike/223102198782
2023-05-14,Sun,21,수능/수능공부법/합격수기,2023년 5월 고3 모의고사 수학 정답률 오답률 (미적분 확통 기하),39,45,3,259,3,0,1,https://blog.naver.com/jklovelike/223101921497
2023-05-14,Sun,4,"'데미안'의 단상, 생각",이 이야기는 계속될 것이고 새로 쓰이는 장이 그 전 장보다 항상 나을 것이다,42,105,22,,,,,https://blog.naver.com/jklovelike/223101451738
2023-05-13,Sat,5,Na,<릴레이 필사 챌린지> 두 권의 책을 필사했습니다,27,113,59,,,,,https://blog.naver.com/jklovelike/223100818608
2023-05-13,Sat,5,"'데미안'의 단상, 생각",고독은 좋은 것이다,10,102,12,,,,,https://blog.naver.com/jklovelike/223100806626
2023-05-12,Fri,7,"'데미안'의 단상, 생각",습관은 무섭고 불가사의한 대상입니다 좋은 습관에 빠져보세요,32,141,24,,,,,https://blog.naver.com/jklovelike/223099913436
2023-05-12,Fri,5,내가 만난 [책],<마시멜로 이야기>를 중고로 산 이유와 그 외 함께 구입한 다른 중고서적들에 대한 이야기,49,106,21,,,,,https://blog.naver.com/jklovelike/223099883908
2023-05-11,Thu,6,"'데미안'의 단상, 생각",지루한 적이 별로 없습니다,14,135,50,,,,,https://blog.naver.com/jklovelike/223098946235
2023-05-11,Thu,5,수능/수능공부법/합격수기,2023년 고3 5월 모의고사 예상 등급컷 추정 등급 커트라인,34,63,7,321,10,1,0,https://blog.naver.com/jklovelike/223098920011
2023-05-10,Wed,8,'데미안'의 수능 칼럼 ,"연습생 출신 수포자 8등급, 9개월만에 제 지도 하에 수능 수학 1등급 받았습니다 (성적표, 문자 인증) 독하게 마음 먹으면 할 수 있습니다!",79,378,87,4091,8,6,3,https://blog.naver.com/jklovelike/223097979774
2023-05-10,Wed,0,"'데미안'의 단상, 생각",오직 하거나 안 할 뿐입니다. 중간지대는 없어요. 그냥 하세요.,35,122,51,,,,,https://blog.naver.com/jklovelike/223097851071
2023-05-09,Tue,6,일상의 기록,카페로 가자,6,343,108,,,,,https://blog.naver.com/jklovelike/223096963419
2023-05-09,Tue,5,독서 단상,독서의 즐거움이란? 책은 판도라 상자이다,22,106,7,,,,,https://blog.naver.com/jklovelike/223096947761
2023-05-08,Mon,8,'데미안'의 자기혁신,자기 투자의 방법 - 독서라는 레버리지,21,175,68,,,,,https://blog.naver.com/jklovelike/223096026313
2023-05-08,Mon,6,배움에 대하여,Writing is a discovery 글쓰기는 발견이다,32,97,21,935,1,0,0,https://blog.naver.com/jklovelike/223095994366
2023-05-07,Sun,8,"'데미안'의 단상, 생각",나름 워커홀릭이라 할 수 있는 자의 일요일,23,127,49,,,,,https://blog.naver.com/jklovelike/223095338974
2023-05-07,Sun,7,지식의 정리,"카이사르(시저)에 대한 말, 카이사르가 남긴 명언",27,129,10,,,,,https://blog.naver.com/jklovelike/223095323589
2023-05-06,Sat,5,가속성장/자기계발,로빈 S.샤르마 - 더 많은 실패를 하라 (내가 죽을 때 누가 울어줄까),40,86,13,,,,,https://blog.naver.com/jklovelike/223094641816
2023-05-06,Sat,0,'데미안'의 자기혁신,황홀한 루틴,6,127,48,,,,,https://blog.naver.com/jklovelike/223094543352
2023-05-05,Fri,9,독서 단상,블로그 이웃 분과 책을 공유하기,17,126,62,,,,,https://blog.naver.com/jklovelike/223093995362
2023-05-05,Fri,6,지성과 사랑,예술가 명언 화가 명언,12,99,33,,,,,https://blog.naver.com/jklovelike/223093948975
2023-05-05,Fri,0,"'데미안'의 단상, 생각","최상의 삶, 최선의 삶",12,103,18,,,,,https://blog.naver.com/jklovelike/223093856801
2023-05-04,Thu,7,"'데미안'의 단상, 생각",염세가 지배하는 세상?,12,112,29,,,,,https://blog.naver.com/jklovelike/223093041898
2023-05-04,Thu,7,배움에 대하여,"다치바나 다카시 ""you are what you eat""",31,98,16,1048,1,1,1,https://blog.naver.com/jklovelike/223093034951
2023-05-04,Thu,5,지성과 사랑,스승 명언 / 교육 명언 모음,16,94,12,,,,,https://blog.naver.com/jklovelike/223093012567
2023-05-04,Thu,0,수능/수능공부법/합격수기,2023년 4월 더프 모의고사 등급 커트라인 (실제 등급컷/보정컷),37,57,2,148,4,0,0,https://blog.naver.com/jklovelike/223092931147
2023-05-03,Wed,7,'데미안'의 수능 칼럼 ,"학생들의 세 가지 그룹, 그리고 점화될 수 있는 그룹과 동기부여",35,109,43,2519,2,3,0,https://blog.naver.com/jklovelike/223092038548
2023-05-03,Wed,5,"'데미안'의 단상, 생각",나야말로 나 자신의 모델이다,15,94,23,,,,,https://blog.naver.com/jklovelike/223091993907
2023-05-02,Tue,8,지성과 사랑,피천득 - 오월 (五月),13,117,17,,,,,https://blog.naver.com/jklovelike/223090924518
2023-05-02,Tue,7,관심사/이슈,"이강인, 빌바오 전 득점 성공! 시즌 6골 4도움 기록 중! + 골 장면",40,81,19,,,,,https://blog.naver.com/jklovelike/223090894916
2023-05-02,Tue,5,Na,"한 달이 끝나고, 다시 새로운 달이 시작할 무렵에",27,100,33,,,,,https://blog.naver.com/jklovelike/223090865686
2023-05-02,Tue,3,가속성장/자기계발,"데일 카네기의 작가, 저술가를 위한 자기 확언",25,83,32,,,,,https://blog.naver.com/jklovelike/223090853876
2023-05-01,Mon,6,"'데미안'의 단상, 생각",40대는 고체이다,9,126,42,,,,,https://blog.naver.com/jklovelike/223089971561
2023-05-01,Mon,5,가속성장/자기계발,발타자르 그라시안 - 끝까지 방심하지 말 것,24,80,4,,,,,https://blog.naver.com/jklovelike/223089950999
2023-04-30,Sun,11,"'데미안'의 단상, 생각","존 로크 ""자신을 불행하게 만들었다고 스스로 인정하는 것들은 알고 보면 스스로 선택한 것들이다""",53,109,17,,,,,https://blog.naver.com/jklovelike/223089240746
2023-04-29,Sat,6,블로그 성장/노하우/팁,이미 상위노출된 네이버 블로그 포스트가 있는 가운데 같은 키워드로 포스팅을 할 경우 어떤 일이 있을까요,57,134,21,,,,,https://blog.naver.com/jklovelike/223088305878
2023-04-29,Sat,5,독서 단상,무라카미 류 <무취미의 권유>,16,98,11,,,,,https://blog.naver.com/jklovelike/223088293913
2023-04-28,Fri,20,내가 만난 [책],데일 카네기 <인생대학> 전집 10권을 저렴하게 구매했습니다,33,130,47,,,,,https://blog.naver.com/jklovelike/223088040131
2023-04-28,Fri,19,수능/수능공부법/합격수기,오르비 창업자 라크리(lacri)의 옛날 언어/국어 공부법,32,69,4,3282,0,1,0,https://blog.naver.com/jklovelike/223088007312
2023-04-28,Fri,6,'데미안'의 수능 칼럼 ,"아파도 가르치는 강사, 아파도 수업듣는 제자",24,104,43,2711,0,0,0,https://blog.naver.com/jklovelike/223087338745
2023-04-28,Fri,1,가속성장/자기계발,데일 카네기 - 일을 잘하게 되는 3가지 방법,25,106,17,,,,,https://blog.naver.com/jklovelike/223087236285
2023-04-27,Thu,8,블로그 성장/노하우/팁,블로그 관리 - 모든 사람들의 비위를 맞추지 마세요. 남들의 이목에 너무 신경쓰지 마세요,49,159,78,,,,,https://blog.naver.com/jklovelike/223086378522
2023-04-27,Thu,7,흰구름의 길,오쇼 라즈니쉬 - 시인이 되어라,17,64,5,,,,,https://blog.naver.com/jklovelike/223086347158
2023-04-27,Thu,6,'데미안'의 자기혁신,거대 성취를 바라는 이에게 필요한 것 - 완벽에의 충동,30,65,5,,,,,https://blog.naver.com/jklovelike/223086331349
2023-04-27,Thu,6,수능/수능공부법/합격수기,한양대학교 2023 정시등급 충원률 경쟁률 정시 입결,29,42,0,183,3,0,1,https://blog.naver.com/jklovelike/223086325944
2023-04-26,Wed,5,'데미안'의 자기혁신,나는 인생에 자신있다 / 워런 버핏 찰리 멍거 헨리 포드,31,153,41,,,,,https://blog.naver.com/jklovelike/223085233746
2023-04-26,Wed,0,'데미안'의 자기혁신,자신감을 어떻게 키울 것인가? 자신감을 키우는 어렵지만 확실한 방법,37,122,30,,,,,https://blog.naver.com/jklovelike/223085163026
2023-04-25,Tue,21,수능/수능공부법/합격수기,2023년 고3 5월 모의고사 일정 / 모의고사 범위,29,68,2,187,2,2,0,https://blog.naver.com/jklovelike/223085015351
2023-04-25,Tue,8,지성과 사랑,질투 명언 모음 / 뭉크 '질투',18,118,33,,,,,https://blog.naver.com/jklovelike/223084293699
2023-04-25,Tue,5,"'데미안'의 단상, 생각",미라클모닝 새벽과 아침의 첫 한두 시간,21,128,56,,,,,https://blog.naver.com/jklovelike/223084242594
2023-04-24,Mon,19,수능/수능공부법/합격수기,2020 2021 2022 한양대학교 정시등급 정시입결,30,71,1,177,3,0,0,https://blog.naver.com/jklovelike/223083893353
2023-04-24,Mon,8,관심사/이슈,"이강인 헤타페 전 멀티골, 리그 4,5호골과 MOM 선정",31,88,19,,,,,https://blog.naver.com/jklovelike/223083300977
2023-04-24,Mon,6,"'데미안'의 단상, 생각",부유한 태도,6,108,23,,,,,https://blog.naver.com/jklovelike/223083269948
2023-04-24,Mon,6,지성과 사랑,정호승 시인 - 슬픔을 위하여,16,84,9,,,,,https://blog.naver.com/jklovelike/223083267332
2023-04-23,Sun,4,"'데미안'의 단상, 생각","창조, 그것은 주면 줄수록 더 많이 받는다.",24,121,41,,,,,https://blog.naver.com/jklovelike/223082589185
2023-04-23,Sun,4,지성과 사랑,더글러스 맥아더 장군 - 아버지의 기도,21,96,16,,,,,https://blog.naver.com/jklovelike/223082585344
2023-04-22,Sat,12,가속성장/자기계발,"오쇼 라즈니쉬 - 개선, 개혁, 혁명의 차이",24,96,20,,,,,https://blog.naver.com/jklovelike/223082127952
2023-04-21,Fri,23,"'데미안'의 단상, 생각",녹슬기 보다는 차라리 마모되는 삶,18,124,45,,,,,https://blog.naver.com/jklovelike/223081720074
2023-04-21,Fri,6,배움에 대하여,사이토 다카시 - 원고지 10장을 쓰는 힘 / 2000자를 쓰는 힘,37,110,33,2395,1,0,1,https://blog.naver.com/jklovelike/223080902061
2023-04-20,Thu,21,'데미안'의 수능 칼럼 ,"수능 200여일 남은 시점에, 공부 자극 글귀 / 공부 동기부여",35,100,19,4938,1,0,1,https://blog.naver.com/jklovelike/223080643563
2023-04-20,Thu,7,"'데미안'의 단상, 생각",시도했던 모든 것이 물거품이 되었더라도 그것은 또 하나의 전진이기 때문에 나는 용기를 잃지 않는다 (에디슨 명언),63,144,41,,,,,https://blog.naver.com/jklovelike/223079877878
2023-04-20,Thu,6,배움에 대하여,정은숙 마음산책 대표 - 한 줄이라도 매일 글을 쓰자,29,93,35,1279,0,1,0,https://blog.naver.com/jklovelike/223079868721
2023-04-19,Wed,6,"'데미안'의 단상, 생각",불확실성을 감내하는 힘은 위대하다,18,122,40,,,,,https://blog.naver.com/jklovelike/223078844768
2023-04-18,Tue,21,"'데미안'의 단상, 생각",멍청한 선택은 없다,10,128,24,,,,,https://blog.naver.com/jklovelike/223078606516
2023-04-18,Tue,7,'데미안'의 자기혁신,빠른 성공하기,7,155,50,,,,,https://blog.naver.com/jklovelike/223077842567
2023-04-18,Tue,6,수능/수능공부법/합격수기,인서울 대학 (서울권 대학) 최초로  2023 정시결과 공개한 상명대 정시등급,43,57,5,292,1,0,0,https://blog.naver.com/jklovelike/223077831821
2023-04-17,Mon,6,"'데미안'의 단상, 생각",자기 신뢰 - 자기 자신으로 살아가기,20,122,32,,,,,https://blog.naver.com/jklovelike/223076690406
2023-04-16,Sun,21,책쓰기 프로젝트,첫 책 쓰기 프로젝트(2) 얼마나 솔직해져야 할까요,28,146,31,,,,,https://blog.naver.com/jklovelike/223076427977
2023-04-16,Sun,2,"'데미안'의 단상, 생각",적응의 힘,5,100,29,,,,,https://blog.naver.com/jklovelike/223075919181
2023-04-15,Sat,11,책쓰기 프로젝트,"첫 책 쓰기 프로젝트(1) 글쓰기 첫날에 먹통된 노트북, 하지만 순조로운 시작",43,145,55,,,,,https://blog.naver.com/jklovelike/223075409150
2023-04-15,Sat,0,'데미안'의 자기혁신,시간이 부족한 게 아닙니다,14,130,49,,,,,https://blog.naver.com/jklovelike/223075086373
2023-04-14,Fri,5,블로그 성장/노하우/팁,요새 독서와 블로그를 전도하고 있습니다 - 읽었던 블로그 관련 책 중에서 추천도서,45,208,53,,,,,https://blog.naver.com/jklovelike/223074072880
2023-04-13,Thu,21,책쓰기 프로젝트,오늘 도서 출간 계약했습니다. 이제 8월 초까지 책 집필 들어갑니다!,38,216,143,,,,,https://blog.naver.com/jklovelike/223073865167
2023-04-13,Thu,7,'데미안'의 수능 칼럼 ,군수(군대 재수)에서의 예기치 않은 변수 - 훈련 기간과 수능일정이 겹치는 경우가 있습니다,50,96,11,540,3,0,1,https://blog.naver.com/jklovelike/223073021950
2023-04-13,Thu,6,"'데미안'의 단상, 생각","열정 없는 환상은 없고, 환상 없는 열정은 없다",26,94,12,,,,,https://blog.naver.com/jklovelike/223073008630
2023-04-13,Thu,1,"'데미안'의 단상, 생각",결단하며 살 것인가? 우유부단하게 살 것인가?,25,113,15,,,,,https://blog.naver.com/jklovelike/223072928340
2023-04-12,Wed,15,수능/수능공부법/합격수기,"6월 모의평가 접수, 6월 모의고사 신청을 아직 못 한 재수생 독학생 반수생에게 - 그냥 모교 통해 접수하세요",61,67,3,550,1,0,0,https://blog.naver.com/jklovelike/223072429476
2023-04-12,Wed,6,"'데미안'의 단상, 생각",5분만 한 뒤 그만두자,12,149,53,,,,,https://blog.naver.com/jklovelike/223071987378
2023-04-12,Wed,1,블로그 성장/노하우/팁,처음으로 블로그 1일 5포스팅 해봤습니다. 확실히 차이가 보이긴 합니다,39,117,40,,,,,https://blog.naver.com/jklovelike/223071896825
2023-04-11,Tue,21,'데미안'의 젊은 날의 초상,즐길 수 있는 일을 해야 의욕이 넘치고 에너지가 효율적으로 발산됩니다,38,115,16,,,,,https://blog.naver.com/jklovelike/223071730551
2023-04-11,Tue,6,'데미안'의 자기혁신,존중하세요. 인정해주세요. 공짜로 아군을 만드는 법,28,138,43,,,,,https://blog.naver.com/jklovelike/223070959843
2023-04-11,Tue,5,지성과 사랑,인생 명언 인생 글귀 - 오늘을 사랑하라(토마스 칼라일),31,105,14,,,,,https://blog.naver.com/jklovelike/223070932017
2023-04-11,Tue,1,블로그 성장/노하우/팁,그저 써라. 내키는 대로 써라. 글을 남기는 것에 의의가 있다,34,116,31,,,,,https://blog.naver.com/jklovelike/223070827601
2023-04-11,Tue,0,"'데미안'의 단상, 생각",우리 모두 사업가다,10,88,14,,,,,https://blog.naver.com/jklovelike/223070791348
2023-04-10,Mon,23,독서 단상,"독서의 목적 - 자유인이 되고자 하는, 제한없는 자기창조의 노력",35,99,27,,,,,https://blog.naver.com/jklovelike/223070737303
2023-04-10,Mon,6,"'데미안'의 단상, 생각",이야기 들어주기,8,108,51,,,,,https://blog.naver.com/jklovelike/223069829642
2023-04-10,Mon,6,'데미안'의 자기혁신,목표를 높게 잡아라. 산 위의 왕이 되어라,23,111,18,,,,,https://blog.naver.com/jklovelike/223069820315
2023-04-10,Mon,6,수능/수능공부법/합격수기,2022년 4월 더프 모의고사 등급 커트라인 (실제 등급컷/보정 예상 등급컷),43,56,2,137,3,0,0,https://blog.naver.com/jklovelike/223069816909
2023-04-09,Sun,1,"'데미안'의 단상, 생각",속 좁은 만큼 나의 세계도 좁아진다,19,153,47,,,,,https://blog.naver.com/jklovelike/223068996629
2023-04-08,Sat,6,'데미안'의 수능 칼럼 ,오늘도 새벽 2시 가까이 공부하는 제자들,22,124,37,1453,3,0,0,https://blog.naver.com/jklovelike/223068319223
2023-04-08,Sat,3,'데미안'의 자기혁신,일종의 자경문,7,101,12,,,,,https://blog.naver.com/jklovelike/223068263469
2023-04-07,Fri,16,블로그 성장/노하우/팁,도서 출간 제안 받았습니다,14,162,117,,,,,https://blog.naver.com/jklovelike/223067826037
2023-04-07,Fri,5,"'데미안'의 단상, 생각",기회가 없다고 말하지 마라,14,148,63,,,,,https://blog.naver.com/jklovelike/223067323246
2023-04-06,Thu,23,내가 만난 [책],<도서추천> 살아야 한다 나는 살아야 한다 : 한 인간의 피로 쓴 책,38,101,18,,,,,https://blog.naver.com/jklovelike/223067135787
2023-04-06,Thu,7,블로그 성장/노하우/팁,네이버 블로그 상위노출 관련하여 + 기교없이 우직하게,29,150,54,,,,,https://blog.naver.com/jklovelike/223066317522
2023-04-06,Thu,4,"'데미안'의 단상, 생각",자존과 자립,6,106,35,,,,,https://blog.naver.com/jklovelike/223066259743
2023-04-06,Thu,1,'데미안'의 수능 칼럼 ,학생들을 위한 동기부여 글이나 수능 관련 글을 자주 올리려고 합니다.,38,81,8,726,3,0,0,https://blog.naver.com/jklovelike/223066175463
2023-04-05,Wed,6,가속성장/자기계발,좋아하는 일을 택하면 하루살이 인생은 되지 않는다,27,120,32,,,,,https://blog.naver.com/jklovelike/223065201831
2023-04-05,Wed,6,독서 단상,새벽녘에 읽는 중고 서적,13,104,29,,,,,https://blog.naver.com/jklovelike/223065194349
2023-04-05,Wed,5,지성과 사랑,무라카미 하루키 - 나 자신이 되는 것 말고는 또 다른 길이란 없다,37,115,17,,,,,https://blog.naver.com/jklovelike/223065183081
2023-04-05,Wed,0,"'데미안'의 단상, 생각","몰입 경험, 영감을 받는 것",15,97,12,,,,,https://blog.naver.com/jklovelike/223065081187
2023-04-04,Tue,17,지성과 사랑,"니체, 알랭 드 보통 - 곤경에 대한 위안",23,120,21,,,,,https://blog.naver.com/jklovelike/223064631388
2023-04-04,Tue,0,블로그 성장/노하우/팁,네이버 블로그 스크랩 목록 확인 방법,20,96,23,,,,,https://blog.naver.com/jklovelike/223063984558
2023-04-03,Mon,7,내가 만난 [책],4월 되자마자 구입한 중고 서적,17,132,41,,,,,https://blog.naver.com/jklovelike/223063040822
2023-04-03,Mon,6,가속성장/자기계발,"발타자르 그라시안 - 풍성한 지식, 날카로운 판단력, 품격 있는 취향",38,93,14,,,,,https://blog.naver.com/jklovelike/223063011715
2023-04-03,Mon,5,수능/수능공부법/합격수기,2023년 3월 더프 모의고사 등급 (실제 등급컷/예상 보정 등급컷),38,55,2,307,4,0,0,https://blog.naver.com/jklovelike/223063005399
2023-04-02,Sun,11,블로그 성장/노하우/팁,"블로그, 반년간의 변화 - 꾸준히1일 1포스팅 이상 하기 : 조회수 변화 15배 성장 (죽어가는 블로그 살리기 대작전!)",67,149,66,,,,,https://blog.naver.com/jklovelike/223062390078
2023-04-02,Sun,0,'데미안'의 자기혁신,진정한 경쟁자,7,103,28,,,,,https://blog.naver.com/jklovelike/223062193169
2023-04-01,Sat,4,'데미안'의 자기혁신,"왜, 배워야 하는가? - ""배움의 힘을 체감하고 있습니다""",32,137,50,,,,,https://blog.naver.com/jklovelike/223061535093
2023-03-31,Fri,22,"'데미안'의 단상, 생각",아마추어가 영감을 기다릴 때 프로는 작업한다,24,108,14,,,,,https://blog.naver.com/jklovelike/223061282877
2023-03-31,Fri,16,블로그 성장/노하우/팁,네이버 블로그 포스팅 검색 누락 사례 - <나폴레옹 명언> 포스트,36,89,25,,,,,https://blog.naver.com/jklovelike/223060980125
2023-03-31,Fri,5,'데미안'의 자기혁신,몰입 모드 - 최선의 적은 무난함이다,20,140,39,,,,,https://blog.naver.com/jklovelike/223060525265
2023-03-31,Fri,4,지성과 사랑,인생 명언 - 에픽테토스 : 너 자신에 대해서는 어떤 방해도 없다,36,90,15,,,,,https://blog.naver.com/jklovelike/223060518435
2023-03-30,Thu,22,'데미안'의 수능 칼럼 ,처음으로 순공시간(순수 공부 시간) 15시간 채워본 고3 제자 이야기,38,109,23,2291,4,8,1,https://blog.naver.com/jklovelike/223060329208
2023-03-30,Thu,17,대기만성,"늦게 데뷔한 소설가, 대기만성형 작가",20,129,23,,,,,https://blog.naver.com/jklovelike/223060094830
2023-03-30,Thu,6,"'데미안'의 단상, 생각","새벽, 아침 시간의 루틴을 다 마친 뒤 이 글을 씁니다",30,111,36,,,,,https://blog.naver.com/jklovelike/223059542034
2023-03-30,Thu,5,"'데미안'의 단상, 생각",자기확신으로 꿈에 도전하다,14,97,13,,,,,https://blog.naver.com/jklovelike/223059526447
2023-03-29,Wed,7,'데미안'의 수능 칼럼 ,공부에서는 꾸준함이 중요합니다. 원칙을 세워 매일매일 루틴대로 해야 합니다.,42,144,59,1728,5,0,2,https://blog.naver.com/jklovelike/223058491514
2023-03-29,Wed,6,수능/수능공부법/합격수기,"2023년 3월 모의고사 등급별 국어, 수학 선택과목 비율 + 영어 1~2등급 비율",46,58,7,646,2,0,0,https://blog.naver.com/jklovelike/223058473007
2023-03-29,Wed,0,가속성장/자기계발,구본형 - 매너리즘으로부터 벗어나 다시 시작하는 법,28,89,16,,,,,https://blog.naver.com/jklovelike/223058406255
2023-03-28,Tue,16,지식의 정리,"나폴레옹 명언 모음 - ""오늘 나의 불행은 언젠가 잘못 보낸 시간의 보복이다""",43,127,24,,,,,https://blog.naver.com/jklovelike/223057972367
2023-03-28,Tue,5,'데미안'의 자기혁신,"기회가 찾아올 만큼 나는 충분히 노출되었고, 그것을 잡을 만큼 대담한가?",40,116,31,,,,,https://blog.naver.com/jklovelike/223057509705
2023-03-28,Tue,5,지성과 사랑,이시영 - '나의 나',12,66,8,,,,,https://blog.naver.com/jklovelike/223057502526
2023-03-27,Mon,16,독서 단상,"책읽기를 어떻게 해야 하는지를 짤막하지만 여실히 보여주는 글이다 (릭 워렌, 목적이 있는 삶 중에서)",56,138,63,,,,,https://blog.naver.com/jklovelike/223056917435
2023-03-27,Mon,7,독서 단상,좋은 글입니다 - <행하는 모든 일에 활기를 불어넣어라>,31,107,51,,,,,https://blog.naver.com/jklovelike/223056441268
2023-03-27,Mon,6,'데미안'의 수능 칼럼 ,해이해졌을 때 포기 안 해줘서 고맙다는 문자를 받고,28,85,12,476,1,0,1,https://blog.naver.com/jklovelike/223056428379
2023-03-27,Mon,5,"'데미안'의 단상, 생각",일이 즐겁다면 인생은 천국이다. 그러나 일이 의무라면 인생은 지옥이다,38,93,15,,,,,https://blog.naver.com/jklovelike/223056411870
2023-03-26,Sun,2,'데미안'의 자기혁신,블로그에 매일 글을 올려보아라,16,176,65,,,,,https://blog.naver.com/jklovelike/223055665528
2023-03-26,Sun,2,지성과 사랑,임어당 - 인간의 권위,12,75,8,,,,,https://blog.naver.com/jklovelike/223055657052
2023-03-25,Sat,14,지성과 사랑,두려움 명언 & 공포 불안에 관한 명언,21,112,10,,,,,https://blog.naver.com/jklovelike/223055260352
2023-03-25,Sat,14,수능/수능공부법/합격수기,2023 고3 3월 모의고사 수학 오답률/정답률 순위,29,61,2,159,6,3,0,https://blog.naver.com/jklovelike/223055253383
2023-03-25,Sat,4,"'데미안'의 단상, 생각",노아의 원칙 - 방주를 짓는 일이 더 중요하다,25,112,18,,,,,https://blog.naver.com/jklovelike/223055014872
2023-03-25,Sat,3,Na,특별한 하루이다,8,90,10,,,,,https://blog.naver.com/jklovelike/223055005663
2023-03-24,Fri,23,블로그 성장/노하우/팁,블로그 조회수/방문자수 - 처음으로 하루 조회수 2만 넘겨봤습니다,36,106,48,,,,,https://blog.naver.com/jklovelike/223054869051
2023-03-24,Fri,5,내가 만난 [책],오늘 새벽에 구입한 도서들,14,129,56,,,,,https://blog.naver.com/jklovelike/223054036107
2023-03-24,Fri,4,"'데미안'의 단상, 생각",수면 부족의 아이러니 - 나는 차라리 잠을 적게 자야 한다(2),35,109,34,,,,,https://blog.naver.com/jklovelike/223054025715
2023-03-23,Thu,22,"'데미안'의 단상, 생각",매일 0.1%의 복리성장 어떠세요?,19,101,15,,,,,https://blog.naver.com/jklovelike/223053875720
2023-03-23,Thu,20,수능/수능공부법/합격수기,2023년 고3 3월 모의고사 등급컷(추정) <국수영 예상 등급컷>,37,73,5,656,3,19,1,https://blog.naver.com/jklovelike/223053741894
2023-03-23,Thu,17,'데미안'의 수능 칼럼 ,3월 모의고사 점수가 수능 때까지 간다?,22,84,6,1311,1,0,4,https://blog.naver.com/jklovelike/223053520305
2023-03-23,Thu,6,"'데미안'의 단상, 생각",시간이 없다?,7,117,49,,,,,https://blog.naver.com/jklovelike/223052973282
2023-03-23,Thu,5,가속성장/자기계발,슬럼프 극복 - 슬럼프를 탈출하는 7가지 방법,25,98,26,,,,,https://blog.naver.com/jklovelike/223052956406
2023-03-23,Thu,0,"'데미안'의 단상, 생각",마음 먹고 하면 된다,11,103,8,,,,,https://blog.naver.com/jklovelike/223052881159
2023-03-22,Wed,5,"'데미안'의 단상, 생각",하루 고작 한 시간의 습관만으로도 삶이 바뀐다,25,156,62,,,,,https://blog.naver.com/jklovelike/223051877422
2023-03-22,Wed,0,'데미안'의 자기혁신,백 권 이상 책을 저술한 세스 고딘 - 압도적인 양이 중요하다,34,133,23,,,,,https://blog.naver.com/jklovelike/223051795018
2023-03-21,Tue,20,"'데미안'의 단상, 생각",유치한 과정을 겪어야만 성장해나갈 수 있다,23,177,21,,,,,https://blog.naver.com/jklovelike/223051612781
2023-03-21,Tue,8,'데미안'의 자기혁신,제왕이 되겠다는 자신감,12,132,47,,,,,https://blog.naver.com/jklovelike/223050871083
2023-03-21,Tue,7,'데미안'의 수능 칼럼 ,받고 싶던 수능과외 수업을 언니가 동생에게 양보한 이야기,31,101,30,2100,7,0,0,https://blog.naver.com/jklovelike/223050840064
2023-03-21,Tue,0,"'데미안'의 단상, 생각",모든 것을 다 태워 버릴만한 욕망,18,95,28,,,,,https://blog.naver.com/jklovelike/223050743538
2023-03-20,Mon,7,"'데미안'의 단상, 생각",우유부단할 바에 차라리 실패를 선택하라,21,128,44,,,,,https://blog.naver.com/jklovelike/223049662111
2023-03-19,Sun,15,블로그 성장/노하우/팁,글 쓸 수 있는 10분이 주어져 있습니다,22,177,66,,,,,https://blog.naver.com/jklovelike/223049141641
2023-03-18,Sat,21,'데미안'의 수능 칼럼 ,제자에게 수능 국어 어휘 공부를 시켰더니,22,113,23,729,3,0,2,https://blog.naver.com/jklovelike/223048731362
2023-03-18,Sat,5,'데미안'의 자기혁신,우리가 신과 공유하는 능력은 창조의 힘이 아닐까 싶습니다,31,101,28,,,,,https://blog.naver.com/jklovelike/223048054222
2023-03-17,Fri,19,독서 단상,"홍정욱의 7막 7장, 10대 학생(수험생)에게 추천하는 공부 수기 /유학기",41,109,26,,,,,https://blog.naver.com/jklovelike/223047716791
2023-03-17,Fri,5,"'데미안'의 단상, 생각",노년에도 충분히 할 수 있는 일을 미리 키워보려고 합니다,31,125,66,,,,,https://blog.naver.com/jklovelike/223047019623
2023-03-17,Fri,0,지성과 사랑,김수영 - 하루살이,10,76,7,,,,,https://blog.naver.com/jklovelike/223046934501
2023-03-16,Thu,22,블로그 성장/노하우/팁,이웃수 7만명 넘는 파워블로거의 하루 조회수와 애드포스트 수익은?,36,122,23,,,,,https://blog.naver.com/jklovelike/223046862836
2023-03-16,Thu,14,블로그 성장/노하우/팁,"블로그 글쓰기의 소재는 의의로 가까운 곳, 블로그 내부/활동에 있습니다.",40,137,27,,,,,https://blog.naver.com/jklovelike/223046326594
2023-03-15,Wed,8,"'데미안'의 단상, 생각",자기단련과 자기극복의 즐거움,15,132,37,,,,,https://blog.naver.com/jklovelike/223044878482
2023-03-15,Wed,6,"'데미안'의 단상, 생각","부족할수록, 제한될수록 더 창조적이다",20,113,32,,,,,https://blog.naver.com/jklovelike/223044828492
2023-03-14,Tue,14,'데미안'의 자기혁신,삶은 문제해결의 연속이다,13,133,36,,,,,https://blog.naver.com/jklovelike/223044086741
2023-03-13,Mon,7,독서 단상,책 읽을 시간이 없나요,12,168,47,,,,,https://blog.naver.com/jklovelike/223042651589
2023-03-13,Mon,5,지성과 사랑,정호승 - 희망을 만드는 사람이 되라,20,96,9,,,,,https://blog.naver.com/jklovelike/223042635127
2023-03-12,Sun,21,"'데미안'의 단상, 생각",자극을 회피하지 말자,11,115,30,,,,,https://blog.naver.com/jklovelike/223042392587
2023-03-12,Sun,10,수능/수능공부법/합격수기,"2023년 사설 모의고사 일정 (더프, 이투스, 종로 모의고사)",35,88,0,298,3,3,1,https://blog.naver.com/jklovelike/223042006506
2023-03-11,Sat,18,"'데미안'의 단상, 생각",누려야 할 자유,8,104,16,,,,,https://blog.naver.com/jklovelike/223041636976
2023-03-11,Sat,5,'데미안'의 자기혁신,태도는 스킬이다. 태도를 배우거나 가르칠 수 있다,27,120,37,,,,,https://blog.naver.com/jklovelike/223041145819
2023-03-11,Sat,5,수능/수능공부법/합격수기,2023년 고3 모의고사 일정 / 4월 모의고사 일정 변경,32,82,2,313,1,0,0,https://blog.naver.com/jklovelike/223041143553
2023-03-10,Fri,22,Na,오늘 새벽에 겪었던 동시성 현상,17,149,38,,,,,https://blog.naver.com/jklovelike/223040982364
2023-03-10,Fri,19,'데미안'의 자기혁신,시간이라는 제약된 자원,12,107,23,,,,,https://blog.naver.com/jklovelike/223040692804
2023-03-10,Fri,5,"'데미안'의 단상, 생각",동반성장하기,6,120,50,,,,,https://blog.naver.com/jklovelike/223040126308
2023-03-09,Thu,6,"'데미안'의 단상, 생각",내가 원하는 자수성가는,12,111,34,,,,,https://blog.naver.com/jklovelike/223039167337
2023-03-09,Thu,6,지성과 사랑,당신에게 달린 일이다,11,92,14,,,,,https://blog.naver.com/jklovelike/223039163202
2023-03-08,Wed,16,가속성장/자기계발,부자가 될 수 없는 사람,13,149,41,,,,,https://blog.naver.com/jklovelike/223038542115
2023-03-08,Wed,6,"'데미안'의 단상, 생각",학교 선생님의 말씀은 생각보다 학생에게 영향력이 크다,29,114,22,,,,,https://blog.naver.com/jklovelike/223038114544
2023-03-08,Wed,1,"'데미안'의 단상, 생각",목적이 없는 자는 목적이 있는 자에게 죽임을 당한다,28,114,15,,,,,https://blog.naver.com/jklovelike/223038049046
2023-03-07,Tue,15,"'데미안'의 단상, 생각",기회는 여전합니다. 할 수 있습니다,19,125,19,,,,,https://blog.naver.com/jklovelike/223037503980
2023-03-07,Tue,8,'데미안'의 수능 칼럼 ,자칭 ADHD라고 말하는 고3 제자를 변화시키기,26,125,22,2155,4,0,2,https://blog.naver.com/jklovelike/223037049619
2023-03-07,Tue,7,'데미안'의 수능 칼럼 ,한 고3 학부모님의 간절한 부탁을 거절하며,23,86,14,969,3,0,1,https://blog.naver.com/jklovelike/223037018417
2023-03-07,Tue,5,"'데미안'의 단상, 생각",플로우,3,95,26,,,,,https://blog.naver.com/jklovelike/223036990223
2023-03-06,Mon,19,배움에 대하여,다니엘 스틸 - 새벽 세 시에 찾아오는 영감을 기다리지 마라,33,113,11,591,1,1,0,https://blog.naver.com/jklovelike/223036620809
2023-03-06,Mon,16,블로그 성장/노하우/팁,블로그 꾸준히 하기,10,169,63,,,,,https://blog.naver.com/jklovelike/223036352956
2023-03-05,Sun,11,독서 단상,독서의 거대한 즐거움,11,138,43,,,,,https://blog.naver.com/jklovelike/223035190875
2023-03-04,Sat,13,지성과 사랑,벤자민 프랭클린의 짧은 기도문,16,118,9,,,,,https://blog.naver.com/jklovelike/223034462719
2023-03-04,Sat,5,독서 단상,'데미안' 같은 벗을 사귀고 싶었다,19,154,43,,,,,https://blog.naver.com/jklovelike/223034212606
2023-03-04,Sat,4,"'데미안'의 단상, 생각","새벽, 우주에 다다르는 시간",15,98,22,,,,,https://blog.naver.com/jklovelike/223034204367
2023-03-03,Fri,16,'데미안'의 자기혁신,"일상에서의 회복의 기술, 재충전의 비법 - 자기암시법",29,101,25,,,,,https://blog.naver.com/jklovelike/223033640323
2023-03-03,Fri,16,독서 단상,"다치바나 다카시, 공병호, 안철수의 독서법",23,92,12,,,,,https://blog.naver.com/jklovelike/223033622979
2023-03-02,Thu,21,일상의 기록,오늘 배송 온 <세이노의 가르침> 읽기 + 망원 카페 <락떼스피릿>에서,39,292,107,,,,,https://blog.naver.com/jklovelike/223032887568
2023-03-02,Thu,8,블로그 성장/노하우/팁,1일1포스팅를 넘어서 1일3포를 세 달 가까이 해보니 - <꾸준함의 효과>,41,145,70,,,,,https://blog.naver.com/jklovelike/223032098098
2023-03-02,Thu,6,가속성장/자기계발,돈에 대한 긍정 확언,11,102,22,,,,,https://blog.naver.com/jklovelike/223032068172
2023-03-02,Thu,6,"'데미안'의 단상, 생각",전쟁을 권한다,7,65,3,,,,,https://blog.naver.com/jklovelike/223032059688
2023-03-01,Wed,15,"'데미안'의 단상, 생각",새롭게 태어나기,8,114,23,,,,,https://blog.naver.com/jklovelike/223031558719
2023-02-28,Tue,20,"'데미안'의 단상, 생각",나태의 죄 + 의욕 생성,13,105,23,,,,,https://blog.naver.com/jklovelike/223030827290
2023-02-28,Tue,6,'데미안'의 수능 칼럼 ,"1위 과외플랫폼(김과외)에서, 42만명 전체 강사 중 최근성사 1위를 찍었습니다",44,331,105,1792,4,2,0,https://blog.naver.com/jklovelike/223029996677
2023-02-27,Mon,22,"'데미안'의 단상, 생각",말은 생명력이 있다,10,107,31,,,,,https://blog.naver.com/jklovelike/223029668046
2023-02-27,Mon,6,'데미안'의 자기혁신,'탓'이 아니라 '덕분에'이다,16,137,53,,,,,https://blog.naver.com/jklovelike/223028748919
2023-02-27,Mon,5,지성과 사랑,구본형 - 거리가 말을 걸어올 때,18,76,12,,,,,https://blog.naver.com/jklovelike/223028736888
2023-02-26,Sun,6,독서 단상,책이라는 마력,7,114,51,,,,,https://blog.naver.com/jklovelike/223027909208
2023-02-26,Sun,5,지성과 사랑,<보바리 부인> 작가 플로베르가 말하는 '예술',26,68,5,,,,,https://blog.naver.com/jklovelike/223027893587
2023-02-26,Sun,3,'데미안'의 수능 칼럼 ,"2월 말, 학생들 순수 공부 시간 - 당일 최고기록 순공 15시간 8분",39,70,8,990,10,0,1,https://blog.naver.com/jklovelike/223027845671
2023-02-26,Sun,2,가속성장/자기계발,공병호 - 교육이 가르치지 못하는 것,20,68,10,,,,,https://blog.naver.com/jklovelike/223027832184
2023-02-25,Sat,16,"'데미안'의 단상, 생각",가능성의 열병,7,90,10,,,,,https://blog.naver.com/jklovelike/223027378972
2023-02-24,Fri,21,가속성장/자기계발,영국 억만장자가 쓴 성공에 관한 자작시,21,106,37,,,,,https://blog.naver.com/jklovelike/223026752331
2023-02-24,Fri,18,"'데미안'의 단상, 생각",수직의 텍스트 - 자기 자신을 이기려는 자는,24,93,18,,,,,https://blog.naver.com/jklovelike/223026581452
2023-02-24,Fri,4,'데미안'의 자기혁신,[수면법]4시간~5시간 자고도 능률 있게 하루를 보낼 수 있는 나만의 방법,41,157,61,,,,,https://blog.naver.com/jklovelike/223025957962
2023-02-24,Fri,0,Na,새 일지 노트의 시작,11,122,34,,,,,https://blog.naver.com/jklovelike/223025890285
2023-02-23,Thu,6,'데미안'의 수능 칼럼 ,고3 3월 모의고사가 한 달 남은 시점에 - 보다 더 공부량을 늘리자 (진정한 고3모드!),50,101,21,2073,5,0,4,https://blog.naver.com/jklovelike/223024828877
2023-02-23,Thu,4,Na,수능 관련 글과 수능 공부법 포스트를 많이 써야겠습니다.,31,84,24,,,,,https://blog.naver.com/jklovelike/223024804539
2023-02-23,Thu,0,가속성장/자기계발,행동하는 열정,7,92,21,,,,,https://blog.naver.com/jklovelike/223024707489
2023-02-22,Wed,4,Na,"지혜로운 하루, 명랑한 하루",15,102,36,,,,,https://blog.naver.com/jklovelike/223023695886
2023-02-22,Wed,0,"'데미안'의 단상, 생각",성장 마인드,6,96,10,,,,,https://blog.naver.com/jklovelike/223023568679
2023-02-21,Tue,13,"'데미안'의 단상, 생각",설마설마의 사건들,9,117,23,,,,,https://blog.naver.com/jklovelike/223022809904
2023-02-21,Tue,8,'데미안'의 수능 칼럼 ,올해 만난 마지막 제자,12,100,8,2127,8,0,1,https://blog.naver.com/jklovelike/223022552611
2023-02-21,Tue,4,Na,열띤 새벽,5,100,30,,,,,https://blog.naver.com/jklovelike/223022506930
2023-02-20,Mon,21,"'데미안'의 단상, 생각",blind spot 맹점,13,81,11,,,,,https://blog.naver.com/jklovelike/223022266693
2023-02-20,Mon,15,가속성장/자기계발,"정신적인 낭비를 하지 말라, 그리고 집중하라.",25,130,24,,,,,https://blog.naver.com/jklovelike/223021790125
2023-02-20,Mon,5,가속성장/자기계발,잉여 없는 삶,7,109,36,,,,,https://blog.naver.com/jklovelike/223021307373
2023-02-19,Sun,21,블로그 성장/노하우/팁,"1일1포스팅 80여 일차, 오늘 1일1포를 실패할 뻔했습니다",33,135,52,,,,,https://blog.naver.com/jklovelike/223021008376
2023-02-18,Sat,20,'데미안'의 수능 칼럼 ,"한의대 목표, 수능 30대 장수생의 마음가짐과 공부자세",30,135,37,1540,0,0,0,https://blog.naver.com/jklovelike/223020201990
2023-02-18,Sat,12,지성과 사랑,백옥섬 - 게으름의 전당,13,99,12,,,,,https://blog.naver.com/jklovelike/223019812123
2023-02-18,Sat,0,'데미안'의 자기혁신,혁신에 필요한 강렬한 열정과 감성적 확신,22,91,8,,,,,https://blog.naver.com/jklovelike/223019545647
2023-02-17,Fri,21,일상의 기록,ENTJ와 ESTJ 특징의 공통점과 마주치다,24,116,23,,,,,https://blog.naver.com/jklovelike/223019378561
2023-02-17,Fri,8,"'데미안'의 단상, 생각",댓글 감사합니다,8,121,52,,,,,https://blog.naver.com/jklovelike/223018555580
2023-02-17,Fri,6,"'데미안'의 단상, 생각",오늘을 살기,6,97,35,,,,,https://blog.naver.com/jklovelike/223018524619
2023-02-17,Fri,5,지식의 정리,도쿠가와 이에야스의 명언 - 그의 유훈 (사람의 일생),30,89,20,,,,,https://blog.naver.com/jklovelike/223018512081
2023-02-17,Fri,1,"'데미안'의 단상, 생각",명상 - 내면의 심연 속으로 들어가기,20,84,22,,,,,https://blog.naver.com/jklovelike/223018431457
2023-02-17,Fri,1,지성과 사랑,"햄릿 독백 - 사느냐 죽느냐, 그것이 문제로다",25,69,2,,,,,https://blog.naver.com/jklovelike/223018425460
2023-02-16,Thu,16,가속성장/자기계발,티모시 페리스 - 자가 실험의 활용,19,106,14,,,,,https://blog.naver.com/jklovelike/223017813980
2023-02-16,Thu,7,'데미안'의 자기혁신,"최선주의자, 최고가 아니라 최선을 지향하라",23,91,36,,,,,https://blog.naver.com/jklovelike/223017328211
2023-02-16,Thu,7,지성과 사랑,"고통 명언(2) (고난, 역경, 시련 극복에 대한 명언)",31,70,6,,,,,https://blog.naver.com/jklovelike/223017323480
2023-02-16,Thu,6,"'데미안'의 단상, 생각",위험의 배제?,7,69,13,,,,,https://blog.naver.com/jklovelike/223017309227
2023-02-16,Thu,0,"'데미안'의 단상, 생각",육체를 가꾸고 가다듬자,12,96,14,,,,,https://blog.naver.com/jklovelike/223017162349
2023-02-15,Wed,18,가속성장/자기계발,"나폴레온 힐 명언, 격언",13,109,24,,,,,https://blog.naver.com/jklovelike/223016780846
2023-02-15,Wed,18,가속성장/자기계발,<전설이 파는 법> 일을 잘 못하는 사람의 공통점,27,70,10,,,,,https://blog.naver.com/jklovelike/223016754909
2023-02-15,Wed,15,가속성장/자기계발,<가속력의 힘> 압도적인 양으로 밀어붙여라,23,167,47,,,,,https://blog.naver.com/jklovelike/223016600531
2023-02-15,Wed,6,지성과 사랑,'내' 세상을 바꾸었다.,13,91,19,,,,,https://blog.naver.com/jklovelike/223016099678
2023-02-14,Tue,19,"'데미안'의 단상, 생각",목적 = 목표 + 의미 + 헌신,17,90,16,,,,,https://blog.naver.com/jklovelike/223015681205
2023-02-13,Mon,23,지성과 사랑,자유인의 자세,7,94,11,,,,,https://blog.naver.com/jklovelike/223014708140
2023-02-13,Mon,21,'데미안'의 수능 칼럼 ,이십대 초반에 정리했던 국어 어휘/단어 노트 - 수능 국어 어휘 공부법 및 종합적 국어 공부법,52,297,54,2137,8,0,2,https://blog.naver.com/jklovelike/223014607862
2023-02-13,Mon,4,'데미안'의 자기혁신,자신감은 지나치게 많아도 부족함이 없다,21,117,45,,,,,https://blog.naver.com/jklovelike/223013720705
2023-02-13,Mon,3,가속성장/자기계발,공병호 - 시간관리 10계명,15,93,25,,,,,https://blog.naver.com/jklovelike/223013705914
2023-02-13,Mon,0,"'데미안'의 단상, 생각",궁리하자,4,79,10,,,,,https://blog.naver.com/jklovelike/223013649828
2023-02-12,Sun,15,지성과 사랑,'용기와 위안을 주는 글',14,115,10,,,,,https://blog.naver.com/jklovelike/223013260781
2023-02-12,Sun,5,'데미안'의 수능 칼럼 ,"수포자, 수학 8등급 노베이스 고3 학생의 첫 공부 시작 - 하루만에 변하기!",43,118,37,1723,5,0,2,https://blog.naver.com/jklovelike/223013013071
2023-02-12,Sun,3,"'데미안'의 단상, 생각",<당신이 너무 좋아해서 열정이 샘솟는 일>을 발견하기 위한 힌트 (by 제로창업),45,97,20,,,,,https://blog.naver.com/jklovelike/223012992699
2023-02-12,Sun,2,지성과 사랑,운명이란 무엇입니까?,11,70,13,,,,,https://blog.naver.com/jklovelike/223012985541
2023-02-11,Sat,16,'데미안'의 자기혁신,배움의 강,5,102,11,,,,,https://blog.naver.com/jklovelike/223012532450
2023-02-11,Sat,5,독서 단상,"포토 리딩, 그리고 속독법 단상",17,127,47,,,,,https://blog.naver.com/jklovelike/223012170969
2023-02-11,Sat,1,'데미안'의 자기혁신,성장을 멈추면 늙는다,11,118,34,,,,,https://blog.naver.com/jklovelike/223012076542
2023-02-10,Fri,21,지성과 사랑,이성부 - 어머니가 된 여자는 알고 있나니,23,86,19,,,,,https://blog.naver.com/jklovelike/223011898661
2023-02-10,Fri,8,블로그 성장/노하우/팁,블로그 글의 조회수 차이,13,163,51,,,,,https://blog.naver.com/jklovelike/223011127843
2023-02-10,Fri,5,"'데미안'의 단상, 생각",우유부단할 시간이 없다,12,110,27,,,,,https://blog.naver.com/jklovelike/223011068419
2023-02-10,Fri,2,Na,"일찍 시작한 하루, 그래서 긴 하루의 시작",23,92,32,,,,,https://blog.naver.com/jklovelike/223011001845
2023-02-10,Fri,1,흰구름의 길,"오쇼 라즈니쉬 - 전사가 되어라, 깨어 있어라, 위험을 감수하라",35,80,7,,,,,https://blog.naver.com/jklovelike/223010985852
2023-02-09,Thu,16,가속성장/자기계발,세이노의 추천도서 (세이노의 가르침에서),22,171,50,,,,,https://blog.naver.com/jklovelike/223010424938
2023-02-09,Thu,6,지성과 사랑,"괴테 명언 - 과감함에는 천재성과 힘, 그리고 마법이 들어 있다",35,120,30,,,,,https://blog.naver.com/jklovelike/223009883223
2023-02-08,Wed,14,블로그 성장/노하우/팁,"1일 1포스팅 이상, 두 달 반을 해보니 - <블로그 1년 전후의 조회 수 변화> (40여 배 급증)",56,167,77,,,,,https://blog.naver.com/jklovelike/223009099006
2023-02-08,Wed,4,지성과 사랑,"고통 명언 (고난, 역경, 시련 극복 명언)",24,121,52,,,,,https://blog.naver.com/jklovelike/223008673440
2023-02-07,Tue,23,흰구름의 길,"오쇼 - 삶은 하나의 게임이니, 맘껏 즐겨라",24,90,22,,,,,https://blog.naver.com/jklovelike/223008509202
2023-02-07,Tue,20,'데미안'의 자기혁신,카뮈 작가수첩 중에서 - 창조에 관해,20,76,11,,,,,https://blog.naver.com/jklovelike/223008335859
2023-02-07,Tue,6,독서 단상,독서에 관한 독자들의 가능한 권리,18,107,38,,,,,https://blog.naver.com/jklovelike/223007575006
2023-02-06,Mon,23,가속성장/자기계발,구본형 - 경험이 무력해진 시대에 자신의 브랜드를 만드는 법,33,88,18,,,,,https://blog.naver.com/jklovelike/223007356187
2023-02-06,Mon,18,투자/주식,투기라는 게임,7,96,18,,,,,https://blog.naver.com/jklovelike/223007106578
2023-02-06,Mon,6,"'데미안'의 단상, 생각",옛사람 같은,6,91,20,,,,,https://blog.naver.com/jklovelike/223006421878
2023-02-06,Mon,5,가속성장/자기계발,니체 명언 - 나를 죽이지 못하는 모든 고난은 나 자신을 더더욱 강하게 만들 뿐이다,46,136,28,,,,,https://blog.naver.com/jklovelike/223006408699
2023-02-05,Sun,18,가속성장/자기계발,세이노 - 부자가 되지 못하게 만드는 심리,23,108,26,,,,,https://blog.naver.com/jklovelike/223005992847
2023-02-05,Sun,5,독서 단상,"독서, 뛰어내리지 않으면 이해하지 못한다.",23,141,31,,,,,https://blog.naver.com/jklovelike/223005578416
2023-02-05,Sun,4,가속성장/자기계발,그라시안 - 때를 기다려라,14,79,15,,,,,https://blog.naver.com/jklovelike/223005560997
2023-02-04,Sat,22,지식의 정리,근로소득 상위 0.1% 커트라인? + 상위 1% 이내 근로소득 수준,37,67,9,,,,,https://blog.naver.com/jklovelike/223005340019
2023-02-04,Sat,20,가속성장/자기계발,예술가의 태어남 - 벼랑에서 몸을 던져라,22,87,11,,,,,https://blog.naver.com/jklovelike/223005225689
2023-02-04,Sat,5,"'데미안'의 단상, 생각","몰입의 순간 - 책, 글, 생각",17,115,48,,,,,https://blog.naver.com/jklovelike/223004710572
2023-02-04,Sat,0,가속성장/자기계발,적은 돈으로 신나게 사는 사람들의 비밀,21,105,22,,,,,https://blog.naver.com/jklovelike/223004593909
2023-02-03,Fri,21,'데미안'의 자기혁신,살아 있는 꿈의 역설적인 생리,16,90,15,,,,,https://blog.naver.com/jklovelike/223004456429
2023-02-03,Fri,6,블로그 성장/노하우/팁,"어제 파워 블로거의 영향력, 위력을 겪어봤습니다.",27,192,96,,,,,https://blog.naver.com/jklovelike/223003703376
2023-02-03,Fri,4,지성과 사랑,"윌리엄 블레이크 ""Auguries of Innocence""",32,71,18,,,,,https://blog.naver.com/jklovelike/223003674918
2023-02-03,Fri,3,"'데미안'의 단상, 생각",상대에 관해 섣불리 판단하지 않으려고 한다,23,89,20,,,,,https://blog.naver.com/jklovelike/223003657093
2023-02-02,Thu,14,가속성장/자기계발,자신감을 얻는 가장 좋은 방법,16,116,23,,,,,https://blog.naver.com/jklovelike/223003003554
2023-02-02,Thu,6,"'데미안'의 단상, 생각",미루는 것은 가난과 같다,13,163,45,,,,,https://blog.naver.com/jklovelike/223002628192
2023-02-02,Thu,5,"'데미안'의 단상, 생각",나는 새벽의 왕이로소이다,13,92,15,,,,,https://blog.naver.com/jklovelike/223002607290
2023-02-02,Thu,0,가속성장/자기계발,김훈 - 돈과 밥으로 삶은 정당해야 한다.,23,83,16,,,,,https://blog.naver.com/jklovelike/223002474644
2023-02-01,Wed,5,"'데미안'의 단상, 생각",2월의 첫날 - 이번 달은 더욱 발전하자!,23,113,51,,,,,https://blog.naver.com/jklovelike/223001315576
2023-02-01,Wed,4,배움에 대하여,"법정 - 책 속에서 길을 찾고, 책을 뛰어넘어라",26,77,12,348,0,2,0,https://blog.naver.com/jklovelike/223001296594
2023-01-31,Tue,19,'데미안'의 자기혁신,"2023년의 2월 목표를, 기존 목표보다 2배 이상 잡아보세요",34,100,17,,,,,https://blog.naver.com/jklovelike/223000828213
2023-01-31,Tue,5,Na,"네이버 애드포스트 수익, 두 달을 해보니",22,124,35,,,,,https://blog.naver.com/jklovelike/222999989482
2023-01-31,Tue,5,'데미안'의 수능 칼럼 ,승부욕 강한 아이,9,75,11,2011,0,1,0,https://blog.naver.com/jklovelike/222999979152
2023-01-31,Tue,4,흰구름의 길,오쇼 - 내일은 없다,11,57,10,,,,,https://blog.naver.com/jklovelike/222999955493
2023-01-30,Mon,18,'데미안'의 자기혁신,자기 절제,5,103,22,,,,,https://blog.naver.com/jklovelike/222999351467
2023-01-29,Sun,15,가속성장/자기계발,세이노 - 외로움을 즐겨라,14,118,26,,,,,https://blog.naver.com/jklovelike/222998174148
2023-01-29,Sun,5,'데미안'의 자기혁신,자기답게 살기,7,93,18,,,,,https://blog.naver.com/jklovelike/222997908604
2023-01-29,Sun,3,수능/수능공부법/합격수기,2023년 1~2월 겨울에 볼 만한 수학문제집 - 수학 n제 추천 정리 (수능 대비),47,95,11,1657,4,12,0,https://blog.naver.com/jklovelike/222997881498
2023-01-28,Sat,14,"'데미안'의 단상, 생각",그릇의 크기,6,107,29,,,,,https://blog.naver.com/jklovelike/222997201162
2023-01-28,Sat,7,'데미안'의 수능 칼럼 ,미국에서 어린 시절을 살다가 온 재수생 제자 이야기 - 수능 영어 정도는 껌!,43,73,12,1874,1,0,0,https://blog.naver.com/jklovelike/222996939745
2023-01-28,Sat,6,'데미안'의 수능 칼럼 ,하루 공부 14시간 반을 넘긴 제자를 보니 아침부터 뿌듯!,32,88,18,1363,6,0,1,https://blog.naver.com/jklovelike/222996924451
2023-01-28,Sat,1,"'데미안'의 단상, 생각",작년 1년 간 '세이노의 가르침' 대로 살아본 결과,28,152,29,,,,,https://blog.naver.com/jklovelike/222996848782
2023-01-27,Fri,21,가속성장/자기계발,평균을 거부하라,8,98,12,,,,,https://blog.naver.com/jklovelike/222996542577
2023-01-27,Fri,6,'데미안'의 수능 칼럼 ,"오늘 보고 받은 고3, 재수생 제자들의 공부시간 - 불과 1,2주만에 점점 공부량이 늘고 있다",52,73,20,1442,6,0,2,https://blog.naver.com/jklovelike/222995717494
2023-01-27,Fri,4,가속성장/자기계발,"150가지 꿈의 리스트(드림리스트), 버킷리스트를 갖고 계신가요?",36,64,21,,,,,https://blog.naver.com/jklovelike/222995698923
2023-01-26,Thu,19,가속성장/자기계발,세이노 - 건강을 잃으면 모든 것을 잃는다고?,25,136,35,,,,,https://blog.naver.com/jklovelike/222995383511
2023-01-26,Thu,15,내가 만난 [책],책을 읽는 것은 참으로 즐거운 일이다,20,108,17,,,,,https://blog.naver.com/jklovelike/222995163683
2023-01-26,Thu,7,"'데미안'의 단상, 생각",벌써 2월 계획을 세울 때가 되었다 - 블로그 덕택에 1월은 순조로웠다,39,98,38,,,,,https://blog.naver.com/jklovelike/222994668189
2023-01-26,Thu,6,지성과 사랑,꿈 명언 / 도전 명언,12,76,21,,,,,https://blog.naver.com/jklovelike/222994615847
2023-01-25,Wed,21,가속성장/자기계발,지나간 일에 연연하지 마라,14,100,15,,,,,https://blog.naver.com/jklovelike/222994202583
2023-01-25,Wed,8,블로그 성장/노하우/팁,"1일1포스팅 시작한지 두 달차 소감 - 앞으로는 조금 더 자유롭게, 역시나 꾸준하게",46,124,57,,,,,https://blog.naver.com/jklovelike/222993246779
2023-01-25,Wed,5,'데미안'의 자기혁신,새벽 운동을 마치고,10,102,32,,,,,https://blog.naver.com/jklovelike/222993210235
2023-01-25,Wed,5,'데미안'의 자기혁신,"새벽 5시, 새벽반 출격! (+ 홍콩 대부호 리자청)",29,77,17,,,,,https://blog.naver.com/jklovelike/222993205946
2023-01-25,Wed,4,흰구름의 길,오쇼 - 열정적으로 사는 사람은 열정적으로 죽는다.,28,65,6,,,,,https://blog.naver.com/jklovelike/222993200821
2023-01-24,Tue,23,"'데미안'의 단상, 생각","귀가 중, 꿈(이상)에 대한 단상",18,88,12,,,,,https://blog.naver.com/jklovelike/222993098268
2023-01-24,Tue,23,"'데미안'의 단상, 생각",헤르만 헤세 - 단계,11,87,1,,,,,https://blog.naver.com/jklovelike/222993064679
2023-01-24,Tue,16,가속성장/자기계발,세이노 - 당신은 정말 시간이 없는가,20,98,12,,,,,https://blog.naver.com/jklovelike/222992497540
2023-01-24,Tue,14,지성과 사랑,인생 명언 모음 / 공감되는 인생 글귀,21,112,17,,,,,https://blog.naver.com/jklovelike/222992407545
2023-01-24,Tue,7,가속성장/자기계발,모든 사람은 스타다,10,79,27,,,,,https://blog.naver.com/jklovelike/222992226267
2023-01-24,Tue,4,'데미안'의 젊은 날의 초상,"오늘 새벽의 일과 - 읽기, 쓰기, 생각, 새벽 운동, 포스팅",34,93,31,,,,,https://blog.naver.com/jklovelike/222992209732
2023-01-24,Tue,3,'데미안'의 젊은 날의 초상,피보다 진하게 살아라,11,57,9,,,,,https://blog.naver.com/jklovelike/222992201479
2023-01-24,Tue,0,지성과 사랑,정호승 - 나의 가장 약한 부분을 사랑하라,23,75,17,,,,,https://blog.naver.com/jklovelike/222992145262
2023-01-23,Mon,18,가속성장/자기계발,데일 카네기 - 사람을 움직이는 3가지 대원칙,25,100,22,,,,,https://blog.naver.com/jklovelike/222991621983
2023-01-23,Mon,15,가속성장/자기계발,세이노 - ()설날? 내게서 덕담을 기대하지 말라,27,79,18,,,,,https://blog.naver.com/jklovelike/222991534588
2023-01-23,Mon,6,'데미안'의 수능 칼럼 ,"고3 설날, 수능 공부의 날",15,77,16,1318,2,0,0,https://blog.naver.com/jklovelike/222991341930
2023-01-23,Mon,5,지식의 정리,쇼펜하우어 명언 모음,11,90,19,,,,,https://blog.naver.com/jklovelike/222991334607
2023-01-23,Mon,5,수능/수능공부법/합격수기,2024대입 의치한약수 정원 (의대 치대 한의대 약대 수의대 정원),37,48,2,355,1,5,0,https://blog.naver.com/jklovelike/222991333041
2023-01-23,Mon,0,가속성장/자기계발,구본형 - 인생을 낭비한 죄,15,79,23,,,,,https://blog.naver.com/jklovelike/222991261118
2023-01-22,Sun,16,지성과 사랑,독서 명언 모음,8,97,28,,,,,https://blog.naver.com/jklovelike/222991015971
2023-01-22,Sun,5,'데미안'의 자기혁신,성장의 복리효과를 믿는다,13,110,43,,,,,https://blog.naver.com/jklovelike/222990813685
2023-01-22,Sun,4,지성과 사랑,성전 스님 - 후회없이 사랑하라,17,73,16,,,,,https://blog.naver.com/jklovelike/222990802297
2023-01-21,Sat,19,가속성장/자기계발,무라카미 하루키 - 자기 자신을 '아저씨'라고 부르지 않기,32,109,29,,,,,https://blog.naver.com/jklovelike/222990577497
2023-01-21,Sat,12,지성과 사랑,마종기 - 우화의 강1,12,79,10,,,,,https://blog.naver.com/jklovelike/222990362632
2023-01-21,Sat,6,'데미안'의 자기혁신,열정의 방향(비전)이 중요하다 - 히틀러 또한 희대의 열정가였다,35,78,15,,,,,https://blog.naver.com/jklovelike/222990236812
2023-01-20,Fri,21,수능/수능공부법/합격수기,[수능/정시] 공부 자극 - 하루 14시간 공부하라는 이유,32,127,20,702,7,0,3,https://blog.naver.com/jklovelike/222990046704
2023-01-20,Fri,5,가속성장/자기계발,번영에 대한 네 가지 믿음,14,78,25,,,,,https://blog.naver.com/jklovelike/222989380468
2023-01-20,Fri,4,수능/수능공부법/합격수기,2023정시 대학 추가합격/충원율,18,59,2,675,1,0,0,https://blog.naver.com/jklovelike/222989377107
2023-01-19,Thu,19,"'데미안'의 단상, 생각",자주 접하는 동시성 현상,13,98,16,,,,,https://blog.naver.com/jklovelike/222989072564
2023-01-19,Thu,5,블로그 성장/노하우/팁,365일 1일 1포스팅,12,117,61,,,,,https://blog.naver.com/jklovelike/222988462242
2023-01-19,Thu,4,흰구름의 길,오쇼 - 평범하도록 하지 마라,16,82,28,,,,,https://blog.naver.com/jklovelike/222988454016
2023-01-18,Wed,5,가속성장/자기계발,짐 론 - 자기계발에 대하여,15,99,34,,,,,https://blog.naver.com/jklovelike/222987511580
2023-01-17,Tue,23,"'데미안'의 단상, 생각",어려운 길을 가라,9,120,31,,,,,https://blog.naver.com/jklovelike/222987381717
2023-01-17,Tue,15,지성과 사랑,구본형 - 아름다운 길이 되거라,17,107,19,,,,,https://blog.naver.com/jklovelike/222986959626
2023-01-17,Tue,6,지성과 사랑,"에리히 프롬 - ""새로운 인간""",17,98,14,,,,,https://blog.naver.com/jklovelike/222986572245
2023-01-17,Tue,6,"'데미안'의 단상, 생각","좋은 친구, 안내자, 헬퍼",14,83,20,,,,,https://blog.naver.com/jklovelike/222986564805
2023-01-17,Tue,5,가속성장/자기계발,<마흔이 되기 전에> 모든 날이 아름답다,22,84,29,,,,,https://blog.naver.com/jklovelike/222986555896
2023-01-16,Mon,18,수능/수능공부법/합격수기,2024 수능 수학 문제집 - 대표 수학 n제 목록 총정리,32,90,4,197,2,0,0,https://blog.naver.com/jklovelike/222986111330
2023-01-16,Mon,6,"'데미안'의 단상, 생각",새벽 시간의 전능감에 가까운 자신감,19,147,38,,,,,https://blog.naver.com/jklovelike/222985449415
2023-01-16,Mon,1,가속성장/자기계발,세이노 - 시간이 돈이 되게 만들어라.,21,94,29,,,,,https://blog.naver.com/jklovelike/222985375803
2023-01-15,Sun,18,'데미안'의 수능 칼럼 ,고3 수험생 변화시키기 - 예비 고3 수학 6등급이 두 달 만에 고3 3월 모의고사 2등급으로,52,84,24,1534,9,0,1,https://blog.naver.com/jklovelike/222984992002
2023-01-15,Sun,6,'데미안'의 자기혁신,대결정신,4,78,14,,,,,https://blog.naver.com/jklovelike/222984665309
2023-01-15,Sun,6,블로그 성장/노하우/팁,[블로그 1일1포스팅]글을 금방 쓸 수 있는 이유,27,146,50,,,,,https://blog.naver.com/jklovelike/222984662561
2023-01-14,Sat,18,"'데미안'의 단상, 생각",독서에 관하여 -  내 행복을 사는 건 쉽습니다,26,242,50,,,,,https://blog.naver.com/jklovelike/222984251976
2023-01-14,Sat,17,가속성장/자기계발,[자기계발/동기부여] 도널드 트럼프 - 압박을 이겨내는 법,32,85,6,,,,,https://blog.naver.com/jklovelike/222984212528
2023-01-14,Sat,4,내가 만난 [책],독서에서의 동시성 현상 또는 우연의 법칙,22,134,49,,,,,https://blog.naver.com/jklovelike/222983907636
2023-01-13,Fri,18,지성과 사랑,최대치에 이르도록 살 것인가? 아니면 다른 방법을 강구할 것인가?,36,81,6,,,,,https://blog.naver.com/jklovelike/222983567114
2023-01-12,Thu,21,"'데미안'의 단상, 생각",20년 가까이 기록해왔던 77권의 일지 노트,24,2025,431,1936,17,0,2,https://blog.naver.com/jklovelike/222982737444
2023-01-12,Thu,18,'데미안'의 수능 칼럼 ,예비 고3 수능 수험생 단 하루 만에 변화시키기,26,98,13,1324,2,0,1,https://blog.naver.com/jklovelike/222982594121
2023-01-12,Thu,17,대기만성,공병호 - 나이는 숫자에 불과하다,18,70,7,,,,,https://blog.naver.com/jklovelike/222982542389
2023-01-12,Thu,5,지성과 사랑,신현림 - 언젠가 잘못 보낸 시간의 보복,22,62,11,,,,,https://blog.naver.com/jklovelike/222981952040
2023-01-11,Wed,21,가속성장/자기계발,구본형 - 하고 싶은 일을 찾으면 40대에 시작해도 결코 늦지 않다.,38,113,21,,,,,https://blog.naver.com/jklovelike/222981711848
2023-01-11,Wed,6,"'데미안'의 단상, 생각",매일매일이 좋은 날이다,12,111,34,,,,,https://blog.naver.com/jklovelike/222980921138
2023-01-11,Wed,5,'데미안'의 자기혁신,리더보다 더 빨라야 한다,13,83,15,,,,,https://blog.naver.com/jklovelike/222980908590
2023-01-11,Wed,0,가속성장/자기계발,세이노 - 돈과 먼저 친해져라,16,78,13,,,,,https://blog.naver.com/jklovelike/222980802948
2023-01-10,Tue,7,'데미안'의 자기혁신,돈에 대한 심상,8,132,43,,,,,https://blog.naver.com/jklovelike/222979869042
2023-01-10,Tue,5,책을 읽다 [독서목록],데일 카네기의 인생대학을 아시나요?,19,211,52,,,,,https://blog.naver.com/jklovelike/222979841349
2023-01-09,Mon,21,'데미안'의 자기혁신,나는 운이 좋다,8,1889,286,1623,2,0,6,https://blog.naver.com/jklovelike/222979490893
2023-01-09,Mon,18,수능/수능공부법/합격수기,"2023년 더프 모의고사 시험 일정 (대성, 메가 더 프리미엄 모의고사)",40,56,3,333,1,0,0,https://blog.naver.com/jklovelike/222979314280
2023-01-09,Mon,5,가속성장/자기계발,나폴레온 힐 - 자기 암시의 법칙,18,95,20,,,,,https://blog.naver.com/jklovelike/222978745799
2023-01-08,Sun,18,지성과 사랑,무소의 뿔처럼 혼자서 가라!,15,87,14,,,,,https://blog.naver.com/jklovelike/222978349630
2023-01-08,Sun,6,블로그 성장/노하우/팁,1일1포 40여일차 - '매일 1일1포스팅 이상 하기'의 소감,34,134,40,,,,,https://blog.naver.com/jklovelike/222978046259
2023-01-08,Sun,5,'데미안'의 자기혁신,굴복 대신 극복,8,90,25,,,,,https://blog.naver.com/jklovelike/222978035922
2023-01-07,Sat,22,지성과 사랑,신달자 시인 - 내 나이를 사랑한다,19,76,12,,,,,https://blog.naver.com/jklovelike/222977860571
2023-01-07,Sat,20,가속성장/자기계발,브라이언 트레이시 - 성공의 비결,18,79,16,,,,,https://blog.naver.com/jklovelike/222977788948
2023-01-07,Sat,4,'데미안'의 자기혁신,필살기와 생존기,8,99,44,,,,,https://blog.naver.com/jklovelike/222977309386
2023-01-06,Fri,22,'데미안'의 수능 칼럼 ,"서울대 의대 출신, 서울대학교병원 의사가 나에게 수학 과외를 받고자 한 썰",41,107,15,1362,2,0,0,https://blog.naver.com/jklovelike/222977137491
2023-01-06,Fri,17,수능/수능공부법/합격수기,2023년 고3 모의고사 일정,16,61,6,370,1,0,1,https://blog.naver.com/jklovelike/222976838313
2023-01-06,Fri,5,가속성장/자기계발,삶의 목적과 이유가 불분명해 보이는 이유는,23,82,16,,,,,https://blog.naver.com/jklovelike/222976371508
2023-01-05,Thu,20,가속성장/자기계발,미리 한계를 짓지 말라,12,98,17,,,,,https://blog.naver.com/jklovelike/222975974593
2023-01-05,Thu,19,"'데미안'의 단상, 생각","불면의 밤, 머릿속 어디선가 타자기 소리가 울리고",27,77,9,,,,,https://blog.naver.com/jklovelike/222975928698
2023-01-05,Thu,5,가속성장/자기계발,다케무라 켄이치 - 단 1줄의 성공법칙,21,85,22,,,,,https://blog.naver.com/jklovelike/222975333438
2023-01-04,Wed,20,'데미안'의 수능 칼럼 ,"예비 고3 겨울방학, 초격차 공부법 (두달 만에 총점 100점 올리기)",39,158,18,4217,1,8,0,https://blog.naver.com/jklovelike/222974993720
2023-01-04,Wed,7,'데미안'의 자기혁신,자극과 반응 사이에는 공간이 있다,18,109,18,,,,,https://blog.naver.com/jklovelike/222974364828
2023-01-04,Wed,6,지성과 사랑,해바라기의 비명(碑銘) ― 청년 화가 L을 위하여,27,57,15,,,,,https://blog.naver.com/jklovelike/222974356401
2023-01-03,Tue,5,"'데미안'의 단상, 생각",운명에 대하여,7,95,19,,,,,https://blog.naver.com/jklovelike/222973340968
2023-01-03,Tue,5,지식의 정리,근로소득 상위 1%의 커트라인(경계값)은?(+착각 또는 혼동),34,83,13,,,,,https://blog.naver.com/jklovelike/222973333367
2023-01-02,Mon,8,"'데미안'의 단상, 생각",살아있다는 확신을 갖고 있는가,16,110,15,,,,,https://blog.naver.com/jklovelike/222972411719
2023-01-02,Mon,5,"대학,대학인",대학 등록금 인상이 과연 있을까?,18,59,11,,,,,https://blog.naver.com/jklovelike/222972380408
2023-01-01,Sun,23,"'데미안'의 단상, 생각",마음에 안 드는 글입니다.,14,105,38,,,,,https://blog.naver.com/jklovelike/222972230795
2023-01-01,Sun,22,'데미안'의 자기혁신,"성공을 원하면, 시샘하지 말고 인정한 뒤 발전하자",27,95,11,,,,,https://blog.naver.com/jklovelike/222972160153
2022-12-31,Sat,21,가속성장/자기계발,구본형 - 새해 계획을 멋있게 세우는 방법,23,101,41,,,,,https://blog.naver.com/jklovelike/222971381664
2022-12-31,Sat,6,"'데미안'의 단상, 생각",새해 목표를 세우면서 생각해보니 2023년은 특별한 해입니다.,34,129,55,,,,,https://blog.naver.com/jklovelike/222970776109
2022-12-30,Fri,18,블로그 성장/노하우/팁,[블로그 1일1포스팅] - 평소에 쓰고 싶은 소재 기록해 보세요,35,161,59,,,,,https://blog.naver.com/jklovelike/222970351324
2022-12-30,Fri,16,'데미안'의 자기혁신,마음수행 - 의욕의 생성,13,133,27,,,,,https://blog.naver.com/jklovelike/222970236634
2022-12-29,Thu,6,"'데미안'의 단상, 생각",새벽 시간입니다,8,143,38,,,,,https://blog.naver.com/jklovelike/222968887558
2022-12-29,Thu,5,"대학,대학인",대학 등록금 폐지? 대학 입학금 폐지?,21,80,6,,,,,https://blog.naver.com/jklovelike/222968878432
2022-12-28,Wed,20,"'데미안'의 단상, 생각",자녀가 닮고자 하는 행동을 부모부터 하자,22,100,33,,,,,https://blog.naver.com/jklovelike/222968606519
2022-12-28,Wed,19,'데미안'의 자기혁신,부유한 존재 (끌어당김의 법칙),17,95,8,,,,,https://blog.naver.com/jklovelike/222968498057
2022-12-28,Wed,7,'데미안'의 수능 칼럼 ,변화를 일으키는 방법 - 전교 200등에서 고3 수능 교내 계열 1등까지,40,97,25,2222,2,0,1,https://blog.naver.com/jklovelike/222967865868
2022-12-27,Tue,23,지성과 사랑,넬슨 만델라 <대통령 취임사> : 우리 스스로 빛을 발하는 일,34,71,8,,,,,https://blog.naver.com/jklovelike/222967711538
2022-12-27,Tue,7,대기만성,변화에 대한 좋은 글이지만 어쩌면 길어서 읽지 않을 아쉬운 글,34,112,31,,,,,https://blog.naver.com/jklovelike/222966830793
2022-12-26,Mon,23,'데미안'의 수능 칼럼 ,내가 접했던 학생들의 어휘력 /국어 어휘에 대한 수학쌤의 똥고집,35,80,17,1655,2,0,0,https://blog.naver.com/jklovelike/222966686543
2022-12-26,Mon,7,내가 만난 [책],2022년 연말에 읽고 있는 책들(요즈음은 자기계발서/실용서 위주로),38,284,80,,,,,https://blog.naver.com/jklovelike/222965762345
2022-12-26,Mon,6,지성과 사랑,낙관론자,4,66,6,,,,,https://blog.naver.com/jklovelike/222965750879
2022-12-25,Sun,18,지식의 정리,산타클로스는 초인이다?! 중노동하시는 산타 할아버지,28,72,20,,,,,https://blog.naver.com/jklovelike/222965252159
2022-12-25,Sun,17,'데미안'의 자기혁신,힘의 집중 / 자기연소,12,64,11,,,,,https://blog.naver.com/jklovelike/222965203706
2022-12-25,Sun,9,지성과 사랑,진정한 삶이란 만남이다,12,70,11,,,,,https://blog.naver.com/jklovelike/222964981400
2022-12-25,Sun,8,블로그 성장/노하우/팁,블로그 1일1포스팅 시작해서 한달을 해본 결과(결국 1일3포스팅을 하게 됨),42,86,16,,,,,https://blog.naver.com/jklovelike/222964960724
2022-12-25,Sun,6,지성과 사랑,독실한 기독교인의 신앙생활,14,63,19,,,,,https://blog.naver.com/jklovelike/222964937225
2022-12-25,Sun,5,지성과 사랑,하나님의 음성,7,42,10,,,,,https://blog.naver.com/jklovelike/222964930096
2022-12-24,Sat,6,지성과 사랑,모리스 마테를링크 - 파랑새 / 칼 붓세 - 산 너머 저쪽,32,68,10,,,,,https://blog.naver.com/jklovelike/222964162167
2022-12-24,Sat,6,'데미안'의 자기혁신,실패를 통해 과연 무엇을 배울 것인가 - 패배가 곧 승리다,32,58,13,,,,,https://blog.naver.com/jklovelike/222964159096
2022-12-23,Fri,23,'데미안'의 수능 칼럼 ,공부가 가장 쉬웠어요,11,85,22,1024,1,0,0,https://blog.naver.com/jklovelike/222964030993
2022-12-23,Fri,8,Na,스마일라식 3년차 후기,12,73,21,,,,,https://blog.naver.com/jklovelike/222963266139
2022-12-23,Fri,7,지식의 정리,초중고 학생들의 희망 직업,14,48,19,,,,,https://blog.naver.com/jklovelike/222963257693
2022-12-23,Fri,6,지성과 사랑,벼랑 끝으로 오라(Come to the edge),27,67,18,,,,,https://blog.naver.com/jklovelike/222963242406
2022-12-22,Thu,19,가속성장/자기계발,"불광불급, 미침에 대하여",13,102,29,,,,,https://blog.naver.com/jklovelike/222962917834
2022-12-22,Thu,7,"'데미안'의 단상, 생각",아버지의 시,6,122,25,,,,,https://blog.naver.com/jklovelike/222962370353
2022-12-22,Thu,6,수능/수능공부법/합격수기,교육부가 과연 수능 시험 폐지를?,18,50,0,912,1,0,0,https://blog.naver.com/jklovelike/222962362709
2022-12-22,Thu,1,"'데미안'의 단상, 생각","톨스토이, 젊은 시절의 자기 원칙",18,72,16,,,,,https://blog.naver.com/jklovelike/222962283655
2022-12-22,Thu,0,지성과 사랑,나는 사랑하는 사람과 함께 가겠다.,19,62,5,,,,,https://blog.naver.com/jklovelike/222962257836
2022-12-21,Wed,23,대기만성,본인의 나이에 대해 편안해지자,16,59,11,,,,,https://blog.naver.com/jklovelike/222962235431
2022-12-21,Wed,4,내가 만난 [책],"연말에 나에게로 온 중고서적, 책쇼핑 (다른 곳을 사유하라/불가사의한 소년 등)",44,108,38,,,,,https://blog.naver.com/jklovelike/222961446057
2022-12-21,Wed,4,관심사/이슈,"메시의 아르헨티나 월드컵 우승 퍼레이드, 400만명 집결!",32,71,17,,,,,https://blog.naver.com/jklovelike/222961439691
2022-12-21,Wed,3,가속성장/자기계발,재기하기 (실패/슬럼프에서 벗어나는 법 - 운동을 권함),31,62,17,,,,,https://blog.naver.com/jklovelike/222961428351
2022-12-20,Tue,20,지성과 사랑,자기 연민 SELF-PITY,15,55,4,,,,,https://blog.naver.com/jklovelike/222961181448
2022-12-20,Tue,16,지식의 정리,[다상수면법]하루에 2시간만 자고도 가뿐하게 생활하는 법,31,71,6,,,,,https://blog.naver.com/jklovelike/222961009169
2022-12-20,Tue,15,지성과 사랑,칼릴 지브란 - 과거와 미래,15,41,0,,,,,https://blog.naver.com/jklovelike/222960972451
2022-12-20,Tue,5,지성과 사랑,나폴레옹의 무덤가에 서서 / 오지만디아스,22,61,7,,,,,https://blog.naver.com/jklovelike/222960560491
2022-12-20,Tue,5,관심사/이슈,"2023년, 새해부터 모든 대학의 입학금 제도 폐지",28,54,11,,,,,https://blog.naver.com/jklovelike/222960559431
2022-12-20,Tue,4,Na,블로그명을 바꿨습니다.,12,54,13,,,,,https://blog.naver.com/jklovelike/222960555215
2022-12-20,Tue,4,'데미안'의 자기혁신,삶의 황금률(Golden Rule) - 이제 그것을 삶에 그려보자,36,37,5,,,,,https://blog.naver.com/jklovelike/222960553847
2022-12-19,Mon,9,'데미안'의 자기혁신,지나치게 생각을 많이 하는 것은 병이다,21,73,24,,,,,https://blog.naver.com/jklovelike/222959625777
2022-12-19,Mon,3,관심사/이슈,"카타르 월드컵 결승, 이건 역대급 결승이다! 메시 아르헨티나, 프랑스 꺾고 월드컵 우승!(득점/골장면 모음)",60,39,0,,,,,https://blog.naver.com/jklovelike/222959526011
2022-12-18,Sun,19,수능/수능공부법/합격수기,2023수능 만점자의 인터뷰 중 - 솔직한 답변 (머리가 좋아서),36,75,14,1281,1,1,0,https://blog.naver.com/jklovelike/222959246997
2022-12-18,Sun,19,관심사/이슈,월드컵 결승 골장면 모음(2002~2018월드컵 결승 득점장면),35,19,2,,,,,https://blog.naver.com/jklovelike/222959219413
2022-12-18,Sun,6,'데미안'의 자기혁신,당당하게 자신을 드러내라,13,117,22,,,,,https://blog.naver.com/jklovelike/222958754578
2022-12-18,Sun,5,내가 만난 [책],"공공도서관 통계 + 어린 시절, 공공도서관에 대한 추억",30,46,4,,,,,https://blog.naver.com/jklovelike/222958744766
2022-12-18,Sun,4,배움에 대하여,맥도날드 불빛에 의지해 공부하는 아이 / 연필을 간절히 바라는 아이,37,36,7,609,5,0,0,https://blog.naver.com/jklovelike/222958738694
2022-12-17,Sat,20,관심사/이슈,2022년 전문자격사시험 합격률은?(회계사/세무사/노무사 등),34,28,2,,,,,https://blog.naver.com/jklovelike/222958511281
2022-12-17,Sat,17,'데미안'의 젊은 날의 초상,법정 스님의 <좋은 친구> + 18년 전 일기,25,36,1,,,,,https://blog.naver.com/jklovelike/222958342535
2022-12-17,Sat,15,수능/수능공부법/합격수기,고승덕 변호사 공부법 강연 내용 중에서,21,47,5,6834,1,0,3,https://blog.naver.com/jklovelike/222958286863
2022-12-16,Fri,19,수능/수능공부법/합격수기,수능 만점자에게 지방대학(부산대)을 권했다가 벌어진 일,30,42,10,348,6,0,1,https://blog.naver.com/jklovelike/222957702351
2022-12-16,Fri,17,수능/수능공부법/합격수기,"2023수능 만점자 세명, 서울대 의대 전원 합격?",28,28,14,744,2,0,0,https://blog.naver.com/jklovelike/222957590315
2022-12-16,Fri,16,배움에 대하여,(감동이 있는) 늦게 시작한 공부,18,32,9,383,1,1,0,https://blog.naver.com/jklovelike/222957520789
2022-12-16,Fri,7,"'데미안'의 단상, 생각",네 멋대로 살아라,9,47,15,,,,,https://blog.naver.com/jklovelike/222957137799
2022-12-16,Fri,6,'데미안'의 수능 칼럼 ,수능 끝난 예비 대학생들이 읽기 좋을 만한 책 추천,28,62,15,1251,2,0,0,https://blog.naver.com/jklovelike/222957124327
2022-12-15,Thu,21,'데미안'의 수능 칼럼 ,대치동 과외 이야기(1) - 테슬라 주식을 1억 가까이 갖고 있던 고2 학생 썰,44,43,12,2523,5,0,0,https://blog.naver.com/jklovelike/222956814878
2022-12-15,Thu,15,지식의 정리,MBTI  - ENFJ의 성향,16,24,10,,,,,https://blog.naver.com/jklovelike/222956465235
2022-12-14,Wed,18,"'데미안'의 단상, 생각",글쓰기는 내 영혼과 바로 이어지는 정맥주사다.,25,39,8,,,,,https://blog.naver.com/jklovelike/222955684499
2022-12-14,Wed,13,가속성장/자기계발,드웨인 존슨 - 냉소적인 사람이 되지 말라,23,33,0,,,,,https://blog.naver.com/jklovelike/222955402624
2022-12-14,Wed,7,책을 읽다 [독서목록],"2008년부터 지금까지 도서관에서 대출했던 도서의 권수는? 그 기간 도합 5,000권 정도 읽었을까?",56,101,35,,,,,https://blog.naver.com/jklovelike/222955138663
2022-12-14,Wed,6,관심사/이슈,"2022카타르 월드컵, Goat메시의 아르헨티나 결승 진출 (골장면/주요장면)",43,15,0,,,,,https://blog.naver.com/jklovelike/222955124398
2022-12-13,Tue,23,지성과 사랑,소동파 琴詩 (거문고의 시),15,17,2,,,,,https://blog.naver.com/jklovelike/222954946860
2022-12-13,Tue,19,지식의 정리,서울 축구펍,6,14,2,,,,,https://blog.naver.com/jklovelike/222954698817
2022-12-13,Tue,6,"'데미안'의 단상, 생각",질투는 나의 힘!,9,25,4,,,,,https://blog.naver.com/jklovelike/222954032529
2022-12-12,Mon,22,'데미안'의 수능 칼럼 ,"군대에서의 재수/반수, 군수에 대한 조언과 팁",25,38,12,2283,2,0,1,https://blog.naver.com/jklovelike/222953804296
2022-12-12,Mon,21,"'데미안'의 단상, 생각","모든 이론은 회색이고, 영원한 것은 저 푸르른 생명의 나무다",33,20,0,,,,,https://blog.naver.com/jklovelike/222953743396
2022-12-12,Mon,20,'데미안'의 수능 칼럼 ,블로그에 처음 남겨보는 수업 이야기(썰),22,16,1,844,0,0,0,https://blog.naver.com/jklovelike/222953654340
2022-12-12,Mon,1,대기만성,김성준 - 매년 대학 신입생이 되자 (인생은 50부터),30,32,4,,,,,https://blog.naver.com/jklovelike/222952923685
2022-12-12,Mon,0,"'데미안'의 단상, 생각",꾸준한 노력,6,17,1,,,,,https://blog.naver.com/jklovelike/222952904985
2022-12-12,Mon,0,지식의 정리,공병호 - 신문 읽기 테크닉,15,9,2,,,,,https://blog.naver.com/jklovelike/222952868796
2022-12-11,Sun,20,수능/수능공부법/합격수기,청필산의 영어 공부법(2),14,19,0,1731,0,1,0,https://blog.naver.com/jklovelike/222952676658
2022-12-11,Sun,20,수능/수능공부법/합격수기,수학 1타 강사 현우진의 학생 시절(청필산) 영어 공부법 + 그에 대한 회고,42,67,14,8119,1,0,1,https://blog.naver.com/jklovelike/222952672211
2022-12-10,Sat,20,흰구름의 길,오쇼 - 불확실성은 생명력의 본질이다,20,13,0,,,,,https://blog.naver.com/jklovelike/222951933305
2022-12-10,Sat,3,관심사/이슈,"2022월드컵 8강, 모드리치의 크로아티아가 승부차기 끝에 네이마르의 브라질을 잡고 4강 진출",52,7,7,,,,,https://blog.naver.com/jklovelike/222951396767
2022-12-09,Fri,20,수능/수능공부법/합격수기,2023 수능 원점수 등급컷 (표준점수가 아닌 원점수에 따른 등급 커트라인),42,14,3,506,5,0,0,https://blog.naver.com/jklovelike/222951116570
2022-12-09,Fri,4,지성과 사랑,사랑 LOVE,7,6,0,,,,,https://blog.naver.com/jklovelike/222950400730
2022-12-09,Fri,4,"'데미안'의 단상, 생각",자기단련에 대한 흥미,11,13,1,,,,,https://blog.naver.com/jklovelike/222950399925
2022-12-08,Thu,8,Na,20221208 떠난 존재를 그리워하며,21,11,4,,,,,https://blog.naver.com/jklovelike/222949388624
2022-12-08,Thu,7,"'데미안'의 단상, 생각","창조, 유지, 파괴",10,11,3,,,,,https://blog.naver.com/jklovelike/222949373724
2022-12-07,Wed,4,"'데미안'의 단상, 생각",자기반성은 미래지향적인 행위다.,17,13,2,,,,,https://blog.naver.com/jklovelike/222948346406
2022-12-06,Tue,6,관심사/이슈,"한국 8강 진출 실패, 16강전 브라질에 1-4 패배 (실점, 득점 장면)",41,5,0,,,,,https://blog.naver.com/jklovelike/222947311789
2022-12-06,Tue,3,관심사/이슈,"월드컵 16강 - 일본, 선제득점에 불구하고 크로아티아에 승부차기 패배",39,2,0,,,,,https://blog.naver.com/jklovelike/222947281895
2022-12-05,Mon,22,일상의 기록,"연남동 축구펍 봉황당, 국내 리버풀 팬들의 성지",26,11,0,,,,,https://blog.naver.com/jklovelike/222947127547
2022-12-05,Mon,12,가속성장/자기계발,"전략은 아무도 흥분시키지 못하지만, 꿈은 사람들을 흥분시킨다",33,7,2,,,,,https://blog.naver.com/jklovelike/222946573371
2022-12-05,Mon,3,"'데미안'의 단상, 생각",우정에 대해서,7,11,1,,,,,https://blog.naver.com/jklovelike/222946270327
2022-12-04,Sun,6,관심사/이슈,"메시의 '라스트 댄스' - 메시의 아르헨티나, 호주를 꺾고 월드컵 8강 진출",42,6,0,,,,,https://blog.naver.com/jklovelike/222945423110
2022-12-04,Sun,0,지성과 사랑,김중식 - '이탈한 자가 문득',17,15,1,,,,,https://blog.naver.com/jklovelike/222945303252
2022-12-03,Sat,23,수능/수능공부법/합격수기,"2021- 2022정시 서울대/연대/고대 스카이 정시등급, 합격자 수능 백분위 70% 커트라인",52,1,0,221,3,0,0,https://blog.naver.com/jklovelike/222945291961
2022-12-03,Sat,16,"'데미안'의 단상, 생각",낙관에 대한 단상,9,3,0,,,,,https://blog.naver.com/jklovelike/222944932290
2022-12-03,Sat,1,관심사/이슈,"2022월드컵 가나 우루과이 전, 전반전을 보고 - 2010월드컵 수아레즈의 '신의 손' 사건을 회상하며",58,9,0,,,,,https://blog.naver.com/jklovelike/222944584716
2022-12-02,Fri,2,가속성장/자기계발,구본형 - 인생을 훌륭하게 사는 법은 아주 많다,26,9,8,,,,,https://blog.naver.com/jklovelike/222943740792
2022-12-01,Thu,18,일상의 기록,"vs포르투갈, CGV 축구 관람",17,6,0,,,,,https://blog.naver.com/jklovelike/222943413631
2022-12-01,Thu,17,흰구름의 길,법정 - 깨어 있으라,11,2,0,,,,,https://blog.naver.com/jklovelike/222943379266
2022-11-30,Wed,4,투자/주식,잭 슈웨거 <새로운 시장의 마법사들> 중에서,24,7,1,,,,,https://blog.naver.com/jklovelike/222941885670
2022-11-29,Tue,12,지식의 정리,권지예 소설가 - 프랑스의 문장 교육,20,3,1,,,,,https://blog.naver.com/jklovelike/222941209667
2022-11-28,Mon,23,관심사/이슈,"월드컵 한국 가나 전, 가나의 핸드볼 반칙 여부는?",28,5,9,,,,,https://blog.naver.com/jklovelike/222940792114
2022-11-28,Mon,16,배움에 대하여,임어당 - '견식'이란 무엇인가,17,4,0,535,0,0,0,https://blog.naver.com/jklovelike/222940466894
2022-11-28,Mon,16,관심사/이슈,"월드컵 벨기에 모로코 전 이후, 벨기에 내 몇몆 모로코인의 난동,방화와 폭동",42,0,0,,,,,https://blog.naver.com/jklovelike/222940417386
2022-11-27,Sun,22,흰구름의 길,에크하르트 톨레 - 시간의 망상에서 벗어나라,24,12,0,,,,,https://blog.naver.com/jklovelike/222939738106
2022-11-27,Sun,22,'데미안'의 자기혁신,거절 당하는 것을 두려워하지 말자,18,12,1,,,,,https://blog.naver.com/jklovelike/222939725956
2022-11-27,Sun,7,관심사/이슈,"레반도프스키의 눈물, 월드컵은 역시 월드컵이다",25,7,0,,,,,https://blog.naver.com/jklovelike/222939131977
2022-11-25,Fri,17,대기만성,"로빈 샤르마 - ""이단이 되어라""",18,4,1,,,,,https://blog.naver.com/jklovelike/222938075312
2022-11-24,Thu,18,수능/수능공부법/합격수기,"'사당오락', 아직도 믿으세요?",17,11,4,1835,0,1,0,https://blog.naver.com/jklovelike/222937324538
2022-11-24,Thu,18,수능/수능공부법/합격수기,면접 교수 200인이 본 면접 평가에 영향을 미치는 요소,31,3,0,689,0,1,0,https://blog.naver.com/jklovelike/222937300848
2022-11-23,Wed,20,"'데미안'의 단상, 생각",생산적 위기의식과 투쟁심,13,3,3,,,,,https://blog.naver.com/jklovelike/222936483193
2022-11-20,Sun,20,관심사/이슈,한눈에 들어오는 2022 카타르 월드컵 조별 경기 일정,30,2,0,,,,,https://blog.naver.com/jklovelike/222933631131
2022-11-19,Sat,5,대기만성,구본형 - 영원히 살 것처럼 꿈을 꿔라. 우리는 별이다.,31,9,2,,,,,https://blog.naver.com/jklovelike/222932558022
2022-11-19,Sat,3,"'데미안'의 단상, 생각",길,1,7,3,,,,,https://blog.naver.com/jklovelike/222932539376
2022-11-18,Fri,1,수능/수능공부법/합격수기,수능은 도전의 시작이다,12,4,0,1458,0,0,0,https://blog.naver.com/jklovelike/222931646146
2022-11-18,Fri,0,수능/수능공부법/합격수기,2023 수능 수학 (미적분/확통/기하) 오답률 정답률 순위,33,8,0,372,4,0,0,https://blog.naver.com/jklovelike/222931614459
2022-11-17,Thu,23,수능/수능공부법/합격수기,2023 수능 예상(추정) 등급컷 -  국어 수학 사탐 과탐 수능 등급컷,40,2,0,393,19,0,0,https://blog.naver.com/jklovelike/222931593914
2022-11-17,Thu,18,'데미안'의 수능 칼럼 ,"2023 수능 수학 14번, 의외의 정답 ㄱ",24,1,0,720,2,0,0,https://blog.naver.com/jklovelike/222931340433
2022-11-16,Wed,20,'데미안'의 수능 칼럼 ,수능 전날의 마지막 수업을 마치고,18,5,2,1704,0,0,0,https://blog.naver.com/jklovelike/222930533344
2022-11-15,Tue,19,'데미안'의 수능 칼럼 ,"수능 D-1, 승리를 구걸하라. 행운을 기대하라.",27,13,0,3174,0,0,0,https://blog.naver.com/jklovelike/222929568117
2022-11-13,Sun,0,'데미안'의 수능 칼럼 ,수능 국어는 뚜껑을 열어봐야 안다 - 6평 국어 4등급에서 공부를 아예 안 하고 22수능 1등급 맞은 운좋은 사례,63,10,0,1500,0,0,0,https://blog.naver.com/jklovelike/222927128518
2022-11-12,Sat,17,"'데미안'의 단상, 생각",열정을 발산한 뒤 근거를 찾아라,17,7,0,,,,,https://blog.naver.com/jklovelike/222926867904
2022-11-11,Fri,3,지식의 정리,칼 세이건 - 비판적 사고의 '미묘한 균형' (delicate balance),43,2,3,,,,,https://blog.naver.com/jklovelike/222925666962
2022-11-08,Tue,4,"'데미안'의 단상, 생각","뇌내폭풍, 두뇌를 더 써야겠다",16,6,5,,,,,https://blog.naver.com/jklovelike/222922906444
2022-11-07,Mon,3,배움에 대하여,배움,2,1,0,215,0,0,0,https://blog.naver.com/jklovelike/222921948108
2022-11-07,Mon,3,지식의 정리,자기와 자아,6,0,0,,,,,https://blog.naver.com/jklovelike/222921947569
2022-11-06,Sun,5,"'데미안'의 단상, 생각",욕망을 극복하는 두 가지 방법 중에서,20,6,2,,,,,https://blog.naver.com/jklovelike/222921067154
2022-11-06,Sun,0,'데미안'의 수능 칼럼 ,수능 수학 1일 2실모 -하루 모의고사 2회 풀기,27,38,32,1974,1,0,0,https://blog.naver.com/jklovelike/222920978626
2022-11-05,Sat,6,"'데미안'의 단상, 생각",즉행,2,8,0,,,,,https://blog.naver.com/jklovelike/222920260570
2022-11-05,Sat,6,"'데미안'의 단상, 생각",명암론자,4,7,0,,,,,https://blog.naver.com/jklovelike/222920260180
2022-11-03,Thu,3,지성과 사랑,법정 - 하늘 같은 사람,13,1,0,,,,,https://blog.naver.com/jklovelike/222918208182
2022-11-03,Thu,3,지식의 정리,<힘이 정의다> 중에서,12,2,0,,,,,https://blog.naver.com/jklovelike/222918203882
2022-11-01,Tue,5,"'데미안'의 단상, 생각","나이를 먹는 것, 시간을 반복하는 것",20,15,2,,,,,https://blog.naver.com/jklovelike/222916266262
2022-11-01,Tue,5,흰구름의 길,<스스로 깨어난 붓다> 중에서,16,1,0,,,,,https://blog.naver.com/jklovelike/222916264617
2022-10-29,Sat,3,"'데미안'의 단상, 생각",자유혼,3,12,3,,,,,https://blog.naver.com/jklovelike/222913720693
2022-10-29,Sat,2,"'데미안'의 단상, 생각",불필요한 일로 삶을 낭비하지 않기 위해서,22,5,0,,,,,https://blog.naver.com/jklovelike/222913712427
2022-10-29,Sat,2,배움에 대하여,소로우의 고전 독서론,11,1,0,734,0,1,0,https://blog.naver.com/jklovelike/222913706155
2022-10-28,Fri,7,지성과 사랑,나짐 히크메트 <진정한 여행>,16,4,2,,,,,https://blog.naver.com/jklovelike/222912793386
2022-10-28,Fri,7,지성과 사랑,초월적 이상을 따를 때는,13,3,1,,,,,https://blog.naver.com/jklovelike/222912787678
2022-10-27,Thu,22,배움에 대하여,독서는 시간의 흐름을 거스르는 행위다,20,6,0,501,0,0,0,https://blog.naver.com/jklovelike/222912595070
2022-10-27,Thu,3,내가 만난 [책],오늘 배송받은 책,9,5,0,,,,,https://blog.naver.com/jklovelike/222911760959
2022-10-27,Thu,3,지성과 사랑,자기 구원,5,4,1,,,,,https://blog.naver.com/jklovelike/222911757715
2022-10-27,Thu,3,지성과 사랑,도스토예프스키 - 글쓰기를 통한 자기 위안,23,2,0,,,,,https://blog.naver.com/jklovelike/222911756635
2022-10-25,Tue,3,지성과 사랑,자유로운 존재,7,7,1,,,,,https://blog.naver.com/jklovelike/222909652151
2022-10-22,Sat,1,배움에 대하여,입신경지,4,8,3,459,0,0,0,https://blog.naver.com/jklovelike/222906886964
2022-10-20,Thu,20,지성과 사랑,매일 일기를 써라,9,12,1,,,,,https://blog.naver.com/jklovelike/222905716076
2022-10-19,Wed,6,지식의 정리,알랭 드 보통 - 일의 기쁨,15,5,0,,,,,https://blog.naver.com/jklovelike/222904171113
2022-10-19,Wed,6,수능/수능공부법/합격수기,2021년 10월 더프 등급컷 (실제컷/보정컷),26,2,0,346,3,0,0,https://blog.naver.com/jklovelike/222904164365
2022-10-18,Tue,2,지성과 사랑,법정 - 단 한 번 만나는 인연,17,2,0,,,,,https://blog.naver.com/jklovelike/222903200545
2022-10-18,Tue,2,가속성장/자기계발,자신을 내동댕이친 적이 있는가,16,6,0,,,,,https://blog.naver.com/jklovelike/222903199036
2022-10-17,Mon,18,지성과 사랑,연극과 비슷한 세상사,11,5,0,,,,,https://blog.naver.com/jklovelike/222902771941
2022-10-13,Thu,23,지식의 정리,호감 가는 사람이 되는 법,14,7,1,,,,,https://blog.naver.com/jklovelike/222899658962
2022-10-10,Mon,19,배움에 대하여,미하이 칙센트미하이 - <창의성의 즐거움>,23,4,0,1469,0,0,0,https://blog.naver.com/jklovelike/222896680724
2022-09-26,Mon,19,지성과 사랑,법정 - 자신의 등뼈 외에는,15,7,5,,,,,https://blog.naver.com/jklovelike/222884891835
2022-09-21,Wed,0,지성과 사랑,자유의 본질,6,8,2,,,,,https://blog.naver.com/jklovelike/222880052137
2022-09-20,Tue,2,"'데미안'의 단상, 생각",자유의 다른 의미,9,3,0,,,,,https://blog.naver.com/jklovelike/222879191081
2022-09-19,Mon,22,지성과 사랑,개인의 취향을 발견하라,12,5,0,,,,,https://blog.naver.com/jklovelike/222879047567
2022-09-16,Fri,3,"'데미안'의 단상, 생각",자기 자신을 움직이게 하는 법,16,5,0,,,,,https://blog.naver.com/jklovelike/222875888071
2022-09-16,Fri,3,"'데미안'의 단상, 생각","매일, 새로운 하루",10,5,0,,,,,https://blog.naver.com/jklovelike/222875885428
2022-09-13,Tue,1,"'데미안'의 단상, 생각",자존감,3,3,3,,,,,https://blog.naver.com/jklovelike/222873093992
2022-09-13,Tue,1,일상의 기록,가급적 매일 운동을 하려고 한다,17,10,0,,,,,https://blog.naver.com/jklovelike/222873088095
2022-09-03,Sat,15,지성과 사랑,11살 에이즈 감염 환자의 연설 중에서,21,4,1,,,,,https://blog.naver.com/jklovelike/222865713107
2022-09-01,Thu,1,수능/수능공부법/합격수기,2023 9월 모의평가 예상/추정 등급컷,22,4,4,431,20,0,0,https://blog.naver.com/jklovelike/222863581407
2022-08-28,Sun,23,수능/수능공부법/합격수기,2022년 8월 더프 모의고사 등급컷(실제컷/예상컷),29,6,1,390,3,0,1,https://blog.naver.com/jklovelike/222860668883
2022-08-25,Thu,3,"'데미안'의 단상, 생각",패배를 통해 배우기,10,8,6,,,,,https://blog.naver.com/jklovelike/222857492932
2022-08-20,Sat,16,지식의 정리,독자의 권리,6,3,1,,,,,https://blog.naver.com/jklovelike/222853389638
2022-08-18,Thu,13,수능/수능공부법/합격수기,2021년 8월 더프 모의 등급컷 실제컷/예상컷,26,3,1,156,3,0,0,https://blog.naver.com/jklovelike/222851581471
2022-08-16,Tue,1,"'데미안'의 단상, 생각",반복의 즐거움,7,4,2,,,,,https://blog.naver.com/jklovelike/222849355910
2022-08-15,Mon,4,"'데미안'의 단상, 생각",행복은 좋은 판단에서 나온다,15,8,0,,,,,https://blog.naver.com/jklovelike/222848653642
2022-08-14,Sun,0,"'데미안'의 단상, 생각",대욕은 무욕과 닮았다,11,4,5,,,,,https://blog.naver.com/jklovelike/222847740378
2022-08-12,Fri,23,"'데미안'의 단상, 생각",인내의 가치,6,3,0,,,,,https://blog.naver.com/jklovelike/222847013207
2022-08-10,Wed,23,"'데미안'의 단상, 생각",자기 자신과의 약속,10,8,0,,,,,https://blog.naver.com/jklovelike/222845239612
2022-08-07,Sun,0,가속성장/자기계발,존 템플턴의 성공론,10,6,1,,,,,https://blog.naver.com/jklovelike/222841512012
2022-08-06,Sat,2,지식의 정리,역발상의 기술,7,2,0,,,,,https://blog.naver.com/jklovelike/222840861421
2022-08-05,Fri,1,지성과 사랑,등반의 이유,6,3,0,,,,,https://blog.naver.com/jklovelike/222839951322
2022-07-30,Sat,23,배움에 대하여,글쓰기에 필요한 기술,11,5,1,1182,0,0,0,https://blog.naver.com/jklovelike/222834931910
2022-07-25,Mon,23,수능/수능공부법/합격수기,2022년 7월 더프 모의고사 등급컷 - 실제컷/예상컷(보정컷),35,2,0,144,3,0,0,https://blog.naver.com/jklovelike/222828700905
2022-07-25,Mon,2,"'데미안'의 단상, 생각",몸이 완전해야만 나 역시 완전해질 수 있다,23,8,0,,,,,https://blog.naver.com/jklovelike/222827538402
2022-07-21,Thu,0,지성과 사랑,도(道)의 사람,8,4,1,,,,,https://blog.naver.com/jklovelike/222821368638
2022-07-20,Wed,17,가속성장/자기계발,워렌 버핏이 말하는 <성공의 정의>,19,4,0,,,,,https://blog.naver.com/jklovelike/222821067711
2022-07-19,Tue,3,'데미안'의 자기혁신,압도적 노력,6,19,2,,,,,https://blog.naver.com/jklovelike/222817968853
2022-07-19,Tue,0,지성과 사랑,살아 있는 평온의 느낌,12,6,0,,,,,https://blog.naver.com/jklovelike/222817829408
2022-07-18,Mon,23,배움에 대하여,내가 선택하지 않으면 뉴런이 선택할 것이다,23,6,1,478,0,0,0,https://blog.naver.com/jklovelike/222817822097
2022-07-15,Fri,23,가속성장/자기계발,'복기'에 대하여,9,7,0,,,,,https://blog.naver.com/jklovelike/222813282507
2022-07-14,Thu,4,배움에 대하여,책에는 영혼이 담겨 있다,13,4,0,123,0,1,0,https://blog.naver.com/jklovelike/222810748458
2022-07-13,Wed,23,지성과 사랑,보르헤스 - 우정의 마력,13,5,0,,,,,https://blog.naver.com/jklovelike/222810393562
2022-07-13,Wed,3,지식의 정리,감정의 시장,6,4,0,,,,,https://blog.naver.com/jklovelike/222809305373
2022-07-11,Mon,4,가속성장/자기계발,톰 피터스 - 치열하게 살아라!,17,5,2,,,,,https://blog.naver.com/jklovelike/222806889363
2022-07-11,Mon,3,"'데미안'의 단상, 생각",안내자,3,6,0,,,,,https://blog.naver.com/jklovelike/222806873609
2022-07-09,Sat,4,"'데미안'의 단상, 생각",일상에서의 선택 준거틀,12,8,4,,,,,https://blog.naver.com/jklovelike/222805157621
2022-07-09,Sat,3,수능/수능공부법/합격수기,강의 200% 활용하기,12,9,0,1683,0,2,0,https://blog.naver.com/jklovelike/222805148640
2022-07-08,Fri,5,배움에 대하여,박종홍 - 학문의 길,11,5,0,4617,0,1,0,https://blog.naver.com/jklovelike/222804142374
2022-07-07,Thu,23,수능/수능공부법/합격수기,2022 고3 7월 모의고사 수학 오답률/정답률 순위,29,3,1,140,3,0,0,https://blog.naver.com/jklovelike/222803923481
2022-07-07,Thu,3,수능/수능공부법/합격수기,독종의 수능 공부 수기 - 자극을 주는 수험 수기,27,22,6,12816,0,1,0,https://blog.naver.com/jklovelike/222802947913
2022-07-06,Wed,23,수능/수능공부법/합격수기,2022년 고3 7월 모의고사 등급컷(전과목 추정/예상 등급컷),35,2,0,248,20,0,0,https://blog.naver.com/jklovelike/222802798309
2022-07-06,Wed,1,수능/수능공부법/합격수기,2021 고3 7월 모의고사 국수영 등급컷,23,7,0,229,3,0,0,https://blog.naver.com/jklovelike/222801676975
2022-07-05,Tue,0,"'데미안'의 단상, 생각",사소한 여분의 노력,10,7,3,,,,,https://blog.naver.com/jklovelike/222800351196
2022-07-04,Mon,17,가속성장/자기계발,고슴도치 원칙 - 세 개의 원,16,5,2,,,,,https://blog.naver.com/jklovelike/222799887415
2022-07-02,Sat,0,가속성장/자기계발,하디 - 위대한 작업은 겸손한 인간에 의해 이뤄지지 않는다,32,7,2,,,,,https://blog.naver.com/jklovelike/222796894037
2022-07-01,Fri,1,가속성장/자기계발,생명체는 자아실현을 지향해 나간다,18,4,1,,,,,https://blog.naver.com/jklovelike/222795664451
2022-06-30,Thu,5,지성과 사랑,시간을 내라,6,6,1,,,,,https://blog.naver.com/jklovelike/222794445528
2022-06-30,Thu,0,'데미안'의 수능 칼럼 ,수능을 가르치는 일,10,10,1,675,0,0,0,https://blog.naver.com/jklovelike/222794203365
2022-06-29,Wed,23,수능/수능공부법/합격수기,모 외고의 수학 내신시험 이야기,17,5,0,539,0,0,0,https://blog.naver.com/jklovelike/222794164668
2022-06-28,Tue,4,배움에 대하여,읽는다는 것의 고뇌,10,6,1,133,0,0,0,https://blog.naver.com/jklovelike/222791602168
2022-06-26,Sun,23,지성과 사랑,삶이 하나의 놀이라면,11,6,0,,,,,https://blog.naver.com/jklovelike/222790002630
2022-06-25,Sat,0,지성과 사랑,"페르난두 페소아 - ""나는 내가 볼 수 있는 것만큼 크다!""",33,7,3,,,,,https://blog.naver.com/jklovelike/222787697021
2022-06-24,Fri,4,"'데미안'의 단상, 생각",혼란 속에서도 똑바로 서 있는 자,18,6,1,,,,,https://blog.naver.com/jklovelike/222786541399
2022-06-23,Thu,20,지성과 사랑,카페로 가자,6,5,0,,,,,https://blog.naver.com/jklovelike/222786088955
2022-06-22,Wed,2,지성과 사랑,사상과 순간 이외에 자기 것은 아무 것도 없다,25,5,0,,,,,https://blog.naver.com/jklovelike/222783313268
2022-06-22,Wed,0,지성과 사랑,<천의 얼굴을 가진 영웅> 중에서,18,4,0,,,,,https://blog.naver.com/jklovelike/222783175232
2022-06-21,Tue,20,지성과 사랑,사랑하는 것,6,5,0,,,,,https://blog.naver.com/jklovelike/222782927042
2022-06-20,Mon,15,지성과 사랑,소로우 - 나 자신의 의지대로 살아보기 위해 (월든 중에서),33,10,0,,,,,https://blog.naver.com/jklovelike/222781037961
2022-06-20,Mon,15,가속성장/자기계발,시오노 나나미 - 자극이 없으면 아무것도 만들어 내지 못한다,33,10,2,,,,,https://blog.naver.com/jklovelike/222780987074
2022-06-20,Mon,4,"'데미안'의 단상, 생각","시간이 없다는 변명과, 그리고 간절함 사이에",24,8,0,,,,,https://blog.naver.com/jklovelike/222780432279
2022-06-20,Mon,4,지성과 사랑,퍼시 셸리 <오지만디아스>,14,4,0,,,,,https://blog.naver.com/jklovelike/222780429773
2022-06-19,Sun,23,지성과 사랑,헤르만 헤세 - 단계,11,6,0,,,,,https://blog.naver.com/jklovelike/222780217987
2022-06-18,Sat,17,지성과 사랑,"칼릴 지브란 - 어제는 오늘의 기억, 내일은 오늘의 꿈이다",32,8,0,,,,,https://blog.naver.com/jklovelike/222778518677
2022-06-18,Sat,0,"'데미안'의 단상, 생각","나쁜 것, 고귀한 것",11,4,0,,,,,https://blog.naver.com/jklovelike/222777810841
2022-06-16,Thu,23,수능/수능공부법/합격수기,2022입결 경희대 정시 입시 결과 자료 (70% 커트라인),33,4,11,143,2,0,0,https://blog.naver.com/jklovelike/222776225097
2022-06-13,Mon,14,지식의 정리,몸은 메시지다!,8,6,0,,,,,https://blog.naver.com/jklovelike/222771144138
2022-06-13,Mon,13,지성과 사랑,구본형 - 자신을 불태우고 그 위에서 새로워져라,26,6,0,,,,,https://blog.naver.com/jklovelike/222771136363
2022-06-12,Sun,0,'데미안'의 수능 칼럼 ,"열심히 공부하는 고3, 수능 공부하면서 받는 견제들",28,12,1,1679,1,0,0,https://blog.naver.com/jklovelike/222769232476
2022-06-11,Sat,0,수능/수능공부법/합격수기,2023 6월 모의평가 수학 오답률 순위,22,2,4,172,3,0,0,https://blog.naver.com/jklovelike/222768045149
2022-06-10,Fri,12,수능/수능공부법/합격수기,2023 6월 모의평가 예상 등급컷(추정컷),24,3,1,515,2,0,1,https://blog.naver.com/jklovelike/222767257520
2022-06-10,Fri,0,'데미안'의 수능 칼럼 ,4월 더프 수학 58점에서 6월 모의평가 수학 88점까지,31,37,1,1519,6,0,0,https://blog.naver.com/jklovelike/222766670249
2022-06-09,Thu,0,수능/수능공부법/합격수기,2022년 5월 더프 모의 등급컷/보정컷(예상컷),27,4,1,133,4,0,0,https://blog.naver.com/jklovelike/222765287350
2022-06-08,Wed,17,수능/수능공부법/합격수기,고승덕 - 시험 공부에서는 누가 더 참고 견디냐가 승패를 가른다,35,12,0,1402,0,0,0,https://blog.naver.com/jklovelike/222764837284
2022-06-08,Wed,16,수능/수능공부법/합격수기,2021년 시행 2022 6월 모의평가 국수영 등급컷,29,4,0,286,3,0,0,https://blog.naver.com/jklovelike/222764803110
2022-06-07,Tue,0,배움에 대하여,독서의 즐거움,7,11,1,1586,0,1,0,https://blog.naver.com/jklovelike/222762241599
2022-06-07,Tue,0,가속성장/자기계발,케임브리지 교수들에게 듣는 인생철학,19,4,0,,,,,https://blog.naver.com/jklovelike/222762226759
2022-06-04,Sat,0,지식의 정리,순우리말 단어들,8,5,2,,,,,https://blog.naver.com/jklovelike/222758584129
2022-06-03,Fri,23,배움에 대하여,정민 교수 - 스승의 옥편,14,7,0,1387,0,1,0,https://blog.naver.com/jklovelike/222758568264
2022-06-02,Thu,2,"'데미안'의 단상, 생각",하루하루,4,7,2,,,,,https://blog.naver.com/jklovelike/222755749288
2022-05-30,Mon,21,가속성장/자기계발,이소룡 - 정신상태가 싸움을 좌우한다,20,11,0,,,,,https://blog.naver.com/jklovelike/222752742350
2022-05-25,Wed,0,가속성장/자기계발,체크리스트를 체크하라,11,6,2,,,,,https://blog.naver.com/jklovelike/222745122179
2022-05-24,Tue,0,수능/수능공부법/합격수기,2021 5월 더프 모의고사 등급컷/보정컷,23,5,0,176,3,0,0,https://blog.naver.com/jklovelike/222743711261
2022-05-21,Sat,0,가속성장/자기계발,구본형 - 무예를 익히듯 변화의 길을 가라,23,6,0,,,,,https://blog.naver.com/jklovelike/222740315975
2022-05-20,Fri,0,지성과 사랑,스스로의 편이 되기,10,6,2,,,,,https://blog.naver.com/jklovelike/222739069927
2022-05-19,Thu,4,배움에 대하여,파스칼 - 인간은 생각하는 갈대다,18,5,1,445,0,2,0,https://blog.naver.com/jklovelike/222737932186
2022-05-17,Tue,23,대기만성,공병호 - 젊음,8,8,0,,,,,https://blog.naver.com/jklovelike/222736330776
2022-05-15,Sun,0,지성과 사랑,태도가치,4,5,0,,,,,https://blog.naver.com/jklovelike/222732771827
2022-05-15,Sun,0,"'데미안'의 단상, 생각",미미한 존재이기 때문에 오히려 흥미롭다,21,2,0,,,,,https://blog.naver.com/jklovelike/222732748696
2022-05-14,Sat,17,배움에 대하여,글을 쓴다는 것,8,11,1,2016,0,1,0,https://blog.naver.com/jklovelike/222732473401
2022-05-11,Wed,20,"'데미안'의 단상, 생각",일상에서의 공포 마케팅,12,7,3,,,,,https://blog.naver.com/jklovelike/222728968729
2022-05-10,Tue,0,"'데미안'의 단상, 생각",인생의 가장 슬픈 요약,12,6,0,,,,,https://blog.naver.com/jklovelike/222726688951
2022-05-09,Mon,17,"'데미안'의 단상, 생각",선결과제부터 처리하자,11,6,0,,,,,https://blog.naver.com/jklovelike/222726297554
2022-05-08,Sun,7,배움에 대하여,<내 삶의 글쓰기> 쓰는 것이 읽는 것이다. 읽는 것이 쓰는 것이다.,38,6,0,1504,0,6,0,https://blog.naver.com/jklovelike/222724504684
2022-05-06,Fri,0,대기만성,왜 망설이는가?,8,4,0,,,,,https://blog.naver.com/jklovelike/222722192518
2022-05-05,Thu,1,지식의 정리,칼 세이건의 <헛소리 탐지 장치>,18,6,2,,,,,https://blog.naver.com/jklovelike/222721341569
2022-05-05,Thu,1,"'데미안'의 단상, 생각",시간 많은 어른이 되고 싶었다,16,15,6,,,,,https://blog.naver.com/jklovelike/222721331772
2022-05-04,Wed,3,"'데미안'의 단상, 생각",인생은 세이브&로드가 없습니다,16,7,0,,,,,https://blog.naver.com/jklovelike/222720267225
2022-05-03,Tue,7,'데미안'의 수능 칼럼 ,내 제자들은 과연 얼마나 공부할까요? <공부시간 - 주간 100시간 이상 공부하기>,46,194,54,2777,35,0,2,https://blog.naver.com/jklovelike/222719166542
2022-05-03,Tue,5,지식의 정리,이데올로기 십계명,9,7,2,,,,,https://blog.naver.com/jklovelike/222719121159
2022-05-02,Mon,7,"'데미안'의 단상, 생각",운동 전후,5,6,0,,,,,https://blog.naver.com/jklovelike/222717997794
2022-05-02,Mon,0,"'데미안'의 단상, 생각",1년을 3년처럼 살아보기,13,8,0,,,,,https://blog.naver.com/jklovelike/222717832730
2022-04-29,Fri,2,"'데미안'의 단상, 생각",하루가 하루를 몰아낸다,12,6,1,,,,,https://blog.naver.com/jklovelike/222714968778
2022-04-27,Wed,23,'데미안'의 자기혁신,뇌를 더 써야 합니다,11,7,1,,,,,https://blog.naver.com/jklovelike/222713772227
2022-04-26,Tue,23,"'데미안'의 단상, 생각",때로는 준비할 틈 없이 기회가 갑자기 찾아온다,25,7,2,,,,,https://blog.naver.com/jklovelike/222712627701
2022-04-25,Mon,4,"'데미안'의 단상, 생각",내가 감동한 만큼 삶은 진해진다,17,10,2,,,,,https://blog.naver.com/jklovelike/222710419517
2022-04-25,Mon,3,가속성장/자기계발,젊음이라는 이점 (마음이 젊은 사람도!),22,5,1,,,,,https://blog.naver.com/jklovelike/222710416650
2022-04-22,Fri,7,'데미안'의 자기혁신,"습관에 대한 더하기, 빼기",14,6,3,,,,,https://blog.naver.com/jklovelike/222707836995
2022-04-22,Fri,5,수능/수능공부법/합격수기,강박적 공부 - 참을 수 없는 완벽함의 무거움,25,13,0,1519,0,1,0,https://blog.naver.com/jklovelike/222707801827
2022-04-21,Thu,0,가속성장/자기계발,트럼프 - 추진력을 발휘하라. 하지만 당신이 멈춰서는 순간 추진력은 사라진다.,43,8,0,,,,,https://blog.naver.com/jklovelike/222706760138
2022-04-20,Wed,0,가속성장/자기계발,효율적으로 생활하기,10,5,0,,,,,https://blog.naver.com/jklovelike/222705741467
2022-04-19,Tue,23,지성과 사랑,고통에 대한 저항,9,5,0,,,,,https://blog.naver.com/jklovelike/222705687146
2022-04-18,Mon,12,"'데미안'의 단상, 생각",꿈은 매일 느끼는 일상의 전율이다,18,6,0,,,,,https://blog.naver.com/jklovelike/222703975944
2022-04-18,Mon,2,"'데미안'의 단상, 생각",<내적 평화> - 카스파르 프리드리히 'Moonrise over the Sea',44,6,0,,,,,https://blog.naver.com/jklovelike/222703667668
2022-04-17,Sun,14,배움에 대하여,책읽기는 기본적으로 혁명이다,15,8,1,550,1,0,0,https://blog.naver.com/jklovelike/222703158963
2022-04-17,Sun,0,'데미안'의 자기혁신,자신의 한계에 대한 분석,13,5,0,,,,,https://blog.naver.com/jklovelike/222702824767
2022-04-16,Sat,1,가속성장/자기계발,나폴레온 힐 성공철학,11,7,0,,,,,https://blog.naver.com/jklovelike/222702111333
2022-04-15,Fri,12,'데미안'의 자기혁신,비록 실패하더라도 기술은 남는다,17,9,3,,,,,https://blog.naver.com/jklovelike/222701478279
2022-04-14,Thu,23,수능/수능공부법/합격수기,2022년 고3 3월 모의고사 확정 등급컷 (국어/수학 실제 등급컷),38,5,1,284,2,0,0,https://blog.naver.com/jklovelike/222701087026
2022-04-14,Thu,23,배움에 대하여,표정훈 - 책값은 아끼지 말라,16,10,0,1153,0,0,0,https://blog.naver.com/jklovelike/222701075158
2022-04-14,Thu,0,대기만성,자신만의 '영혼의 지문'을 찾아라,18,9,1,,,,,https://blog.naver.com/jklovelike/222700159170
2022-04-13,Wed,19,수능/수능공부법/합격수기,2022년 고3 4월 모의고사 등급컷 (예상컷),26,5,0,331,20,0,0,https://blog.naver.com/jklovelike/222699912421
2022-04-12,Tue,2,수능/수능공부법/합격수기,2021년 4월 고3 교육청 모의고사 등급컷,24,7,0,493,20,0,0,https://blog.naver.com/jklovelike/222698166716
2022-04-12,Tue,0,가속성장/자기계발,나의 진정한 적은 바로 나 자신이었다,20,8,2,,,,,https://blog.naver.com/jklovelike/222698101256
2022-04-11,Mon,0,수능/수능공부법/합격수기,원희룡의 사법시험 수석 합격기 - 나는 이렇게 공부했다,30,10,0,8939,1,2,0,https://blog.naver.com/jklovelike/222697090493
2022-04-10,Sun,1,배움에 대하여,다치바나 다카시 강의 중에서 - 젊은이에게 주는 조언,29,9,0,3186,0,1,0,https://blog.naver.com/jklovelike/222696394556
2022-04-10,Sun,0,'데미안'의 수능 칼럼 ,"공부에서, 평범한 사람들을 위한 제언",20,6,1,565,0,0,0,https://blog.naver.com/jklovelike/222696384950
2022-04-10,Sun,0,수능/수능공부법/합격수기,공부의 우선순위,8,10,0,187,0,0,0,https://blog.naver.com/jklovelike/222696362872
2022-04-09,Sat,14,가속성장/자기계발,무라카미 하루키 - 마라톤과 소설쓰기,20,5,2,,,,,https://blog.naver.com/jklovelike/222696028039
2022-04-09,Sat,0,배움에 대하여,노암 촘스키 - 왜 많은 지식인들은 순종적인가?,26,10,3,1309,0,1,0,https://blog.naver.com/jklovelike/222695673622
2022-04-08,Fri,23,지식의 정리,체력소모가 고차원적 인지 기능에 미치는 영향에 대한 사변적 접근,35,9,2,,,,,https://blog.naver.com/jklovelike/222695646852
2022-04-08,Fri,20,지식의 정리,선택장애,4,7,0,,,,,https://blog.naver.com/jklovelike/222695528646
2022-04-08,Fri,14,'데미안'의 수능 칼럼 ,2022년 4월 더프 모의고사 수학(미적) 치른 제자와의 피드백,35,9,14,4042,2,0,0,https://blog.naver.com/jklovelike/222695201481
2022-04-08,Fri,3,가속성장/자기계발,의식과 잠재의식의 막강한 힘,15,8,3,,,,,https://blog.naver.com/jklovelike/222694821685
2022-04-07,Thu,13,가속성장/자기계발,구본형 - 시간은 가장 희소한 자원이다,21,6,2,,,,,https://blog.naver.com/jklovelike/222694180755
2022-04-07,Thu,0,대기만성,쇼펜하우어 - 의지에의 강요,15,7,1,,,,,https://blog.naver.com/jklovelike/222693793192
2022-04-07,Thu,0,"'데미안'의 단상, 생각",과거의 실수를 기억하지 못한다,16,3,0,,,,,https://blog.naver.com/jklovelike/222693778889
2022-04-06,Wed,23,수능/수능공부법/합격수기,2021년 4월 더프 모의고사 등급컷/보정컷,24,2,0,140,4,0,0,https://blog.naver.com/jklovelike/222693735583
2022-04-05,Tue,23,지성과 사랑,시간이란,4,5,2,,,,,https://blog.naver.com/jklovelike/222692758800
2022-04-05,Tue,0,"'데미안'의 단상, 생각",두 번은 없다,7,7,3,,,,,https://blog.naver.com/jklovelike/222691804045
2022-04-05,Tue,0,가속성장/자기계발,"오직 내가 꿈을 꾸는 정도까지만, 나는 될 수 있다.",29,3,0,,,,,https://blog.naver.com/jklovelike/222691799233
2022-04-05,Tue,0,가속성장/자기계발,인생은 5분의 연속이다,12,4,0,,,,,https://blog.naver.com/jklovelike/222691791328
2022-04-04,Mon,1,가속성장/자기계발,성장하는 법 - 자기규율,13,8,1,,,,,https://blog.naver.com/jklovelike/222690862047
2022-04-04,Mon,1,가속성장/자기계발,200%의 노력,8,6,1,,,,,https://blog.naver.com/jklovelike/222690859241
2022-04-03,Sun,0,가속성장/자기계발,인생을 망치는 7가지 변명,14,11,0,,,,,https://blog.naver.com/jklovelike/222690082654
2022-04-03,Sun,0,지성과 사랑,나에게 영감을 주는 것들,13,8,0,,,,,https://blog.naver.com/jklovelike/222690079693
2022-04-03,Sun,0,지식의 정리,기억력을 향상시키는 방법,13,11,0,,,,,https://blog.naver.com/jklovelike/222690074753
2022-04-01,Fri,18,수능/수능공부법/합격수기,2022년 3월 더프 모의고사 등급컷,20,8,2,316,4,0,0,https://blog.naver.com/jklovelike/222689132432
2022-04-01,Fri,0,지성과 사랑,에드거 게스트의 시(詩) -  장비,19,4,0,,,,,https://blog.naver.com/jklovelike/222688465567
2022-04-01,Fri,0,배움에 대하여,공부의 정의,6,5,0,119,0,0,0,https://blog.naver.com/jklovelike/222688460475
2022-03-31,Thu,1,"'데미안'의 단상, 생각",한계 넘어서기,7,11,0,,,,,https://blog.naver.com/jklovelike/222687498786
2022-03-31,Thu,0,배움에 대하여,성장소설이 필요하다,10,9,0,1105,0,0,0,https://blog.naver.com/jklovelike/222687494586
2022-03-31,Thu,0,가속성장/자기계발,지식근로자를 위한 조언,12,5,0,,,,,https://blog.naver.com/jklovelike/222687490650
2022-03-30,Wed,17,배움에 대하여,"박이문 - 나의 길, 나의 삶",16,5,0,1870,0,1,0,https://blog.naver.com/jklovelike/222687115556
2022-03-30,Wed,16,수능/수능공부법/합격수기,수험생 - 슬럼프의 극복,13,12,0,1617,0,5,0,https://blog.naver.com/jklovelike/222687105554
2022-03-28,Mon,21,수능/수능공부법/합격수기,나중 된 자가 먼저 될 수도 있다,18,10,2,2222,0,0,0,https://blog.naver.com/jklovelike/222685436868
2022-03-27,Sun,18,가속성장/자기계발,공병호 - 정상을 위한 열정,15,7,3,,,,,https://blog.naver.com/jklovelike/222684347199
2022-03-27,Sun,15,가속성장/자기계발,러셀 - 청년에게 그가 할 수 있는 최선의 것을 기대하라.,32,5,0,,,,,https://blog.naver.com/jklovelike/222684235907
2022-03-27,Sun,15,"'데미안'의 단상, 생각",생리학적 원인과 열정,11,4,0,,,,,https://blog.naver.com/jklovelike/222684230608
2022-03-26,Sat,19,"'데미안'의 단상, 생각",움직이고 또 움직여야 하는 존재,17,8,0,,,,,https://blog.naver.com/jklovelike/222683651748
2022-03-25,Fri,14,배움에 대하여,문요한 - 세상에 게으른 아이는 없다,20,7,0,1829,0,0,0,https://blog.naver.com/jklovelike/222682636984
2022-03-25,Fri,13,지식의 정리,율곡 이이 선생의 자경문(自警文),18,8,0,,,,,https://blog.naver.com/jklovelike/222682613670
2022-03-24,Thu,21,수능/수능공부법/합격수기,2022년 고3 3월 모의고사 등급컷(추정) <국수영 예상 등급컷>,37,30,1,906,3,0,0,https://blog.naver.com/jklovelike/222682093967
2022-03-24,Thu,15,수능/수능공부법/합격수기,"2022 3월 모의고사 시험지/ 문제지 다운로드 (국어, 수학, 영어)",39,3,0,205,1,0,0,https://blog.naver.com/jklovelike/222681747182
2022-03-24,Thu,0,배움에 대하여,책으로 쌓는 바벨 탑,11,9,2,339,1,0,0,https://blog.naver.com/jklovelike/222681250478
2022-03-23,Wed,22,'데미안'의 수능 칼럼 ,모의고사 - 수학 실전에서의 시간관리,20,11,6,814,0,0,0,https://blog.naver.com/jklovelike/222681149949
2022-03-23,Wed,21,수능/수능공부법/합격수기,어떤 방법으로든지 공부해라,14,10,2,3163,0,0,0,https://blog.naver.com/jklovelike/222681110843
2022-03-23,Wed,20,수능/수능공부법/합격수기,수능 수학교재 리뷰 예정입니다,16,17,1,648,7,0,0,https://blog.naver.com/jklovelike/222681084448
2022-03-23,Wed,18,배움에 대하여,공부의 즐거움,7,6,0,1689,0,0,0,https://blog.naver.com/jklovelike/222680963792
2022-03-23,Wed,12,수능/수능공부법/합격수기,2022년 4월 모의고사 일정 및 시험범위,23,8,2,117,1,0,0,https://blog.naver.com/jklovelike/222680662634
2022-03-22,Tue,21,수능/수능공부법/합격수기,공부하는 정신무장,9,9,1,936,0,0,0,https://blog.naver.com/jklovelike/222680156251
2022-03-22,Tue,14,수능/수능공부법/합격수기,2021년 3월 고3 모의고사(교육청) 등급컷,25,19,0,535,16,0,0,https://blog.naver.com/jklovelike/222679761118
2022-03-22,Tue,13,배움에 대하여,공병호 - 공부의 즐거움,13,5,0,1053,0,0,0,https://blog.naver.com/jklovelike/222679728055
2022-03-22,Tue,8,관심사/이슈,첼시 인수전에 뛰어든 한국 기업,17,4,0,,,,,https://blog.naver.com/jklovelike/222679489741
2022-03-22,Tue,8,지식의 정리,"수학과 관련된 경구, 명언",14,5,0,,,,,https://blog.naver.com/jklovelike/222679466505
2022-03-21,Mon,22,'데미안'의 수능 칼럼 ,수능 수학에서 계산 실수를 줄이는 방법,21,37,1,1827,0,0,0,https://blog.naver.com/jklovelike/222679231692
2022-03-21,Mon,20,수능/수능공부법/합격수기,(공부자극) 수험생에게 - 과연 얼마만큼 치열하게 살아가는가? 왜 그렇지 못하는 것인가?,49,16,1,4566,0,0,0,https://blog.naver.com/jklovelike/222679109346
2022-03-21,Mon,19,지성과 사랑,안톤 슈낙 - 우리를 슬프게 하는 것들,21,3,0,,,,,https://blog.naver.com/jklovelike/222679052572
2022-03-21,Mon,2,지성과 사랑,<데미안> 프롤로그 중에서,14,5,0,,,,,https://blog.naver.com/jklovelike/222678376388
2022-03-21,Mon,1,관심사/이슈,엘클라시코(바르샤vs레알) 11경기 무패 vs 리그 1위,31,2,0,,,,,https://blog.naver.com/jklovelike/222678370689
2022-03-21,Mon,0,수능/수능공부법/합격수기,자제력 강한 아이 공부도 잘한다,17,5,0,1328,0,0,0,https://blog.naver.com/jklovelike/222678316936
2022-03-20,Sun,1,배움에 대하여,생각은 공부가 아니다!,12,10,0,2233,0,0,0,https://blog.naver.com/jklovelike/222677584805
2022-03-19,Sat,22,배움에 대하여,셜록 홈즈 - 보는 것과 관찰의 차이,20,10,2,329,1,0,0,https://blog.naver.com/jklovelike/222677449275
2022-03-19,Sat,21,'데미안'의 수능 칼럼 ,더프 모의 3월 수학 후기 및 조언,19,5,7,2027,2,0,0,https://blog.naver.com/jklovelike/222677404152
2022-03-18,Fri,1,"'데미안'의 단상, 생각",집중하기,4,9,3,,,,,https://blog.naver.com/jklovelike/222675851723
2022-03-17,Thu,23,수능/수능공부법/합격수기,2021 3월 더프 모의 등급컷,17,4,0,86,3,0,0,https://blog.naver.com/jklovelike/222675783326
2022-03-16,Wed,23,수능/수능공부법/합격수기,이범 - 복습 없이 고득점 없다.,18,11,0,1115,0,0,0,https://blog.naver.com/jklovelike/222674770595
2022-03-15,Tue,0,수능/수능공부법/합격수기,"30대 중반에 한의대에 입학한 수기 - ""30대 중반에 다시 시작한 수험 생활은 전혀 힘들지 않았다.""",57,30,1,2011,0,0,0,https://blog.naver.com/jklovelike/222672790211
2022-03-14,Mon,13,가속성장/자기계발,자신감 싸움 - 이길 수 있다,16,7,0,,,,,https://blog.naver.com/jklovelike/222672174222
2022-03-14,Mon,7,수능/수능공부법/합격수기,종합적 사고력,7,11,0,960,0,0,0,https://blog.naver.com/jklovelike/222671912422
2022-03-14,Mon,0,수능/수능공부법/합격수기,원희룡의 <공부 잘 하는 비법> 특강 4,22,6,2,6170,0,0,0,https://blog.naver.com/jklovelike/222671760552
2022-03-13,Sun,0,배움에 대하여,철학박사 강유원의 '내가 공부하는 방법',22,13,1,9138,1,0,0,https://blog.naver.com/jklovelike/222670986395
2022-03-13,Sun,0,수능/수능공부법/합격수기,현우진 - 인생은 결국 유리함수인 걸,20,22,0,2273,1,0,0,https://blog.naver.com/jklovelike/222670978501
2022-03-11,Fri,20,수능/수능공부법/합격수기,원희룡의 <공부 잘 하는 비법> 특강 3,22,6,0,14773,0,0,0,https://blog.naver.com/jklovelike/222670076917
2022-03-10,Thu,22,수능/수능공부법/합격수기,원희룡의 <공부 잘 하는 비법> 특강 2,22,7,0,7594,0,0,0,https://blog.naver.com/jklovelike/222669227343
2022-03-08,Tue,4,지식의 정리,공병호 -독서의 요령,11,10,1,,,,,https://blog.naver.com/jklovelike/222666702274
2022-03-08,Tue,0,"'데미안'의 단상, 생각",소위 머리 좋은 친구를 볼 때마다,18,9,0,,,,,https://blog.naver.com/jklovelike/222666625302
2022-03-08,Tue,0,가속성장/자기계발,"구본형 - 훔치자, 부끄러움 없이",18,13,0,,,,,https://blog.naver.com/jklovelike/222666618032
2022-03-07,Mon,0,가속성장/자기계발,자신을 큰 사람으로 만들어라,15,10,2,,,,,https://blog.naver.com/jklovelike/222665668878
2022-03-06,Sun,23,가속성장/자기계발,소원 성취의 비밀,9,7,0,,,,,https://blog.naver.com/jklovelike/222665654432
2022-03-06,Sun,16,"'데미안'의 단상, 생각",내키는 대로,6,14,4,,,,,https://blog.naver.com/jklovelike/222665325006
2022-03-06,Sun,16,대기만성,꿈 걸러내기,6,6,1,,,,,https://blog.naver.com/jklovelike/222665311252
2022-03-06,Sun,3,가속성장/자기계발,승리의 열정 - 승부욕과 성취욕,17,6,0,,,,,https://blog.naver.com/jklovelike/222664990856
2022-03-06,Sun,1,지식의 정리,Good Luck,9,5,0,,,,,https://blog.naver.com/jklovelike/222664960643
2022-03-05,Sat,0,지성과 사랑,칼릴 지브란 - 모래 물거품,15,10,0,,,,,https://blog.naver.com/jklovelike/222664190607
2022-03-04,Fri,1,지성과 사랑,브레히트의 사랑시(아침 저녁으로 읽기 위하여),25,5,1,,,,,https://blog.naver.com/jklovelike/222663317720
2022-03-03,Thu,0,관심사/이슈,러시아 군인의 마지막 문자,14,6,0,,,,,https://blog.naver.com/jklovelike/222662368735
2022-03-02,Wed,19,지식의 정리,볼테르 - 표현의 자유 및 소수자에 대한 관용,25,6,0,,,,,https://blog.naver.com/jklovelike/222662148814
2022-03-02,Wed,17,지성과 사랑,안병욱 - <얼굴>,10,10,1,,,,,https://blog.naver.com/jklovelike/222662016509
2022-03-02,Wed,16,지식의 정리,감정의 노화를 멈추고 젊게 사는 법,19,8,0,,,,,https://blog.naver.com/jklovelike/222661983014
2022-03-01,Tue,3,수능/수능공부법/합격수기,시험 공부에서의 암기력 높이기,16,8,0,1221,0,0,0,https://blog.naver.com/jklovelike/222660631803
2022-02-28,Mon,21,수능/수능공부법/합격수기,원희룡의 <공부 잘 하는 비법> 특강,20,15,1,2866,0,0,0,https://blog.naver.com/jklovelike/222660385936
2022-02-28,Mon,14,수능/수능공부법/합격수기,고승덕 강연 내용 중 - 상대적 게임이기에 남들보다 더 하자,33,28,2,2022,1,0,0,https://blog.naver.com/jklovelike/222659991245
2022-02-28,Mon,6,지식의 정리,스티븐 킹 - 글쓰기를 위한 조언,18,9,0,,,,,https://blog.naver.com/jklovelike/222659675669
2022-02-28,Mon,5,관심사/이슈,영국 EPL 우승 트로피 세레머니에서의 동양인 인종차별(?) - 리버풀 미나미노,44,6,4,,,,,https://blog.naver.com/jklovelike/222659668327
2022-02-28,Mon,2,수능/수능공부법/합격수기,시험 공부의 비결,9,8,0,2248,0,0,0,https://blog.naver.com/jklovelike/222659621568
2022-02-27,Sun,19,"'데미안'의 단상, 생각",'배움'으로서의 글쓰기,12,14,0,,,,,https://blog.naver.com/jklovelike/222659301091
2022-02-27,Sun,13,가속성장/자기계발,우수한 강사들의 다섯 개의 핵심 능력,20,10,4,,,,,https://blog.naver.com/jklovelike/222659096449
2022-02-27,Sun,13,"'데미안'의 단상, 생각",몸을 움직이자,7,8,0,,,,,https://blog.naver.com/jklovelike/222659083642
2022-02-27,Sun,12,관심사/이슈,우크라이나 축구선수 진첸코 - 러시아 푸틴에게 저주를!,30,9,2,,,,,https://blog.naver.com/jklovelike/222659068167
2022-02-27,Sun,5,배움에 대하여,문제 해결의 기쁨,9,13,2,1891,1,0,0,https://blog.naver.com/jklovelike/222658906245
2022-02-27,Sun,4,지성과 사랑,도로시 파커 -베테랑(The Veteran),24,6,0,,,,,https://blog.naver.com/jklovelike/222658891859
2022-02-27,Sun,1,가속성장/자기계발,프로와 아마추어 차이 - 저항 극복과 규칙적 습관,27,20,3,,,,,https://blog.naver.com/jklovelike/222658843131
2022-02-27,Sun,0,'데미안'의 자기혁신,프로 정신,5,6,1,,,,,https://blog.naver.com/jklovelike/222658812155
2022-02-27,Sun,0,가속성장/자기계발,구본형 - 1인 기업가를 위한 표범 철학,22,8,0,,,,,https://blog.naver.com/jklovelike/222658795873
2022-02-26,Sat,23,대기만성,구본형 - 아직 늦지 않았다,15,5,0,,,,,https://blog.naver.com/jklovelike/222658788476
2022-02-26,Sat,1,지성과 사랑,잉게보르크 바하만 - '나',15,10,0,,,,,https://blog.naver.com/jklovelike/222658116457
2022-02-26,Sat,1,"'데미안'의 단상, 생각",워커홀릭으로 살기,9,12,0,,,,,https://blog.naver.com/jklovelike/222658110404
2022-02-26,Sat,1,수능/수능공부법/합격수기,공부하기 싫을 때 읽어두면 괜찮은 명언,21,12,0,551,0,0,0,https://blog.naver.com/jklovelike/222658100720
2022-02-26,Sat,0,배움에 대하여,피타고라스 - 지식의 6가지 장점,18,5,0,716,0,0,0,https://blog.naver.com/jklovelike/222658060524
2022-02-25,Fri,20,수능/수능공부법/합격수기,서울대 교수학습센터 제안 학습법 가이드,21,7,1,2429,0,0,0,https://blog.naver.com/jklovelike/222657889423
2022-02-25,Fri,0,'데미안'의 자기혁신,연금술의 법칙 - 안에서도 그러하면 밖에서도 그러하다,29,20,3,,,,,https://blog.naver.com/jklovelike/222657167226
2022-02-24,Thu,22,수능/수능공부법/합격수기,불광불급不狂不及 - 미쳐야 미친다,18,31,2,1679,0,0,0,https://blog.naver.com/jklovelike/222657043659
2022-02-24,Thu,16,수능/수능공부법/합격수기,전교 459등에서 서울대 합격까지,18,10,1,1079,1,0,0,https://blog.naver.com/jklovelike/222656744877
2022-02-24,Thu,12,배움에 대하여,왕멍 - 나는 학생이다,12,8,2,1764,0,0,0,https://blog.naver.com/jklovelike/222656525571
2022-02-24,Thu,2,수능/수능공부법/합격수기,고승덕 <17시간 초격차 노력론>,18,38,2,,,,,https://blog.naver.com/jklovelike/222656233177
2022-02-23,Wed,23,수능/수능공부법/합격수기,고승덕 -포기하지 않으면 불가능이란 없다 -,24,13,0,,,,,https://blog.naver.com/jklovelike/222656127406
2022-02-23,Wed,19,수능/수능공부법/합격수기,한석원 - 전교 300등이 서울대에 입학한 사연,26,88,4,,,,,https://blog.naver.com/jklovelike/222655890316
2022-02-23,Wed,18,수능/수능공부법/합격수기,서울대 의대 합격기 중 - <45일 간의 수능 완성>,29,22,0,,,,,https://blog.naver.com/jklovelike/222655880647
2020-01-17,Fri,2,"'데미안'의 단상, 생각",자기 교육,5,55,22,,,,,https://blog.naver.com/jklovelike/221774762088
2020-01-02,Thu,22,Na,"스마일라식 40일차, 그리고 운동",18,8,7,,,,,https://blog.naver.com/jklovelike/221757854467
2020-01-02,Thu,0,Na,20200101 면도,11,9,9,,,,,https://blog.naver.com/jklovelike/221756759098
2019-04-14,Sun,22,Na,190414 두통,9,6,0,,,,,https://blog.naver.com/jklovelike/221513612312
2019-04-13,Sat,0,Na,190412,6,6,0,,,,,https://blog.naver.com/jklovelike/221512382648
2019-03-10,Sun,0,'데미안'의 젊은 날의 초상,젊음은 젊은 시절 낭비된다,14,10,2,,,,,https://blog.naver.com/jklovelike/221484387690
2019-03-09,Sat,0,Na,190308 일,8,4,2,,,,,https://blog.naver.com/jklovelike/221483744093
2019-03-03,Sun,23,추천도서/권장도서,[공유] 물꼬방 추천도서 2019,18,5,0,,,,,https://blog.naver.com/jklovelike/221479448539
2019-02-20,Wed,23,'데미안'의 젊은 날의 초상,미미한 존재이기 때문에 오히려 흥미롭다,21,13,3,,,,,https://blog.naver.com/jklovelike/221470890399
2019-02-20,Wed,3,Na,새벽 5시 경기를 보려고,13,2,2,,,,,https://blog.naver.com/jklovelike/221470111620
2019-02-19,Tue,0,Na,190218 집 가면서,12,5,0,,,,,https://blog.naver.com/jklovelike/221469148098
2019-02-17,Sun,3,'데미안'의 젊은 날의 초상,이길 수 있는 싸움을 하자,14,12,1,,,,,https://blog.naver.com/jklovelike/221467686086
2019-02-13,Wed,3,'데미안'의 젊은 날의 초상,망각했던 것,6,6,1,,,,,https://blog.naver.com/jklovelike/221464471057
2019-02-08,Fri,0,관심사/이슈,"[코파 델 레이 4강] 발렌시아의 이강인, 레알 베티스 전에 출전할까",38,3,0,,,,,https://blog.naver.com/jklovelike/221460484098
2019-02-06,Wed,20,관심사/이슈,[코파 델 레이 4강] 엘 클라시코 - 2월 7일 새벽 5시,33,3,4,,,,,https://blog.naver.com/jklovelike/221459496654
2019-02-05,Tue,2,Na,[운동일지]190204 풀업 총101회 푸쉬업 총111회 등,33,5,1,,,,,https://blog.naver.com/jklovelike/221458629250
2019-02-04,Mon,2,Na,[운동일지]190203,12,3,3,,,,,https://blog.naver.com/jklovelike/221458107046
2019-02-04,Mon,2,Na,[운동일지]190202,12,2,0,,,,,https://blog.naver.com/jklovelike/221458105791
2019-01-31,Thu,8,관심사/이슈,"[코파 델 레이 8강] 바르샤, 세비야 6:1 대파! 행복셀로나!",36,4,2,,,,,https://blog.naver.com/jklovelike/221455299157
2019-01-30,Wed,21,Na,190129,6,4,0,,,,,https://blog.naver.com/jklovelike/221455066331
2019-01-28,Mon,2,Na,[운동일지]190127,12,3,0,,,,,https://blog.naver.com/jklovelike/221452585082
2019-01-28,Mon,2,관심사/이슈,"바르샤vs지로나, 메시 리그19골+백승호 라리가 데뷔",29,4,0,,,,,https://blog.naver.com/jklovelike/221452582297
2019-01-26,Sat,23,'데미안'의 젊은 날의 초상,더 연마하기,6,4,0,,,,,https://blog.naver.com/jklovelike/221451881169
2019-01-26,Sat,1,관심사/이슈,카타르 국가대표팀 감독,12,6,2,,,,,https://blog.naver.com/jklovelike/221451291085
2019-01-26,Sat,0,Na,[운동일지]190125,12,3,1,,,,,https://blog.naver.com/jklovelike/221451271052
2019-01-25,Fri,11,관심사/이슈,"vs 레알전, 백승호의 탈압박",16,2,0,,,,,https://blog.naver.com/jklovelike/221450696784
2019-01-25,Fri,0,Na,[운동일지]190124,12,2,0,,,,,https://blog.naver.com/jklovelike/221450424391
2019-01-23,Wed,23,Na,[운동일지]190123 공원 + 집,19,2,0,,,,,https://blog.naver.com/jklovelike/221449534423
2019-01-22,Tue,23,'데미안'의 젊은 날의 초상,운동 전후,5,10,1,,,,,https://blog.naver.com/jklovelike/221448645010
2019-01-19,Sat,0,'데미안'의 젊은 날의 초상,"만들기 쉬운 행복, 나의 경우에는",18,10,0,,,,,https://blog.naver.com/jklovelike/221445599399
2019-01-18,Fri,4,'데미안'의 젊은 날의 초상,자기 주문,5,12,2,,,,,https://blog.naver.com/jklovelike/221444852182
2019-01-16,Wed,22,'데미안'의 젊은 날의 초상,현재의 일상적 행위에 대해 잠시 생각해보기,23,10,1,,,,,https://blog.naver.com/jklovelike/221443837574
2019-01-16,Wed,1,지식의 정리,권위 이용의 오류,9,4,0,,,,,https://blog.naver.com/jklovelike/221443061912
2019-01-13,Sun,16,Na,190113,6,7,0,,,,,https://blog.naver.com/jklovelike/221440990111
2018-12-04,Tue,2,'데미안'의 젊은 날의 초상,연말을 목전에 두고,10,7,1,,,,,https://blog.naver.com/jklovelike/221411808733
2018-10-15,Mon,23,'데미안'의 젊은 날의 초상,젊음이라는 재능,8,9,1,,,,,https://blog.naver.com/jklovelike/221378294060
2018-08-22,Wed,13,'데미안'의 젊은 날의 초상,좋은 것은 위대한 것의 적이다,16,6,2,,,,,https://blog.naver.com/jklovelike/221343681853
2018-08-22,Wed,4,Na,[운동일지]180821 맨몸운동 푸시업 351회,26,3,0,,,,,https://blog.naver.com/jklovelike/221343468007
2018-08-22,Wed,4,Na,[운동일지]180820 푸시업 311회,21,2,0,,,,,https://blog.naver.com/jklovelike/221343466415
2018-08-20,Mon,2,Na,[운동일지]180819 맨몸운동 28분,21,2,2,,,,,https://blog.naver.com/jklovelike/221342037459
2018-08-19,Sun,4,Na,[운동일지]180818 맨몸운동 29분,21,3,0,,,,,https://blog.naver.com/jklovelike/221341546585
2018-08-18,Sat,5,Na,[운동일지]180817,12,0,0,,,,,https://blog.naver.com/jklovelike/221341040341
2018-08-17,Fri,3,Na,[운동일지]180816 맨몸운동 푸시업301회 턱걸이104회,33,2,2,,,,,https://blog.naver.com/jklovelike/221340348180
2018-08-16,Thu,3,'데미안'의 젊은 날의 초상,하루,2,9,1,,,,,https://blog.naver.com/jklovelike/221339651874
2018-08-16,Thu,2,Na,[운동일지]180815 맨몸운동 31분,21,2,0,,,,,https://blog.naver.com/jklovelike/221339647784
2018-08-15,Wed,2,Na,[운동일지]180814 맨몸운동 33분,21,1,0,,,,,https://blog.naver.com/jklovelike/221339081236
2018-08-14,Tue,2,Na,[운동일지]180813 맨몸운동 40분,21,3,0,,,,,https://blog.naver.com/jklovelike/221338400082
2018-08-13,Mon,0,Na,[운동일지]180812 맨몸운동 31분,21,3,0,,,,,https://blog.naver.com/jklovelike/221337642144
2018-08-12,Sun,1,Na,[운동일지]180811 맨몸운동 52분,21,5,0,,,,,https://blog.naver.com/jklovelike/221337179452
2018-08-12,Sun,0,Na,[운동일지]180810 맨몸운동 35분,21,3,0,,,,,https://blog.naver.com/jklovelike/221337146664
2018-08-10,Fri,0,Na,[운동일지]180809 맨몸운동 57분,21,3,1,,,,,https://blog.naver.com/jklovelike/221335980561
2018-08-09,Thu,9,Na,[운동일지]180808 맨몸운동 40분,21,2,2,,,,,https://blog.naver.com/jklovelike/221335420461
2018-08-08,Wed,3,Na,[운동일지]180807 맨몸운동 45분,21,2,0,,,,,https://blog.naver.com/jklovelike/221334636375
2018-08-07,Tue,3,Na,[운동일지]180806 맨몸운동 11+30분,24,3,0,,,,,https://blog.naver.com/jklovelike/221333941432
2018-08-06,Mon,1,Na,운동 꾸준히 한지 100일 정도 되었다,21,4,6,,,,,https://blog.naver.com/jklovelike/221333260916
2018-08-06,Mon,1,Na,[운동일지]180805 맨몸운동 61분,21,6,1,,,,,https://blog.naver.com/jklovelike/221333257088
2018-08-05,Sun,20,'데미안'의 젊은 날의 초상,경험에 대한 기록,9,10,1,,,,,https://blog.naver.com/jklovelike/221333127684
2018-08-05,Sun,1,Na,[운동일지]180804 맨몸운동 91분,21,5,0,,,,,https://blog.naver.com/jklovelike/221332783731
2018-08-04,Sat,22,Na,180804 집중의 합,12,8,0,,,,,https://blog.naver.com/jklovelike/221332722904
2018-07-15,Sun,23,Na,4년,2,6,2,,,,,https://blog.naver.com/jklovelike/221319712757
2018-06-06,Wed,23,Na,180606,6,10,5,,,,,https://blog.naver.com/jklovelike/221293191011
2018-06-03,Sun,0,Na,"6월, 새로움",7,4,0,,,,,https://blog.naver.com/jklovelike/221290305989
2018-06-02,Sat,1,Na,180601 컨디션,10,7,0,,,,,https://blog.naver.com/jklovelike/221289725213
2018-05-26,Sat,0,Na,180525,6,8,2,,,,,https://blog.naver.com/jklovelike/221284329742
2018-05-19,Sat,23,'데미안'의 젊은 날의 초상,일모도원,4,12,1,,,,,https://blog.naver.com/jklovelike/221279720285
2018-05-10,Thu,0,Na,180509,6,7,0,,,,,https://blog.naver.com/jklovelike/221272013056
2018-05-05,Sat,3,Na,180504,6,5,0,,,,,https://blog.naver.com/jklovelike/221268553990
2018-05-05,Sat,3,'데미안'의 젊은 날의 초상,패배를 통해 배우기,10,6,0,,,,,https://blog.naver.com/jklovelike/221268551518
2018-04-26,Thu,0,Na,4월 26일 목요일,10,0,0,,,,,https://blog.naver.com/jklovelike/221261564522
2018-04-20,Fri,0,'데미안'의 젊은 날의 초상,불확실한 상황과 모호한 상태에 대한 내성,22,10,3,,,,,https://blog.naver.com/jklovelike/221257062975
2018-04-13,Fri,1,'데미안'의 젊은 날의 초상,"더 시도하기, 더 나아지기",14,12,1,,,,,https://blog.naver.com/jklovelike/221251641856
2018-04-02,Mon,1,Na,"180401 바르샤, 세비야와의 일전",20,7,10,,,,,https://blog.naver.com/jklovelike/221242700842
2018-04-01,Sun,2,Na,180331,6,4,0,,,,,https://blog.naver.com/jklovelike/221242083595
2018-03-25,Sun,19,Na,180325,6,6,0,,,,,https://blog.naver.com/jklovelike/221237042379
2018-03-24,Sat,0,독서 단상,요즘 여친과 함께 소설을 읽는다,17,9,5,,,,,https://blog.naver.com/jklovelike/221235967956
2018-03-06,Tue,0,Na,180305,6,9,0,,,,,https://blog.naver.com/jklovelike/221222552268
2018-03-04,Sun,5,투자/주식,요셉 드 라 베가 - 거래의 네 가지 기본 원칙,26,11,1,,,,,https://blog.naver.com/jklovelike/221221212028
2018-03-03,Sat,3,'데미안'의 젊은 날의 초상,두 번은 없다,7,8,0,,,,,https://blog.naver.com/jklovelike/221220588237
2018-02-21,Wed,0,Na,180220,6,2,2,,,,,https://blog.naver.com/jklovelike/221212837382
2018-02-19,Mon,0,Na,180218 개운하다,11,2,0,,,,,https://blog.naver.com/jklovelike/221211137509
2018-02-14,Wed,23,Na,180214 몰입,9,8,0,,,,,https://blog.naver.com/jklovelike/221209029524
2018-01-28,Sun,4,Na,180128 들끓는 생각,13,4,0,,,,,https://blog.naver.com/jklovelike/221195148290
2018-01-27,Sat,2,내가 만난 [책],기꺼이 자본가가 되어라,12,16,3,,,,,https://blog.naver.com/jklovelike/221194513363
2018-01-26,Fri,1,내가 만난 [책],"엘리스 피터스 - <캐드펠 시리즈> 1권 ""성녀의 유골""",31,7,8,,,,,https://blog.naver.com/jklovelike/221193708343
2018-01-17,Wed,1,Na,180116,6,7,2,,,,,https://blog.naver.com/jklovelike/221186613849
2018-01-14,Sun,0,내가 만난 [책],내 과거의 책를 발견하고,13,7,0,,,,,https://blog.naver.com/jklovelike/221184540459
2018-01-11,Thu,2,Na,고뇌하기 보다는 행복했던 시간,16,6,0,,,,,https://blog.naver.com/jklovelike/221182466487
2018-01-01,Mon,1,Na,2018년,5,2,6,,,,,https://blog.naver.com/jklovelike/221175188672
2017-12-24,Sun,0,Na,171223,6,6,2,,,,,https://blog.naver.com/jklovelike/221169875474
2017-12-21,Thu,11,Na,171221,6,5,2,,,,,https://blog.naver.com/jklovelike/221168026388
2017-11-16,Thu,13,Na,171116,6,2,0,,,,,https://blog.naver.com/jklovelike/221141292728
2017-11-04,Sat,22,Na,171104,6,9,2,,,,,https://blog.naver.com/jklovelike/221132669269
2017-10-13,Fri,7,Na,2017년 10월 13일 오전 6시 55분에 저장한 글입니다.,34,4,4,,,,,https://blog.naver.com/jklovelike/221115982604
2017-09-25,Mon,0,Na,170925,6,2,0,,,,,https://blog.naver.com/jklovelike/221104365937
2017-09-24,Sun,0,Na,170924,6,3,0,,,,,https://blog.naver.com/jklovelike/221103769985
2017-08-16,Wed,23,Na,170816 성장과 베품은 동행한다.,20,7,1,,,,,https://blog.naver.com/jklovelike/221075570234
2017-08-12,Sat,1,'데미안'의 젊은 날의 초상,자유롭게 행동하라,9,12,2,,,,,https://blog.naver.com/jklovelike/221072261296
2017-08-11,Fri,22,Na,170811,6,3,0,,,,,https://blog.naver.com/jklovelike/221072179601
2017-08-10,Thu,0,Na,비 오는 야밤에 비를 맞으며 운동을 하다가,23,3,0,,,,,https://blog.naver.com/jklovelike/221070670001
2017-07-25,Tue,0,'데미안'의 젊은 날의 초상,의식의 발전,6,3,2,,,,,https://blog.naver.com/jklovelike/221058942860
2017-07-22,Sat,1,Na,바뀐다,3,5,0,,,,,https://blog.naver.com/jklovelike/221056979371
2017-07-22,Sat,0,Na,170722 묘미,9,4,0,,,,,https://blog.naver.com/jklovelike/221056970832
2017-07-20,Thu,0,Na,170720 더 좋게 보내자,15,11,0,,,,,https://blog.naver.com/jklovelike/221055350762
2017-07-19,Wed,3,Na,170719,6,6,0,,,,,https://blog.naver.com/jklovelike/221054585104
2017-07-17,Mon,23,'데미안'의 젊은 날의 초상,의미 없는 일을 하지 않는다,15,4,3,,,,,https://blog.naver.com/jklovelike/221053656209
2017-07-17,Mon,3,'데미안'의 젊은 날의 초상,최선을 다했는가? 아니다,13,6,4,,,,,https://blog.naver.com/jklovelike/221052925195
2017-07-15,Sat,8,Na,토요일 오전,6,7,4,,,,,https://blog.naver.com/jklovelike/221051835230
2017-07-15,Sat,3,'데미안'의 젊은 날의 초상,비 오는 새벽,7,6,0,,,,,https://blog.naver.com/jklovelike/221051783200
2017-07-15,Sat,2,"'데미안'의 단상, 생각",성장,2,7,0,,,,,https://blog.naver.com/jklovelike/221051773887
2017-07-15,Sat,1,Na,170715 운동 시간 바꾸기,16,1,0,,,,,https://blog.naver.com/jklovelike/221051760969
2017-07-06,Thu,22,내가 만난 [책],7월 초에 읽고 있는 책들,14,11,0,,,,,https://blog.naver.com/jklovelike/221045696204
2017-07-03,Mon,1,'데미안'의 젊은 날의 초상,즐거운 항해,6,7,3,,,,,https://blog.naver.com/jklovelike/221042581722
2017-07-03,Mon,0,'데미안'의 젊은 날의 초상,창조,2,5,1,,,,,https://blog.naver.com/jklovelike/221042562920
2017-07-01,Sat,1,Na,170701 새날,9,3,2,,,,,https://blog.naver.com/jklovelike/221041464782
2017-06-24,Sat,23,'데미안'의 젊은 날의 초상,하루가 하루를 몰아낸다,12,10,1,,,,,https://blog.naver.com/jklovelike/221036835233
2017-06-23,Fri,23,Na,170623 대충 먹음,12,3,1,,,,,https://blog.naver.com/jklovelike/221036274665
2017-06-20,Tue,22,Na,170620 누군가 그리운 날,16,4,4,,,,,https://blog.naver.com/jklovelike/221033833032
2017-06-14,Wed,18,일상의 기록,순간의 행복,6,13,3,,,,,https://blog.naver.com/jklovelike/221029242515
2017-06-14,Wed,2,독서 단상,인터넷으로 헌책방 책들을 구경하다가,19,7,4,,,,,https://blog.naver.com/jklovelike/221028673138
2017-05-29,Mon,23,투자/주식,피터 린치가 말하는 주식 투자에 필요한 12가지 자질,29,12,1,,,,,https://blog.naver.com/jklovelike/221017171762
2017-05-29,Mon,0,Na,170528 생각,9,4,0,,,,,https://blog.naver.com/jklovelike/221016384657
2017-05-26,Fri,0,Na,170525 오랜만에 만난 베프,17,5,0,,,,,https://blog.naver.com/jklovelike/221014395516
2017-05-24,Wed,23,Na,170524,6,5,4,,,,,https://blog.naver.com/jklovelike/221013543049
2017-05-19,Fri,3,Na,도서 대출하고 카페로,11,5,2,,,,,https://blog.naver.com/jklovelike/221009122730
2017-05-13,Sat,21,Na,170513 오늘 하루도,13,6,0,,,,,https://blog.naver.com/jklovelike/221005079070
2017-05-12,Fri,7,'데미안'의 젊은 날의 초상,맑아지기,4,7,1,,,,,https://blog.naver.com/jklovelike/221003856793
2017-05-10,Wed,1,Na,170509,6,6,0,,,,,https://blog.naver.com/jklovelike/221002134043
2017-04-27,Thu,0,Na,170426 천천히 전진하기,15,6,0,,,,,https://blog.naver.com/jklovelike/220992943523
2017-04-21,Fri,0,Na,지금은 할 게 많지만,11,7,0,,,,,https://blog.naver.com/jklovelike/220988394933
2017-04-19,Wed,5,'데미안'의 젊은 날의 초상,한계 넘어서기,7,16,1,,,,,https://blog.naver.com/jklovelike/220986714091
2017-04-17,Mon,20,Na,170417,6,5,3,,,,,https://blog.naver.com/jklovelike/220985596548
2017-04-07,Fri,23,Na,170407 의욕,9,4,0,,,,,https://blog.naver.com/jklovelike/220977960611
2017-04-02,Sun,3,Na,매일 꾸준하게,7,10,5,,,,,https://blog.naver.com/jklovelike/220972939827
2017-04-02,Sun,3,'데미안'의 젊은 날의 초상,내 삶에 대한 책임,10,10,6,,,,,https://blog.naver.com/jklovelike/220972933649
2017-03-07,Tue,0,Na,170306 3월,9,4,0,,,,,https://blog.naver.com/jklovelike/220951766289
2017-02-22,Wed,2,Na,170221 벌써 2월 말이다,16,3,0,,,,,https://blog.naver.com/jklovelike/220941437294
2017-02-21,Tue,0,Na,170220 모 인터뷰를 보고,16,3,0,,,,,https://blog.naver.com/jklovelike/220940470307
2017-02-18,Sat,0,'데미안'의 젊은 날의 초상,현실화,3,8,6,,,,,https://blog.naver.com/jklovelike/220938246512
2017-02-15,Wed,1,'데미안'의 젊은 날의 초상,굴복 대신 극복,8,8,4,,,,,https://blog.naver.com/jklovelike/220935603906
2017-02-09,Thu,0,Na,170208 이야기 들어주기,15,8,0,,,,,https://blog.naver.com/jklovelike/220930733589
2017-02-03,Fri,15,Na,170203 필요보다 잠을 많이 잔 날에는,23,8,8,,,,,https://blog.naver.com/jklovelike/220926368229
2017-02-02,Thu,2,Na,행운은 있다,6,3,0,,,,,https://blog.naver.com/jklovelike/220925090216
2017-02-01,Wed,2,'데미안'의 젊은 날의 초상,탐구하려는 마음,8,5,1,,,,,https://blog.naver.com/jklovelike/220924190186
2017-01-28,Sat,2,Na,160127 하루,9,3,0,,,,,https://blog.naver.com/jklovelike/220921762082
2017-01-26,Thu,5,'데미안'의 젊은 날의 초상,"다시 누리자, 즐거운 공부를.",16,28,7,,,,,https://blog.naver.com/jklovelike/220920503352
2017-01-24,Tue,19,Na,170124 노량진,10,6,0,,,,,https://blog.naver.com/jklovelike/220919324243
2017-01-24,Tue,5,'데미안'의 젊은 날의 초상,내 스무살 시절에,9,17,5,,,,,https://blog.naver.com/jklovelike/220918739016
2017-01-23,Mon,3,Na,170122 무언가를 잃어버릴 뻔한 하루,22,3,0,,,,,https://blog.naver.com/jklovelike/220917818401
2017-01-19,Thu,23,'데미안'의 젊은 날의 초상,절실한 마음으로,8,12,0,,,,,https://blog.naver.com/jklovelike/220915541045
2017-01-17,Tue,22,'데미안'의 젊은 날의 초상,나태와 태만,6,16,4,,,,,https://blog.naver.com/jklovelike/220913713293
2017-01-17,Tue,0,지식의 정리,다니엘 핑크 - (미국)변호사들은 왜 스스로 비참하고 불행하다고 여기는가?,41,7,4,,,,,https://blog.naver.com/jklovelike/220912875424
2017-01-12,Thu,7,'데미안'의 젊은 날의 초상,길,1,5,3,,,,,https://blog.naver.com/jklovelike/220908951105
2017-01-12,Thu,3,'데미안'의 젊은 날의 초상,길,1,1,0,,,,,https://blog.naver.com/jklovelike/220908949319
2017-01-12,Thu,0,Na,조금 더 신중하게,9,5,0,,,,,https://blog.naver.com/jklovelike/220908869986
2016-12-05,Mon,21,Na,161205 오랜만에 걸린 감기,17,5,7,,,,,https://blog.naver.com/jklovelike/220878721806
2016-11-13,Sun,4,"통섭,학문,삶,사유",철학적 깨달음이 있다면,12,14,7,,,,,https://blog.naver.com/jklovelike/220860235516
2016-06-25,Sat,22,'데미안'의 젊은 날의 초상,"어느 날, 나이가 더 들기 전에",17,6,1,,,,,https://blog.naver.com/jklovelike/220745896655
2016-05-16,Mon,23,Na,160516 즉행,9,8,2,,,,,https://blog.naver.com/jklovelike/220711512118
2016-04-10,Sun,23,"'데미안'의 단상, 생각",낙관에 대한 단상,9,6,5,,,,,https://blog.naver.com/jklovelike/220679806778
2016-03-27,Sun,22,Na,160327 벌써 4월이 코 앞,17,3,6,,,,,https://blog.naver.com/jklovelike/220666894584
2016-03-10,Thu,21,내가 만난 [책],"160310 현재 읽고 있는 책, 앞으로 읽어야 할 책",30,13,0,,,,,https://blog.naver.com/jklovelike/220651433833
2016-03-10,Thu,21,'데미안'의 젊은 날의 초상,"책, 고맙다",6,4,0,,,,,https://blog.naver.com/jklovelike/220651413394
2016-02-29,Mon,21,인생의 계획(천 개의 꿈),하고 싶지만 그동안 미뤄왔던 것 세 가지,22,28,8,,,,,https://blog.naver.com/jklovelike/220641905402
2016-02-29,Mon,1,'데미안'의 젊은 날의 초상,"정신적 결벽의 충동, 순수를 향한 의지",21,11,12,,,,,https://blog.naver.com/jklovelike/220641059275
2016-02-25,Thu,22,Na,160225,6,6,0,,,,,https://blog.naver.com/jklovelike/220638339575
2016-02-22,Mon,0,'데미안'의 젊은 날의 초상,2016년의 좌우명,10,15,7,,,,,https://blog.naver.com/jklovelike/220634033493
2016-02-18,Thu,1,Na,160217 자다가 갑작스레 쥐가 났던 밤,23,3,0,,,,,https://blog.naver.com/jklovelike/220630406651
2016-02-17,Wed,20,Na,마마보이에 대한 거부감,12,7,4,,,,,https://blog.naver.com/jklovelike/220630150622
2016-02-15,Mon,21,내가 만난 [책],책 빌리러 가기,8,12,11,,,,,https://blog.naver.com/jklovelike/220628000671
2016-02-14,Sun,18,투자/주식,"손정의의 ""직진 인생""",12,10,1,,,,,https://blog.naver.com/jklovelike/220626750013
2016-02-11,Thu,22,Na,160211 집으로 돌아오는 중에,18,3,2,,,,,https://blog.naver.com/jklovelike/220624167363
2016-02-10,Wed,10,Na,160210 시작이 좋다,13,5,7,,,,,https://blog.naver.com/jklovelike/220622571833
2016-02-07,Sun,21,Na,160207 잘못 가다,12,3,2,,,,,https://blog.naver.com/jklovelike/220621130108
2016-02-06,Sat,5,Na,잠을 별로 못 잔 이유,12,5,1,,,,,https://blog.naver.com/jklovelike/220619955975
2016-01-30,Sat,9,Na,160130 기한 하루 남은 관람권,19,2,2,,,,,https://blog.naver.com/jklovelike/220613150943
2016-01-24,Sun,12,Na,160124,6,4,0,,,,,https://blog.naver.com/jklovelike/220606996491
2016-01-24,Sun,12,내가 만난 [책],<힘이 정의다> 중에서,12,4,0,,,,,https://blog.naver.com/jklovelike/220606991918
2016-01-20,Wed,20,'데미안'의 젊은 날의 초상,내 악몽이 주는 신호,11,5,6,,,,,https://blog.naver.com/jklovelike/220603603801
2016-01-13,Wed,20,'데미안'의 젊은 날의 초상,나의 '화'에 대하여,11,11,8,,,,,https://blog.naver.com/jklovelike/220596592139
2016-01-06,Wed,20,내가 만난 [책],2016년 연초에 읽을 책들 / 간단한 메모,24,10,20,,,,,https://blog.naver.com/jklovelike/220589674091
2016-01-05,Tue,2,인생의 계획(천 개의 꿈),"2016년, 내 과거를 뛰어넘는 시간",20,15,2,,,,,https://blog.naver.com/jklovelike/220587825096
2016-01-03,Sun,21,Na,160103,6,5,2,,,,,https://blog.naver.com/jklovelike/220586519380
2016-01-02,Sat,0,'데미안'의 젊은 날의 초상,내 게으름과 부지런함 사이에서,16,12,5,,,,,https://blog.naver.com/jklovelike/220585137341
2015-12-31,Thu,20,Na,151231 2015년 마지막 날,18,2,2,,,,,https://blog.naver.com/jklovelike/220584162990
2015-12-30,Wed,21,'데미안'의 젊은 날의 초상,끝없는 배움,6,12,2,,,,,https://blog.naver.com/jklovelike/220583248361
2015-12-29,Tue,20,Na,151229,6,3,0,,,,,https://blog.naver.com/jklovelike/220582170257
2015-12-20,Sun,22,인생의 계획(천 개의 꿈),"하고 싶은 일이 많고, 살고 싶은 삶 또한 많다.",27,19,5,,,,,https://blog.naver.com/jklovelike/220573961567
2015-12-13,Sun,23,Na,151213 체중 증가,12,3,1,,,,,https://blog.naver.com/jklovelike/220567422789
2015-12-07,Mon,0,Na,"151206  자기가 무섭다. 아니, 싫다.",24,5,2,,,,,https://blog.naver.com/jklovelike/220560704761
2015-12-05,Sat,0,'데미안'의 젊은 날의 초상,내가 만든 관성에 나는 지배당한다,18,7,2,,,,,https://blog.naver.com/jklovelike/220559183370
2015-12-03,Thu,18,Na,151203,6,1,0,,,,,https://blog.naver.com/jklovelike/220557864334
2015-12-03,Thu,1,"'데미안'의 단상, 생각",40시간 이상을 안 자고 깨어있었다,19,14,4,,,,,https://blog.naver.com/jklovelike/220557172465
2015-11-30,Mon,23,Na,151130 두통이 있던 새벽,16,1,4,,,,,https://blog.naver.com/jklovelike/220554892111
2015-11-28,Sat,18,일상의 기록,고양이와 9년째 함께 살아보니,16,10,1,,,,,https://blog.naver.com/jklovelike/220552878436
2015-11-25,Wed,20,Na,151125 조금 더 진지하게 임하자,20,6,0,,,,,https://blog.naver.com/jklovelike/220550078777
2015-11-23,Mon,23,'데미안'의 젊은 날의 초상,때로는 자신에 대한 무지에서 고통이 비롯된다.,25,6,1,,,,,https://blog.naver.com/jklovelike/220548105660
2015-11-22,Sun,2,'데미안'의 젊은 날의 초상,하루하루에 집중하기,10,9,0,,,,,https://blog.naver.com/jklovelike/220546332950
2015-11-21,Sat,21,지식의 정리,"뇌파의 종류 : 알파파,베타파,세타파,델타파,감마파",28,35,6,,,,,https://blog.naver.com/jklovelike/220546140945
2015-11-21,Sat,18,Na,151121,6,1,2,,,,,https://blog.naver.com/jklovelike/220545987862
2015-11-20,Fri,20,내가 만난 [책],<피부는 다시 젊어질 수 있다> - 자외선을 주의하라.,30,8,7,,,,,https://blog.naver.com/jklovelike/220545346279
2015-11-18,Wed,18,Na,151118,6,2,2,,,,,https://blog.naver.com/jklovelike/220543116723
2015-11-16,Mon,21,Na,151116,6,3,4,,,,,https://blog.naver.com/jklovelike/220541123999
2015-11-15,Sun,20,'데미안'의 젊은 날의 초상,몸 바꾸기,5,5,10,,,,,https://blog.naver.com/jklovelike/220539935215
2015-11-14,Sat,20,인생의 계획(천 개의 꿈),"2015년 11월달, 남은 보름 간의 일상 계획",26,14,7,,,,,https://blog.naver.com/jklovelike/220539159615
2015-11-11,Wed,8,Na,151111,6,1,1,,,,,https://blog.naver.com/jklovelike/220535485264
2015-11-09,Mon,21,Na,151109,6,3,0,,,,,https://blog.naver.com/jklovelike/220534053921
2015-11-02,Mon,20,'데미안'의 젊은 날의 초상,한때는 수도자가 되고 싶었다,15,7,10,,,,,https://blog.naver.com/jklovelike/220527091744
2015-10-27,Tue,5,'데미안'의 젊은 날의 초상,반드시 이루어진다는 마음으로,15,4,0,,,,,https://blog.naver.com/jklovelike/220520591753
2015-10-24,Sat,0,내가 만난 [책],10월 네 번째 주,10,8,5,,,,,https://blog.naver.com/jklovelike/220517822560
2015-10-21,Wed,20,독서 단상,책 읽기 좋은 계절,10,3,0,,,,,https://blog.naver.com/jklovelike/220515582467
2015-10-20,Tue,7,'데미안'의 젊은 날의 초상,아침부터 든 생각. 헛되이 살지 말자.,21,6,7,,,,,https://blog.naver.com/jklovelike/220513776932
2015-10-08,Thu,9,Na,밤을 지새우고,7,1,0,,,,,https://blog.naver.com/jklovelike/220502741466
2015-10-08,Thu,8,'데미안'의 젊은 날의 초상,단 한번 뿐이다,8,3,0,,,,,https://blog.naver.com/jklovelike/220502728663
2015-09-29,Tue,22,'데미안'의 젊은 날의 초상,삶의 중간에서,7,3,1,,,,,https://blog.naver.com/jklovelike/220494717783
2015-09-16,Wed,19,"'데미안'의 단상, 생각",내게 산소와 같은 것,11,8,5,,,,,https://blog.naver.com/jklovelike/220483426679
2015-09-02,Wed,6,Na,150902 감상의 변덕은 이유없이 떠돈다.,24,3,0,,,,,https://blog.naver.com/jklovelike/220469098960
2015-08-22,Sat,0,'데미안'의 젊은 날의 초상,"타산지석, 변화",8,15,9,,,,,https://blog.naver.com/jklovelike/220458276927
2015-08-10,Mon,2,Na,150810 어떤 날,11,8,2,,,,,https://blog.naver.com/jklovelike/220446044727
2015-08-06,Thu,20,'데미안'의 젊은 날의 초상,후회를 이기기 위해  또 다른 최선을.,21,15,0,,,,,https://blog.naver.com/jklovelike/220443254251
2015-07-04,Sat,1,인생의 계획(천 개의 꿈),"2015년 7월, 한 달간의 일상 계획",21,8,1,,,,,https://blog.naver.com/jklovelike/220409746037
2015-06-27,Sat,15,Na,150627,6,1,1,,,,,https://blog.naver.com/jklovelike/220403171190
2015-06-23,Tue,22,Na,150623,6,1,4,,,,,https://blog.naver.com/jklovelike/220399390976
2015-06-17,Wed,23,Na,150617 그냥,9,2,0,,,,,https://blog.naver.com/jklovelike/220393403640
2015-06-10,Wed,23,인생의 계획(천 개의 꿈),벌써 내년을 계획함,10,2,2,,,,,https://blog.naver.com/jklovelike/220386380830
2015-06-09,Tue,22,Na,150609 수면,9,2,2,,,,,https://blog.naver.com/jklovelike/220385203383
2015-06-08,Mon,22,Na,150608,6,3,0,,,,,https://blog.naver.com/jklovelike/220384107380
2015-06-07,Sun,20,내가 만난 [책],다시 책읽기,6,5,5,,,,,https://blog.naver.com/jklovelike/220382832675
2015-06-07,Sun,19,Na,며칠 전 꿈,6,1,0,,,,,https://blog.naver.com/jklovelike/220382806268
2015-06-06,Sat,18,'데미안'의 젊은 날의 초상,약점이 있기에,7,5,0,,,,,https://blog.naver.com/jklovelike/220381946030
2015-06-05,Fri,21,'데미안'의 젊은 날의 초상,다시 나아가기,7,6,1,,,,,https://blog.naver.com/jklovelike/220381229225
2015-05-19,Tue,18,Na,150519,6,3,4,,,,,https://blog.naver.com/jklovelike/220364368489
2015-05-17,Sun,19,Na,150517 손,8,4,4,,,,,https://blog.naver.com/jklovelike/220362235271
2015-05-10,Sun,1,'데미안'의 젊은 날의 초상,투쟁하고 싶을 때,9,6,10,,,,,https://blog.naver.com/jklovelike/220354905327
2015-05-06,Wed,23,Na,150506 훈련소 동기,13,4,0,,,,,https://blog.naver.com/jklovelike/220351968980
2015-04-30,Thu,13,내가 만난 [책],<머니랩 Money Lab> 호모 이코노미쿠스에 대한 반례를 다룬 실험경제학,42,5,4,,,,,https://blog.naver.com/jklovelike/220345994658
2015-04-20,Mon,22,'데미안'의 젊은 날의 초상,나의 것,4,2,1,,,,,https://blog.naver.com/jklovelike/220336690451
2015-04-05,Sun,20,Na,150405,6,1,6,,,,,https://blog.naver.com/jklovelike/220321611513
2015-03-29,Sun,9,Na,150329,6,4,7,,,,,https://blog.naver.com/jklovelike/220314229716
2015-03-28,Sat,1,Na,150327,6,2,0,,,,,https://blog.naver.com/jklovelike/220313281953
2015-03-26,Thu,14,Na,150326,7,1,1,,,,,https://blog.naver.com/jklovelike/220311674323
2015-03-26,Thu,14,'데미안'의 젊은 날의 초상,타락의 또 다른 정의,11,6,3,,,,,https://blog.naver.com/jklovelike/220311667100
2015-03-23,Mon,11,Na,150323,6,1,0,,,,,https://blog.naver.com/jklovelike/220308365808
2015-03-23,Mon,10,'데미안'의 젊은 날의 초상,"스스로, 직접 할 수 있는 힘",16,7,0,,,,,https://blog.naver.com/jklovelike/220308311890
2015-03-18,Wed,0,내가 만난 [책],오랜만에 소설 읽다가 - 지하철에서 -,21,7,6,,,,,https://blog.naver.com/jklovelike/220303259326
2015-03-10,Tue,13,"'데미안'의 단상, 생각",건강과 관련한 습관의 재구성,15,9,4,,,,,https://blog.naver.com/jklovelike/220295675321
2015-03-06,Fri,22,Na,150306,6,6,11,,,,,https://blog.naver.com/jklovelike/220292494285
2014-11-02,Sun,1,Na,꾸준하게,4,2,0,,,,,https://blog.naver.com/jklovelike/220168861166
2014-10-21,Tue,7,'데미안'의 젊은 날의 초상,허무한 생각 이후에,10,13,15,,,,,https://blog.naver.com/jklovelike/220156886973
2014-08-18,Mon,10,"'데미안'의 단상, 생각",나는 차라리 잠을 적게 자야 한다,18,8,15,,,,,https://blog.naver.com/jklovelike/220095371107
2014-08-10,Sun,10,추천도서/권장도서,인지과학 추천 서적,10,8,5,,,,,https://blog.naver.com/jklovelike/220087296177
2014-08-10,Sun,9,Na,140810,7,1,1,,,,,https://blog.naver.com/jklovelike/220087270163
2014-08-10,Sun,9,Na,안목,2,0,0,,,,,https://blog.naver.com/jklovelike/220087265156
2014-08-09,Sat,7,Na,140809,6,2,0,,,,,https://blog.naver.com/jklovelike/220086399589
2014-08-07,Thu,6,'데미안'의 젊은 날의 초상,미래를 향한 진정한 관용은 현재 존재하는 것에 모든 것을 다 바치는 것이다,41,9,3,,,,,https://blog.naver.com/jklovelike/220084190896
2014-07-27,Sun,2,'데미안'의 젊은 날의 초상,우연히 발견한 과거의 노트 중에서,19,5,8,,,,,https://blog.naver.com/jklovelike/220072961484
2014-07-24,Thu,6,내가 만난 [책],14년 7월 말에 읽고 있는 책들,18,1,1,,,,,https://blog.naver.com/jklovelike/220069980895
2014-07-20,Sun,1,배움에 대하여,제임슨 왓슨 - 지루한 사람과 어울리지 마라,24,10,4,,,,,https://blog.naver.com/jklovelike/220065653599
2014-07-18,Fri,5,'데미안'의 젊은 날의 초상,사흘을 보지 못하면 눈을 비비고 봐야 할 정도로...,29,6,1,,,,,https://blog.naver.com/jklovelike/220063838604
2014-07-18,Fri,5,독서 단상,요새 책을 읽지 않는다,12,5,4,,,,,https://blog.naver.com/jklovelike/220063835930
2014-07-16,Wed,1,Na,140715,7,1,2,,,,,https://blog.naver.com/jklovelike/220061614901
2014-07-16,Wed,1,'데미안'의 젊은 날의 초상,나의 의지,5,4,0,,,,,https://blog.naver.com/jklovelike/220061612084
2014-07-14,Mon,3,Na,"140714 마지막 경기, 결승",17,2,9,,,,,https://blog.naver.com/jklovelike/220059484936
2014-07-12,Sat,5,'데미안'의 젊은 날의 초상,'목숨을 걸 수 있는 가치',15,5,3,,,,,https://blog.naver.com/jklovelike/220057821086
2014-07-12,Sat,4,'데미안'의 젊은 날의 초상,그런데 왜 지금 여기서 이러고 있는 것일까?,24,3,1,,,,,https://blog.naver.com/jklovelike/220057813992
2014-06-28,Sat,4,Na,140628 0408,11,0,5,,,,,https://blog.naver.com/jklovelike/220043648448
2014-06-28,Sat,3,"통섭,학문,삶,사유",소설가 복거일 “내가 과학을 공부하는 이유”,24,1,2,,,,,https://blog.naver.com/jklovelike/220043645407
2014-06-20,Fri,22,'데미안'의 젊은 날의 초상,자극을 바란다는 말에,11,6,5,,,,,https://blog.naver.com/jklovelike/220036599533
2014-06-16,Mon,2,'데미안'의 젊은 날의 초상,육필로 흔적을 남기자,11,9,3,,,,,https://blog.naver.com/jklovelike/220031516236
2014-06-10,Tue,14,Na,140610,6,4,3,,,,,https://blog.naver.com/jklovelike/220025990243
2014-05-01,Thu,17,Na,140501 씁쓸,9,10,23,,,,,https://blog.naver.com/jklovelike/50193855261
2014-05-01,Thu,1,Na,140430 4월 마지막 날,15,3,1,,,,,https://blog.naver.com/jklovelike/50193823196
2014-04-27,Sun,13,'데미안'의 젊은 날의 초상,일상에서의 내 선택 준거틀,14,2,1,,,,,https://blog.naver.com/jklovelike/50193582571
2014-04-25,Fri,23,가속성장/자기계발,빅터 스페란데오 ​ - 승리하려면 규칙을 알아야 한다. 그리고 무일푼이 되면 승리할 수 없다.,53,6,2,,,,,https://blog.naver.com/jklovelike/50193507828
2014-04-23,Wed,10,Na,14423 지난 한주,11,5,0,,,,,https://blog.naver.com/jklovelike/50193337523
2014-04-14,Mon,10,Na,140414 예비군,10,1,0,,,,,https://blog.naver.com/jklovelike/50192805681
2014-04-13,Sun,16,Na,"140413 다음날을 위하여 밤마다 하지 말아야 할 것, 해야 할 것",38,9,8,,,,,https://blog.naver.com/jklovelike/50192760992
2014-04-12,Sat,9,'데미안'의 수능 칼럼 ,"공부 욕심이 있는 수험생이라면, 순수 공부로만 주간 90~100시간씩 채워라.",43,95,38,,,,,https://blog.naver.com/jklovelike/50192687715
2014-04-07,Mon,7,투자/주식,"[스크랩] ""돈 벌려면 '내 아이디어+남의 돈'으로…""",30,3,3,,,,,https://blog.naver.com/jklovelike/50192355257
2014-04-06,Sun,23,Na,140406,6,4,1,,,,,https://blog.naver.com/jklovelike/50192344021
2014-04-06,Sun,5,'데미안'의 젊은 날의 초상,사람들은 남의 일에 참견하기 좋아한다.,21,5,4,,,,,https://blog.naver.com/jklovelike/50192299129
2014-04-05,Sat,23,'데미안'의 젊은 날의 초상,행위와 사유의 고리,10,1,2,,,,,https://blog.naver.com/jklovelike/50192290377
2014-04-01,Tue,4,'데미안'의 젊은 날의 초상,내가 언젠가는 죽는다는 것에 대해,18,9,8,,,,,https://blog.naver.com/jklovelike/50191982010
2014-03-30,Sun,2,Na,140329 철저한 기록의 일상화,18,6,10,,,,,https://blog.naver.com/jklovelike/50191851360
2014-03-30,Sun,2,투자/주식,"중요하다고 해서 반드시 셀 수 있는 것은 아니며, 셀 수 있다고 반드시 중요한 것은 아니다.",51,5,0,,,,,https://blog.naver.com/jklovelike/50191850738
2014-03-28,Fri,23,내가 만난 [책],도서관 책쇼핑,7,29,29,,,,,https://blog.naver.com/jklovelike/50191787399
2014-03-26,Wed,13,투자/주식,한 여성 가치투자자와의 인터뷰 중에서,20,14,1,,,,,https://blog.naver.com/jklovelike/50191613912
2014-03-26,Wed,11,"통섭,학문,삶,사유",[스크랩] 생활에 길들인 타성을 걷어내라 / 지우면서 배우기,33,0,0,,,,,https://blog.naver.com/jklovelike/50191609136
2014-03-23,Sun,13,'데미안'의 젊은 날의 초상,최선 지향,5,3,3,,,,,https://blog.naver.com/jklovelike/50191415690
2014-03-19,Wed,23,Na,140319,6,1,4,,,,,https://blog.naver.com/jklovelike/50191203314
2014-03-19,Wed,13,"'데미안'의 단상, 생각",'돈'과 '예술가',10,5,0,,,,,https://blog.naver.com/jklovelike/50191164648
2014-03-18,Tue,7,'데미안'의 젊은 날의 초상,습관의 용불용설,8,6,6,,,,,https://blog.naver.com/jklovelike/50191077779
2014-03-16,Sun,14,'데미안'의 젊은 날의 초상,건강 주의보,6,3,4,,,,,https://blog.naver.com/jklovelike/50190967798
2014-03-16,Sun,2,'데미안'의 젊은 날의 초상,"""배는 항구에 정박해 있을 때 가장 안전하지만 배는 그러라고 만들어진 것이 아니다""",46,8,7,,,,,https://blog.naver.com/jklovelike/50190949444
2014-03-14,Fri,14,'데미안'의 젊은 날의 초상,나아가기,4,6,2,,,,,https://blog.naver.com/jklovelike/50190849600
2014-03-13,Thu,2,Na,14313 결혼식을 또 다녀왔다,17,1,5,,,,,https://blog.naver.com/jklovelike/50190757939
2014-03-04,Tue,22,Na,140304 쓸데없이 화를 내서 뭔 소용일까.,25,5,7,,,,,https://blog.naver.com/jklovelike/50190240938
2014-03-04,Tue,3,"'데미안'의 단상, 생각",내가 만나고 싶던 벗의 종류,15,8,23,,,,,https://blog.naver.com/jklovelike/50190188932
2014-03-03,Mon,22,가속성장/자기계발,버나드 바루크의 교훈,12,6,0,,,,,https://blog.naver.com/jklovelike/50190177183
2014-03-02,Sun,5,'데미안'의 젊은 날의 초상,140302 나의 추구,12,3,3,,,,,https://blog.naver.com/jklovelike/50190066709
2014-03-01,Sat,5,Na,140301,6,0,0,,,,,https://blog.naver.com/jklovelike/50190008774
2014-03-01,Sat,4,추천도서/권장도서,서울대 추천 도서 100선 목록,17,3,4,,,,,https://blog.naver.com/jklovelike/50190008393
2014-02-28,Fri,11,책의 세계,"[스크랩] 책을 좋아하는 사람들이 세상을 구원할 것이다 - 정혜윤『여행, 혹은 여행처럼』",49,7,3,,,,,https://blog.naver.com/jklovelike/50189945896
2014-02-24,Mon,9,추천도서/권장도서,14학번 신입생을 위한 추천도서,17,5,4,,,,,https://blog.naver.com/jklovelike/50189634048
2014-02-22,Sat,14,Na,140222 나는 간단히 행복을 만들어 낼 수 있다.,29,13,10,,,,,https://blog.naver.com/jklovelike/50189535274
2014-02-21,Fri,4,Na,부조리,3,11,2,,,,,https://blog.naver.com/jklovelike/50189445101
2014-02-20,Thu,12,책의 세계,이원석 - 자기계발서 베스트 5 & 워스트 5,25,4,4,,,,,https://blog.naver.com/jklovelike/50189388342
2014-02-18,Tue,11,투자/주식,제시 리버모어 : 인간 본성인 심리적 약점과 관련하여,29,16,6,,,,,https://blog.naver.com/jklovelike/50189231462
2014-02-14,Fri,10,내가 만난 [책],"막스 갈로의 나폴레옹 1 (출발의 노래) - ""그때 한 인간이 솟을 것이다""",42,4,3,,,,,https://blog.naver.com/jklovelike/50188965099
2014-02-14,Fri,9,인생의 계획(천 개의 꿈),(2014.2.14~2.28) 보름 동안의 간단한 계획과 목표,34,10,16,,,,,https://blog.naver.com/jklovelike/50188961176
2014-02-11,Tue,22,Na,140211 오랜만에 악몽을 꿨다.,19,1,2,,,,,https://blog.naver.com/jklovelike/50188799770
2014-02-10,Mon,23,내가 만난 [책],도서관 산책,6,14,9,,,,,https://blog.naver.com/jklovelike/50188732994
2014-02-10,Mon,22,Na,140210 일모도원,11,0,1,,,,,https://blog.naver.com/jklovelike/50188728329
2014-02-09,Sun,14,책의 세계,"김난도 교수 - 누군가가 불러도 나가고 싶지 않은 공간, 나의 서재",37,5,8,,,,,https://blog.naver.com/jklovelike/50188629323
2014-02-07,Fri,14,Na,140207 질적인 모험,13,2,4,,,,,https://blog.naver.com/jklovelike/50188513772
2014-02-05,Wed,3,'데미안'의 젊은 날의 초상,나는 우연이라는 점토로 운명을 빚어내고 있는지도 모른다.,31,5,6,,,,,https://blog.naver.com/jklovelike/50188355207
2014-02-05,Wed,1,내가 만난 [책],2014년 2월 첫 한 주 간의 독서,20,2,13,,,,,https://blog.naver.com/jklovelike/50188353293
2014-02-04,Tue,0,Na,140203 늦은 밤 집으로 향하면서 든 생각의 편린,29,6,14,,,,,https://blog.naver.com/jklovelike/50188279170
2014-02-02,Sun,3,내가 만난 [책],"<슈퍼영> - 100세 동안의 비밀 : ""젊게 느끼고, 젊게 사고하고, 젊게 보여라!""",49,10,7,,,,,https://blog.naver.com/jklovelike/50188160068
2014-02-01,Sat,21,일상의 기록,[강남역 스터디 카페/북카페] 메이아일랜드 - 너무 조용한 스터디 카페 / 공부 열기가 느껴지는 카페,56,4,10,,,,,https://blog.naver.com/jklovelike/50188144798
2014-02-01,Sat,5,'데미안'의 젊은 날의 초상,몸을 제대로 써라. 쓰지 않는다면 퇴화한다.,24,7,10,,,,,https://blog.naver.com/jklovelike/50188113850
2014-02-01,Sat,2,내가 만난 [책],"<아침형 인간2> ""잠을 줄이지 않고도 시간을 벌 수 있는 방법""",36,8,2,,,,,https://blog.naver.com/jklovelike/50188112562
2014-01-31,Fri,17,'데미안'의 젊은 날의 초상,글을 쓰자. 무엇이든 쓰자. 졸문이라도 쓰자.,25,11,4,,,,,https://blog.naver.com/jklovelike/50188092240
2014-01-31,Fri,17,일상의 기록,오랜만에 불알친구를 만나고,14,4,6,,,,,https://blog.naver.com/jklovelike/50188091571
2014-01-26,Sun,23,Na,140126,6,5,2,,,,,https://blog.naver.com/jklovelike/50187803547
2014-01-24,Fri,23,내가 만난 [책],현재 읽고 있는 책 / 읽은 책 / 읽고 싶은 책,27,10,17,,,,,https://blog.naver.com/jklovelike/50187688117
2014-01-22,Wed,1,'데미안'의 젊은 날의 초상,내 행복의 이유,8,4,7,,,,,https://blog.naver.com/jklovelike/50187475240
2014-01-22,Wed,0,일상의 기록,[대학로/연극] 응큼한 연극? S 다이어리,24,1,0,,,,,https://blog.naver.com/jklovelike/50187472305
2014-01-20,Mon,15,Na,140120 딱 한번뿐이다,14,4,6,,,,,https://blog.naver.com/jklovelike/50187356488
2014-01-20,Mon,10,우리들의 대한민국,강신주의 노숙자 칼럼 논란과 관련하여 : '보들레르는 왜 구걸하는 거지를 두들겨팼나',47,11,15,,,,,https://blog.naver.com/jklovelike/50187334751
2014-01-20,Mon,9,내가 만난 [책],연말/연초에 사람들이 많이 구입한 책들의 목록,25,4,3,,,,,https://blog.naver.com/jklovelike/50187332817
2014-01-20,Mon,9,지식의 정리,직업별/전공별 연봉 관련 자료,16,1,0,,,,,https://blog.naver.com/jklovelike/50187331879
2014-01-20,Mon,8,"통섭,학문,삶,사유","슈퍼컴퓨터 vs 의사 : 미래의 명의는, 승자는 누구일까?",32,3,2,,,,,https://blog.naver.com/jklovelike/50187330074
2014-01-19,Sun,23,Na,140119 내 걱정거리?,14,2,2,,,,,https://blog.naver.com/jklovelike/50187316067
2014-01-17,Fri,16,가속성장/자기계발,"‘굼벵이들’에게 고함 : To Stop Procrastinating, Look to Science of Mood Repair",69,5,8,,,,,https://blog.naver.com/jklovelike/50187178153
2014-01-17,Fri,1,Na,140116 조용한 잠,12,5,0,,,,,https://blog.naver.com/jklovelike/50187137998
2014-01-17,Fri,0,일상의 기록,"한겨울 저녁, 북카페에서",13,8,8,,,,,https://blog.naver.com/jklovelike/50187135988
2014-01-16,Thu,15,'데미안'의 젊은 날의 초상,"'돈'과 관련된, 예나 지금이나 안고 있는 고민",26,8,11,,,,,https://blog.naver.com/jklovelike/50187096501
2014-01-14,Tue,16,추천도서/권장도서,아마추어 수학자를 위한 수학 서적,18,4,10,,,,,https://blog.naver.com/jklovelike/50186952511
2014-01-13,Mon,11,내가 만난 [책],[창의력/창조성] I am 창의고수 - 이 책을 읽고 나서 과연 나는 창의고수가 될 수 있을까?,53,7,8,,,,,https://blog.naver.com/jklovelike/50186854110
2014-01-12,Sun,0,'데미안'의 젊은 날의 초상,욕심과 정진의 차이,10,6,10,,,,,https://blog.naver.com/jklovelike/50186779559
2014-01-11,Sat,22,우리들의 대한민국,유시민 - 서른 살 사내의 자화상,18,10,3,,,,,https://blog.naver.com/jklovelike/50186771950
2014-01-10,Fri,10,"통섭,학문,삶,사유","고미숙 고전평론가 강의 - '몸, 돈, 사랑에 대한 성찰의 시간'",36,3,0,,,,,https://blog.naver.com/jklovelike/50186667507
2014-01-09,Thu,21,인생의 계획(천 개의 꿈),2014년 1월의 목표 및 계획,17,5,15,,,,,https://blog.naver.com/jklovelike/50186638310
2014-01-06,Mon,22,'데미안'의 젊은 날의 초상,2014년이란 시간은,11,6,4,,,,,https://blog.naver.com/jklovelike/50186431262
2014-01-06,Mon,16,책을 읽다 [독서목록],2013년 독서목록 : 정독 227권 / 발췌독 130권,31,16,29,,,,,https://blog.naver.com/jklovelike/50186404910
2014-01-03,Fri,23,Na,140103 '화'라는 감정,15,4,6,,,,,https://blog.naver.com/jklovelike/50186249071
2014-01-01,Wed,15,'데미안'의 자기혁신,나이 미상의 사람이 되자,13,24,11,,,,,https://blog.naver.com/jklovelike/50186079212
2013-12-31,Tue,18,'데미안'의 젊은 날의 초상,131231 2013년 마지막 포스트 / 나이를 먹는 것에 대한 소회,38,5,10,,,,,https://blog.naver.com/jklovelike/50186028508
2013-12-28,Sat,17,Na,131228 시간과 돈,12,2,0,,,,,https://blog.naver.com/jklovelike/50185841014
2013-12-25,Wed,2,Na,131224,6,2,2,,,,,https://blog.naver.com/jklovelike/50185633542
2013-12-22,Sun,16,Na,131222 내 생각에 대한 생각,18,16,15,,,,,https://blog.naver.com/jklovelike/50185477802
2013-12-22,Sun,9,추천도서/권장도서,경희대 한의과대 추천도서 목록 (100권 + 20권),29,5,5,,,,,https://blog.naver.com/jklovelike/50185457669
2013-12-22,Sun,5,지식의 정리,2013년 121개 학과의 취업률 ( 학과별 취업률 / 취업률 높은 학과 ),42,3,12,,,,,https://blog.naver.com/jklovelike/50185457398
2013-12-21,Sat,23,Na,131221 세렌디피티,12,3,0,,,,,https://blog.naver.com/jklovelike/50185446385
2013-12-20,Fri,13,가속성장/자기계발,"어려울수록, 주어진 게 부족할수록 당신은 더 창조적이 될 수밖에 없다.",39,3,0,,,,,https://blog.naver.com/jklovelike/50185358928
2013-12-20,Fri,0,"'데미안'의 단상, 생각","""우린 ...할 뻔했어요.""라고 말하지 않아도 되는 것",30,3,1,,,,,https://blog.naver.com/jklovelike/50185333710
2013-12-18,Wed,0,Na,3막,2,4,2,,,,,https://blog.naver.com/jklovelike/50185200526
2013-12-17,Tue,15,가속성장/자기계발,청년들에게 전하는 조언,12,2,4,,,,,https://blog.naver.com/jklovelike/50185165606
2013-12-17,Tue,9,"'데미안'의 단상, 생각",인간은 감당해야 할 문제가 거대할수록 보다 쉽게 압박감을 느끼거나 쉽사리 포기한다.,46,6,7,,,,,https://blog.naver.com/jklovelike/50185145939
2013-12-17,Tue,8,Na,131217 아쉬움,10,1,0,,,,,https://blog.naver.com/jklovelike/50185143760
2013-12-17,Tue,0,일상의 기록,131216 <꿈꾸는 타자기>에서,18,2,0,,,,,https://blog.naver.com/jklovelike/50185133391
2013-12-15,Sun,17,Na,131215 경청,9,4,0,,,,,https://blog.naver.com/jklovelike/50185047489
2013-12-11,Wed,9,'데미안'의 자기혁신,"시골의사 박경철 - ""내가 가장 싫어하는 말이 <시간없다>이다""",35,22,10,,,,,https://blog.naver.com/jklovelike/50184773676
2013-12-11,Wed,5,"통섭,학문,삶,사유",<고종석의 한국어 글쓰기 강좌> 내용 중에서,24,1,6,,,,,https://blog.naver.com/jklovelike/50184770090
2013-12-11,Wed,2,Na,131212,6,1,2,,,,,https://blog.naver.com/jklovelike/50184767458
2013-12-09,Mon,9,"'데미안'의 단상, 생각",청년의 연장,6,3,2,,,,,https://blog.naver.com/jklovelike/50184636770
2013-12-09,Mon,6,내가 만난 [책],책의 탑 쌓기,7,5,11,,,,,https://blog.naver.com/jklovelike/50184636205
2013-12-06,Fri,0,"'데미안'의 단상, 생각",보통 사람의 재테크는 수입 확대보다는 지출 통제에 방점을 찍어야 하지 않을까?,43,5,10,,,,,https://blog.naver.com/jklovelike/50184458046
2013-12-05,Thu,19,'데미안'의 젊은 날의 초상,떨리고 긴장된다는 것은,13,6,0,,,,,https://blog.naver.com/jklovelike/50184439045
2013-12-05,Thu,14,지식의 정리,하디와 라마누잔의 에피소드 중에서,18,7,1,,,,,https://blog.naver.com/jklovelike/50184418857
2013-12-03,Tue,0,Na,퍼슨 오브 인터레스트,11,1,6,,,,,https://blog.naver.com/jklovelike/50184265096
2013-12-03,Tue,0,삶과 문화,구글·페이스북·야후에 게이가 많은 이유는,24,5,0,,,,,https://blog.naver.com/jklovelike/50184263105
2013-12-02,Mon,15,Na,131202 자기믿음,11,2,10,,,,,https://blog.naver.com/jklovelike/50184226952
2013-12-01,Sun,3,내가 만난 [책],11월 마지막 날에 빌린 책책책,17,2,2,,,,,https://blog.naver.com/jklovelike/50184150684
2013-11-30,Sat,18,Na,131130,6,2,2,,,,,https://blog.naver.com/jklovelike/50184124607
2013-11-29,Fri,6,수능/수능공부법/합격수기,"수험생들을, 특히 장수생을 위한 수기",20,5,11,,,,,https://blog.naver.com/jklovelike/50184036320
2013-11-29,Fri,2,투자/주식,맨손으로 포브스 400대 갑부가 될 수 있을까,25,5,1,,,,,https://blog.naver.com/jklovelike/50184035524
2013-11-28,Thu,23,Na,오늘 들은 조언,8,0,0,,,,,https://blog.naver.com/jklovelike/50184026624
2013-11-27,Wed,15,"'데미안'의 단상, 생각",괜찮아.,4,13,3,,,,,https://blog.naver.com/jklovelike/50183934018
2013-11-27,Wed,3,수능/수능공부법/합격수기,2014 수능 원점수 등급 커트라인 (수능 등급컷) / 현재 수능 만점자 수,43,1,3,,,,,https://blog.naver.com/jklovelike/50183907530
2013-11-27,Wed,0,수능/수능공부법/합격수기,독학의 방법과 관련하여,12,2,0,,,,,https://blog.naver.com/jklovelike/50183902303
2013-11-26,Tue,12,Na,131126 겨울 추위,12,1,1,,,,,https://blog.naver.com/jklovelike/50183856741
2013-11-25,Mon,19,투자/주식,"투자자의 두뇌 사용설명서 : 투자자, 너 자신을 알라.",30,3,0,,,,,https://blog.naver.com/jklovelike/50183818116
2013-11-25,Mon,7,내가 만난 [책],[청년창업] 청년 기업가정신,15,1,2,,,,,https://blog.naver.com/jklovelike/50183773351
2013-11-25,Mon,2,내가 만난 [책],[투자] 나심 니콜라스 탈레브 - <블랙 스완에 대비하라>,32,1,3,,,,,https://blog.naver.com/jklovelike/50183772586
2013-11-24,Sun,3,'데미안'의 자기혁신,젊을 때 배짱 한번 키워보자!,16,8,8,,,,,https://blog.naver.com/jklovelike/50183717598
2013-11-23,Sat,16,내가 만난 [책],억만장자 마인드 - 크게 생각하고 과감하게 행동하라,28,4,6,,,,,https://blog.naver.com/jklovelike/50183687200
2013-11-22,Fri,0,가속성장/자기계발,"손정의 - 지는 싸움은 하지 않고, 이길 수 있는 싸움은 반드시 이겨야 한다.",43,3,3,,,,,https://blog.naver.com/jklovelike/50183596440
2013-11-21,Thu,9,내가 만난 [책],[투자/인생론] 작가가 되고 싶었던 유명 투자 분석가가 말하는 <돈 그리고 인생>,45,2,6,,,,,https://blog.naver.com/jklovelike/50183542008
2013-11-21,Thu,3,"'데미안'의 단상, 생각",조금씩 조금씩 한계의 영역을 넓혀 나가기,22,3,3,,,,,https://blog.naver.com/jklovelike/50183540573
2013-11-21,Thu,2,투자/주식,왜 가치필터를 쓰는 투자자들이 계속 증가하지 않는가,28,3,1,,,,,https://blog.naver.com/jklovelike/50183539881
2013-11-18,Mon,22,'데미안'의 젊은 날의 초상,오로지 한 개의 화살만,12,5,2,,,,,https://blog.naver.com/jklovelike/50183400147
2013-11-18,Mon,21,책의 죽비소리,인생의 나비효과 - 수백 가지 선택의 결과가 지금의 당신이다.,34,7,4,,,,,https://blog.naver.com/jklovelike/50183399143
2013-11-13,Wed,6,내가 만난 [책],<로지코믹스> 버트런드 러셀 - 수학의 토대를 찾기 위하여,32,3,10,,,,,https://blog.naver.com/jklovelike/50183059050
2013-11-12,Tue,14,내가 만난 [책],재밌어 보이는 책 + 대중 교양 서적을 읽다 보면,27,3,4,,,,,https://blog.naver.com/jklovelike/50183015733
2013-11-11,Mon,21,'데미안'의 젊은 날의 초상,어리석고 싶지 않다.,11,6,3,,,,,https://blog.naver.com/jklovelike/50182978585
2013-11-10,Sun,15,"'데미안'의 단상, 생각",살아가면서 자주 듣는 후회의 말,17,7,12,,,,,https://blog.naver.com/jklovelike/50182891929
2013-11-10,Sun,14,책의 죽비소리,블랑쉬 드 리슈몽 _ <방랑자 선언> 중에서,24,5,1,,,,,https://blog.naver.com/jklovelike/50182889985
2013-11-10,Sun,0,Na,브레이킹 배드,7,1,0,,,,,https://blog.naver.com/jklovelike/50182867407
2013-11-08,Fri,18,'데미안'의 젊은 날의 초상,약동하는 꿈,6,5,2,,,,,https://blog.naver.com/jklovelike/50182792440
2013-11-06,Wed,10,'데미안'의 수능 칼럼 ,"수능 D-1 하지만, 승리를 구걸하라.",21,5,20,3417,0,0,0,https://blog.naver.com/jklovelike/50182618834
2013-09-12,Thu,12,'데미안'의 젊은 날의 초상,의미추구의 삶,7,7,2,,,,,https://blog.naver.com/jklovelike/50179337092
2013-09-07,Sat,10,책의 죽비소리,강은교 시인 - 이카루스의 날개,17,4,2,,,,,https://blog.naver.com/jklovelike/50179017742
2013-09-05,Thu,10,책의 죽비소리,스스로의 편이 되기,11,8,8,,,,,https://blog.naver.com/jklovelike/50178891057
2013-08-27,Tue,15,'데미안'의 젊은 날의 초상,"내가 꾸는 악몽이 있다면, 내가 겪는 불안이 있다면",28,2,5,,,,,https://blog.naver.com/jklovelike/50178327536
2013-08-15,Thu,10,'데미안'의 젊은 날의 초상,나는 낡은 말을 버려야겠다.,15,8,15,,,,,https://blog.naver.com/jklovelike/50177533343
2013-08-11,Sun,23,Na,2013.8.11 괜찮은 날,15,2,11,,,,,https://blog.naver.com/jklovelike/50177297355
2013-08-05,Mon,1,Na,2013.8.4 시간에 대한 애착,18,2,2,,,,,https://blog.naver.com/jklovelike/50176835041
2013-07-23,Tue,4,'데미안'의 젊은 날의 초상,과거를 만나다,7,6,1,,,,,https://blog.naver.com/jklovelike/50175955062
2013-07-22,Mon,3,"'데미안'의 단상, 생각","십년, 이십년 뒤 혹은 그 이후의 미래 세계를 잠깐 상상해보자면",35,2,2,,,,,https://blog.naver.com/jklovelike/50175879039
2013-07-18,Thu,10,'데미안'의 젊은 날의 초상,대결 정신,5,3,1,,,,,https://blog.naver.com/jklovelike/50175637428
2013-07-08,Mon,19,Na,건망증?,4,0,2,,,,,https://blog.naver.com/jklovelike/50175021297
2013-07-08,Mon,1,Na,감사한 마음으로,8,5,6,,,,,https://blog.naver.com/jklovelike/50174970481
2013-07-08,Mon,0,책의 죽비소리,자기답게,4,4,8,,,,,https://blog.naver.com/jklovelike/50174966995
2013-07-07,Sun,17,내가 만난 [책],읽고 싶은 문학 소설,11,1,0,,,,,https://blog.naver.com/jklovelike/50174943044
2013-07-07,Sun,2,"'데미안'의 단상, 생각",내겐 어려운 과학 문제,12,1,4,,,,,https://blog.naver.com/jklovelike/50174912118
2013-07-06,Sat,1,Na,하루 정리,5,4,0,,,,,https://blog.naver.com/jklovelike/50174851016
2013-07-05,Fri,16,'데미안'의 젊은 날의 초상,내 안의 감옥,7,6,5,,,,,https://blog.naver.com/jklovelike/50174817402
2013-07-04,Thu,12,'데미안'의 젊은 날의 초상,"2013년 7월 4일이란 시간, 유일하다. 가치있다.",29,4,2,,,,,https://blog.naver.com/jklovelike/50174728922
2013-07-04,Thu,3,'데미안'의 젊은 날의 초상,번민이 있다면,7,4,0,,,,,https://blog.naver.com/jklovelike/50174711627
2013-07-04,Thu,3,'데미안'의 젊은 날의 초상,절망과 싸우다,7,6,3,,,,,https://blog.naver.com/jklovelike/50174711195
2013-07-03,Wed,11,Na,제주도,3,2,0,,,,,https://blog.naver.com/jklovelike/50174652246
2013-07-03,Wed,1,Na,공포,2,1,2,,,,,https://blog.naver.com/jklovelike/50174637417
2013-07-02,Tue,23,Na,거미,2,2,2,,,,,https://blog.naver.com/jklovelike/50174630968
2013-07-01,Mon,22,"'데미안'의 단상, 생각",긴장 사회,5,1,11,,,,,https://blog.naver.com/jklovelike/50174557211
2013-07-01,Mon,18,Na,동생 (2),6,1,4,,,,,https://blog.naver.com/jklovelike/50174540271
2013-07-01,Mon,3,내가 만난 [책],고향에서의 새벽 시간,11,2,1,,,,,https://blog.naver.com/jklovelike/50174501554
2013-06-30,Sun,13,Na,동생,2,2,0,,,,,https://blog.naver.com/jklovelike/50174460696
2013-06-28,Fri,2,"'데미안'의 단상, 생각",넬슨 만델라,6,2,2,,,,,https://blog.naver.com/jklovelike/50174318673
2013-06-28,Fri,2,'데미안'의 젊은 날의 초상,살아 있다는 것에 대한 확신,15,3,5,,,,,https://blog.naver.com/jklovelike/50174318463
2013-06-27,Thu,21,내가 만난 [책],[기업가/CEO] 손정의에 대한 두 권의 책 - <손정의> <손정의 인터넷 제국의 지배자>,50,2,0,,,,,https://blog.naver.com/jklovelike/50174304564
2013-06-25,Tue,20,내가 만난 [책],삶에 접목되는 뇌과학 서적,14,1,6,,,,,https://blog.naver.com/jklovelike/50174162219
2013-06-24,Mon,19,배움에 대하여,피터 드러커 - 풍부하고 다채로운 삶,20,10,10,,,,,https://blog.naver.com/jklovelike/50174091537
2013-06-24,Mon,4,지식의 정리,내가 창조한 수,8,2,1,,,,,https://blog.naver.com/jklovelike/50174050392
2013-06-24,Mon,3,Na,소중한 새벽 시간,9,1,4,,,,,https://blog.naver.com/jklovelike/50174049534
2013-06-21,Fri,9,내가 만난 [책],다치바나 다카시 - <지의 정원> : '내가 좋아하는 저널리스트',36,5,8,,,,,https://blog.naver.com/jklovelike/50173873070
2013-06-19,Wed,15,내가 만난 [책],[책추천]훔치고 배우고 익혀라,16,3,8,,,,,https://blog.naver.com/jklovelike/50173760818
2013-06-19,Wed,14,책의 죽비소리,'정의'와 '힘',9,0,0,,,,,https://blog.naver.com/jklovelike/50173755430
2013-06-19,Wed,9,내가 만난 [책],[창업] 1인창조기업 컨설팅북,16,5,2,,,,,https://blog.naver.com/jklovelike/50173736163
2013-06-17,Mon,8,내가 만난 [책],[책추천/자기계발] 공병호 - 나는 탁월함에 미쳤다,28,4,5,,,,,https://blog.naver.com/jklovelike/50173592136
2013-06-15,Sat,23,내가 만난 [책],행복한 책읽기,7,7,17,,,,,https://blog.naver.com/jklovelike/50173523414
2013-06-13,Thu,19,가속성장/자기계발,피터 씨엘 / 맥스 레프친 - 페이팔 창업자,24,1,4,,,,,https://blog.naver.com/jklovelike/50173388637
2013-06-12,Wed,23,"'데미안'의 단상, 생각",운동을 하다가 든 생각,12,5,3,,,,,https://blog.naver.com/jklovelike/50173333599
2013-06-12,Wed,19,일상의 기록,[혜화/대학로 카페] <마음을 걷다>,20,3,3,,,,,https://blog.naver.com/jklovelike/50173320559
2013-06-11,Tue,16,'데미안'의 젊은 날의 초상,인간은 모든 것에 익숙해질 수 있는 동물이다.,25,2,4,,,,,https://blog.naver.com/jklovelike/50173240517
2013-06-11,Tue,1,Na,새벽 시간,5,2,0,,,,,https://blog.naver.com/jklovelike/50173206227
2013-06-09,Sun,10,내가 만난 [책],[청년창업] THE AGE OF 29.7,23,2,6,,,,,https://blog.naver.com/jklovelike/50173084800
2013-06-08,Sat,18,'데미안'의 젊은 날의 초상,경험,2,6,5,,,,,https://blog.naver.com/jklovelike/50173050079
2013-06-06,Thu,14,Na,흔적,2,0,2,,,,,https://blog.naver.com/jklovelike/50172904678
2013-06-06,Thu,9,내가 만난 [책],내 오래된 책 - <데미안>,15,8,3,,,,,https://blog.naver.com/jklovelike/50172890353
2013-06-04,Tue,22,내가 만난 [책],[인문/에세이] 강상중 - 이방인의 시선이 담긴 <도쿄 산책자>,36,2,0,,,,,https://blog.naver.com/jklovelike/50172800854
2013-06-03,Mon,22,"'데미안'의 단상, 생각",나에 대한 일침,8,2,8,,,,,https://blog.naver.com/jklovelike/50172736439
2013-06-03,Mon,16,책의 죽비소리,1972년 스물아홉의 후지와라 신야 <인도방랑>,27,2,0,,,,,https://blog.naver.com/jklovelike/50172713328
2013-06-03,Mon,13,"'데미안'의 단상, 생각",몸에 밴 습관,7,5,1,,,,,https://blog.naver.com/jklovelike/50172700721
2013-06-02,Sun,8,내가 만난 [책],[투자] 존 리 - <왜 주식인가?> 주주행동주의에 대한 강조,34,1,2,,,,,https://blog.naver.com/jklovelike/50172625888
2013-06-01,Sat,18,'데미안'의 젊은 날의 초상,추구할 만한 가치,9,5,6,,,,,https://blog.naver.com/jklovelike/50172593495
2013-06-01,Sat,14,'데미안'의 젊은 날의 초상,변화 사냥꾼,6,2,1,,,,,https://blog.naver.com/jklovelike/50172580915
2013-05-30,Thu,16,'데미안'의 젊은 날의 초상,'아주 진하게' 살아가기,14,5,4,,,,,https://blog.naver.com/jklovelike/50172460887
2013-05-29,Wed,22,내가 만난 [책],[추리소설]히가시노 게이고 - <예지몽> : 신비 현상을 추리하다,36,3,4,,,,,https://blog.naver.com/jklovelike/50172416417
2013-05-29,Wed,8,내가 만난 [책],[독서/책] 책과 집 - Books Make a Home,31,1,0,,,,,https://blog.naver.com/jklovelike/50172360671
2013-05-27,Mon,14,내가 만난 [책],[투자] <글로벌 머니 매니저들의 아침회의> - 글로벌 매크로 헤지펀드를 말하다.,45,4,10,,,,,https://blog.naver.com/jklovelike/50172231120
2013-05-27,Mon,13,내가 만난 [책],[추리소설]히가시노 게이고 - <탐정 갈릴레오> : 평범한 재미,35,1,11,,,,,https://blog.naver.com/jklovelike/50172227085
2013-05-25,Sat,23,가속성장/자기계발,구글 CEO 래리 페이지 - 혁신은 미친 짓의 산물이다.,31,4,9,,,,,https://blog.naver.com/jklovelike/50172132540
2013-05-25,Sat,22,일상의 기록,[대학로/혜화 카페] 학림다방 - 서울의 '카페 드 플로르',33,5,4,,,,,https://blog.naver.com/jklovelike/50172131114
2013-05-22,Wed,11,내가 만난 [책],[투자] 콘텐츠 투자 1인자가 알려주는 <새로운 부자 코드>,33,3,0,,,,,https://blog.naver.com/jklovelike/50171888098
2013-05-21,Tue,23,일상의 기록,[노원 북카페] 사랑듬book - 친환경 녹색 북카페,29,1,6,,,,,https://blog.naver.com/jklovelike/50171864115
2013-05-21,Tue,14,Na,2013.5.21. 결국 이 세상에 공짜점심은 없다.,29,0,0,,,,,https://blog.naver.com/jklovelike/50171830994
2013-05-20,Mon,22,지식의 정리,실리콘밸리의 힘,8,3,2,,,,,https://blog.naver.com/jklovelike/50171792899
2013-05-20,Mon,12,Na,2013.5.20 위기의식,14,0,8,,,,,https://blog.naver.com/jklovelike/50171750327
2013-05-18,Sat,14,내가 만난 [책],"[경영/CEO] <애플 콤플렉스> - 애플 신화, 스티브 잡스의 능력과 행운의 절묘한 조화",50,0,0,,,,,https://blog.naver.com/jklovelike/50171630064
2013-05-17,Fri,15,책의 죽비소리,여행의 의미는 무엇인가?,13,0,0,,,,,https://blog.naver.com/jklovelike/50171577025
2013-05-16,Thu,13,Na,2013.5.16. 일상탈출,15,2,2,,,,,https://blog.naver.com/jklovelike/50171505963
2013-05-14,Tue,16,'데미안'의 젊은 날의 초상,벽,1,3,3,,,,,https://blog.naver.com/jklovelike/50171382977
2013-05-14,Tue,16,'데미안'의 젊은 날의 초상,숙원(宿願),6,2,1,,,,,https://blog.naver.com/jklovelike/50171381238
2013-05-11,Sat,18,"'데미안'의 단상, 생각","<첫째가 건강, 둘째는 재능> 무엇보다 건강이 최우선이다.",33,3,9,,,,,https://blog.naver.com/jklovelike/50171193990
2013-05-10,Fri,2,책의 죽비소리,도전하라. 그러면 성장할 것이다.,18,3,0,,,,,https://blog.naver.com/jklovelike/50171091095
2013-05-09,Thu,20,우리들의 대한민국,"창업국가 이스라엘, '창조경제' 모델인가",22,4,1,,,,,https://blog.naver.com/jklovelike/50171071425
2013-05-08,Wed,2,"'데미안'의 단상, 생각",하고 싶은 일을 하며 살라는 한 노인 분의 말씀,26,11,9,,,,,https://blog.naver.com/jklovelike/50170960346
2013-05-06,Mon,13,Na,2013.5.6 멘탈싸움,13,2,2,,,,,https://blog.naver.com/jklovelike/50170837942
2013-05-05,Sun,15,책의 죽비소리,<리얼리티 체크> : 스티브 잡스의 솔직한 추천사,27,1,1,,,,,https://blog.naver.com/jklovelike/50170781424
2013-05-04,Sat,22,내가 만난 [책],내 삶의 글쓰기 : 쓰는 것이 읽는 것이다. 읽는 것이 쓰는 것이다.,38,6,8,,,,,https://blog.naver.com/jklovelike/50170748316
2013-05-02,Thu,16,지식의 정리,<한국사능력검정시험>에 대한 소고,18,8,7,,,,,https://blog.naver.com/jklovelike/50170597876
2013-05-02,Thu,3,'데미안'의 젊은 날의 초상,이상 / 이상주의자,10,1,0,,,,,https://blog.naver.com/jklovelike/50170566362
2013-05-01,Wed,22,독서 단상,책정리하다가 든 생각,11,5,4,,,,,https://blog.naver.com/jklovelike/50170554839
2013-04-30,Tue,21,책을 읽다 [독서목록],"3,4월의 미진한 독서와 거기에 따른 반성 / 5월의 간단한 독서 계획",39,4,5,,,,,https://blog.naver.com/jklovelike/50170492324
2013-04-30,Tue,1,'데미안'의 젊은 날의 초상,지나친 감상주의에 따른 눈물인가.,18,3,4,,,,,https://blog.naver.com/jklovelike/50170433971
2013-04-29,Mon,23,'데미안'의 젊은 날의 초상,"누군가를 오랜만에 생각하고, 그와 우연히 마주친다는 것",30,1,4,,,,,https://blog.naver.com/jklovelike/50170428911
2013-04-28,Sun,21,책의 죽비소리,"참된 삶을 향해 도전할 것인가, 아니면 노예로 일생을 마칠 것인가?",37,0,0,,,,,https://blog.naver.com/jklovelike/50170350589
2013-04-28,Sun,13,"'데미안'의 단상, 생각","래리 페이지, 멋있긴 하다.",15,9,5,,,,,https://blog.naver.com/jklovelike/50170327096
2013-04-28,Sun,4,'데미안'의 젊은 날의 초상,새벽 시간,5,1,1,,,,,https://blog.naver.com/jklovelike/50170313079
2013-04-27,Sat,21,Na,2013.4.27 할 게 많다.,17,1,0,,,,,https://blog.naver.com/jklovelike/50170293546
2013-04-26,Fri,12,Na,2013.4.26,9,1,2,,,,,https://blog.naver.com/jklovelike/50170203508
2013-04-25,Thu,20,'데미안'의 젊은 날의 초상,생각하기 위해서,8,2,7,,,,,https://blog.naver.com/jklovelike/50170165956
2013-04-25,Thu,20,"'데미안'의 단상, 생각",통계 수치를 알아둬야 힘이 된다,17,2,1,,,,,https://blog.naver.com/jklovelike/50170164499
2013-04-24,Wed,13,Na,2013.4.24,9,2,0,,,,,https://blog.naver.com/jklovelike/50170065305
2013-04-24,Wed,0,내가 만난 [책],당분간 읽거나 읽을 책들의 모임,17,5,6,,,,,https://blog.naver.com/jklovelike/50170039520
2013-04-19,Fri,6,일상의 기록,[제주도 서귀포] 나는 책이 있는 공간을 사랑한다,27,5,12,,,,,https://blog.naver.com/jklovelike/50169723967
2013-04-17,Wed,14,Na,2013.4.17,9,2,2,,,,,https://blog.naver.com/jklovelike/50169605877
2013-04-16,Tue,20,책의 죽비소리,여 행 법,5,1,0,,,,,https://blog.naver.com/jklovelike/50169563292
2013-04-16,Tue,19,Na,2013.4.16,9,4,2,,,,,https://blog.naver.com/jklovelike/50169558073
2013-04-16,Tue,3,책의 죽비소리,소 명,3,3,1,,,,,https://blog.naver.com/jklovelike/50169514993
2013-04-15,Mon,18,Na,비행기 연발 연착,9,2,0,,,,,https://blog.naver.com/jklovelike/50169485530
2013-04-14,Sun,14,Na,2013.4.14.,10,3,4,,,,,https://blog.naver.com/jklovelike/50169401109
2013-04-12,Fri,14,'데미안'의 젊은 날의 초상,삶의 운명이라는 게 있다면,14,2,4,,,,,https://blog.naver.com/jklovelike/50169285127
2013-04-10,Wed,23,'데미안'의 젊은 날의 초상,잠자는 시간을 줄이려고 한다,15,4,9,,,,,https://blog.naver.com/jklovelike/50169184219
2013-04-07,Sun,0,'데미안'의 젊은 날의 초상,제정신 유지 수단,9,9,4,,,,,https://blog.naver.com/jklovelike/50168874716
2013-04-06,Sat,10,'데미안'의 젊은 날의 초상,나는 어딘들 걸을 수 있다.,16,3,1,,,,,https://blog.naver.com/jklovelike/50168817894
2013-03-19,Tue,22,내가 만난 [책],책 - 나의 눈을 뜨게 하는 것,17,1,1,,,,,https://blog.naver.com/jklovelike/50166780871
2013-03-19,Tue,19,'데미안'의 젊은 날의 초상,독하게 살자,6,5,1,,,,,https://blog.naver.com/jklovelike/50166754606
2013-03-19,Tue,18,'데미안'의 젊은 날의 초상,매일밤마다 나는 다른 세계를 여행한다.,21,3,1,,,,,https://blog.naver.com/jklovelike/50166750854
2013-03-18,Mon,6,'데미안'의 젊은 날의 초상,내 블로그의 존재,9,9,12,,,,,https://blog.naver.com/jklovelike/50166536789
2013-03-17,Sun,23,'데미안'의 젊은 날의 초상,심장이 뛴다고 가슴 또한 뛰는 게 아니다.,23,3,1,,,,,https://blog.naver.com/jklovelike/50166520185
2013-03-14,Thu,5,책의 죽비소리,김수영 <거미>,8,6,5,,,,,https://blog.naver.com/jklovelike/50166003347
2013-03-13,Wed,23,'데미안'의 자기혁신,미쳐야 미친다 - 자기 분야에 대한 극도의 집중,26,11,5,,,,,https://blog.naver.com/jklovelike/50165984709
2013-03-10,Sun,18,책의 죽비소리,<말의 힘> 봄이 왔습니다. 하지만 저는 그 봄을 볼 수가 없네요.,37,3,3,,,,,https://blog.naver.com/jklovelike/50165579449
2013-03-10,Sun,14,책을 읽다 [독서목록],"책읽기 - 1,2월의 독서목록 / 1일 1독의 마인드",29,6,9,,,,,https://blog.naver.com/jklovelike/50165555730
2013-03-09,Sat,22,독서 단상,최근 들어 편중된 독서를 하고 있다.,20,5,6,,,,,https://blog.naver.com/jklovelike/50165510007
2013-03-09,Sat,15,"'데미안'의 단상, 생각",남의 등 뒤에 숨지 말고 직접 행동하라,21,5,5,,,,,https://blog.naver.com/jklovelike/50165472743
2013-03-08,Fri,20,'데미안'의 자기혁신,걱정은 덜 하고 차라리 고민을 하라,19,2,1,,,,,https://blog.naver.com/jklovelike/50165402953
2013-03-06,Wed,23,'데미안'의 자기혁신,성과의 90%는 정신에 의해 좌우된다,20,8,5,,,,,https://blog.naver.com/jklovelike/50165183881
2013-03-05,Tue,23,"'데미안'의 단상, 생각",결과<성과>는 깊이 X 시간이다,17,6,2,,,,,https://blog.naver.com/jklovelike/50165059728
2013-03-03,Sun,16,'데미안'의 자기혁신,[시간관리]시간에 대한 주인의식을 가져라,22,7,14,,,,,https://blog.naver.com/jklovelike/50164777387
2013-03-03,Sun,9,인생의 계획(천 개의 꿈),"매일, 매주, 매달, 매년 기록해야 할 목록들",25,9,3,,,,,https://blog.naver.com/jklovelike/50164742305
2013-03-01,Fri,13,"'데미안'의 단상, 생각",욕심 많을 대학교 1학년에게 (1),19,10,8,,,,,https://blog.naver.com/jklovelike/50164563945
2013-02-28,Thu,22,내가 만난 [책],"현재 읽고 있는 책들, 다 읽어야 할 책들",23,1,0,,,,,https://blog.naver.com/jklovelike/50164511914
2013-02-28,Thu,22,일상의 기록,"[쌍문/창동] 카페 '엉클두' <취미 - 카페 찾기, 카페서 책읽기>",38,11,12,,,,,https://blog.naver.com/jklovelike/50164509162
2013-02-27,Wed,17,'데미안'의 젊은 날의 초상,어려운 일을 바란다.,11,7,2,,,,,https://blog.naver.com/jklovelike/50164346614
2013-02-23,Sat,13,Na,드라마,3,1,3,,,,,https://blog.naver.com/jklovelike/50163853641
2013-02-21,Thu,0,투자/주식,마이클 밀켄Michael Milken :  '추락한 천사'(Fallen Angel)',48,10,7,,,,,https://blog.naver.com/jklovelike/50163560621
2013-02-17,Sun,22,"'데미안'의 단상, 생각",운동을 좋아하게 되다,11,4,6,,,,,https://blog.naver.com/jklovelike/50163190996
2013-02-16,Sat,23,'데미안'의 젊은 날의 초상,"""딱 100살까지만 현업으로 뛰자.""",21,7,2,,,,,https://blog.naver.com/jklovelike/50163102752
2013-02-16,Sat,11,투자/주식,26살의 개미 트레이더 : 혼자 힘으로 일어나보기,27,12,5,,,,,https://blog.naver.com/jklovelike/50163042674
2013-02-15,Fri,23,'데미안'의 젊은 날의 초상,나의 사랑,5,3,7,,,,,https://blog.naver.com/jklovelike/50163011136
2013-01-13,Sun,20,Na,休,1,1,35,,,,,https://blog.naver.com/jklovelike/50159549394
2013-01-13,Sun,11,'데미안'의 젊은 날의 초상,나는 눈물 대신 땀을 흘려야 한다.,19,3,3,,,,,https://blog.naver.com/jklovelike/50159514866
2013-01-13,Sun,10,책의 죽비소리,예술가의 태어남,8,0,0,,,,,https://blog.naver.com/jklovelike/50159511456
2013-01-12,Sat,15,내가 만난 [책],"'은교', 불편한 마음으로 읽다.",19,2,26,,,,,https://blog.naver.com/jklovelike/50159456450
2013-01-12,Sat,11,책의 죽비소리,"독후감, 책의 주인이 되는 첫걸음",18,4,0,,,,,https://blog.naver.com/jklovelike/50159442796
2013-01-09,Wed,20,'데미안'의 젊은 날의 초상,강렬한 체험,6,6,1,,,,,https://blog.naver.com/jklovelike/50159198772
2013-01-08,Tue,23,책의 죽비소리,질문을 던질 수 있는 능력,14,2,8,,,,,https://blog.naver.com/jklovelike/50159113721
2013-01-08,Tue,20,책의 죽비소리,감각 사용하기,7,1,1,,,,,https://blog.naver.com/jklovelike/50159100344
2013-01-07,Mon,22,"'데미안'의 단상, 생각",제대로 노력을 하고 있는가?,15,6,2,,,,,https://blog.naver.com/jklovelike/50159011285
2013-01-07,Mon,19,내가 만난 [책],남자의 후반생,7,6,3,,,,,https://blog.naver.com/jklovelike/50158996306
2013-01-07,Mon,19,책의 죽비소리,엄격한 반성,6,1,0,,,,,https://blog.naver.com/jklovelike/50158993214
2013-01-07,Mon,0,'데미안'의 젊은 날의 초상,지금 나이의 내가 좋다.,13,3,3,,,,,https://blog.naver.com/jklovelike/50158919454
2013-01-06,Sun,16,내가 만난 [책],가네시로 가즈키 - SPEED,16,1,0,,,,,https://blog.naver.com/jklovelike/50158886973
2013-01-05,Sat,18,로스쿨/사시/행시/CPA,10개월 만에 사법시험 합격한 제52회 사법시험의 최연소 합격자 인터뷰 기사,42,9,2,,,,,https://blog.naver.com/jklovelike/50158823293
2013-01-03,Thu,23,"'데미안'의 단상, 생각",나만의 달란트를 찾아서,12,4,7,,,,,https://blog.naver.com/jklovelike/50158690012
2013-01-03,Thu,12,독서 단상,나를 들뜨게 만드는 '책'이야기,17,4,10,,,,,https://blog.naver.com/jklovelike/50158631903
2013-01-02,Wed,12,책을 읽다 [독서목록],"2012년, 나는 이런 책을 읽어왔다.",21,12,16,,,,,https://blog.naver.com/jklovelike/50158540079
2012-12-31,Mon,19,Na,카페인 중독,6,1,2,,,,,https://blog.naver.com/jklovelike/50158427884
2012-12-30,Sun,22,'데미안'의 젊은 날의 초상,'그때 나는 스무 살 때',14,3,2,,,,,https://blog.naver.com/jklovelike/50158367667
2012-12-30,Sun,22,책의 죽비소리,사랑 후에 오는 것들,12,2,1,,,,,https://blog.naver.com/jklovelike/50158366112
2012-12-30,Sun,12,'데미안'의 젊은 날의 초상,더이상 미루지 않기,10,4,1,,,,,https://blog.naver.com/jklovelike/50158331223
2012-12-29,Sat,22,'데미안'의 젊은 날의 초상,"만남이란 또 하나의, 또다른 세계의 확장이다.",25,1,2,,,,,https://blog.naver.com/jklovelike/50158303991
2012-12-28,Fri,23,책을 읽다 [독서목록],2012년의 문학/소설류 독서목록,18,4,0,,,,,https://blog.naver.com/jklovelike/50158243591
2012-12-28,Fri,22,'데미안'의 젊은 날의 초상,내 안에 얼마나 많은 추억이 있는가.,20,3,1,,,,,https://blog.naver.com/jklovelike/50158238969
2012-12-28,Fri,22,"'데미안'의 단상, 생각",20대의 또다른 한해를 마무리하며,18,2,2,,,,,https://blog.naver.com/jklovelike/50158238059
2012-12-27,Thu,23,Na,흡족한 하루를 보내며,11,1,3,,,,,https://blog.naver.com/jklovelike/50158156361
2012-12-19,Wed,22,Na,2012.12.19....,14,0,7,,,,,https://blog.naver.com/jklovelike/50157517852
2012-12-18,Tue,22,'데미안'의 젊은 날의 초상,인생의 확신범,7,1,1,,,,,https://blog.naver.com/jklovelike/50157447523
2012-12-17,Mon,22,책의 죽비소리,법정 - 너는 네 세상 어디에 있는가,20,0,0,,,,,https://blog.naver.com/jklovelike/50157357307
2012-12-14,Fri,22,'데미안'의 젊은 날의 초상,뛰어들기,4,1,1,,,,,https://blog.naver.com/jklovelike/50157138499
2012-12-12,Wed,23,인생의 계획(천 개의 꿈),111일 간의 목표와 계획,14,0,4,,,,,https://blog.naver.com/jklovelike/50156981209
2012-12-11,Tue,22,지식의 정리,토플자료 무료사이트,10,0,0,,,,,https://blog.naver.com/jklovelike/50156886114
2012-12-03,Mon,22,Na,2012.12.3 살찌기,13,0,3,,,,,https://blog.naver.com/jklovelike/50156249872
2012-12-01,Sat,23,Na,2012.12.1,9,0,1,,,,,https://blog.naver.com/jklovelike/50156111807
2012-12-01,Sat,10,'데미안'의 젊은 날의 초상,인생의 도박,6,2,1,,,,,https://blog.naver.com/jklovelike/50156057478
2012-11-30,Fri,23,'데미안'의 젊은 날의 초상,나 자신,4,3,1,,,,,https://blog.naver.com/jklovelike/50156039990
2012-11-30,Fri,23,책의 죽비소리,나는 소망한다 내게 금지된 것을,17,0,0,,,,,https://blog.naver.com/jklovelike/50156037557
2012-11-28,Wed,22,'데미안'의 젊은 날의 초상,앞으로 네 달 간의 습관,13,2,2,,,,,https://blog.naver.com/jklovelike/50155872437
2012-11-27,Tue,22,Na,2012.11.27,10,0,0,,,,,https://blog.naver.com/jklovelike/50155784684
2012-11-26,Mon,19,'데미안'의 젊은 날의 초상,야망의 점화,6,2,2,,,,,https://blog.naver.com/jklovelike/50155688714
2012-11-26,Mon,19,책의 죽비소리,"""진정한 삶이란 만남""",13,0,0,,,,,https://blog.naver.com/jklovelike/50155687216
2012-11-25,Sun,20,'데미안'의 젊은 날의 초상,흘러간 시간과 앞으로 주어진 시간을 생각하며,24,2,8,,,,,https://blog.naver.com/jklovelike/50155606194
2012-11-24,Sat,10,책을 읽다 [독서목록],병상에서 읽은 책들,10,68,25,,,,,https://blog.naver.com/jklovelike/50155505000
2011-11-23,Wed,22,'데미안'의 젊은 날의 초상,2011년 11월 23일,13,3,24,,,,,https://blog.naver.com/jklovelike/50127304298
2011-11-23,Wed,22,Economy,성장통 앓는 미래에셋,11,0,0,,,,,https://blog.naver.com/jklovelike/50127301787
2011-10-05,Wed,4,Na,2011.10.5.오랜만.,14,0,6,,,,,https://blog.naver.com/jklovelike/50122735360
2011-01-25,Tue,8,Recruit/Career,‘자아실현형’ 20대 여성 CEO들을 만나다,24,0,5,,,,,https://blog.naver.com/jklovelike/50103992660
2011-01-25,Tue,6,삶과 문화,MIT 졸업장 대신 택한 꿈,15,0,4,,,,,https://blog.naver.com/jklovelike/50103991868
2011-01-25,Tue,6,"대학,대학인","영어 강의, 어떻게 할 것인가",16,0,0,,,,,https://blog.naver.com/jklovelike/50103991807
2011-01-25,Tue,6,"대학,대학인",`대학시계`의 추억,11,0,0,,,,,https://blog.naver.com/jklovelike/50103991687
2011-01-23,Sun,0,투자/주식,제임스 사이먼스 르네상스테크놀러지 사장,21,0,1,,,,,https://blog.naver.com/jklovelike/50103846046
2011-01-21,Fri,22,"통섭,학문,삶,사유",수학의 窓,5,0,3,,,,,https://blog.naver.com/jklovelike/50103781097
2011-01-19,Wed,9,'데미안'의 젊은 날의 초상,2 0 1 1 년,9,1,2,,,,,https://blog.naver.com/jklovelike/50103570759
2010-10-23,Sat,8,'데미안'의 젊은 날의 초상,평 정,3,1,2,,,,,https://blog.naver.com/jklovelike/50098369301
2010-10-05,Tue,6,책의 죽비소리,운명적인 단 한 권의 책,13,3,2,,,,,https://blog.naver.com/jklovelike/50097282490
2010-10-05,Tue,6,책의 죽비소리,타락한 정신,6,1,0,,,,,https://blog.naver.com/jklovelike/50097282355
2010-09-11,Sat,6,Na,비가 오는 아침,8,0,0,,,,,https://blog.naver.com/jklovelike/50095976020
2010-09-07,Tue,5,'데미안'의 젊은 날의 초상,붙잡고 겨루기 위하여,11,0,0,,,,,https://blog.naver.com/jklovelike/50095744942
2010-09-02,Thu,6,Na,읽고 싶은 인물,8,0,0,,,,,https://blog.naver.com/jklovelike/50095458711
2010-09-01,Wed,8,책을 읽다 [독서목록],"7월부터, 올해가 가기 전에 읽을 책들의 최소치 (현재진행중)",34,1,3,,,,,https://blog.naver.com/jklovelike/50095399485
2010-08-14,Sat,8,내가 만난 [책],"8월과 그 이후, 읽고 싶은 책의 목록",21,0,3,,,,,https://blog.naver.com/jklovelike/50094261987
2010-08-14,Sat,6,"'데미안'의 단상, 생각",삶의 변곡점,6,0,0,,,,,https://blog.naver.com/jklovelike/50094261187
2010-08-01,Sun,0,Na,2010. 8. 1,10,1,1,,,,,https://blog.naver.com/jklovelike/50093396492
2010-07-31,Sat,23,책을 읽다 [독서목록],7월 독서 기록,8,3,1,,,,,https://blog.naver.com/jklovelike/50093394768
2010-07-23,Fri,4,'데미안'의 젊은 날의 초상,최 선,3,1,3,,,,,https://blog.naver.com/jklovelike/50092795011
2010-07-22,Thu,4,책의 세계,구본형 - 고전에 다가가는 법 : 청소년들에게 주는 독서 조언,34,1,1,,,,,https://blog.naver.com/jklovelike/50092724717
2010-07-17,Sat,5,'데미안'의 자기혁신,두려워 하는 것을 먼저 하라.,16,9,5,,,,,https://blog.naver.com/jklovelike/50092394856
2010-07-14,Wed,8,"'데미안'의 단상, 생각","단상 : 삶, 탈취, 의미",14,1,7,,,,,https://blog.naver.com/jklovelike/50092191246
2010-07-10,Sat,6,'데미안'의 젊은 날의 초상,재 전 진,6,3,1,,,,,https://blog.naver.com/jklovelike/50091926851
2010-07-10,Sat,6,Na,2010.7.10 _ 변화,14,1,0,,,,,https://blog.naver.com/jklovelike/50091926631
2010-04-09,Fri,8,Na,몇몇 생각,5,0,1,,,,,https://blog.naver.com/jklovelike/50086219793
2010-04-06,Tue,11,"'데미안'의 단상, 생각",너는 하루하루 네 자신과 전투를 벌여야 한다.,25,0,0,,,,,https://blog.naver.com/jklovelike/50086044990
2010-03-19,Fri,12,Economy,"안철수 ""아이폰 인기 간과하면 엄청난 위기 맞을 수 있다""",32,0,3,,,,,https://blog.naver.com/jklovelike/50084946355
2010-03-19,Fri,12,추천도서/권장도서,법정 스님께서 추천한 50권의 책,18,1,8,,,,,https://blog.naver.com/jklovelike/50084945990
2010-03-19,Fri,11,삶과 문화,"게임하면 두뇌 단련되나, 안 되나?",19,0,0,,,,,https://blog.naver.com/jklovelike/50084944886
2010-03-17,Wed,9,삶과 문화,무라카미 하루키,8,2,2,,,,,https://blog.naver.com/jklovelike/50084822370
2010-03-17,Wed,9,추천도서/권장도서,경영인이 읽을 만한 비경영학 서적,18,1,1,,,,,https://blog.naver.com/jklovelike/50084821706
2010-03-17,Wed,8,"통섭,학문,삶,사유",당신이 바뀔 수 있다고 말하는 뇌과학,20,0,1,,,,,https://blog.naver.com/jklovelike/50084820604
2010-03-17,Wed,8,삶과 문화,"천재, 태어나는가 만들어지는가",16,1,2,,,,,https://blog.naver.com/jklovelike/50084820358
2010-03-16,Tue,22,"통섭,학문,삶,사유",미래의 화두로 떠오른 '복잡계 이론',20,0,0,,,,,https://blog.naver.com/jklovelike/50084807336
2010-03-16,Tue,22,투자/주식,금융시장 분석 복잡계가 유용해,17,1,0,,,,,https://blog.naver.com/jklovelike/50084806057
2010-03-16,Tue,22,투자/주식,"복잡계 경제학, 대안이론 될까",16,1,0,,,,,https://blog.naver.com/jklovelike/50084805786
2010-03-05,Fri,16,"통섭,학문,삶,사유",명상을 만들어낸다,9,0,1,,,,,https://blog.naver.com/jklovelike/50084100039
2010-03-04,Thu,11,내가 만난 [책],독서와 함께,6,1,5,,,,,https://blog.naver.com/jklovelike/50084027596
2010-02-24,Wed,9,'데미안'의 수능 칼럼 ,제자의 남자친구가 이번 동계올림픽에서 금메달을 땄다,28,3,2,739,0,0,0,https://blog.naver.com/jklovelike/50083472874
2010-02-24,Wed,9,책의 세계,왜? 왜? 삶의 의미 물고 늘어져라,19,2,0,,,,,https://blog.naver.com/jklovelike/50083470756
2010-02-18,Thu,10,독서 단상,2010년 2월 17일 - 여러 책을 동시에 읽다,27,1,0,,,,,https://blog.naver.com/jklovelike/50083046371
2010-02-13,Sat,0,'데미안'의 젊은 날의 초상,단상,2,1,2,,,,,https://blog.naver.com/jklovelike/50082736039
2010-02-12,Fri,23,내가 만난 [책],설 연휴 간 읽을 책들,12,2,2,,,,,https://blog.naver.com/jklovelike/50082731280
2010-02-03,Wed,5,'데미안'의 젊은 날의 초상,고즈넉하고 고요한 고독 속에서,16,2,2,,,,,https://blog.naver.com/jklovelike/50081977914
2010-02-03,Wed,4,Recruit/Career,"""펀드매니저가 되려면?""…최연소 운용역 4인 좌담",28,0,0,,,,,https://blog.naver.com/jklovelike/50081976946
2010-01-31,Sun,11,Na,2010.1.31.일,11,3,0,,,,,https://blog.naver.com/jklovelike/50081757755
2010-01-31,Sun,11,'데미안'의 젊은 날의 초상,다시 낙관의 대지에 서서,13,1,1,,,,,https://blog.naver.com/jklovelike/50081756862
2009-12-29,Tue,8,Na,...,3,0,1,,,,,https://blog.naver.com/jklovelike/50079158856
2009-12-29,Tue,7,책을 읽다 [독서목록],2008년부터 2009년까지의 독서 목록,22,47,16,,,,,https://blog.naver.com/jklovelike/50079158382
2009-11-25,Wed,4,"통섭,학문,삶,사유",지식인의 지식인은 누구일까,14,1,0,,,,,https://blog.naver.com/jklovelike/50076640615
2009-11-25,Wed,3,교육의 혁명,지식공동체 네트워크 '연구공간 수유+너머',23,9,0,,,,,https://blog.naver.com/jklovelike/50076640428
2009-11-25,Wed,3,우리들의 대한민국,반도체 뒤의 황폐함,10,2,2,,,,,https://blog.naver.com/jklovelike/50076639868
2009-11-21,Sat,4,내가 만난 [책],<다른 곳을 사유하자>다세계의 존재자가 되기 위하여,28,2,2,,,,,https://blog.naver.com/jklovelike/50076372483
2009-11-18,Wed,1,책을 읽다 [독서목록],2009년의 책읽기에 대한 반성 : 앞으로는 더욱더 나아질 것이다.,37,1,1,,,,,https://blog.naver.com/jklovelike/50076154845
2009-11-16,Mon,1,'데미안'의 젊은 날의 초상,스무살 시절에 대한 회고,13,4,5,,,,,https://blog.naver.com/jklovelike/50076015614
2009-11-14,Sat,5,"'데미안'의 단상, 생각",불가지론자,5,16,0,,,,,https://blog.naver.com/jklovelike/50075884520
2009-11-13,Fri,14,Na,일지 노트,5,0,0,,,,,https://blog.naver.com/jklovelike/50075832043
2009-11-10,Tue,8,책을 읽다 [독서목록],"이번 겨울, 나는 무엇을 읽을 것인가?",21,2,0,,,,,https://blog.naver.com/jklovelike/50075589065
2009-11-07,Sat,8,'데미안'의 젊은 날의 초상,지적 쿠데타. 내게 그 계기의 시작이 되기를...,27,6,8,,,,,https://blog.naver.com/jklovelike/50075385510
2009-11-05,Thu,8,"'데미안'의 단상, 생각",짧은 다짐을 각인한다.,12,0,4,,,,,https://blog.naver.com/jklovelike/50075229253
2009-09-12,Sat,8,"'데미안'의 단상, 생각",나의 '시간',7,7,2,,,,,https://blog.naver.com/jklovelike/50071189343
2009-09-06,Sun,14,'데미안'의 젊은 날의 초상,"""너는 너 자신을 멸망시킬 태풍을 네 안에 가지고 있는가?""",34,1,1,,,,,https://blog.naver.com/jklovelike/50070825485
2009-04-26,Sun,3,Na,"오랜만에, 새벽에 짤막한 글을 끼적거리다.",23,1,7,,,,,https://blog.naver.com/jklovelike/50046447620
2009-01-24,Sat,5,'데미안'의 젊은 날의 초상,하루하루를 살기 위하여,12,7,7,,,,,https://blog.naver.com/jklovelike/50041286327
2009-01-24,Sat,4,책을 읽다 [독서목록],"현재 읽어야 할, 혹은 읽고 싶은 책의 목록",24,1,9,,,,,https://blog.naver.com/jklovelike/50041285781
2008-12-27,Sat,9,Recruit/Career,국회의원 보좌관,8,1,1,,,,,https://blog.naver.com/jklovelike/50039660004
2008-12-27,Sat,9,Recruit/Career,프라이빗 뱅커(PB),11,0,0,,,,,https://blog.naver.com/jklovelike/50039659924
2008-12-17,Wed,20,책의 세계,"에고노믹스 - 데이비드 마컴, 스티븐 스미스",24,0,1,,,,,https://blog.naver.com/jklovelike/50039191519
2008-12-17,Wed,19,책의 세계,‘예측불가능’이 세계를 변화시킨다,19,1,2,,,,,https://blog.naver.com/jklovelike/50039190762
2008-12-15,Mon,15,투자/주식,미래예측가들의 영업비밀,13,1,0,,,,,https://blog.naver.com/jklovelike/50039067483
2008-12-15,Mon,13,business strateg,경영에 과학원리 적용하면 ‘해법’ 보인다,23,0,2,,,,,https://blog.naver.com/jklovelike/50039060840
2008-12-15,Mon,13,투자/주식,글로벌 투자 달인들의 투자 비법,17,0,0,,,,,https://blog.naver.com/jklovelike/50039060552
2008-12-15,Mon,13,투자/주식,소로스의 투자 비법,10,0,0,,,,,https://blog.naver.com/jklovelike/50039060355
2008-12-15,Mon,13,Economy,"[기업사냥꾼, 헤지펀드 대공습] 원자재 거쳐 석유 찍고 한국으로",36,0,0,,,,,https://blog.naver.com/jklovelike/50039060122
2008-12-15,Mon,13,투자/주식,헤지펀드가 온다,9,0,0,,,,,https://blog.naver.com/jklovelike/50039059766
2008-12-15,Mon,12,투자/주식,"“월가는 오만했고, 똑똑하기보다 비열했다”",24,0,1,,,,,https://blog.naver.com/jklovelike/50039059357
2008-10-17,Fri,3,'데미안'의 젊은 날의 초상,깊은 새벽 순간의 내 이야기,15,2,4,,,,,https://blog.naver.com/jklovelike/50036264312
2008-10-15,Wed,7,투자/주식,존 템플턴의 영혼이 있는 투자,16,1,3,,,,,https://blog.naver.com/jklovelike/50036192521
2008-10-15,Wed,7,투자/주식,템플턴卿이 그리운 시절,13,1,1,,,,,https://blog.naver.com/jklovelike/50036192481
2008-10-14,Tue,10,'데미안'의 젊은 날의 초상,오늘은 결코 어제와 같지 않다.,17,4,3,,,,,https://blog.naver.com/jklovelike/50036163858
2008-10-14,Tue,9,로스쿨/사시/행시/CPA,게임 전문 정준모 변호사,13,0,0,,,,,https://blog.naver.com/jklovelike/50036162786
2008-10-14,Tue,9,Economy,경쟁력을 인정받는 법조인이 되어야만...,23,0,2,,,,,https://blog.naver.com/jklovelike/50036162235
2008-10-14,Tue,9,Economy,법률시장 개방 대비책,13,0,0,,,,,https://blog.naver.com/jklovelike/50036162013
2008-10-11,Sat,10,'데미안'의 젊은 날의 초상,대기만성 : 매일매일 나는 나의 길을 간다.,24,7,14,,,,,https://blog.naver.com/jklovelike/50036063327
2008-10-11,Sat,8,'데미안'의 젊은 날의 초상,나태의 극복,6,11,6,,,,,https://blog.naver.com/jklovelike/50036061402
2008-09-13,Sat,0,Na,생일축하 이벤트!!!,12,0,22,,,,,https://blog.naver.com/jklovelike/50035170936
2008-09-11,Thu,12,'데미안'의 젊은 날의 초상,"나는 나를, 내 운명을 개척한다.",18,2,5,,,,,https://blog.naver.com/jklovelike/50035119570
2008-09-11,Thu,11,Na,2008.9.11,9,0,0,,,,,https://blog.naver.com/jklovelike/50035118562
2008-09-04,Thu,11,내가 만난 [책],'와튼스쿨' / '하버드 스타일',18,4,9,,,,,https://blog.naver.com/jklovelike/50034895967
2008-09-04,Thu,9,Economy,"백수, 우리시대 보통의 젊은이다",17,0,3,,,,,https://blog.naver.com/jklovelike/50034893258
2008-09-04,Thu,9,수능/수능공부법/합격수기,9월 모의평가 이후 해야 할 10가지 일들,23,0,9,3447,0,14,0,https://blog.naver.com/jklovelike/50034892996
2008-09-04,Thu,8,Economy,’건설’이 성장동력인 나라,15,0,0,,,,,https://blog.naver.com/jklovelike/50034892793
2008-09-04,Thu,8,Na,기억해야 할 숫자,9,0,2,,,,,https://blog.naver.com/jklovelike/50034892727
2008-08-29,Fri,10,책의 세계,읽지 않은 책에 대해 말하는 법,17,0,0,,,,,https://blog.naver.com/jklovelike/50034688833
2008-08-29,Fri,8,'데미안'의 젊은 날의 초상,지금의 나 자신을 위하여,13,1,1,,,,,https://blog.naver.com/jklovelike/50034686273
2008-08-21,Thu,9,책을 읽다 [독서목록],2008년 하반기 읽고 싶은 책의 향연,21,2,6,,,,,https://blog.naver.com/jklovelike/50034425079
2008-08-17,Sun,9,'데미안'의 젊은 날의 초상,지난 시간에 대한 복수,12,3,6,,,,,https://blog.naver.com/jklovelike/50034284907
2008-08-10,Sun,8,책의 세계,"막스 베버, 이 사람을 보라",15,0,0,,,,,https://blog.naver.com/jklovelike/50034059954
2008-08-10,Sun,8,"통섭,학문,삶,사유",‘공존의 지혜’ 톨레랑스를 가르치자,20,0,1,,,,,https://blog.naver.com/jklovelike/50034059883
2008-08-10,Sun,8,책의 세계,행복한 삶을 위하여,10,0,1,,,,,https://blog.naver.com/jklovelike/50034059738
2008-08-10,Sun,8,Na,내 미래에 대하여,9,0,0,,,,,https://blog.naver.com/jklovelike/50034059642
2008-08-09,Sat,11,삶과 문화,시와 연애하는 법 - 감정을 쏟아 붓지 말고 감정을 묘사하라,33,0,1,,,,,https://blog.naver.com/jklovelike/50034034807
2008-08-09,Sat,10,삶과 문화,시와 연애하는 법 - 체험을 재구성하라,21,0,0,,,,,https://blog.naver.com/jklovelike/50034034340
2008-07-28,Mon,10,'데미안'의 젊은 날의 초상,"단상, 생각의 짧은 정리",13,0,4,,,,,https://blog.naver.com/jklovelike/50033658401
2008-07-22,Tue,7,책의 세계,맛깔스러운 경제학 입문서의 향연,18,0,3,,,,,https://blog.naver.com/jklovelike/50033455596
2008-07-17,Thu,11,책을 읽다 [독서목록],현재 읽고 있는 책,10,0,5,,,,,https://blog.naver.com/jklovelike/50033296948
2008-07-17,Thu,9,우리들의 대한민국,한국의 ‘교수 출신 낙하산 장관’이 정당성을 확보하기 힘든 이유,35,0,0,,,,,https://blog.naver.com/jklovelike/50033293374
2008-07-17,Thu,9,Economy,‘혜안과 상상력’ 인문학으로 내일을 보다,23,0,1,,,,,https://blog.naver.com/jklovelike/50033293116
2008-07-17,Thu,9,Economy,창조적 자본주의란 무엇인가…실행과 기업의 사회적 책임,30,0,0,,,,,https://blog.naver.com/jklovelike/50033292856
2008-07-17,Thu,8,"대학,대학인",이준구 - 독자들에게 보내는 편지,18,0,1,,,,,https://blog.naver.com/jklovelike/50033292628
2008-07-17,Thu,8,지식의 정리,이준구 - 제자에게 보내는 편지,17,0,3,,,,,https://blog.naver.com/jklovelike/50033292542
2008-07-05,Sat,7,'데미안'의 젊은 날의 초상,오늘 새벽에 잠을 못 이루는 이유,18,11,11,,,,,https://blog.naver.com/jklovelike/50032938713
2008-07-05,Sat,7,삶과 문화,구도 길 동반하며 길찾기 돕는 ‘길 위의 삶’,25,0,0,,,,,https://blog.naver.com/jklovelike/50032938604
2008-07-05,Sat,6,책을 읽다 [독서목록],오쇼의 책,5,3,3,,,,,https://blog.naver.com/jklovelike/50032938561
2008-07-05,Sat,6,Na,2008 0705,9,0,0,,,,,https://blog.naver.com/jklovelike/50032938467
2008-06-26,Thu,10,'데미안'의 젊은 날의 초상,나를 바꾸자.,8,0,2,,,,,https://blog.naver.com/jklovelike/50032682580
2008-06-26,Thu,10,내가 만난 [책],단 한 권의 책,8,0,0,,,,,https://blog.naver.com/jklovelike/50032682017
2008-06-26,Thu,9,우리들의 대한민국,"과외, 40년 고민해도 왜 답이 없을까",21,0,5,,,,,https://blog.naver.com/jklovelike/50032680950
2008-06-26,Thu,8,수능/수능공부법/합격수기,수재집안 - 독서의 강조 -,15,3,15,,,,,https://blog.naver.com/jklovelike/50032680590
2008-06-26,Thu,8,우리들의 대한민국,보수는 '감동'을 배워라,14,0,1,,,,,https://blog.naver.com/jklovelike/50032680501
2008-06-26,Thu,8,Economy,"中企, 문화경영에 눈 뜨다",15,0,0,,,,,https://blog.naver.com/jklovelike/50032680250
2008-06-26,Thu,8,투자/주식,금융지식 완전정복으로 가는 길,17,0,1,,,,,https://blog.naver.com/jklovelike/50032680236
2008-06-26,Thu,8,우리들의 대한민국,‘보통’이 최고라야 한다,13,0,1,,,,,https://blog.naver.com/jklovelike/50032680204
2008-06-26,Thu,8,Economy,기술에 감성의 옷을 입히자,15,0,0,,,,,https://blog.naver.com/jklovelike/50032680145
2008-06-23,Mon,8,삶과 문화,왜 번역본부터 봅니까,12,0,1,,,,,https://blog.naver.com/jklovelike/50032589350
2008-06-23,Mon,8,삶과 문화,“별나다고요? 평범한 의사예요”,18,0,0,,,,,https://blog.naver.com/jklovelike/50032589288
2008-06-23,Mon,7,우리들의 대한민국,쏠림현상(Herd Behavior),19,0,0,,,,,https://blog.naver.com/jklovelike/50032589139
2008-06-23,Mon,7,Economy,한·중·일 무역 삼국지(三國志),18,0,0,,,,,https://blog.naver.com/jklovelike/50032589102
2008-06-19,Thu,10,'데미안'의 젊은 날의 초상,"결심, 유일한 위안",10,0,2,,,,,https://blog.naver.com/jklovelike/50032469549
2008-06-18,Wed,9,"통섭,학문,삶,사유",시와 연애하는 법 (5) ‘무엇’을 쓰려고 하지 말 것,30,0,0,,,,,https://blog.naver.com/jklovelike/50032429320
2008-06-18,Wed,9,"통섭,학문,삶,사유",시와 연애하는 법 (4) 익숙하고 편한 것들과의 결별,29,0,0,,,,,https://blog.naver.com/jklovelike/50032428626
2008-06-17,Tue,14,Na,2008.6.17.화,11,0,0,,,,,https://blog.naver.com/jklovelike/50032407213
2008-06-09,Mon,8,로스쿨/사시/행시/CPA,제24회 입법고시 수석 합격기,16,1,0,,,,,https://blog.naver.com/jklovelike/50032147482
2008-06-09,Mon,8,로스쿨/사시/행시/CPA,금태섭 변호사 인터뷰,11,0,7,,,,,https://blog.naver.com/jklovelike/50032147317
2008-06-09,Mon,7,Recruit/Career,국제기구에서 일하려면,11,0,2,,,,,https://blog.naver.com/jklovelike/50032147180
2008-06-06,Fri,11,"'데미안'의 단상, 생각",위험할지라도 차라리 소신대로 살겠다.,20,3,2,,,,,https://blog.naver.com/jklovelike/50032047570
2008-06-05,Thu,23,Na,흐뭇하다,4,0,7,,,,,https://blog.naver.com/jklovelike/50032033672
2008-05-12,Mon,22,'데미안'의 젊은 날의 초상,나 개인의 주권,8,1,3,,,,,https://blog.naver.com/jklovelike/50031217123
2008-05-12,Mon,22,Na,블로그,3,0,2,,,,,https://blog.naver.com/jklovelike/50031215756
2008-05-12,Mon,21,책을 읽다 [독서목록],2008년 상반기(오월 중순까지) 독서 목록 : 읽은 것과 읽을 책,37,3,3,,,,,https://blog.naver.com/jklovelike/50031214318
2008-05-12,Mon,19,우리들의 대한민국,‘일벌레’ 권하는 한국사회,15,0,0,,,,,https://blog.naver.com/jklovelike/50031209916
2008-04-20,Sun,19,지성과 사랑,나를 죽이지 못하는 모든 고난은 나 자신을 더더욱 강하게 만들 뿐이다.,39,3,11,,,,,https://blog.naver.com/jklovelike/50030517177
2008-04-10,Thu,16,'데미안'의 젊은 날의 초상,여 행,3,0,1,,,,,https://blog.naver.com/jklovelike/50030179115
2008-04-10,Thu,16,Na,"아, 앞으로 통계수치라도 외워두자.",19,0,0,,,,,https://blog.naver.com/jklovelike/50030178806
2008-04-10,Thu,15,CEO/Enterpriser,박병원 우리금융지주 회장 … ‘걸어다니는 식물도감’,29,0,0,,,,,https://blog.naver.com/jklovelike/50030178187
2008-04-08,Tue,19,'데미안'의 젊은 날의 초상,우울과 허무의 감정,10,0,6,,,,,https://blog.naver.com/jklovelike/50030098832
2008-03-27,Thu,10,삶과 문화,일요일의 마음,7,0,2,,,,,https://blog.naver.com/jklovelike/50029638257
2008-03-18,Tue,17,Na,오랜만이다,5,0,3,,,,,https://blog.naver.com/jklovelike/50029265686
2008-03-18,Tue,17,지식의 정리,고민하고 방황하는 경제학부생들에게,18,0,19,,,,,https://blog.naver.com/jklovelike/50029265507
2008-02-21,Thu,13,"통섭,학문,삶,사유",[공유] 학문의 세가지 태도 - 강유원,21,0,7,,,,,https://blog.naver.com/jklovelike/50028192849
2008-02-21,Thu,13,교육의 혁명,[공유] [강준만 칼럼] 이명박 정권의 '37번째 쇼',30,0,1,,,,,https://blog.naver.com/jklovelike/50028192761
2008-02-21,Thu,7,삶과 문화,책 도둑,4,0,2,,,,,https://blog.naver.com/jklovelike/50028180770
2008-02-21,Thu,7,"대학,대학인","이공계 활성화, 우수 교수진 확보가 우선이다",24,0,2,,,,,https://blog.naver.com/jklovelike/50028180723
2008-02-21,Thu,7,우리들의 대한민국,개천서 용나와야 선진국이다,15,0,0,,,,,https://blog.naver.com/jklovelike/50028180620
2008-02-21,Thu,7,"통섭,학문,삶,사유","법학의 블루오션,입법학을 열자",16,0,2,,,,,https://blog.naver.com/jklovelike/50028180258
2008-02-16,Sat,8,책을 읽다 [독서목록],최근의 내 독서에 대한 소소한 생각의 편린,23,0,8,,,,,https://blog.naver.com/jklovelike/50027965227
2008-02-15,Fri,0,Na,취기,2,0,4,,,,,https://blog.naver.com/jklovelike/50027918715
2008-02-12,Tue,9,"통섭,학문,삶,사유",뉴턴이 가르쳐준 합리적 사고,16,0,2,,,,,https://blog.naver.com/jklovelike/50027807512
2008-02-12,Tue,8,Economy,'국가는 기업이 아니다',14,0,2,,,,,https://blog.naver.com/jklovelike/50027807427
2008-02-12,Tue,8,Economy,펀더멘털은 튼튼하지 않다,13,0,0,,,,,https://blog.naver.com/jklovelike/50027807159
2008-02-05,Tue,19,Economy,새로운 부의 창조,10,0,0,,,,,https://blog.naver.com/jklovelike/50027610258
2008-02-05,Tue,19,Economy,한국과 미국 인터넷기업 차이,16,0,2,,,,,https://blog.naver.com/jklovelike/50027609562
2008-02-05,Tue,18,삶과 문화,구글 대학,5,0,5,,,,,https://blog.naver.com/jklovelike/50027608969
2008-02-05,Tue,18,투자/주식,(가치투자)투자의 원칙과 투자가의 행동,22,0,1,,,,,https://blog.naver.com/jklovelike/50027608890
2008-02-05,Tue,18,Economy,"""기업인도 증권관련 법률 잘 알아야""",20,0,0,,,,,https://blog.naver.com/jklovelike/50027608651
2008-02-05,Tue,18,"대학,대학인",카이스트 과연 위기인가,13,0,0,,,,,https://blog.naver.com/jklovelike/50027608237
2008-02-05,Tue,18,Economy,우려되는 IT분야 벤처 투자 감소,18,0,0,,,,,https://blog.naver.com/jklovelike/50027608180
2008-02-05,Tue,18,우리들의 대한민국,"힘이 세면 훌륭한가, 훌륭해서 힘이 센가",23,0,0,,,,,https://blog.naver.com/jklovelike/50027607208
2008-02-05,Tue,17,우리들의 대한민국,출마를 꿈꾸는 언론인들-권력과 언론,20,0,0,,,,,https://blog.naver.com/jklovelike/50027606990
2008-02-01,Fri,1,"통섭,학문,삶,사유",참된 융합,6,0,4,,,,,https://blog.naver.com/jklovelike/50027420620
2008-02-01,Fri,1,투자/주식,워런 버핏과 박현주,11,0,4,,,,,https://blog.naver.com/jklovelike/50027420567
2008-02-01,Fri,1,교육의 혁명,로스쿨 총 정원의 족쇄 풀어라,16,0,1,,,,,https://blog.naver.com/jklovelike/50027420446
2008-01-31,Thu,6,책의 죽비소리,"조영래 평전, 세상을 바꾼 아름다운 열정",23,0,0,,,,,https://blog.naver.com/jklovelike/50027380457
2008-01-30,Wed,22,"대학,대학인",공학 교육 혁신 몰고온 ‘올린공대’ 밀러 총장 '현장 모른 ‘탁상교육’이 미 제조업 이꼴 만들었다',55,0,2,,,,,https://blog.naver.com/jklovelike/50027371875
2008-01-30,Wed,22,지식의 정리,공공도서관 관련 통계,11,3,1,,,,,https://blog.naver.com/jklovelike/50027371446
2008-01-30,Wed,22,Economy,"‘한국의 벤처, 아직 죽지 않았습니다’",21,0,3,,,,,https://blog.naver.com/jklovelike/50027371162
2008-01-30,Wed,21,business strateg,사업에 성공하는 법,10,0,0,,,,,https://blog.naver.com/jklovelike/50027369308
2008-01-28,Mon,20,우리들의 대한민국,"저주받으리라, 법률가여!",14,0,0,,,,,https://blog.naver.com/jklovelike/50027279056
2008-01-28,Mon,19,Economy,국민성공시대? 재벌성공시대！,16,0,1,,,,,https://blog.naver.com/jklovelike/50027277973
2008-01-28,Mon,19,"대학,대학인",지방대생의 애로,9,0,6,,,,,https://blog.naver.com/jklovelike/50027277517
2008-01-28,Mon,19,Economy,빌 게이츠의 ‘창조적 자본주의’와 삼성 이건희 회장,29,0,4,,,,,https://blog.naver.com/jklovelike/50027277223
2008-01-28,Mon,16,Na,>_<,3,0,0,,,,,https://blog.naver.com/jklovelike/50027271628
2008-01-28,Mon,15,"통섭,학문,삶,사유",볼테르의 경구,7,0,0,,,,,https://blog.naver.com/jklovelike/50027268308
2008-01-28,Mon,4,Na,감사합니다.,6,0,0,,,,,https://blog.naver.com/jklovelike/50027252186
2008-01-28,Mon,4,삶과 문화,느림과 비움의 삶에 빠지기,15,0,1,,,,,https://blog.naver.com/jklovelike/50027252078
2008-01-28,Mon,4,"통섭,학문,삶,사유",문화의 차이가 뇌를 바꾼다,14,0,0,,,,,https://blog.naver.com/jklovelike/50027251964
2008-01-28,Mon,4,Economy,창조적 자본주의,9,0,0,,,,,https://blog.naver.com/jklovelike/50027251922
2008-01-28,Mon,4,"대학,대학인","여행, 사람과 사람 사이 그리고 사회",21,0,0,,,,,https://blog.naver.com/jklovelike/50027251904
2008-01-27,Sun,6,'데미안'의 젊은 날의 초상,정말 후회 없는 삶 !,12,15,9,,,,,https://blog.naver.com/jklovelike/50027216790
2008-01-27,Sun,4,우리들의 대한민국,여성의원 50%의 꿈,11,0,1,,,,,https://blog.naver.com/jklovelike/50027216242
2008-01-27,Sun,4,삶과 문화,번역의 성차별,7,0,5,,,,,https://blog.naver.com/jklovelike/50027215941
2008-01-27,Sun,3,삶과 문화,영화속 법정과 현실의 법정,15,0,1,,,,,https://blog.naver.com/jklovelike/50027215616
2008-01-27,Sun,2,추천도서/권장도서,몇 권의 영어원서 추천,12,0,10,,,,,https://blog.naver.com/jklovelike/50027215110
2008-01-27,Sun,2,추천도서/권장도서,논리와 화술을 기르기 위한 추천 도서,20,0,1,,,,,https://blog.naver.com/jklovelike/50027214930
2008-01-25,Fri,8,"대학,대학인",공감 인권법 캠프에 초대합니다.,17,0,1,,,,,https://blog.naver.com/jklovelike/50027136241
2008-01-24,Thu,4,책의 세계,마음대로 경영하여 성공한 사람,17,0,2,,,,,https://blog.naver.com/jklovelike/50027093194
2008-01-24,Thu,3,Economy,진정한 일류 기업이 되려면,14,0,1,,,,,https://blog.naver.com/jklovelike/50027093150
2008-01-24,Thu,3,우리들의 대한민국,거품의 학벌사회,9,0,1,,,,,https://blog.naver.com/jklovelike/50027093101
2008-01-24,Thu,3,교육의 혁명,놀랍다 못해 두려운 美 인재선발,18,0,2,,,,,https://blog.naver.com/jklovelike/50027092916
2008-01-23,Wed,21,"'데미안'의 단상, 생각",인정투쟁과 지나친 엘리트 의식에 관한 단상,23,1,2,,,,,https://blog.naver.com/jklovelike/50027083642
2008-01-23,Wed,18,추천도서/권장도서,법에 대한 상상력을 키우는 책,16,0,9,,,,,https://blog.naver.com/jklovelike/50027076575
2008-01-23,Wed,3,책을 읽다 [독서목록],"2008년 1월부터의 독서, 영화감상 목록 : 책읽기의 변화가 필요해!",39,1,9,,,,,https://blog.naver.com/jklovelike/50027051088
2008-01-23,Wed,1,"대학,대학인",[공유] [김두식 교수님 글 스크랩] 크리스챤 대학생,29,0,8,,,,,https://blog.naver.com/jklovelike/50027048656
2008-01-23,Wed,0,"'데미안'의 단상, 생각",한 가난한 법학도,9,4,4,,,,,https://blog.naver.com/jklovelike/50027048289
2008-01-22,Tue,23,삶과 문화,The Four Freedom - 노먼 락웰,24,0,2,,,,,https://blog.naver.com/jklovelike/50027046573
2008-01-10,Thu,2,삶과 문화,“하루를 평생처럼 산다.”,14,0,3,,,,,https://blog.naver.com/jklovelike/50026542088
2008-01-10,Thu,2,우리들의 대한민국,전주고 이야기,7,0,4,,,,,https://blog.naver.com/jklovelike/50026542037
2008-01-10,Thu,2,"통섭,학문,삶,사유",대중적 글쓰기와 그 적들,14,0,1,,,,,https://blog.naver.com/jklovelike/50026541918
2008-01-10,Thu,1,책의 세계,강준만 -〈선샤인 논술 사전〉,16,0,3,,,,,https://blog.naver.com/jklovelike/50026541766
2008-01-10,Thu,1,책의 세계,'통계'를 알아야 세상이 더 잘 보인다,22,0,2,,,,,https://blog.naver.com/jklovelike/50026541542
2008-01-09,Wed,14,Na,최악의 귀차니즘,8,0,0,,,,,https://blog.naver.com/jklovelike/50026516779
2008-01-08,Tue,19,'데미안'의 젊은 날의 초상,"오늘 스쳐 지나가는 단상, 생각의 편린",21,2,9,,,,,https://blog.naver.com/jklovelike/50026489546
2008-01-08,Tue,18,인생의 계획(천 개의 꿈),2008년의 계획적인 습관,14,2,10,,,,,https://blog.naver.com/jklovelike/50026487155
2008-01-08,Tue,16,Na,2008.01.08.화,12,0,6,,,,,https://blog.naver.com/jklovelike/50026481189
2008-01-08,Tue,1,"통섭,학문,삶,사유",‘알 수 없음’에서 앎으로 나아가는 긴 여정,24,0,1,,,,,https://blog.naver.com/jklovelike/50026461915
2008-01-08,Tue,1,책의 세계,"세 지식인, 독서와 경청을 말하다",19,0,2,,,,,https://blog.naver.com/jklovelike/50026461627
2008-01-08,Tue,0,"통섭,학문,삶,사유","""인문학 소양 갖춘 공대생은 왜 못키우나""",23,0,2,,,,,https://blog.naver.com/jklovelike/50026460996
2008-01-08,Tue,0,"대학,대학인",하버드·도쿄대 등 융합강의 활발,17,0,0,,,,,https://blog.naver.com/jklovelike/50026460804
2008-01-08,Tue,0,"통섭,학문,삶,사유",통섭,3,0,1,,,,,https://blog.naver.com/jklovelike/50026460598
2008-01-08,Tue,0,삶과 문화,박찬호의 '인성교육' 강조,14,0,1,,,,,https://blog.naver.com/jklovelike/50026460140
2008-01-07,Mon,23,"교양,학문,삶,사유",학문 융합은 인간 융합이다,14,0,0,,,,,https://blog.naver.com/jklovelike/50026459694
2008-01-07,Mon,23,"교양,학문,삶,사유",학문간 둑을 터 서로 오가게 하다,19,0,0,,,,,https://blog.naver.com/jklovelike/50026459514
2008-01-07,Mon,23,"교양,학문,삶,사유","섞임의 미학, 융합의 시대",15,0,0,,,,,https://blog.naver.com/jklovelike/50026459327
2008-01-07,Mon,22,business strateg,"“경영, 과학과 접목해야 위기 탈출”",20,0,0,,,,,https://blog.naver.com/jklovelike/50026456241
2008-01-07,Mon,22,책의 세계,위기에 빠진 경영학 ＂출구를 찾아라”,21,0,2,,,,,https://blog.naver.com/jklovelike/50026455636
2008-01-07,Mon,21,추천도서/권장도서,‘숨은 책들’ 그 진가를 찾으세요,18,0,4,,,,,https://blog.naver.com/jklovelike/50026454950
2008-01-07,Mon,18,삶과 문화,'88만원 세대'의 비망록,14,0,0,,,,,https://blog.naver.com/jklovelike/50026446298
2008-01-06,Sun,23,'데미안'의 젊은 날의 초상,나를 좀 제발 그냥 놔두시오,15,1,11,,,,,https://blog.naver.com/jklovelike/50026418493
2008-01-06,Sun,22,Na,Consummate contrarian,21,0,0,,,,,https://blog.naver.com/jklovelike/50026416203
2008-01-05,Sat,21,Na,.,1,0,1,,,,,https://blog.naver.com/jklovelike/50026381061
2008-01-05,Sat,21,Na,오랜만의 접속,7,0,3,,,,,https://blog.naver.com/jklovelike/50026380021
2007-12-30,Sun,22,'데미안'의 젊은 날의 초상,십대 시절과 친구에 대한 기억,16,0,12,,,,,https://blog.naver.com/jklovelike/50026159337
2007-12-30,Sun,22,'데미안'의 수능 칼럼 ,수업에 흥미를 느끼다.,12,5,7,772,0,0,0,https://blog.naver.com/jklovelike/50026158923
2007-12-28,Fri,9,"대학,대학인",[공유] 공학교육의 현실 - 왜 산업계와 공대 학계의 평가가 엇..,37,0,0,,,,,https://blog.naver.com/jklovelike/50026063844
2007-12-28,Fri,9,"대학,대학인",[공유] 내가 존경하는 친구 이야기..,21,0,0,,,,,https://blog.naver.com/jklovelike/50026063641
2007-12-28,Fri,8,"대학,대학인",국내 공학 교육의 현실,12,0,0,,,,,https://blog.naver.com/jklovelike/50026063148
2007-12-28,Fri,8,"대학,대학인",[공유] 이공계 희망이 해주는 조언 10가지,25,0,0,,,,,https://blog.naver.com/jklovelike/50026062978
2007-12-28,Fri,8,"대학,대학인",[공유] [흑백시대 가로지르기]자연과학-인문학은 남남인가,33,0,0,,,,,https://blog.naver.com/jklovelike/50026062964
2007-12-26,Wed,13,내가 만난 [책],"꼴찌, 동경대 가다!",12,0,1,,,,,https://blog.naver.com/jklovelike/50025998472
2007-12-26,Wed,11,Na,내가 보고 싶은 게 거의다 있는 만화방,21,0,1,,,,,https://blog.naver.com/jklovelike/50025996065
2007-12-26,Wed,11,책의 세계,‘남들이 많이 읽는 책’ 안 읽어도 괜찮아,24,0,5,,,,,https://blog.naver.com/jklovelike/50025995572
2007-12-23,Sun,3,CEO/Enterpriser,손정의 소프트뱅크 사장  -  ‘디지털 사냥꾼’ 日 최고 갑부로,37,0,1,,,,,https://blog.naver.com/jklovelike/50025886742
2007-12-23,Sun,2,CEO/Enterpriser,"“CEO들이여, 예술을 즐겨라”",18,0,2,,,,,https://blog.naver.com/jklovelike/50025886574
2007-12-21,Fri,21,"대학,대학인",하버드를 향해 뛰어라?,12,0,2,,,,,https://blog.naver.com/jklovelike/50025841985
2007-12-21,Fri,21,투자/주식,합리적인 주식 투자… 기대수익률 계산법,21,0,0,,,,,https://blog.naver.com/jklovelike/50025841732
2007-12-21,Fri,21,투자/주식,성공적 투자의 기본 원칙,14,0,0,,,,,https://blog.naver.com/jklovelike/50025841656
2007-12-21,Fri,21,투자/주식,[인터뷰] 이채원 한국밸류자산운용 전무,21,0,0,,,,,https://blog.naver.com/jklovelike/50025841459
2007-12-21,Fri,3,'데미안'의 젊은 날의 초상,"이십대, '낙관'을 배운 날들",16,23,8,,,,,https://blog.naver.com/jklovelike/50025816493
2007-12-21,Fri,1,Na,노트에서,4,0,0,,,,,https://blog.naver.com/jklovelike/50025815313
2007-12-21,Fri,1,Na,?,1,0,0,,,,,https://blog.naver.com/jklovelike/50025815177
2007-12-21,Fri,0,business strateg,감성과 창조경영,9,0,2,,,,,https://blog.naver.com/jklovelike/50025814259
2007-12-20,Thu,5,"교양,학문,삶,사유",예술 작품을 만나는 것은 다른 세계를 경험하는 것이다.,30,0,0,,,,,https://blog.naver.com/jklovelike/50025784249
2007-12-20,Thu,4,책의 세계,내가 1년에 200권을 읽는 이유,19,0,0,,,,,https://blog.naver.com/jklovelike/50025784038
2007-12-20,Thu,4,CEO/Enterpriser,CEO 이젠 시적 감성을 길러라,18,0,1,,,,,https://blog.naver.com/jklovelike/50025784016
2007-12-20,Thu,4,책의 세계,책 속에 극장이 있다,11,0,0,,,,,https://blog.naver.com/jklovelike/50025783984
2007-12-20,Thu,4,삶과 문화,그대 삶의 가장 충만한 장면,15,0,0,,,,,https://blog.naver.com/jklovelike/50025783966
2007-12-20,Thu,4,CEO/Enterpriser,CEO들이 즐기는 문화-예술활동은,19,0,0,,,,,https://blog.naver.com/jklovelike/50025783885
2007-12-20,Thu,4,교육의 혁명,‘글로벌 리더’ 키우는 교육을,16,0,2,,,,,https://blog.naver.com/jklovelike/50025783810
2007-12-20,Thu,2,삶과 문화,"아, 그래서 학력 위조를 하는구나",18,0,2,,,,,https://blog.naver.com/jklovelike/50025783157
2007-12-20,Thu,2,책의 세계,솔솔~ 책에서 흘러나오는 요리의 향기,20,0,1,,,,,https://blog.naver.com/jklovelike/50025783124
2007-12-20,Thu,2,책의 세계,‘요즘 애들’의 그 섬뜩한 상상력,18,0,0,,,,,https://blog.naver.com/jklovelike/50025782911
2007-12-20,Thu,1,책의 세계,<일상 예술화 전략>,11,0,1,,,,,https://blog.naver.com/jklovelike/50025782136
2007-12-20,Thu,0,책의 세계,<유머의 공식>,9,0,0,,,,,https://blog.naver.com/jklovelike/50025781469
2007-12-20,Thu,0,책의 세계,비즈니스맨을 위한 아티스트 웨이,17,0,1,,,,,https://blog.naver.com/jklovelike/50025780580
2007-12-20,Thu,0,삶과 문화,일본 디자이너들이 부럽다,13,0,1,,,,,https://blog.naver.com/jklovelike/50025780384
2007-12-19,Wed,23,삶과 문화,동물 쇼는 보지 맙시다,12,0,0,,,,,https://blog.naver.com/jklovelike/50025780008
2007-12-19,Wed,23,삶과 문화,한·일 관광객 역전의 이유,14,0,0,,,,,https://blog.naver.com/jklovelike/50025778555
2007-12-19,Wed,22,"대학,대학인",배낭족 철새들이여 치열하게 부딪혀라,20,0,0,,,,,https://blog.naver.com/jklovelike/50025777633
2007-12-18,Tue,19,Recruit/Career,비즈니스맨 교양 쌓기에 대한 글,17,0,2,,,,,https://blog.naver.com/jklovelike/50025734280
2007-12-18,Tue,19,"대학,대학인",프린스턴대,6,0,0,,,,,https://blog.naver.com/jklovelike/50025733924
2007-12-18,Tue,19,Economy,삼성의 선택,7,0,0,,,,,https://blog.naver.com/jklovelike/50025733650
2007-12-18,Tue,17,"'데미안'의 단상, 생각",앞으로 다르게 살아보고 싶다.,16,3,2,,,,,https://blog.naver.com/jklovelike/50025729616
2007-12-18,Tue,14,우리들의 대한민국,GDP 1%는 문화예술에 쓰면 선진한국 된다,25,0,0,,,,,https://blog.naver.com/jklovelike/50025722157
2007-12-17,Mon,3,삶과 문화,"나는 인간을 기록한다 인터뷰의 사나이, 지승호",26,0,0,,,,,https://blog.naver.com/jklovelike/50025677501
2007-12-17,Mon,2,Na,몇 번이나,5,0,1,,,,,https://blog.naver.com/jklovelike/50025677015
2007-12-16,Sun,1,삶과 문화,사랑하기 좋은 나날-사회 첫발 딛는 젊은이에게,26,0,0,,,,,https://blog.naver.com/jklovelike/50025642879
2007-12-16,Sun,1,Na,이주향 교수님의 글,10,1,0,,,,,https://blog.naver.com/jklovelike/50025642703
2007-12-16,Sun,1,책의 세계,‘ON-AIR: 뉴욕의 신화가 된 아티스트 김아타의 포토로그’,34,0,0,,,,,https://blog.naver.com/jklovelike/50025642217
2007-12-16,Sun,1,"교양,학문,삶,사유",이런 사람이 진짜 부자,13,0,0,,,,,https://blog.naver.com/jklovelike/50025642119
2007-12-16,Sun,0,책의 세계,사랑의 비밀,6,0,0,,,,,https://blog.naver.com/jklovelike/50025641823
2007-12-16,Sun,0,책의 세계,왜 나는 너를 사랑하는가,14,0,0,,,,,https://blog.naver.com/jklovelike/50025641795
2007-12-16,Sun,0,책의 세계,사랑의 모든 것,9,0,2,,,,,https://blog.naver.com/jklovelike/50025641638
2007-12-16,Sun,0,business strateg,경영혁신을 미술에서,11,0,0,,,,,https://blog.naver.com/jklovelike/50025641401
2007-12-15,Sat,23,내가 만난 [책],현재 사고 싶은 책,10,0,0,,,,,https://blog.naver.com/jklovelike/50025640534
2007-12-15,Sat,23,Na,올해 배운 한 가지 사실,13,0,0,,,,,https://blog.naver.com/jklovelike/50025639478
2007-12-15,Sat,22,Economy,부자들은 지금 베팅한다,13,0,0,,,,,https://blog.naver.com/jklovelike/50025637270
2007-12-15,Sat,22,business strateg,복잡하게 변화하는 경영환경 ‘C 직함’을 활용하라,28,0,0,,,,,https://blog.naver.com/jklovelike/50025636671
2007-12-15,Sat,22,Economy,미국인도 가고 싶어하는 중국의 MBA ‘CEIBS’,29,0,0,,,,,https://blog.naver.com/jklovelike/50025636400
2007-12-15,Sat,21,"대학,대학인",서울대 공대 교수공채 실패,14,0,1,,,,,https://blog.naver.com/jklovelike/50025635676
2007-12-15,Sat,21,수능/수능공부법/합격수기,"문과, 이과 갈림길 선 학생들에게",18,0,7,1087,0,1,0,https://blog.naver.com/jklovelike/50025634920
2007-12-15,Sat,21,Na,말,1,0,0,,,,,https://blog.naver.com/jklovelike/50025634327
2007-12-14,Fri,2,책의 세계,"‘여보, 책 많이 산다고 구박 마세요!’",23,0,0,,,,,https://blog.naver.com/jklovelike/50025576775
2007-12-14,Fri,1,책의 세계,주식투자에 도움이 될 책들,15,0,3,,,,,https://blog.naver.com/jklovelike/50025576717
2007-12-14,Fri,1,Recruit/Career,출판 관련 직업,9,0,0,,,,,https://blog.naver.com/jklovelike/50025576186
2007-12-13,Thu,0,"'데미안'의 단상, 생각",젊은 날의 성취에 대한 단상,15,9,9,,,,,https://blog.naver.com/jklovelike/50025539893
2007-12-12,Wed,23,책을 읽다 [독서목록],[독서목록]현재 계획하고 있는 책 (2007.12.1~),31,1,3,,,,,https://blog.naver.com/jklovelike/50025538217
2007-12-12,Wed,22,Na,-_-;;,5,0,3,,,,,https://blog.naver.com/jklovelike/50025536430
2007-12-12,Wed,21,책의 죽비소리,치열한 삶을 살기 위하여,13,0,2,,,,,https://blog.naver.com/jklovelike/50025533875
2007-12-12,Wed,15,"대학,대학인",길러진 대학생들,8,0,3,,,,,https://blog.naver.com/jklovelike/50025518540
2007-12-12,Wed,15,business strateg,유머 경영,5,0,0,,,,,https://blog.naver.com/jklovelike/50025517657
2007-12-12,Wed,15,Economy,진정한 IT 전문인이 되는 길,17,0,0,,,,,https://blog.naver.com/jklovelike/50025517496
2007-12-12,Wed,15,CEO/Enterpriser,"""한국인 경영자들, 협상능력 부족하다""",23,0,0,,,,,https://blog.naver.com/jklovelike/50025517322
2007-12-12,Wed,15,교육의 혁명,새로운 교육 패러다임을 갖자,16,0,0,,,,,https://blog.naver.com/jklovelike/50025517163
2007-12-12,Wed,14,Na,부모님을 생각하며,9,0,4,,,,,https://blog.naver.com/jklovelike/50025516367
2007-12-12,Wed,14,책의 죽비소리,톰 피터스 자기혁신 i디어,14,0,3,,,,,https://blog.naver.com/jklovelike/50025514994
2007-12-10,Mon,1,책의 세계,"시간을 정복한 남자, 류비셰프",17,0,8,,,,,https://blog.naver.com/jklovelike/50025426739
2007-12-09,Sun,21,우리들의 대한민국,인재유출 둔감한 한국사회,14,0,0,,,,,https://blog.naver.com/jklovelike/50025419591
2007-12-09,Sun,21,Na,친구 생각,5,0,1,,,,,https://blog.naver.com/jklovelike/50025418492
2007-12-09,Sun,0,인생의 계획(천 개의 꿈),"사랑하면 알게 되고, 알면 보이나니, 그때 보이는 것은 전과 같지 않으리라.",42,2,6,,,,,https://blog.naver.com/jklovelike/50025388226
2007-12-06,Thu,12,책의 죽비소리,LOVE&FREE,10,0,0,,,,,https://blog.naver.com/jklovelike/50025290492
2007-12-03,Mon,21,Economy,학벌 사회,5,0,0,,,,,https://blog.naver.com/jklovelike/50025204309
2007-12-03,Mon,21,CEO/Enterpriser,사업가의 자질,8,0,0,,,,,https://blog.naver.com/jklovelike/50025204043
2007-12-03,Mon,21,우리들의 대한민국,왕국에 갇힌 이건희의 '쓸쓸한 사치',20,0,0,,,,,https://blog.naver.com/jklovelike/50025203184
2007-12-03,Mon,14,'데미안'의 젊은 날의 초상,스무 살 시절의 기억,11,1,1,,,,,https://blog.naver.com/jklovelike/50025186502
2007-12-02,Sun,22,Economy,우린 얼마나 벌고 얼마나 쓰나,16,0,0,,,,,https://blog.naver.com/jklovelike/50025170456
2007-12-02,Sun,22,"교양,학문,삶,사유","반대하라, 사랑이 깊어지리니",15,0,1,,,,,https://blog.naver.com/jklovelike/50025170119
2007-12-02,Sun,22,'데미안'의 자기혁신,자수성가,4,3,0,,,,,https://blog.naver.com/jklovelike/50025169760
2007-12-02,Sun,21,삶과 문화,백수 문학,6,0,0,,,,,https://blog.naver.com/jklovelike/50025169388
2007-12-02,Sun,21,우리들의 대한민국,삼성전자 이재용 전무님 귀하,15,0,0,,,,,https://blog.naver.com/jklovelike/50025168535
2007-12-01,Sat,21,Economy,이스라엘 경제에서 배우자,14,0,0,,,,,https://blog.naver.com/jklovelike/50025133133
2007-12-01,Sat,21,Economy,"네이버, 빛과 그리고 그림자",16,0,0,,,,,https://blog.naver.com/jklovelike/50025132854
2007-12-01,Sat,21,Economy,팍스시니카 / 넥스트 일레븐,16,0,0,,,,,https://blog.naver.com/jklovelike/50025132732
2007-12-01,Sat,21,우리들의 대한민국,‘경제대통령’,7,0,0,,,,,https://blog.naver.com/jklovelike/50025132629
2007-12-01,Sat,21,Recruit/Career,“과장들이여! 임원 입장이 돼라”,19,0,0,,,,,https://blog.naver.com/jklovelike/50025132349
2007-12-01,Sat,20,"대학,대학인",대학생의 변화 의지와 더 나은 세상,20,0,0,,,,,https://blog.naver.com/jklovelike/50025132133
2007-12-01,Sat,2,Economy,제2 와이브로 기술 나오려면,16,0,0,,,,,https://blog.naver.com/jklovelike/50025108017
2007-12-01,Sat,2,삶과 문화,조진표 와이즈멘토 대표 인터뷰,16,0,0,,,,,https://blog.naver.com/jklovelike/50025107981
2007-12-01,Sat,1,Recruit/Career,헤드헌터,4,0,8,,,,,https://blog.naver.com/jklovelike/50025107704
2007-12-01,Sat,1,Recruit/Career,컴퓨터 보안 전문가,10,0,0,,,,,https://blog.naver.com/jklovelike/50025107525
2007-12-01,Sat,1,Recruit/Career,IT컨설턴트,6,0,0,,,,,https://blog.naver.com/jklovelike/50025107493
2007-12-01,Sat,1,Recruit/Career,CS (customer satisfaction) 강사,29,0,0,,,,,https://blog.naver.com/jklovelike/50025107439
2007-12-01,Sat,1,"대학,대학인",공학계열 대학,7,0,2,,,,,https://blog.naver.com/jklovelike/50025107359
2007-11-30,Fri,2,"교양,학문,삶,사유",광화문의 인문강좌,9,0,0,,,,,https://blog.naver.com/jklovelike/50025071956
2007-11-30,Fri,2,투자/주식,높은 성과를 내는 투자가의 특징,17,0,0,,,,,https://blog.naver.com/jklovelike/50025071869
2007-11-30,Fri,1,CEO/Enterpriser,CEO와 감성지능,10,0,0,,,,,https://blog.naver.com/jklovelike/50025070811
2007-11-29,Thu,23,책을 읽다 [독서목록],최근의 책읽기,7,1,0,,,,,https://blog.naver.com/jklovelike/50025067357
2007-11-28,Wed,22,책의 세계,새로운 미래가 온다,10,0,0,,,,,https://blog.naver.com/jklovelike/50025029444
2007-11-28,Wed,22,business strateg,사람 잘 고르는 법,11,0,0,,,,,https://blog.naver.com/jklovelike/50025028796
2007-11-28,Wed,22,우리들의 대한민국,"박노자  - 우리 마음들의 ‘관리자’, 삼성",25,0,0,,,,,https://blog.naver.com/jklovelike/50025028674
2007-11-28,Wed,21,Economy,일본보다 중국 닮아가는 한국,16,0,0,,,,,https://blog.naver.com/jklovelike/50025028033
2007-11-28,Wed,16,"교양,학문,삶,사유",디지털 노마디즘,8,0,0,,,,,https://blog.naver.com/jklovelike/50025013587
2007-11-28,Wed,16,투자/주식,주식에 대한 몇 가지 오해,15,0,0,,,,,https://blog.naver.com/jklovelike/50025013160
2007-11-28,Wed,15,Economy,"여성이 강한 나라, 덴마크",15,0,0,,,,,https://blog.naver.com/jklovelike/50025012784
2007-11-28,Wed,15,삶과 문화,변호사,4,0,0,,,,,https://blog.naver.com/jklovelike/50025012670
2007-11-28,Wed,1,"'데미안'의 단상, 생각",그의 삶에 대한 슬픔,11,3,3,,,,,https://blog.naver.com/jklovelike/50024999100
2007-11-27,Tue,23,"'데미안'의 단상, 생각","4,5시간의 잠",8,3,0,,,,,https://blog.naver.com/jklovelike/50024992910
2007-11-27,Tue,22,business strateg,미래사업의 발굴,9,0,0,,,,,https://blog.naver.com/jklovelike/50024991531
2007-11-27,Tue,22,Economy,기회의 신 카이로스와 금융업,16,0,0,,,,,https://blog.naver.com/jklovelike/50024990874
2007-11-27,Tue,22,Economy,"디자인산업, 지평을 넓혀라",15,0,0,,,,,https://blog.naver.com/jklovelike/50024990655
2007-11-27,Tue,22,Economy,심심해서 지루하다는 공기업 직장,18,0,0,,,,,https://blog.naver.com/jklovelike/50024990234
2007-11-27,Tue,22,지식의 정리,남자라면 잡기에 능해야...?,16,0,0,,,,,https://blog.naver.com/jklovelike/50024990089
2007-11-27,Tue,21,책의 세계,1주일에 책 2권은 읽어야...,17,0,0,,,,,https://blog.naver.com/jklovelike/50024989821
2007-11-27,Tue,5,Economy,앨빈 토플러 인터뷰,10,0,0,,,,,https://blog.naver.com/jklovelike/50024963350
2007-11-27,Tue,4,Economy,"‘미래에셋 10년’, 빛과 그림자",19,0,0,,,,,https://blog.naver.com/jklovelike/50024963244
2007-11-27,Tue,4,가속성장/자기계발,리카싱 - 아시아 최고부자가 말하는 '나의 인생',28,0,1,,,,,https://blog.naver.com/jklovelike/50024963095
2007-11-26,Mon,19,Economy,문제는 경제가 아니다,12,0,0,,,,,https://blog.naver.com/jklovelike/50024946021
2007-11-26,Mon,19,우리들의 대한민국,부패의 울타리를 걷어치워라,15,0,0,,,,,https://blog.naver.com/jklovelike/50024945811
2007-11-26,Mon,19,우리들의 대한민국,대선후보들 뒤떨어진 디지털 감각,18,0,0,,,,,https://blog.naver.com/jklovelike/50024945743
2007-11-26,Mon,19,Recruit/Career,인터넷몰서 월 2억 매출 올리는 심윤정 '팥찌' 사장,29,0,0,,,,,https://blog.naver.com/jklovelike/50024945563
2007-11-26,Mon,19,Economy,교육투자가 중소기업 성장통을 극복한다,20,0,0,,,,,https://blog.naver.com/jklovelike/50024945436
2007-11-26,Mon,19,Economy,글로벌 경쟁력 강화를 위한 인재 육성,21,0,0,,,,,https://blog.naver.com/jklovelike/50024945334
2007-11-26,Mon,18,Economy,매출1000억 여성벤처 키우자,17,0,0,,,,,https://blog.naver.com/jklovelike/50024944949
2007-11-26,Mon,13,가속성장/자기계발,- 제시 리버모어 - 5달러로 1억 달러를 벌어들인 투자비결,34,0,0,,,,,https://blog.naver.com/jklovelike/50024933613
2007-11-25,Sun,22,Na,[공유] 나의 활동 ㅋ,12,0,0,,,,,https://blog.naver.com/jklovelike/50024917365
2007-11-25,Sun,21,인생의 계획(천 개의 꿈),100여일 간 해봐야 할 50가지 일,20,2,3,,,,,https://blog.naver.com/jklovelike/50024916190
2007-11-25,Sun,21,business strateg,구매욕구 자극하는 디자인 경영,17,0,0,,,,,https://blog.naver.com/jklovelike/50024915054
2007-11-25,Sun,2,인생의 계획(천 개의 꿈),앞으로 100일 간의 삶 : 운명은 자신이 선택한 것에 지나지 않는다.,39,3,1,,,,,https://blog.naver.com/jklovelike/50024885215
2007-11-25,Sun,1,투자/주식,증권을 하면 경제감각이 정말 생길까?,20,1,0,,,,,https://blog.naver.com/jklovelike/50024882949
2007-11-24,Sat,22,Economy,박현주 신드롬,8,0,0,,,,,https://blog.naver.com/jklovelike/50024877650
2007-11-24,Sat,22,Economy,''88만원 세대''에게 희망을,18,0,0,,,,,https://blog.naver.com/jklovelike/50024877342
2007-11-24,Sat,21,"대학,대학인",세계의 ‘인재 엔진’ IIT의 공부벌레들,23,0,0,,,,,https://blog.naver.com/jklovelike/50024875388
2007-11-23,Fri,8,Economy,"칼 아이칸, 부도덕한 이익추구자인가 백만장자 로빈 후드인가",33,0,0,,,,,https://blog.naver.com/jklovelike/50024812270
2007-11-23,Fri,8,Economy,"그의 상상이 곧 미래다, 내일을 사는 남자 슈워츠 그가 말하는 인류의 5가지 시나리오",48,0,1,,,,,https://blog.naver.com/jklovelike/50024812210
2007-11-23,Fri,8,business strateg,"관습에 젖은 기업문화, 청개구리式 역발상이 통한다",28,0,0,,,,,https://blog.naver.com/jklovelike/50024812072
2007-11-23,Fri,7,배움에 대하여,믿고 존경할 만한 어른 없는 세대에게,21,1,2,,,,,https://blog.naver.com/jklovelike/50024811967
2007-11-23,Fri,7,Economy,빌 게이츠와 로빈 후드,13,0,0,,,,,https://blog.naver.com/jklovelike/50024811939
2007-11-23,Fri,7,Economy,‘존경받는 기업’이 경쟁력이다,18,0,0,,,,,https://blog.naver.com/jklovelike/50024811829
2007-11-23,Fri,7,Economy,‘이학수 부회장’ 스카우트전,16,0,0,,,,,https://blog.naver.com/jklovelike/50024811731
2007-11-23,Fri,7,삶과 문화,한국인의 엥겔계수,10,0,0,,,,,https://blog.naver.com/jklovelike/50024811717
2007-11-21,Wed,10,'데미안'의 젊은 날의 초상,신은 일을 미루시기는 해도 거절하시는 법은 없다.,27,0,5,,,,,https://blog.naver.com/jklovelike/50024742744
2007-11-18,Sun,23,'데미안'의 젊은 날의 초상,나는 고귀하게 태어났다,12,1,0,,,,,https://blog.naver.com/jklovelike/50024668427
2007-11-18,Sun,23,Na,네임,2,0,2,,,,,https://blog.naver.com/jklovelike/50024668033
2007-11-16,Fri,11,"대학,대학인",대학에서의 경험,8,0,11,,,,,https://blog.naver.com/jklovelike/50024572318
2007-11-16,Fri,11,business strateg,여섯가지‘잘못된 성공 신화’부터 털어내자,23,0,1,,,,,https://blog.naver.com/jklovelike/50024571267
2007-11-15,Thu,12,'데미안'의 젊은 날의 초상,대기만성을 꿈꿔라. 미래를 경영하라.,20,4,1,,,,,https://blog.naver.com/jklovelike/50024533445
2007-11-15,Thu,12,Economy,피플 비즈니스,7,0,0,,,,,https://blog.naver.com/jklovelike/50024533253
2007-11-15,Thu,11,business strateg,‘유리벽’ 뚫는 여성임원 많아야 일류기업,23,0,0,,,,,https://blog.naver.com/jklovelike/50024533007
2007-11-15,Thu,11,CEO/Enterpriser,CEO 위에 CFO(Chief Financial Officer),36,0,0,,,,,https://blog.naver.com/jklovelike/50024532018
2007-11-15,Thu,11,CEO/Enterpriser,진정한 보스는 결코 죽지않는다,17,0,0,,,,,https://blog.naver.com/jklovelike/50024531773
2007-11-15,Thu,11,Economy,한국 미국 스웨덴 소비트렌드 비교,18,0,1,,,,,https://blog.naver.com/jklovelike/50024531619
2007-11-15,Thu,11,business strateg,팔려고 하지말고 사게 만들어라,17,0,1,,,,,https://blog.naver.com/jklovelike/50024531240
2007-11-15,Thu,10,business strateg,"비즈니스에 아트를 입혔다, 아트 마케팅",22,0,0,,,,,https://blog.naver.com/jklovelike/50024531044
2007-11-15,Thu,10,투자/주식,"아이 경제교육, 절약하는 습관부터",18,0,0,,,,,https://blog.naver.com/jklovelike/50024530065
2007-11-15,Thu,9,business strateg,성공하는 기업의 4+2 공식,16,0,0,,,,,https://blog.naver.com/jklovelike/50024528081
2007-11-15,Thu,9,Economy,지식자본 확충 시급하다,12,0,0,,,,,https://blog.naver.com/jklovelike/50024527943
2007-11-15,Thu,8,우리들의 대한민국,이학수 보고서,8,0,0,,,,,https://blog.naver.com/jklovelike/50024527679
2007-11-15,Thu,8,Na,곧,1,0,1,,,,,https://blog.naver.com/jklovelike/50024527303
2007-11-14,Wed,7,Economy,富의 창조 그리고 아시아시대,16,0,0,,,,,https://blog.naver.com/jklovelike/50024487239
2007-11-14,Wed,7,Na,-,1,0,0,,,,,https://blog.naver.com/jklovelike/50024487192
2007-11-14,Wed,6,'데미안'의 수능 칼럼 ,"고3, 수능",6,1,0,164,0,0,0,https://blog.naver.com/jklovelike/50024487034
2007-11-12,Mon,8,Na,변 화,3,0,4,,,,,https://blog.naver.com/jklovelike/50024416676
2007-11-12,Mon,7,'데미안'의 젊은 날의 초상,다시 태어나기 위하여,11,1,2,,,,,https://blog.naver.com/jklovelike/50024416504
2007-11-12,Mon,6,우리들의 대한민국,관행적 부패에서 벗어나기,14,0,0,,,,,https://blog.naver.com/jklovelike/50024416213
2007-11-12,Mon,6,삶과 문화,인생은 후반전이다,10,0,0,,,,,https://blog.naver.com/jklovelike/50024416195
2007-11-12,Mon,6,Economy,매력적인 인재를 키우자,12,0,1,,,,,https://blog.naver.com/jklovelike/50024416176
2007-11-12,Mon,5,Na,...,3,0,2,,,,,https://blog.naver.com/jklovelike/50024416138
2007-11-08,Thu,10,"교양,학문,삶,사유",김우창 - 인간 교육과 인간 공학,19,0,0,,,,,https://blog.naver.com/jklovelike/50024269358
2007-11-08,Thu,10,"교양,학문,삶,사유",‘도서관 민주주의’를 꿈꾸며,16,0,0,,,,,https://blog.naver.com/jklovelike/50024269196
2007-11-08,Thu,9,Na,-_-,3,0,1,,,,,https://blog.naver.com/jklovelike/50024268365
2007-11-07,Wed,10,"교양,학문,삶,사유",공부론,3,0,4,,,,,https://blog.naver.com/jklovelike/50024233131
2007-11-05,Mon,8,'데미안'의 젊은 날의 초상,미 래,4,0,1,,,,,https://blog.naver.com/jklovelike/50024159470
2007-11-05,Mon,6,'데미안'의 젊은 날의 초상,부끄러움,4,0,0,,,,,https://blog.naver.com/jklovelike/50024158791
2007-11-05,Mon,5,"대학,대학인",미국 명문대 진학의 허와 실,16,0,5,,,,,https://blog.naver.com/jklovelike/50024158698
2007-11-05,Mon,5,Economy,"청년실업, 벤처로 해결하라",15,0,0,,,,,https://blog.naver.com/jklovelike/50024158667
2007-11-01,Thu,12,인생의 계획(천 개의 꿈),매일 해야 할 목록,10,1,2,,,,,https://blog.naver.com/jklovelike/50024024458
2007-11-01,Thu,11,'데미안'의 젊은 날의 초상,힘껏 나 자신을 껴안는다.,14,1,3,,,,,https://blog.naver.com/jklovelike/50024023756
2007-10-31,Wed,10,Na,+,1,0,0,,,,,https://blog.naver.com/jklovelike/50023987683
2007-10-31,Wed,10,Economy,"사회공헌, 행복한 사회의 밑거름",18,0,0,,,,,https://blog.naver.com/jklovelike/50023987358
2007-10-29,Mon,8,"대학,대학인",지역거점大 20개는 필요하다,16,0,0,,,,,https://blog.naver.com/jklovelike/50023914829
2007-10-27,Sat,8,"'데미안'의 단상, 생각",교양 있는 법률가,9,0,1,,,,,https://blog.naver.com/jklovelike/50023838088
2007-10-26,Fri,8,투자/주식,부=지식의 환원을 꿈꾸다,13,0,0,,,,,https://blog.naver.com/jklovelike/50023806259
2007-10-26,Fri,8,우리들의 대한민국,제2의 인생이 기회가 되려면,16,0,0,,,,,https://blog.naver.com/jklovelike/50023806033
2007-10-26,Fri,8,교육의 혁명,교육정책 그늘에 가려진 학생인권,17,0,0,,,,,https://blog.naver.com/jklovelike/50023806002
2007-10-26,Fri,8,Economy,"왕자병 신입 행원들, 친절 마인드는 글쎄?",24,0,0,,,,,https://blog.naver.com/jklovelike/50023805991
2007-10-24,Wed,7,'데미안'의 젊은 날의 초상,인 내,3,0,0,,,,,https://blog.naver.com/jklovelike/50023733965
2007-10-24,Wed,7,우리들의 대한민국,강준만 - 지방이 잘 안 되는 이유,19,0,1,,,,,https://blog.naver.com/jklovelike/50023733932
2007-10-24,Wed,7,우리들의 대한민국,옷 벗자마자 로펌으로 가는 공정위 간부들,22,0,0,,,,,https://blog.naver.com/jklovelike/50023733903
2007-10-24,Wed,7,Economy,워커홀릭과 가족 친화 경영,14,0,0,,,,,https://blog.naver.com/jklovelike/50023733839
2007-10-23,Tue,10,'데미안'의 젊은 날의 초상,혁명가,3,1,2,,,,,https://blog.naver.com/jklovelike/50023702077
2007-10-23,Tue,9,삶과 문화,받기만 해서야,7,0,0,,,,,https://blog.naver.com/jklovelike/50023701201
2007-10-23,Tue,9,책의 세계,고르디우스의 매듭,9,0,2,,,,,https://blog.naver.com/jklovelike/50023700784
2007-10-22,Mon,9,Economy,숨겨진 거대한 자산,11,0,0,,,,,https://blog.naver.com/jklovelike/50023668322
2007-10-22,Mon,8,CEO/Enterpriser,‘무임승차’,6,0,0,,,,,https://blog.naver.com/jklovelike/50023668041
2007-10-22,Mon,8,business strateg,말이 통하는 문화,9,0,0,,,,,https://blog.naver.com/jklovelike/50023667999
2007-10-22,Mon,8,우리들의 대한민국,비주류-소수자의 힘 이끌어내야 미래 있다,22,0,0,,,,,https://blog.naver.com/jklovelike/50023667842
2007-10-22,Mon,8,삶과 문화,물구나무서기로 보이는 세상,14,0,0,,,,,https://blog.naver.com/jklovelike/50023667760
2007-10-22,Mon,8,Economy,갤브레이스와 드러커,10,0,0,,,,,https://blog.naver.com/jklovelike/50023667618
2007-10-22,Mon,8,Economy,성공을 넘어 공헌으로,11,0,0,,,,,https://blog.naver.com/jklovelike/50023667593
2007-10-20,Sat,8,Na,2007.10.20.토 - 새벽형 인간이 되자,25,0,2,,,,,https://blog.naver.com/jklovelike/50023598359
2007-10-19,Fri,9,흰구름의 길,폭풍을 두려워하지 말라,12,1,3,,,,,https://blog.naver.com/jklovelike/50023566673
2007-10-18,Thu,15,Na,신기한 꿈,5,0,0,,,,,https://blog.naver.com/jklovelike/50023543815
2007-10-18,Thu,15,내가 만난 [책],"<여럿이 함께> 박원순, 시민운동은 블루오션이다.",27,0,0,,,,,https://blog.naver.com/jklovelike/50023542720
2007-10-17,Wed,23,Na,귀여운 치치,6,0,2,,,,,https://blog.naver.com/jklovelike/50023527170
2007-10-17,Wed,3,'데미안'의 젊은 날의 초상,2007년,5,0,0,,,,,https://blog.naver.com/jklovelike/50023498197
2007-10-17,Wed,2,Economy,실패를 용납 않는 조직문화,14,0,0,,,,,https://blog.naver.com/jklovelike/50023497879
2007-10-17,Wed,2,"대학,대학인",배낭 메고 23개국 돌며 한국 알렸다,21,0,0,,,,,https://blog.naver.com/jklovelike/50023497849
2007-10-12,Fri,6,"대학,대학인",로스쿨과 교수 빼가기 전쟁,14,0,0,,,,,https://blog.naver.com/jklovelike/50023327887
2007-10-12,Fri,5,Economy,"한국경제, 하이에나 시대 끝내야 한다",20,0,0,,,,,https://blog.naver.com/jklovelike/50023327717
2007-10-12,Fri,5,"교양,학문,삶,사유",인문학은 미래학이다,10,0,1,,,,,https://blog.naver.com/jklovelike/50023327703
2007-10-12,Fri,4,Economy,사람을 살려야 경제가 산다,14,0,0,,,,,https://blog.naver.com/jklovelike/50023327666
2007-10-12,Fri,4,Economy,네이버와 구글에서 희망을 찾는다,17,0,0,,,,,https://blog.naver.com/jklovelike/50023327642
2007-10-10,Wed,12,'데미안'의 젊은 날의 초상,변화된 생각,6,0,0,,,,,https://blog.naver.com/jklovelike/50023266151
2007-10-10,Wed,11,'데미안'의 젊은 날의 초상,그리운 스무살 어느 날의 일기 中,18,0,0,,,,,https://blog.naver.com/jklovelike/50023264747
2007-10-09,Tue,9,"대학,대학인",그릇을 키우는 '우공(愚公)',16,0,2,,,,,https://blog.naver.com/jklovelike/50023232882
2007-10-09,Tue,9,"교양,학문,삶,사유",노벨문학상을 받으면 뭐가 달라질까,18,0,0,,,,,https://blog.naver.com/jklovelike/50023232749
2007-10-09,Tue,8,"대학,대학인",영어도 강의도 놓치는 대학 영어강의 붐,21,0,0,,,,,https://blog.naver.com/jklovelike/50023232290
2007-10-09,Tue,8,"대학,대학인",'삽질'하는 대학,9,0,2,,,,,https://blog.naver.com/jklovelike/50023232230
2007-10-09,Tue,8,우리들의 대한민국,소수자 권익보호와 사회 건전성,16,0,0,,,,,https://blog.naver.com/jklovelike/50023232173
2007-10-06,Sat,6,Na,[모닝페이퍼]2007.10.6.토,18,12,5,,,,,https://blog.naver.com/jklovelike/50023131312
2007-10-06,Sat,5,로스쿨/사시/행시/CPA,요즘 새내기 변호사 생활 어때?,17,0,0,,,,,https://blog.naver.com/jklovelike/50023131053
2007-10-06,Sat,4,내가 만난 [책],'행복한 CEO는 명상을 한다',17,0,0,,,,,https://blog.naver.com/jklovelike/50023130996
2007-10-06,Sat,4,삶과 문화,그리운 건,6,0,0,,,,,https://blog.naver.com/jklovelike/50023130967
2007-10-05,Fri,8,삶과 문화,성공한 삶과의 결별,10,0,0,,,,,https://blog.naver.com/jklovelike/50023100120
2007-10-05,Fri,8,business strateg,유연한 독서문화,8,0,0,,,,,https://blog.naver.com/jklovelike/50023100010
2007-10-05,Fri,8,"대학,대학인","법대의 미래, 오해 바로잡기",15,0,0,,,,,https://blog.naver.com/jklovelike/50023099981
2007-10-05,Fri,7,교육의 혁명,착한 로스쿨을 위해,10,0,0,,,,,https://blog.naver.com/jklovelike/50023099957
2007-10-05,Fri,7,Economy,"국내 MBA출신 쏟아지지만 기업들 ""실력검증 안됐다"" 시큰둥",34,0,2,,,,,https://blog.naver.com/jklovelike/50023099922
2007-10-03,Wed,11,지식의 정리,대학을 졸업하기 전에 꼭 해야 할 50가지 일,25,3,37,,,,,https://blog.naver.com/jklovelike/50023034213
2007-10-02,Tue,20,"교양,학문,삶,사유",인문학의 위기와 출판문화,13,0,0,,,,,https://blog.naver.com/jklovelike/50023018215
2007-10-02,Tue,20,"대학,대학인",KAIST 실험의 성공 조건,15,0,0,,,,,https://blog.naver.com/jklovelike/50023017782
2007-10-02,Tue,20,삶과 문화,‘바람의 딸’ 한비야,12,0,0,,,,,https://blog.naver.com/jklovelike/50023017546
2007-10-02,Tue,20,우리들의 대한민국,박원순 - 방관은 또다른 죄악,16,0,0,,,,,https://blog.naver.com/jklovelike/50023017062
2007-10-01,Mon,15,'데미안'의 젊은 날의 초상,"순수한 삶, 경이로운 인생",14,1,0,,,,,https://blog.naver.com/jklovelike/50022974978
2007-10-01,Mon,11,우리들의 대한민국,스스로 개성 죽이는 한국인,14,0,1,,,,,https://blog.naver.com/jklovelike/50022969314
2007-10-01,Mon,11,책의 세계,지금 당장 책을 펼쳐야 하는 이유,18,0,1,,,,,https://blog.naver.com/jklovelike/50022969272
2007-10-01,Mon,11,삶과 문화,베네수엘라 음악 교육의 기적,15,0,3,,,,,https://blog.naver.com/jklovelike/50022969164
2007-10-01,Mon,11,"교양,학문,삶,사유","한국의 앞날, 수학에 달려",14,0,0,,,,,https://blog.naver.com/jklovelike/50022969005
2007-10-01,Mon,11,"대학,대학인",KAIST 개혁,8,0,1,,,,,https://blog.naver.com/jklovelike/50022968898
2007-09-28,Fri,13,Economy,기업가정신이 사라지고 있다,14,0,0,,,,,https://blog.naver.com/jklovelike/50022869396
2007-09-28,Fri,11,'데미안'의 젊은 날의 초상,눈을 떠라. 깨어있어라.,14,0,1,,,,,https://blog.naver.com/jklovelike/50022867945
2007-09-27,Thu,12,우리들의 대한민국,판사들의 나라,8,0,1,,,,,https://blog.naver.com/jklovelike/50022833921
2007-09-25,Tue,21,Na,집으로 내려가던 날,10,0,0,,,,,https://blog.naver.com/jklovelike/50022787405
2007-09-24,Mon,12,우리들의 대한민국,강준만 - 학력·학벌 위장사건의 교훈,20,0,2,,,,,https://blog.naver.com/jklovelike/50022747489
2007-09-24,Mon,11,"교양,학문,삶,사유",죽음에 이르는 병 - 키르케고르,17,0,0,,,,,https://blog.naver.com/jklovelike/50022747135
2007-09-24,Mon,10,'데미안'의 젊은 날의 초상,잠,1,0,1,,,,,https://blog.naver.com/jklovelike/50022745148
2007-09-23,Sun,12,'데미안'의 젊은 날의 초상,'한낮에 꿈꾸는 자',11,1,1,,,,,https://blog.naver.com/jklovelike/50022718480
2007-09-21,Fri,8,내가 만난 [책],"알랭 드 보통의 '불안' 해법 중 하나, 철학",25,2,5,,,,,https://blog.naver.com/jklovelike/50022648215
2007-09-21,Fri,5,'데미안'의 자기혁신,어려운 삶을 살아라.,11,38,13,,,,,https://blog.naver.com/jklovelike/50022647391
2007-09-21,Fri,4,Economy,한국의 비즈니스 스쿨 열풍,14,0,0,,,,,https://blog.naver.com/jklovelike/50022647153
2007-09-20,Thu,16,Economy,다양성이 경쟁력이다,10,0,2,,,,,https://blog.naver.com/jklovelike/50022627741
2007-09-18,Tue,10,"교양,학문,삶,사유",‘암묵지 혁명’을 일으켜라,14,0,3,,,,,https://blog.naver.com/jklovelike/50022555112
2007-09-18,Tue,10,CEO/Enterpriser,"독서 장애, 퇴학, 말더듬이를 넘어",19,0,0,,,,,https://blog.naver.com/jklovelike/50022554924
2007-09-18,Tue,10,교육의 혁명,대입 논술시험의 위선,11,0,0,,,,,https://blog.naver.com/jklovelike/50022554318
2007-09-18,Tue,10,Economy,상속 부자와 자수성가 부자,14,0,0,,,,,https://blog.naver.com/jklovelike/50022554069
2007-09-18,Tue,10,"교양,학문,삶,사유","뇌 연구, 국가가 나서라",13,0,1,,,,,https://blog.naver.com/jklovelike/50022553988
2007-09-18,Tue,9,교육의 혁명,논술공화국을 위한 충고,12,0,0,,,,,https://blog.naver.com/jklovelike/50022553902
2007-09-16,Sun,4,책을 읽다 [독서목록],당분간 읽을 독서목록,11,0,3,,,,,https://blog.naver.com/jklovelike/50022477173
2007-09-16,Sun,4,business strateg,'벤처정신' 고양이를 호랑이로 만드는 마술,24,0,0,,,,,https://blog.naver.com/jklovelike/50022476994
2007-09-16,Sun,3,Economy,온라인 쇼핑몰의 생존 조건,14,0,0,,,,,https://blog.naver.com/jklovelike/50022476970
2007-09-16,Sun,3,삶과 문화,‘스피드홀릭’,7,0,0,,,,,https://blog.naver.com/jklovelike/50022476933
2007-09-16,Sun,3,"교양,학문,삶,사유","로스쿨 교육, 예술을 가르쳐라",16,0,0,,,,,https://blog.naver.com/jklovelike/50022476899
2007-09-16,Sun,3,우리들의 대한민국,"박노자 - 노예화, 그 개인적 대가",19,0,0,,,,,https://blog.naver.com/jklovelike/50022476861
2007-09-16,Sun,3,우리들의 대한민국,졸고 있는 여신에게 권유함,15,0,0,,,,,https://blog.naver.com/jklovelike/50022476849
2007-09-16,Sun,3,우리들의 대한민국,하루에 1억6천만원 버는 사람,16,0,0,,,,,https://blog.naver.com/jklovelike/50022476813
2007-09-16,Sun,3,"대학,대학인",한국에 일류대학이 없는 까닭,15,0,3,,,,,https://blog.naver.com/jklovelike/50022476783
2007-09-16,Sun,3,삶과 문화,‘멀티태스킹’의 심리,11,0,0,,,,,https://blog.naver.com/jklovelike/50022476755
2007-09-16,Sun,3,"교양,학문,삶,사유",과학교육,4,0,0,,,,,https://blog.naver.com/jklovelike/50022476720
2007-09-16,Sun,3,우리들의 대한민국,외국인 쇼크 증후군,10,0,0,,,,,https://blog.naver.com/jklovelike/50022476676
2007-09-13,Thu,13,"대학,대학인",“대한민국에 대학은 없다”,14,0,0,,,,,https://blog.naver.com/jklovelike/50022384029
2007-09-13,Thu,13,"대학,대학인",교양과목과 미국의 저력,12,0,1,,,,,https://blog.naver.com/jklovelike/50022383970
2007-09-13,Thu,0,Na,생일축하 이벤트!!!,12,0,20,,,,,https://blog.naver.com/jklovelike/50022374684
2007-09-08,Sat,1,인생의 계획(천 개의 꿈),내 삶의 자유와 창조,11,1,3,,,,,https://blog.naver.com/jklovelike/50022208471
2007-09-08,Sat,1,'데미안'의 젊은 날의 초상,내 가치관 중 하나,10,0,3,,,,,https://blog.naver.com/jklovelike/50022208147
2007-09-07,Fri,23,수능/수능공부법/합격수기,서울대에 입학한 장수생의 글,15,7,68,,,,,https://blog.naver.com/jklovelike/50022205517
2007-09-07,Fri,16,책을 읽다 [독서목록],"[2007.8.1~9.7] 고뇌의 날, 회의와 번민의 독서",32,0,4,,,,,https://blog.naver.com/jklovelike/50022190197
2007-09-05,Wed,6,'데미안'의 젊은 날의 초상,새로운 삶을 위한 준비,12,1,0,,,,,https://blog.naver.com/jklovelike/50022110610
2007-09-05,Wed,5,우리들의 대한민국,누가 이 ‘병역기피자’에게 돌을 던지나,21,0,0,,,,,https://blog.naver.com/jklovelike/50022110158
2007-09-05,Wed,5,"교양,학문,삶,사유",인문 한국을 위하여,10,0,0,,,,,https://blog.naver.com/jklovelike/50022110146
2007-09-05,Wed,5,수능/수능공부법/합격수기,복습 없이 고득점 없다,12,1,12,1069,0,0,0,https://blog.naver.com/jklovelike/50022110116
2007-09-03,Mon,2,"교양,학문,삶,사유",경제학을 전공하려는 J양에게,15,0,3,,,,,https://blog.naver.com/jklovelike/50022042742
2007-09-03,Mon,2,교육의 혁명,입시 지옥은 인권 문제다,13,0,0,,,,,https://blog.naver.com/jklovelike/50022042700
2007-09-03,Mon,2,삶과 문화,돈 되는 말,6,0,0,,,,,https://blog.naver.com/jklovelike/50022042689
2007-09-03,Mon,2,"대학,대학인","몸통을 흔드는 꼬리, 대학 영어강의",19,0,0,,,,,https://blog.naver.com/jklovelike/50022042617
2007-08-31,Fri,9,내가 만난 [책],"니체, 천 개의 눈 천 개의 길",17,1,6,,,,,https://blog.naver.com/jklovelike/50021838543
2007-08-31,Fri,9,'데미안'의 젊은 날의 초상,길동무,3,1,1,,,,,https://blog.naver.com/jklovelike/50021831177
2007-08-24,Fri,12,"통섭,학문,삶,사유",아메리칸드림 몰락의 교훈,13,0,0,,,,,https://blog.naver.com/jklovelike/50021486458
2007-08-21,Tue,9,"대학,대학인",日선 박사학위보다는 실력 우선,16,0,0,,,,,https://blog.naver.com/jklovelike/50021358786
2007-08-21,Tue,9,Recruit/Career,자기소개서 작성 방법,11,0,0,,,,,https://blog.naver.com/jklovelike/50021358697
2007-08-21,Tue,9,우리들의 대한민국,학벌이라는 주술,8,0,2,,,,,https://blog.naver.com/jklovelike/50021358504
2007-08-21,Tue,9,Economy,‘사회적 벤처’ 키우는 美대학들,17,0,0,,,,,https://blog.naver.com/jklovelike/50021358440
2007-08-20,Mon,2,business strateg,출세하려면 `악질` 돼야 하나,16,0,0,,,,,https://blog.naver.com/jklovelike/50021268947
2007-08-20,Mon,2,우리들의 대한민국,학벌사회와 승자독식,10,0,1,,,,,https://blog.naver.com/jklovelike/50021268920
2007-08-18,Sat,9,책의 세계,도정일 - CEO들의 샘 ‘서재’,18,0,0,,,,,https://blog.naver.com/jklovelike/50021197137
2007-08-18,Sat,9,우리들의 대한민국,고종석 - 누가 누가 더 나쁠까?,18,0,1,,,,,https://blog.naver.com/jklovelike/50021196968
2007-08-18,Sat,9,우리들의 대한민국,강준만 칼럼 - 작은 민주주의,16,0,0,,,,,https://blog.naver.com/jklovelike/50021196929
2007-08-18,Sat,9,우리들의 대한민국,강준만 칼럼 - 내부 식민지,15,0,0,,,,,https://blog.naver.com/jklovelike/50021196904
2007-08-18,Sat,9,우리들의 대한민국,강준만 칼럼 - 지방은 한국의 미래다,20,0,0,,,,,https://blog.naver.com/jklovelike/50021196878
2007-08-18,Sat,9,우리들의 대한민국,강준만 - '전관예우' 이데올로기,18,0,0,,,,,https://blog.naver.com/jklovelike/50021196829
2007-08-18,Sat,8,business strateg,‘관리의 삼성’을 넘어서,13,0,0,,,,,https://blog.naver.com/jklovelike/50021196809
2007-08-18,Sat,8,우리들의 대한민국,강준만 - 야망 중독증,12,0,0,,,,,https://blog.naver.com/jklovelike/50021196780
2007-08-18,Sat,8,Economy,창조력은 실천하는 것이다,13,0,0,,,,,https://blog.naver.com/jklovelike/50021196721
2007-08-18,Sat,8,Economy,미래를 바로 보자,9,0,0,,,,,https://blog.naver.com/jklovelike/50021196698
2007-08-18,Sat,8,교육의 혁명,학교란 무엇인가,8,0,2,,,,,https://blog.naver.com/jklovelike/50021196677
2007-08-13,Mon,18,내가 만난 [책],책을 먹어라.,7,0,1,,,,,https://blog.naver.com/jklovelike/50021013333
2007-08-13,Mon,18,내가 만난 [책],독서의 간절함,7,0,0,,,,,https://blog.naver.com/jklovelike/50021012826
2007-08-10,Fri,6,책의 세계,좋은 기업을 넘어…,11,0,0,,,,,https://blog.naver.com/jklovelike/50020878902
2007-08-09,Thu,13,삶과 문화,빈 손,3,0,0,,,,,https://blog.naver.com/jklovelike/50020849687
2007-08-08,Wed,9,'데미안'의 젊은 날의 초상,"성경을 부인한 사람, 슬픈 니체",17,0,3,,,,,https://blog.naver.com/jklovelike/50020639965
2007-08-08,Wed,8,책을 읽다 [독서목록],"5개월 간의 독서, 무엇을 위한 책읽기였는가.",25,5,8,,,,,https://blog.naver.com/jklovelike/50020639356
2007-08-06,Mon,12,책의 세계,C. S. 루이스의 <순전한 기독교>,20,0,3,,,,,https://blog.naver.com/jklovelike/50020567257
2007-08-03,Fri,7,책의 세계,"숨겨진 힘, 사람",10,0,2,,,,,https://blog.naver.com/jklovelike/50020452502
2007-07-29,Sun,13,책의 세계,‘독서 피서’ 인문학에 빠져 보자,18,0,2,,,,,https://blog.naver.com/jklovelike/50020263442
2007-07-29,Sun,13,우리들의 대한민국,국토대장정 신드롬,9,0,1,,,,,https://blog.naver.com/jklovelike/50020263259
2007-07-29,Sun,13,business strateg,"삼성, 관리냐 창조냐",12,0,1,,,,,https://blog.naver.com/jklovelike/50020262826
2007-07-29,Sun,12,'데미안'의 젊은 날의 초상,내 20대의 삶,8,2,6,,,,,https://blog.naver.com/jklovelike/50020261275
2007-07-29,Sun,11,'데미안'의 젊은 날의 초상,이것 또한 지나가리라.,13,2,3,,,,,https://blog.naver.com/jklovelike/50020259920
2007-07-29,Sun,10,책의 세계,돈으로 마음을 가득 채우지 마라. 몰락으로 가는 길이다.,32,0,1,,,,,https://blog.naver.com/jklovelike/50020259418
2007-07-20,Fri,20,삶과 문화,행복한 사람이 성공한 사람,14,0,2,,,,,https://blog.naver.com/jklovelike/50019918672
2007-07-15,Sun,20,"대학,대학인",무엇을 위한 방학인가,11,0,3,,,,,https://blog.naver.com/jklovelike/50019711322
2007-07-15,Sun,20,business strateg,맥킨지가 제시하는 21세기형 조직,18,0,0,,,,,https://blog.naver.com/jklovelike/50019711251
2007-07-15,Sun,20,"통섭,학문,삶,사유",민생난국 차이나,8,0,0,,,,,https://blog.naver.com/jklovelike/50019711111
2007-07-09,Mon,16,"대학,대학인",교수강의법 - ‘예습은 필수’..방법은?,22,0,3,,,,,https://blog.naver.com/jklovelike/50019475974
2007-07-03,Tue,20,지식의 정리,나의 영어 과외지도법,11,0,14,,,,,https://blog.naver.com/jklovelike/50019267386
2007-07-03,Tue,20,"대학,대학인",순수학문의 길을 걸으려는 그대에게 하는 조언,24,0,27,,,,,https://blog.naver.com/jklovelike/50019266782
2007-06-27,Wed,16,'데미안'의 젊은 날의 초상,"새로운 날, 새 운명",11,2,3,,,,,https://blog.naver.com/jklovelike/50019045688
2007-06-27,Wed,16,Na,충 돌,3,0,0,,,,,https://blog.naver.com/jklovelike/50019044855
2007-06-24,Sun,17,CEO/Enterpriser,CEO들 '내 인생을 바꿔놓은 책',20,0,5,,,,,https://blog.naver.com/jklovelike/50018941743
2007-06-23,Sat,21,우리들의 대한민국,“빨리빨리”의 나라,11,0,1,,,,,https://blog.naver.com/jklovelike/50018912362
2007-06-23,Sat,21,"교양,학문,삶,사유",‘반말’과 성(性),10,0,1,,,,,https://blog.naver.com/jklovelike/50018911996
2007-06-23,Sat,21,"대학,대학인",대학생활은 어떤 선배를 만나는 지에 달려있다,24,0,12,,,,,https://blog.naver.com/jklovelike/50018911350
2007-06-21,Thu,22,'데미안'의 젊은 날의 초상,위험한 삶을 살아라.,11,11,4,,,,,https://blog.naver.com/jklovelike/50018839018
2007-06-21,Thu,22,Na,노트북이라도 사자.,10,0,3,,,,,https://blog.naver.com/jklovelike/50018837705
2007-06-14,Thu,19,"교양,학문,삶,사유",쫓겨난 한국 유학생들,11,0,2,,,,,https://blog.naver.com/jklovelike/50018582049
2007-06-03,Sun,23,'데미안'의 젊은 날의 초상,삶,1,3,8,,,,,https://blog.naver.com/jklovelike/50018180139
2007-06-03,Sun,23,Na,지금 내게 필요한 건...,14,0,0,,,,,https://blog.naver.com/jklovelike/50018179413
2007-06-03,Sun,22,'데미안'의 젊은 날의 초상,희 망,3,2,2,,,,,https://blog.naver.com/jklovelike/50018178665
2007-06-03,Sun,22,Na,앞으로,3,0,2,,,,,https://blog.naver.com/jklovelike/50018177545
2007-05-30,Wed,19,우리들의 대한민국,외모지상주의 사회,9,0,2,,,,,https://blog.naver.com/jklovelike/50018017876
2007-05-30,Wed,19,"교양,학문,삶,사유",글쓰기와 몸쓰기,9,0,1,,,,,https://blog.naver.com/jklovelike/50018017746
2007-05-30,Wed,19,우리들의 대한민국,전관예우 의혹과 사법 불신,15,0,3,,,,,https://blog.naver.com/jklovelike/50018017662
2007-05-30,Wed,19,우리들의 대한민국,한국은 동물학대 공화국,12,0,1,,,,,https://blog.naver.com/jklovelike/50018017599
2007-05-30,Wed,2,"대학,대학인",지방대학 국제화 시급하다,14,0,0,,,,,https://blog.naver.com/jklovelike/50017995422
2007-05-30,Wed,2,"대학,대학인",중국 유학 생활의 장애물,13,0,1,,,,,https://blog.naver.com/jklovelike/50017995354
2007-05-29,Tue,23,Na,친구,2,0,0,,,,,https://blog.naver.com/jklovelike/50017991276
2007-05-28,Mon,20,교육의 혁명,호기심 죽이는 과학교육,12,0,0,,,,,https://blog.naver.com/jklovelike/50017946164
2007-05-28,Mon,2,내가 만난 [책],마지막 대거리,7,1,0,,,,,https://blog.naver.com/jklovelike/50017921777
2007-05-28,Mon,1,'데미안'의 젊은 날의 초상,다시 한번 삶을 위해,11,0,3,,,,,https://blog.naver.com/jklovelike/50017920877
2007-05-28,Mon,0,Economy,일류기업은 ‘직원을 모신다’,15,0,0,,,,,https://blog.naver.com/jklovelike/50017919970
2007-05-28,Mon,0,Economy,'세계 12위' 로부터의 자유,16,0,0,,,,,https://blog.naver.com/jklovelike/50017919917
2007-05-28,Mon,0,Economy,회장님과 글로벌 경영,11,0,0,,,,,https://blog.naver.com/jklovelike/50017919852
2007-05-27,Sun,23,Economy,변호사에서 기업가로,10,0,0,,,,,https://blog.naver.com/jklovelike/50017918526
2007-05-27,Sun,23,Economy,법률전문가(CLO)가 필요한 이유,19,0,0,,,,,https://blog.naver.com/jklovelike/50017918216
2007-05-27,Sun,23,투자/주식,低 PER·PBR주 수익 쏠쏠해요,18,0,0,,,,,https://blog.naver.com/jklovelike/50017918091
2007-05-27,Sun,23,Na,애기들이 생각난다.,10,4,0,,,,,https://blog.naver.com/jklovelike/50017917356
2007-05-26,Sat,15,삶과 문화,나는 왜 ‘길’만 그리나,13,0,0,,,,,https://blog.naver.com/jklovelike/50017857431
2007-05-26,Sat,1,Economy,삼성전자 주주와 임직원께,13,0,0,,,,,https://blog.naver.com/jklovelike/50017837038
2007-05-26,Sat,1,삶과 문화,행복지수,4,0,0,,,,,https://blog.naver.com/jklovelike/50017836972
2007-05-26,Sat,1,"교양,학문,삶,사유",“아이 앰 소리(I am sorry)”,21,0,1,,,,,https://blog.naver.com/jklovelike/50017836739
2007-05-26,Sat,1,Economy,한국이 ‘아시아의 허브’가 못 되는 이유,22,0,2,,,,,https://blog.naver.com/jklovelike/50017836702
2007-05-25,Fri,12,"교양,학문,삶,사유",‘구루(스승)와 시샤(제자)’,16,0,0,,,,,https://blog.naver.com/jklovelike/50017809179
2007-05-25,Fri,1,교육의 혁명,사교육에 대한 몇 가지 고정관념,17,0,0,,,,,https://blog.naver.com/jklovelike/50017799248
2007-05-25,Fri,1,Economy,베세토에서 살아가기,10,0,1,,,,,https://blog.naver.com/jklovelike/50017799117
2007-05-25,Fri,1,Economy,선진국형 산업,7,0,0,,,,,https://blog.naver.com/jklovelike/50017799047
2007-05-25,Fri,1,"교양,학문,삶,사유",스무살,3,0,0,,,,,https://blog.naver.com/jklovelike/50017799015
2007-05-25,Fri,1,Economy,정주영과 기업가 정신,11,0,0,,,,,https://blog.naver.com/jklovelike/50017798972
2007-05-25,Fri,1,Economy,이러닝이 가져온 새 교육환경,15,0,0,,,,,https://blog.naver.com/jklovelike/50017798872
2007-05-25,Fri,1,Recruit/Career,메모의 힘,5,0,0,,,,,https://blog.naver.com/jklovelike/50017798833
2007-05-25,Fri,1,우리들의 대한민국,손학규는 왜 추락하지 않는가,16,0,0,,,,,https://blog.naver.com/jklovelike/50017798789
2007-05-25,Fri,0,우리들의 대한민국,‘책 읽는 대한민국’을 위해,15,0,0,,,,,https://blog.naver.com/jklovelike/50017798665
2007-05-25,Fri,0,삶과 문화,옛 놀이,4,0,1,,,,,https://blog.naver.com/jklovelike/50017798574
2007-05-25,Fri,0,삶과 문화,100살 청춘,7,0,1,,,,,https://blog.naver.com/jklovelike/50017798510
2007-05-25,Fri,0,Na,슬럼프,3,0,2,,,,,https://blog.naver.com/jklovelike/50017798474
2007-05-25,Fri,0,삶과 문화,동·식물 학대,7,0,0,,,,,https://blog.naver.com/jklovelike/50017798028
2007-05-21,Mon,3,책의 세계,천천히 그러나 탁월하게,13,0,0,,,,,https://blog.naver.com/jklovelike/50017653521
2007-05-21,Mon,3,로스쿨/사시/행시/CPA,47살 늦깍이 합격 인터뷰,14,0,5,,,,,https://blog.naver.com/jklovelike/50017653420
2007-05-21,Mon,2,"교양,학문,삶,사유",뇌는 신체기관이 아니다,12,0,0,,,,,https://blog.naver.com/jklovelike/50017652572
2007-05-21,Mon,2,Economy,디자인 보호 시급하다,11,0,0,,,,,https://blog.naver.com/jklovelike/50017652553
2007-05-21,Mon,2,Na,접속,2,0,0,,,,,https://blog.naver.com/jklovelike/50017652504
2007-05-14,Mon,23,Economy,은행이 박수 받으려면,11,0,1,,,,,https://blog.naver.com/jklovelike/50017425638
2007-05-14,Mon,4,"교양,학문,삶,사유",출신학교와 최근 저서,12,0,3,,,,,https://blog.naver.com/jklovelike/50017394590
2007-05-14,Mon,4,Economy,제4섹터,4,0,1,,,,,https://blog.naver.com/jklovelike/50017394385
2007-05-14,Mon,3,Economy,세계 명문 MBA ‘공부벌레’ 아니면 못 버틴다,27,0,2,,,,,https://blog.naver.com/jklovelike/50017394335
2007-05-14,Mon,3,"교양,학문,삶,사유",왜 책을 읽는가,8,0,1,,,,,https://blog.naver.com/jklovelike/50017394313
2007-05-14,Mon,3,삶과 문화,"청춘아, 미안하다",9,0,0,,,,,https://blog.naver.com/jklovelike/50017394242
2007-05-14,Mon,3,Economy,서민도 금융이 필요하다,12,0,0,,,,,https://blog.naver.com/jklovelike/50017394203
2007-05-14,Mon,3,우리들의 대한민국,머나먼 ‘가고 싶은 군대’,14,0,1,,,,,https://blog.naver.com/jklovelike/50017394172
2007-05-12,Sat,6,교육의 혁명,문화예술 교육 강화 서두르자,15,0,1,,,,,https://blog.naver.com/jklovelike/50017316746
2007-05-12,Sat,6,"교양,학문,삶,사유",어느 아이의 인문정신,12,0,2,,,,,https://blog.naver.com/jklovelike/50017316734
2007-05-12,Sat,6,우리들의 대한민국,지식인 프롤레타리아,10,0,2,,,,,https://blog.naver.com/jklovelike/50017316726
2007-05-12,Sat,6,Economy,한국인의 교육열과 해외 취업,15,0,2,,,,,https://blog.naver.com/jklovelike/50017316712
2007-05-12,Sat,6,business strateg,21세기 소비자 마음,11,0,1,,,,,https://blog.naver.com/jklovelike/50017316702
2007-05-12,Sat,6,Economy,‘4만불의 최면’,9,0,3,,,,,https://blog.naver.com/jklovelike/50017316647
2007-05-12,Sat,6,삶과 문화,서울의 공연 티켓값 너무 비싸다,17,0,3,,,,,https://blog.naver.com/jklovelike/50017316628
2007-05-09,Wed,12,삶과 문화,술은 술이다,6,0,1,,,,,https://blog.naver.com/jklovelike/50017218141
2007-05-09,Wed,12,투자/주식,부자되는 법,6,0,2,,,,,https://blog.naver.com/jklovelike/50017218091
2007-05-09,Wed,12,삶과 문화,클래식 대중화,7,0,1,,,,,https://blog.naver.com/jklovelike/50017217971
2007-05-08,Tue,10,책의 세계,베스트셀러는 읽지 마라,12,0,1,,,,,https://blog.naver.com/jklovelike/50017182962
2007-05-08,Tue,10,"대학,대학인",꿈 꾸는 유학생들,9,0,6,,,,,https://blog.naver.com/jklovelike/50017182857
2007-05-08,Tue,9,Economy,노르웨이에서 배워야 할 사회책임투자,19,0,1,,,,,https://blog.naver.com/jklovelike/50017182574
2007-05-08,Tue,9,business strateg,휴가도 경쟁력이다,9,0,1,,,,,https://blog.naver.com/jklovelike/50017182501
2007-05-08,Tue,9,Economy,아름다움이 富의 원천인 시대,15,0,1,,,,,https://blog.naver.com/jklovelike/50017182447
2007-05-07,Mon,19,삶과 문화,동물보호잡지,6,0,0,,,,,https://blog.naver.com/jklovelike/50017165354
2007-05-07,Mon,13,"'데미안'의 단상, 생각",목표 중독증과 신념의 과잉을 경계한다,20,2,5,,,,,https://blog.naver.com/jklovelike/50017153972
2007-05-03,Thu,4,Economy,미국 기업의 신뢰도 조사가 시사하는 것,21,0,1,,,,,https://blog.naver.com/jklovelike/50017007180
2007-05-03,Thu,4,business strateg,재평가받는 '일본식 경영',14,0,1,,,,,https://blog.naver.com/jklovelike/50017007161
2007-05-03,Thu,4,CEO/Enterpriser,華僑 재벌들의 자식 교육,13,0,0,,,,,https://blog.naver.com/jklovelike/50017007145
2007-05-02,Wed,10,business strateg,''직장체육'' 뿌린만큼 거둔다,17,0,1,,,,,https://blog.naver.com/jklovelike/50016977479
2007-04-30,Mon,1,"교양,학문,삶,사유",‘文史哲 창의력’이 공학의 미래,17,0,1,,,,,https://blog.naver.com/jklovelike/50016906019
2007-04-30,Mon,1,"교양,학문,삶,사유",책을 읽지 않는 사회,11,0,2,,,,,https://blog.naver.com/jklovelike/50016905992
2007-04-30,Mon,1,"대학,대학인",대학가에 몰아치는 '재테크 열풍',19,0,2,,,,,https://blog.naver.com/jklovelike/50016905961
2007-04-30,Mon,1,교육의 혁명,지역·계층 균형선발제가 먼저다,16,0,1,,,,,https://blog.naver.com/jklovelike/50016905895
2007-04-30,Mon,1,교육의 혁명,카이스트에서 시작된 입시제도 혁신,18,0,1,,,,,https://blog.naver.com/jklovelike/50016905816
2007-04-29,Sun,3,"교양,학문,삶,사유",교양에 대하여,7,0,1,,,,,https://blog.naver.com/jklovelike/50016872637
2007-04-29,Sun,3,우리들의 대한민국,제대하고도 꾸는 군대 꿈,14,0,2,,,,,https://blog.naver.com/jklovelike/50016872600
2007-04-29,Sun,3,삶과 문화,젊은 예술가들을 주목한다,14,0,1,,,,,https://blog.naver.com/jklovelike/50016872574
2007-04-29,Sun,3,삶과 문화,진정한 문화생활,9,0,0,,,,,https://blog.naver.com/jklovelike/50016872521
2007-04-29,Sun,3,삶과 문화,‘무진기행’을 다시 읽으며,15,0,0,,,,,https://blog.naver.com/jklovelike/50016872423
2007-04-29,Sun,3,삶과 문화,사랑이란,5,0,1,,,,,https://blog.naver.com/jklovelike/50016872407
2007-04-29,Sun,3,삶과 문화,청춘의 값,5,0,2,,,,,https://blog.naver.com/jklovelike/50016872359
2007-04-29,Sun,2,삶과 문화,"죽은 백남준, 여전히 세상에 없는 쇼를 한다",24,0,0,,,,,https://blog.naver.com/jklovelike/50016872019
2007-04-26,Thu,14,삶과 문화,전집과 다이제스트,9,0,1,,,,,https://blog.naver.com/jklovelike/50016781827
2007-04-26,Thu,14,삶과 문화,한국산 ''해리 포터''를 찾습니다,19,0,1,,,,,https://blog.naver.com/jklovelike/50016781761
2007-04-26,Thu,14,삶과 문화,꿈꿀 틈이 없는 아이들,12,0,1,,,,,https://blog.naver.com/jklovelike/50016780975
2007-04-26,Thu,14,우리들의 대한민국,박근혜 의원님께,8,0,2,,,,,https://blog.naver.com/jklovelike/50016780898
2007-04-26,Thu,13,"교양,학문,삶,사유",학문과 인생의 성취,10,0,1,,,,,https://blog.naver.com/jklovelike/50016780717
2007-04-26,Thu,13,우리들의 대한민국,변호사 의사들이…,9,0,1,,,,,https://blog.naver.com/jklovelike/50016780504
2007-04-26,Thu,13,Economy,납품업체 쥐어짜기로는 글로벌 기업 못된다,22,0,1,,,,,https://blog.naver.com/jklovelike/50016780375
2007-04-21,Sat,17,삶과 문화,유치환 <생명의 서(書)>,15,0,0,,,,,https://blog.naver.com/jklovelike/50016619435
2007-04-21,Sat,8,"교양,학문,삶,사유",연구공간 수유+너머,10,0,2,,,,,https://blog.naver.com/jklovelike/50016605883
2007-04-21,Sat,8,business strateg,지식경영 성공의 전제조건,13,0,0,,,,,https://blog.naver.com/jklovelike/50016605788
2007-04-21,Sat,8,"교양,학문,삶,사유",‘번역도서 천국’의 처참한 현실,17,0,0,,,,,https://blog.naver.com/jklovelike/50016605748
2007-04-21,Sat,8,Economy,‘한국 기업의 문제는 결단력 부족’,19,0,0,,,,,https://blog.naver.com/jklovelike/50016605684
2007-04-21,Sat,8,삶과 문화,오늘의 행복을 즐겨라,11,0,0,,,,,https://blog.naver.com/jklovelike/50016605625
2007-04-21,Sat,8,Recruit/Career,샐리던트 위한 자기계발 노하우,16,0,1,,,,,https://blog.naver.com/jklovelike/50016605573
2007-04-21,Sat,8,삶과 문화,쪽방에서 온 과자,10,0,1,,,,,https://blog.naver.com/jklovelike/50016605552
2007-04-21,Sat,7,우리들의 대한민국,진중권 - 촛불과 거울,12,0,0,,,,,https://blog.naver.com/jklovelike/50016605505
2007-04-21,Sat,7,Economy,미래의 덫 ‘피플 패러독스’,15,0,0,,,,,https://blog.naver.com/jklovelike/50016605490
2007-04-21,Sat,7,Recruit/Career,지식정보화시대의 전문가,12,0,0,,,,,https://blog.naver.com/jklovelike/50016605463
2007-04-21,Sat,7,"대학,대학인",명문대여 정말 ‘삼불’ 탓인가,16,0,0,,,,,https://blog.naver.com/jklovelike/50016605427
2007-04-21,Sat,7,"대학,대학인",“대학교육은 상품이 아닙니다”,16,0,0,,,,,https://blog.naver.com/jklovelike/50016605396
2007-04-19,Thu,3,Economy,어깨를 펴고 세계와 겨루자,14,0,1,,,,,https://blog.naver.com/jklovelike/50016539769
2007-04-19,Thu,2,우리들의 대한민국,미국 바로알기,7,0,1,,,,,https://blog.naver.com/jklovelike/50016539721
2007-04-19,Thu,2,Economy,'개방 길잡이' 돼야 할 법조인들,18,0,1,,,,,https://blog.naver.com/jklovelike/50016539677
2007-04-19,Thu,2,"교양,학문,삶,사유",‘번역대국’한국,8,0,1,,,,,https://blog.naver.com/jklovelike/50016539522
2007-04-19,Thu,2,삶과 문화,"자살, 베르테르 효과",11,0,1,,,,,https://blog.naver.com/jklovelike/50016539491
2007-04-19,Thu,2,우리들의 대한민국,판·검사의 경쟁력,9,0,1,,,,,https://blog.naver.com/jklovelike/50016539433
2007-04-19,Thu,2,"통섭,학문,삶,사유",일본에 대한 하나의 엉뚱한 상상,18,0,1,,,,,https://blog.naver.com/jklovelike/50016539414
2007-04-19,Thu,2,삶과 문화,우물쭈물하다 내 이럴줄 알았다,16,0,1,,,,,https://blog.naver.com/jklovelike/50016539398
2007-04-19,Thu,2,우리들의 대한민국,밤길의 사람들,8,0,1,,,,,https://blog.naver.com/jklovelike/50016539370
2007-04-19,Thu,2,business strateg,사회 공헌이 기업 살린다,13,0,1,,,,,https://blog.naver.com/jklovelike/50016539340
2007-04-19,Thu,2,책의 세계,사고력을 키우는 읽기 기술,14,0,3,,,,,https://blog.naver.com/jklovelike/50016539292
2007-04-19,Thu,1,삶과 문화,‘성장 영화’란 무엇일까?,15,0,1,,,,,https://blog.naver.com/jklovelike/50016539073
2007-04-17,Tue,2,"교양,학문,삶,사유",한국 인문학의 위기를 극복하기 위한 노력,22,0,6,,,,,https://blog.naver.com/jklovelike/50016473419
2007-04-17,Tue,2,책의 세계,유럽 카페 산책,8,0,2,,,,,https://blog.naver.com/jklovelike/50016473328
2007-04-17,Tue,1,"교양,학문,삶,사유",꽃에서 자란 벌레엔 향이 있다,16,0,1,,,,,https://blog.naver.com/jklovelike/50016473284
2007-04-17,Tue,1,Recruit/Career,한국과 독일의 인턴십,11,0,1,,,,,https://blog.naver.com/jklovelike/50016473210
2007-04-17,Tue,1,Recruit/Career,명함의 가치,6,0,1,,,,,https://blog.naver.com/jklovelike/50016473087
2007-04-17,Tue,1,Economy,‘내 탓이오’ 못 외치는 우리 기업들,20,0,1,,,,,https://blog.naver.com/jklovelike/50016473062
2007-04-17,Tue,1,우리들의 대한민국,초등학생 2.5%가 성경험?,16,0,2,,,,,https://blog.naver.com/jklovelike/50016472966
2007-04-17,Tue,1,"교양,학문,삶,사유",사회생물학 중심 '통섭론'을 반대한다,20,0,2,,,,,https://blog.naver.com/jklovelike/50016472851
2007-04-17,Tue,1,Economy,"법률시장, 서비스부터 바꿔라",15,0,2,,,,,https://blog.naver.com/jklovelike/50016472763
2007-04-16,Mon,17,Na,경각심,3,0,0,,,,,https://blog.naver.com/jklovelike/50016455837
2007-04-16,Mon,16,Economy,`힘의 이동`을 읽는 미래경영,16,0,1,,,,,https://blog.naver.com/jklovelike/50016454199
2007-04-16,Mon,16,"대학,대학인",도쿄大의 1등 전략,10,0,0,,,,,https://blog.naver.com/jklovelike/50016454077
2007-04-16,Mon,16,삶과 문화,100원의 힘,7,0,1,,,,,https://blog.naver.com/jklovelike/50016453833
2007-04-16,Mon,16,삶과 문화,"김장훈, 그가 아름다운 이유",15,0,2,,,,,https://blog.naver.com/jklovelike/50016453687
2007-04-16,Mon,16,Recruit/Career,위대한 경영자를 꿈꾸는 직장인에게,18,0,0,,,,,https://blog.naver.com/jklovelike/50016453584
2007-04-15,Sun,12,"대학,대학인",상업문화와 대학생만의 순수성,15,0,1,,,,,https://blog.naver.com/jklovelike/50016408928
2007-04-13,Fri,1,"대학,대학인",4/10 지원가능한 프로그램 정리,19,0,4,,,,,https://blog.naver.com/jklovelike/50016325826
2007-04-13,Fri,0,삶과 문화,익숙한 `월미도` 반나절 여행,17,0,1,,,,,https://blog.naver.com/jklovelike/50016324264
2007-04-13,Fri,0,삶과 문화,대인공포증,5,0,1,,,,,https://blog.naver.com/jklovelike/50016324061
2007-04-13,Fri,0,교육의 혁명,개천에서 용 나기 힘든 세상,15,0,4,,,,,https://blog.naver.com/jklovelike/50016323626
2007-04-12,Thu,23,우리들의 대한민국,전국을 하나의 도시로 만들자,15,0,2,,,,,https://blog.naver.com/jklovelike/50016323284
2007-04-12,Thu,23,우리들의 대한민국,중국이 두려운 이유,10,0,3,,,,,https://blog.naver.com/jklovelike/50016323142
2007-04-12,Thu,23,"대학,대학인",학업 중단한 휴학생은 해외 탐방도 못가나,23,0,2,,,,,https://blog.naver.com/jklovelike/50016323017
2007-04-12,Thu,23,"대학,대학인",해외탐방 정보,7,0,2,,,,,https://blog.naver.com/jklovelike/50016322451
2007-04-12,Thu,16,CEO/Enterpriser,‘기업가 정신’,8,0,3,,,,,https://blog.naver.com/jklovelike/50016305571
2007-04-12,Thu,16,CEO/Enterpriser,대한민국 100대 기업 CEO,16,0,2,,,,,https://blog.naver.com/jklovelike/50016305470
2007-04-12,Thu,16,CEO/Enterpriser,역발상,3,0,1,,,,,https://blog.naver.com/jklovelike/50016305208
2007-04-12,Thu,16,"교양,학문,삶,사유",미래사회에서의 인문학 가치,14,0,0,,,,,https://blog.naver.com/jklovelike/50016305070
2007-04-12,Thu,16,Economy,개방된 법률시장서 생존하는 법,17,0,0,,,,,https://blog.naver.com/jklovelike/50016304841
2007-04-12,Thu,16,"교양,학문,삶,사유",수 학,3,0,1,,,,,https://blog.naver.com/jklovelike/50016304644
2007-04-12,Thu,15,business strateg,당신의 보장자산은?,10,0,1,,,,,https://blog.naver.com/jklovelike/50016304274
2007-04-12,Thu,15,Economy,삼보컴ㆍ팬택의 상장폐지가 주는 교훈,19,0,0,,,,,https://blog.naver.com/jklovelike/50016304013
2007-04-11,Wed,3,'데미안'의 젊은 날의 초상,'생각하는 인간으로서 행동하되 행동하는 인간으로서 생각하라',33,2,3,,,,,https://blog.naver.com/jklovelike/50016258013
2007-04-11,Wed,2,책의 세계,독서의 요령,6,0,2,,,,,https://blog.naver.com/jklovelike/50016257466
2007-04-11,Wed,2,business strateg,디자인 경영의 핵심은 고객,14,0,0,,,,,https://blog.naver.com/jklovelike/50016257316
2007-04-11,Wed,2,CEO/Enterpriser,"""기업가정신, 미국보다 우리가 한수 위""",22,0,1,,,,,https://blog.naver.com/jklovelike/50016257278
2007-04-11,Wed,1,CEO/Enterpriser,"CEO, 젊음을 유지하는 3가지 비결",20,0,2,,,,,https://blog.naver.com/jklovelike/50016257093
2007-04-11,Wed,1,Economy,중소기업 ‘인재육성론’,12,0,1,,,,,https://blog.naver.com/jklovelike/50016256133
2007-04-11,Wed,1,Economy,한국로펌 5년뒤 살아남으려면,15,0,1,,,,,https://blog.naver.com/jklovelike/50016255955
2007-04-10,Tue,12,business strateg,세상을 바꾸는 힘,9,0,1,,,,,https://blog.naver.com/jklovelike/50016230722
2007-04-10,Tue,12,우리들의 대한민국,"지식기반사회, 그저 구호였나?",17,0,1,,,,,https://blog.naver.com/jklovelike/50016230537
2007-04-10,Tue,12,Economy,디자인 강국으로 우뚝 서는 길,16,0,1,,,,,https://blog.naver.com/jklovelike/50016230471
2007-04-10,Tue,12,교육의 혁명,`한국의 미래`라는 이름의 장학금,19,0,1,,,,,https://blog.naver.com/jklovelike/50016230413
2007-04-10,Tue,12,Economy,"""의사도 경영학 배워야 산다""...의대는 경영학 수업 중?",32,0,1,,,,,https://blog.naver.com/jklovelike/50016230254
2007-04-08,Sun,19,business strateg,삼성중공업의 '함께하는 경영혁신',18,0,0,,,,,https://blog.naver.com/jklovelike/50016173152
2007-04-08,Sun,19,우리들의 대한민국,기업범죄에 너무 관대한 나라,15,0,0,,,,,https://blog.naver.com/jklovelike/50016173111
2007-04-08,Sun,18,Economy,청년 실업,5,0,0,,,,,https://blog.naver.com/jklovelike/50016173039
2007-04-08,Sun,18,Economy,에듀테인먼트,6,0,0,,,,,https://blog.naver.com/jklovelike/50016172988
2007-04-08,Sun,4,책의 세계,한국적 실용서란 무엇일까,13,0,0,,,,,https://blog.naver.com/jklovelike/50016150872
2007-04-08,Sun,4,우리들의 대한민국,박노자 - 자리가 사람을 명예롭게 만든다?,24,0,0,,,,,https://blog.naver.com/jklovelike/50016150756
2007-04-08,Sun,3,Economy,한미 FTA로 뜨는 직업,13,0,0,,,,,https://blog.naver.com/jklovelike/50016150647
2007-04-08,Sun,3,삶과 문화,상하이 속의 우리,9,0,0,,,,,https://blog.naver.com/jklovelike/50016150611
2007-04-08,Sun,3,Economy,청년실업 3가지 '미스매치',15,0,0,,,,,https://blog.naver.com/jklovelike/50016150546
2007-04-08,Sun,3,교육의 혁명,'딥스'를 만들어가는 사회,15,0,1,,,,,https://blog.naver.com/jklovelike/50016150524
2007-04-08,Sun,3,우리들의 대한민국,몰아주기는 그만,8,0,0,,,,,https://blog.naver.com/jklovelike/50016150483
2007-04-08,Sun,3,"교양,학문,삶,사유",고립과 지적 빈곤의 대물림,14,0,0,,,,,https://blog.naver.com/jklovelike/50016150441
2007-04-08,Sun,3,우리들의 대한민국,세상을 읽는 힘,8,0,0,,,,,https://blog.naver.com/jklovelike/50016150274
2007-04-08,Sun,3,교육의 혁명,고종석 -  3不정책을 없애려면,17,0,0,,,,,https://blog.naver.com/jklovelike/50016150233
2007-04-08,Sun,3,교육의 혁명,참 교육,4,0,0,,,,,https://blog.naver.com/jklovelike/50016150181
2007-04-08,Sun,2,Economy,"벤처, 그래도 희망이다",12,0,0,,,,,https://blog.naver.com/jklovelike/50016150085
2007-04-08,Sun,2,우리들의 대한민국,시골이 살려면,7,0,0,,,,,https://blog.naver.com/jklovelike/50016149964
2007-04-08,Sun,2,책의 세계,그리스인은 왜 ‘연역’을 고집했을까,19,0,0,,,,,https://blog.naver.com/jklovelike/50016149923
2007-04-08,Sun,2,교육의 혁명,문제풀이 교육의 문제 찾기,15,0,0,,,,,https://blog.naver.com/jklovelike/50016149841
2007-04-08,Sun,2,business strateg,노나카 이쿠지로 · 다케우치 히로타카의 ‘지식창조기업’,30,0,0,,,,,https://blog.naver.com/jklovelike/50016149786
2007-04-08,Sun,2,"교양,학문,삶,사유",언어 습관과 논리적 사고,13,0,0,,,,,https://blog.naver.com/jklovelike/50016149651
2007-04-07,Sat,19,"교양,학문,삶,사유",토플러가 매일 아침 신문 6~7개 읽는 이유,24,0,2,,,,,https://blog.naver.com/jklovelike/50016135567
2007-04-07,Sat,19,"교양,학문,삶,사유",변화와 개혁,6,0,0,,,,,https://blog.naver.com/jklovelike/50016135319
2007-04-07,Sat,19,우리들의 대한민국,"미국 유학 10만명, 우려되는 문화·학문의 편식",26,0,0,,,,,https://blog.naver.com/jklovelike/50016135271
2007-04-07,Sat,19,Economy,헬로 키티,5,0,0,,,,,https://blog.naver.com/jklovelike/50016135179
2007-04-06,Fri,16,"교양,학문,삶,사유",다매체 사회시대 교육,11,0,2,,,,,https://blog.naver.com/jklovelike/50016096053
2007-04-06,Fri,16,우리들의 대한민국,한국에서 민주주의는 ‘되었다’고?,18,0,1,,,,,https://blog.naver.com/jklovelike/50016095249
2007-04-06,Fri,16,"대학,대학인",국외 캠퍼스 만든다고 명문대 될까,18,0,2,,,,,https://blog.naver.com/jklovelike/50016095126
2007-04-06,Fri,16,"대학,대학인",입학하고 졸업하는 그대에게,14,0,9,,,,,https://blog.naver.com/jklovelike/50016094981
2007-04-06,Fri,15,삶과 문화,"‘슬픔’에 대하여 － 왜 쫓기듯, 혼을 뺀 채 내달려야 하는가",34,0,0,,,,,https://blog.naver.com/jklovelike/50016094778
2007-04-06,Fri,15,"교양,학문,삶,사유","오프라 윈프리, 돈 쓸 줄 아는 부자",20,0,1,,,,,https://blog.naver.com/jklovelike/50016094682
2007-04-06,Fri,15,"교양,학문,삶,사유",누가 죽음을 미화하는가,12,0,1,,,,,https://blog.naver.com/jklovelike/50016094538
2007-04-06,Fri,15,"대학,대학인",잘난 대학이 못난 애들 탓?,15,0,1,,,,,https://blog.naver.com/jklovelike/50016094431
2007-04-06,Fri,15,우리들의 대한민국,‘성형공화국’ 빛과 그림자,14,0,1,,,,,https://blog.naver.com/jklovelike/50016094319
2007-04-06,Fri,15,"교양,학문,삶,사유",IQ로 인간을 판단할 수 있을까,17,0,1,,,,,https://blog.naver.com/jklovelike/50016094242
2007-04-06,Fri,15,삶과 문화,자 살,4,0,1,,,,,https://blog.naver.com/jklovelike/50016094117
2007-04-06,Fri,15,Recruit/Career,경영 컨설턴트,7,0,2,,,,,https://blog.naver.com/jklovelike/50016093984
2007-04-06,Fri,15,Recruit/Career,투자금융 전문가,9,0,1,,,,,https://blog.naver.com/jklovelike/50016093860
2007-04-06,Fri,15,Recruit/Career,변리사,3,0,1,,,,,https://blog.naver.com/jklovelike/50016093832
2007-04-06,Fri,15,"대학,대학인","경제, 경영학부",8,0,7,,,,,https://blog.naver.com/jklovelike/50016093706
2007-04-06,Fri,13,Recruit/Career,이미지 컨설턴트,9,0,1,,,,,https://blog.naver.com/jklovelike/50016091139
2007-04-06,Fri,13,Recruit/Career,라이프 코치,6,0,1,,,,,https://blog.naver.com/jklovelike/50016091076
2007-04-06,Fri,11,"교양,학문,삶,사유",글쓰기는 ‘논술’이 아니다,14,0,2,,,,,https://blog.naver.com/jklovelike/50016088327
2007-04-06,Fri,11,CEO/Enterpriser,사교육 받는 CEO들,11,0,0,,,,,https://blog.naver.com/jklovelike/50016088033
2007-04-04,Wed,15,삶과 문화,정신건강,4,0,1,,,,,https://blog.naver.com/jklovelike/50016029676
2007-04-04,Wed,15,교육의 혁명,고3에 수업한 죄,9,0,2,,,,,https://blog.naver.com/jklovelike/50016029633
2007-04-04,Wed,12,삶과 문화,학원 없이는 자라지 못하는 아이들,18,0,1,,,,,https://blog.naver.com/jklovelike/50016025642
2007-04-01,Sun,17,Na,심심하다,4,0,2,,,,,https://blog.naver.com/jklovelike/50015931771
2007-04-01,Sun,16,Economy,미래 전망: 시각이 지배하는 세상,18,0,1,,,,,https://blog.naver.com/jklovelike/50015929496
2007-04-01,Sun,0,"대학,대학인",꿈의 기반을 찾는 대학생활을,15,0,2,,,,,https://blog.naver.com/jklovelike/50015908785
2007-03-31,Sat,5,'데미안'의 젊은 날의 초상,주도적인 삶을 위하여...,14,1,2,,,,,https://blog.naver.com/jklovelike/50015873963
2007-03-31,Sat,4,로스쿨/사시/행시/CPA,제50회 행정고시 수석 합격기,16,2,34,,,,,https://blog.naver.com/jklovelike/50015873601
2007-03-31,Sat,3,로스쿨/사시/행시/CPA,제50회 행정고시 최연소 합격,16,0,34,,,,,https://blog.naver.com/jklovelike/50015873558
2007-03-31,Sat,3,로스쿨/사시/행시/CPA,"사법연수원, 필독서 10권 선정",17,0,14,,,,,https://blog.naver.com/jklovelike/50015873490
2007-03-31,Sat,3,CEO/Enterpriser,자기 사업,5,0,1,,,,,https://blog.naver.com/jklovelike/50015873318
2007-03-31,Sat,3,Na,다음 주 목표,8,0,3,,,,,https://blog.naver.com/jklovelike/50015873222
2007-03-31,Sat,3,"교양,학문,삶,사유",통섭(統攝),6,0,1,,,,,https://blog.naver.com/jklovelike/50015873209
2007-03-31,Sat,3,CEO/Enterpriser,CEO들이여 ‘재주 넘는 곰’이 되시라,21,0,0,,,,,https://blog.naver.com/jklovelike/50015873194
2007-03-31,Sat,3,Economy,다국적 IT기업 '파트너'로 윈윈하려면,21,0,0,,,,,https://blog.naver.com/jklovelike/50015873173
2007-03-31,Sat,3,우리들의 대한민국,철인왕 콤플렉스와 풀뿌리 비민주,17,0,0,,,,,https://blog.naver.com/jklovelike/50015873129
2007-03-31,Sat,2,"대학,대학인",서울대가 하버드가 못되는 이유,16,0,3,,,,,https://blog.naver.com/jklovelike/50015873108
2007-03-31,Sat,2,Na,오늘 술자리,6,0,0,,,,,https://blog.naver.com/jklovelike/50015873069
2007-03-31,Sat,2,우리들의 대한민국,모든 차별이 금지된 사회를 위하여,18,0,0,,,,,https://blog.naver.com/jklovelike/50015873037
2007-03-31,Sat,2,Economy,기업가 정신,6,0,0,,,,,https://blog.naver.com/jklovelike/50015873021
2007-03-29,Thu,22,삶과 문화,고통이 있어 인생은 아름답다,15,0,1,,,,,https://blog.naver.com/jklovelike/50015832912
2007-03-29,Thu,22,Recruit/Career,당신은 T자형 인재입니까,13,0,2,,,,,https://blog.naver.com/jklovelike/50015832693
2007-03-29,Thu,22,"교양,학문,삶,사유",'교양 교육' 이 무너지는 소리,17,0,2,,,,,https://blog.naver.com/jklovelike/50015832623
2007-03-29,Thu,14,Economy,도시의 재창조와 경쟁력 강화,15,0,0,,,,,https://blog.naver.com/jklovelike/50015814955
2007-03-29,Thu,14,Economy,문화자본 시대,7,0,0,,,,,https://blog.naver.com/jklovelike/50015814752
2007-03-29,Thu,14,Economy,자본에도 윤리를,8,0,0,,,,,https://blog.naver.com/jklovelike/50015814680
2007-03-29,Thu,14,Economy,재택근무,4,0,0,,,,,https://blog.naver.com/jklovelike/50015814624
2007-03-29,Thu,14,Economy,융합 유감,5,0,0,,,,,https://blog.naver.com/jklovelike/50015814460
2007-03-29,Thu,2,"교양,학문,삶,사유",그들이 내게 가르쳐 준 것,14,0,0,,,,,https://blog.naver.com/jklovelike/50015807363
2007-03-29,Thu,2,Na,삶,1,0,0,,,,,https://blog.naver.com/jklovelike/50015807256
2007-03-29,Thu,2,Na,어떤 생각,5,0,0,,,,,https://blog.naver.com/jklovelike/50015807109
2007-03-28,Wed,15,투자/주식,<가난뱅이들의 5가지 본능>,15,0,1,,,,,https://blog.naver.com/jklovelike/50015785162
2007-03-28,Wed,15,"대학,대학인",홀로서기를 위한 학습,11,0,2,,,,,https://blog.naver.com/jklovelike/50015785012
2007-03-28,Wed,15,Economy,경제 위기는 올 수도 있다,14,0,1,,,,,https://blog.naver.com/jklovelike/50015784924
2007-03-28,Wed,15,교육의 혁명,"노회찬, 정운찬, 그리고 교육관",17,0,0,,,,,https://blog.naver.com/jklovelike/50015784868
2007-03-28,Wed,15,Economy,새겨들어야 할 안철수씨의 쓴소리,17,0,0,,,,,https://blog.naver.com/jklovelike/50015784784
2007-03-28,Wed,15,"대학,대학인",MIT가 명문대로 부상한 비결,16,0,0,,,,,https://blog.naver.com/jklovelike/50015784705
2007-03-28,Wed,15,Economy,한국판 게이츠·잡스를 기다리며,16,0,0,,,,,https://blog.naver.com/jklovelike/50015784504
2007-03-28,Wed,15,투자/주식,억만장자에 대한 편견,11,0,0,,,,,https://blog.naver.com/jklovelike/50015784441
2007-03-28,Wed,15,"대학,대학인","제발 살려주세요, 기자님",13,0,2,,,,,https://blog.naver.com/jklovelike/50015784111
2007-03-28,Wed,15,"대학,대학인",이공계의 위기는 결국 학문의 위기다,19,0,0,,,,,https://blog.naver.com/jklovelike/50015783898
2007-03-28,Wed,14,우리들의 대한민국,‘한국 사람들이 불쌍한 이유’,17,0,1,,,,,https://blog.naver.com/jklovelike/50015783684
2007-03-28,Wed,14,우리들의 대한민국,우리는 지금 어디로 가고 있는가?,18,0,0,,,,,https://blog.naver.com/jklovelike/50015783583
2007-03-28,Wed,14,교육의 혁명,시가 총액 1조원 온라인 학원 탄생의 그늘,23,0,0,,,,,https://blog.naver.com/jklovelike/50015783474
2007-03-28,Wed,14,Economy,취업 빙하기 겪는 韓ㆍ日청년,15,0,0,,,,,https://blog.naver.com/jklovelike/50015783218
2007-03-26,Mon,13,"통섭,학문,삶,사유",머나먼 세계화,7,0,1,,,,,https://blog.naver.com/jklovelike/50015713367
2007-03-26,Mon,13,"교양,학문,삶,사유",한국 경영학의 위기,10,0,0,,,,,https://blog.naver.com/jklovelike/50015713326
2007-03-26,Mon,11,Na,정신차려라,5,0,0,,,,,https://blog.naver.com/jklovelike/50015711134
2007-03-25,Sun,17,우리들의 대한민국,과거 기억하면 내일 보인다,14,0,0,,,,,https://blog.naver.com/jklovelike/50015685356
2007-03-25,Sun,17,교육의 혁명,"논술채점, 신뢰하십니까",12,0,0,,,,,https://blog.naver.com/jklovelike/50015685265
2007-03-25,Sun,17,삶과 문화,"일하는 그녀여, 악착같이 버텨주길",18,0,0,,,,,https://blog.naver.com/jklovelike/50015685088
2007-03-24,Sat,13,삶과 문화,코치 인생,5,0,3,,,,,https://blog.naver.com/jklovelike/50015635165
2007-03-22,Thu,15,CEO/Enterpriser,CEO를 꿈꾼다면 마음을 잘 써라,18,0,2,,,,,https://blog.naver.com/jklovelike/50015564588
2007-03-22,Thu,15,투자/주식,"주식투자, 지나치게 자신 말라",17,0,2,,,,,https://blog.naver.com/jklovelike/50015564293
2007-03-22,Thu,15,투자/주식,투자전문가 너무 믿지 말라,15,0,2,,,,,https://blog.naver.com/jklovelike/50015564244
2007-03-22,Thu,15,투자/주식,학벌이 부자 만들어주지 않는다,17,0,0,,,,,https://blog.naver.com/jklovelike/50015564209
2007-03-22,Thu,15,투자/주식,돈받는 만큼만 일하면 된다고?,17,0,0,,,,,https://blog.naver.com/jklovelike/50015564104
2007-03-22,Thu,15,투자/주식,가난한 삶을 따라하지 말아라,16,0,0,,,,,https://blog.naver.com/jklovelike/50015564066
2007-03-22,Thu,15,우리들의 대한민국,아이들이 폭력화되는 이유,13,0,0,,,,,https://blog.naver.com/jklovelike/50015563913
2007-03-22,Thu,15,"교양,학문,삶,사유",‘리더십’보다 ‘팔로워십’을,15,0,0,,,,,https://blog.naver.com/jklovelike/50015563838
2007-03-22,Thu,15,교육의 혁명,바보 동정은 그만,9,0,0,,,,,https://blog.naver.com/jklovelike/50015563786
2007-03-22,Thu,15,Economy,개미와 주식시장에게 ‘왕따’당한 조선일보,22,0,4,,,,,https://blog.naver.com/jklovelike/50015563580
2007-03-22,Thu,15,Economy,직종 간 격차를 줄여라,12,0,0,,,,,https://blog.naver.com/jklovelike/50015563415
2007-03-22,Thu,15,business strateg,`미래형 CIO` 품귀 현상,16,0,0,,,,,https://blog.naver.com/jklovelike/50015563331
2007-03-21,Wed,17,Economy,위기 극복의 해결책,10,0,0,,,,,https://blog.naver.com/jklovelike/50015532439
2007-03-20,Tue,17,삶과 문화,사과의 기술,6,0,0,,,,,https://blog.naver.com/jklovelike/50015497385
2007-03-20,Tue,17,책의 세계,당신의 기업을 시작하라,12,0,0,,,,,https://blog.naver.com/jklovelike/50015496968
2007-03-19,Mon,23,CEO/Enterpriser,"“몇 백㎞앞에서 보라” 비전과 열정 중무장, 손정의 소프트뱅크 회장",37,0,1,,,,,https://blog.naver.com/jklovelike/50015476501
2007-03-19,Mon,12,우리들의 대한민국,폐쇄성을 넘어서지 않고는 훌륭함으로 가는 길이 없다,29,0,2,,,,,https://blog.naver.com/jklovelike/50015451337
2007-03-19,Mon,12,Recruit/Career,꽃은 하루 밤 사이에 피고 버드나무는 하루 밤 사이에 푸르러 진다.,37,0,1,,,,,https://blog.naver.com/jklovelike/50015451186
2007-03-19,Mon,11,business strateg,칭기스칸의 세계정복 비결은,15,0,1,,,,,https://blog.naver.com/jklovelike/50015451043
2007-03-19,Mon,11,Economy,주력산업 논의 제대로 하려면,15,0,0,,,,,https://blog.naver.com/jklovelike/50015450628
2007-03-19,Mon,11,삶과 문화,바람에 흔들려야 강하다,12,0,2,,,,,https://blog.naver.com/jklovelike/50015450576
2007-03-19,Mon,11,"대학,대학인",권리 찾아야 최저임금도 오른다,16,0,1,,,,,https://blog.naver.com/jklovelike/50015450485
2007-03-19,Mon,11,Economy,놀고 있는 청년이 100만이라는데,18,0,1,,,,,https://blog.naver.com/jklovelike/50015450355
2007-03-19,Mon,11,"교양,학문,삶,사유",대학 밖에서 꽃피는 인문학,14,0,0,,,,,https://blog.naver.com/jklovelike/50015450313
2007-03-19,Mon,11,"교양,학문,삶,사유",대학생들은 왜 가혹하게 술 먹일까?,19,0,0,,,,,https://blog.naver.com/jklovelike/50015450238
2007-03-17,Sat,21,"대학,대학인",더 이상 학생을 봉으로 삼지 말라,18,0,1,,,,,https://blog.naver.com/jklovelike/50015395704
2007-03-17,Sat,21,삶과 문화,행복학 박사,6,0,1,,,,,https://blog.naver.com/jklovelike/50015395616
2007-03-17,Sat,21,우리들의 대한민국,학벌세탁 권하는 사회,11,0,1,,,,,https://blog.naver.com/jklovelike/50015395470
2007-03-16,Fri,13,내가 만난 [책],<깊이에의 강요> <수면의 과학> 인간의 조개화를 뛰어넘어 다시 순수와 이상을 되찾기를...,51,1,4,,,,,https://blog.naver.com/jklovelike/50015343923
2007-03-15,Thu,20,'데미안'의 젊은 날의 초상,다시 나를 믿는다.,10,0,3,,,,,https://blog.naver.com/jklovelike/50015325275
2007-03-15,Thu,16,교육의 혁명,의대ㆍ법대행 질타만 할건가,14,0,1,,,,,https://blog.naver.com/jklovelike/50015316274
2007-03-15,Thu,16,Economy,"정보통신 교육, 경영학에도 필요하다.",20,0,0,,,,,https://blog.naver.com/jklovelike/50015316202
2007-03-15,Thu,16,business strateg,"M&A, 인적 자원 관리의 중요성",18,0,1,,,,,https://blog.naver.com/jklovelike/50015316150
2007-03-15,Thu,16,삶과 문화,부활하는 빅 브라더,10,0,0,,,,,https://blog.naver.com/jklovelike/50015316056
2007-03-15,Thu,16,삶과 문화,3월의 편지,6,0,0,,,,,https://blog.naver.com/jklovelike/50015315940
2007-03-14,Wed,21,"대학,대학인",경제학을 처음 시작하는 학생들을 위해...,24,0,11,,,,,https://blog.naver.com/jklovelike/50015293245
2007-03-12,Mon,12,Recruit/Career,"직장여성들이여, 몸값을 올리자!",17,0,1,,,,,https://blog.naver.com/jklovelike/50015204438
2007-03-12,Mon,11,"대학,대학인","""경영대에 지원했는데 합격하고 입학하기전까지 뭘하면좋을까요?""",35,0,0,,,,,https://blog.naver.com/jklovelike/50015204102
2007-03-12,Mon,11,"대학,대학인",[펌]어느 한 사시 수험생의 조언,18,0,1,,,,,https://blog.naver.com/jklovelike/50015203997
2007-03-12,Mon,11,Recruit/Career,기본 면접대비법,8,0,0,,,,,https://blog.naver.com/jklovelike/50015203640
2007-03-12,Mon,11,Recruit/Career,면접 시 답변요령의 기본,13,0,0,,,,,https://blog.naver.com/jklovelike/50015203596
2007-03-12,Mon,11,business strateg,창조경영과 문제해결 능력,13,0,1,,,,,https://blog.naver.com/jklovelike/50015203285
2007-03-11,Sun,23,"교양,학문,삶,사유",이공계의 마음을 잡으려면,13,0,2,,,,,https://blog.naver.com/jklovelike/50015193072
2007-03-11,Sun,23,"교양,학문,삶,사유","외로운 엄지의 부활, 사회를 변화시킨다",21,0,0,,,,,https://blog.naver.com/jklovelike/50015192772
2007-03-11,Sun,23,교육의 혁명,학교밖 청소년을 위해 무엇을 할 것인가?,22,0,0,,,,,https://blog.naver.com/jklovelike/50015192398
2007-03-11,Sun,23,"대학,대학인",'동북아대학' 만들자,11,0,0,,,,,https://blog.naver.com/jklovelike/50015192310
2007-03-11,Sun,23,Economy,이건희 회장의 경제 위기론과 기업의 역할,22,0,0,,,,,https://blog.naver.com/jklovelike/50015192197
2007-03-11,Sun,23,삶과 문화,공부하는 아빠,7,0,0,,,,,https://blog.naver.com/jklovelike/50015192141
2007-03-10,Sat,7,Na,게 임 삭 제,7,0,7,,,,,https://blog.naver.com/jklovelike/50015115987
2007-03-09,Fri,20,"교양,학문,삶,사유",즐겁고 치열하게 사유하기,13,0,3,,,,,https://blog.naver.com/jklovelike/50015102032
2007-03-09,Fri,20,"교양,학문,삶,사유",통계에 대해,6,0,2,,,,,https://blog.naver.com/jklovelike/50015101888
2007-03-09,Fri,20,"대학,대학인",새내기 대학생 조카에게,12,0,3,,,,,https://blog.naver.com/jklovelike/50015101827
2007-03-08,Thu,13,투자/주식,"심리학자가 말하는 돈 버는 심리, 돈 잃는 심리",26,0,1,,,,,https://blog.naver.com/jklovelike/50015054846
2007-03-08,Thu,13,투자/주식,부자들의 교훈,7,0,1,,,,,https://blog.naver.com/jklovelike/50015054769
2007-03-08,Thu,13,투자/주식,주식부자들의 투자습관 10가지,16,0,0,,,,,https://blog.naver.com/jklovelike/50015054632
2007-03-08,Thu,13,Economy,돌아오지 않는 고급 두뇌,13,0,0,,,,,https://blog.naver.com/jklovelike/50015054536
2007-03-08,Thu,13,우리들의 대한민국,권력으로 가는 길,9,0,0,,,,,https://blog.naver.com/jklovelike/50015054423
2007-03-08,Thu,12,business strateg,디자인 경영,6,0,0,,,,,https://blog.naver.com/jklovelike/50015054218
2007-03-08,Thu,12,"교양,학문,삶,사유",청소년 성형열풍과 획일적 교육,16,0,0,,,,,https://blog.naver.com/jklovelike/50015054127
2007-03-08,Thu,12,"대학,대학인",대학의 등위,6,0,0,,,,,https://blog.naver.com/jklovelike/50015054101
2007-03-08,Thu,12,"교양,학문,삶,사유",희망의 인문학,7,0,0,,,,,https://blog.naver.com/jklovelike/50015053992
2007-03-08,Thu,12,"대학,대학인",왜 세계적인 대학은 없는가,14,0,0,,,,,https://blog.naver.com/jklovelike/50015053968
2007-03-07,Wed,13,Economy,괴짜가 통하는 사회,10,0,2,,,,,https://blog.naver.com/jklovelike/50015020936
2007-03-07,Wed,13,Recruit/Career,사오정을 위한 조언,10,0,0,,,,,https://blog.naver.com/jklovelike/50015020890
2007-03-07,Wed,13,"교양,학문,삶,사유",영어만으로는 부족했다,11,0,1,,,,,https://blog.naver.com/jklovelike/50015020753
2007-03-07,Wed,13,교육의 혁명,선생의 도,5,0,0,,,,,https://blog.naver.com/jklovelike/50015020658
2007-03-07,Wed,13,"교양,학문,삶,사유",과학 문맹,5,0,1,,,,,https://blog.naver.com/jklovelike/50015020632
2007-03-07,Wed,13,Economy,로마 인재양성시스템을 배우자,15,0,0,,,,,https://blog.naver.com/jklovelike/50015020599
2007-03-07,Wed,13,우리들의 대한민국,강준만 - 정운찬 현상,12,0,0,,,,,https://blog.naver.com/jklovelike/50015020519
2007-03-07,Wed,13,"대학,대학인",대학 살리는 5가지 방법,13,0,0,,,,,https://blog.naver.com/jklovelike/50015020445
2007-03-07,Wed,13,business strateg,인재양성과 기업 경쟁력 확보,15,0,0,,,,,https://blog.naver.com/jklovelike/50015020331
2007-03-07,Wed,13,Economy,아시아 금융리더를 향해,12,0,1,,,,,https://blog.naver.com/jklovelike/50015020295
2007-03-07,Wed,13,책의 세계,독서의 즐거움,7,0,2,,,,,https://blog.naver.com/jklovelike/50015020118
2007-03-07,Wed,13,Recruit/Career,아이디어꾼이 되라!,11,0,0,,,,,https://blog.naver.com/jklovelike/50015020096
2007-03-07,Wed,13,CEO/Enterpriser,톰 켈리,5,0,0,,,,,https://blog.naver.com/jklovelike/50015020070
2007-03-07,Wed,13,Recruit/Career,누구도 가르쳐 주지 않는 것,15,0,1,,,,,https://blog.naver.com/jklovelike/50015020037
2007-03-05,Mon,2,투자/주식,10억 연봉도 부족하다? - 문제는 수입이 아니라 지출이다,32,0,1,,,,,https://blog.naver.com/jklovelike/50014954195
2007-03-05,Mon,2,Recruit/Career,'아름다운 프로'가 돼라,13,0,4,,,,,https://blog.naver.com/jklovelike/50014954158
2007-03-05,Mon,2,"대학,대학인",대학 문에 들어선 젊은 벗들에게,17,0,4,,,,,https://blog.naver.com/jklovelike/50014954083
2007-03-05,Mon,2,"교양,학문,삶,사유",이공계는 무엇이든 가능하다,14,0,0,,,,,https://blog.naver.com/jklovelike/50014953985
2007-03-05,Mon,2,Na,한 새벽 무렵에,8,0,0,,,,,https://blog.naver.com/jklovelike/50014953882
2007-03-02,Fri,17,교육의 혁명,통합형 논술에도 족집게 과외를?,17,0,0,,,,,https://blog.naver.com/jklovelike/50014870844
2007-03-02,Fri,17,CEO/Enterpriser,스티브 잡스·애플 CEO,14,0,1,,,,,https://blog.naver.com/jklovelike/50014870705
2007-03-02,Fri,17,인생의 계획(천 개의 꿈),'2007년 2월'이라는 시간,16,1,6,,,,,https://blog.naver.com/jklovelike/50014870079
2007-03-02,Fri,16,책을 읽다 [독서목록],2007년 2월의 책읽기,13,1,1,,,,,https://blog.naver.com/jklovelike/50014867867
2007-02-28,Wed,3,책의 세계,영원한 청춘,6,0,0,,,,,https://blog.naver.com/jklovelike/50014776294
2007-02-28,Wed,3,삶과 문화,걷는 즐거움,6,0,0,,,,,https://blog.naver.com/jklovelike/50014776270
2007-02-28,Wed,3,우리들의 대한민국,청년이 꿈꾸는 세상,10,0,1,,,,,https://blog.naver.com/jklovelike/50014776252
2007-02-28,Wed,3,"대학,대학인",포스텍 수석입학·졸업생이 다시 의대 가는 이유,25,0,4,,,,,https://blog.naver.com/jklovelike/50014776153
2007-02-23,Fri,19,교육의 혁명,역경을 이겨내는 자녀를 바란다면,17,0,0,,,,,https://blog.naver.com/jklovelike/50014615461
2007-02-23,Fri,19,"교양,학문,삶,사유",오바마가 전하는 충고,11,0,0,,,,,https://blog.naver.com/jklovelike/50014615301
2007-02-20,Tue,20,"교양,학문,삶,사유",지는 것을 알아야 자유롭다,14,0,1,,,,,https://blog.naver.com/jklovelike/50014500667
2007-02-20,Tue,20,삶과 문화,"젊은이, 아버지를 안아 드리게",16,0,1,,,,,https://blog.naver.com/jklovelike/50014500553
2007-02-20,Tue,20,삶과 문화,작은 관심이 목숨을 구한다,14,0,0,,,,,https://blog.naver.com/jklovelike/50014500430
2007-02-20,Tue,19,"교양,학문,삶,사유",판사의 자질,6,0,4,,,,,https://blog.naver.com/jklovelike/50014499826
2007-02-20,Tue,19,"교양,학문,삶,사유",'제2의 백남준'을 키우려면 …,17,0,0,,,,,https://blog.naver.com/jklovelike/50014499638
2007-02-20,Tue,19,우리들의 대한민국,강준만 - 고독한 한국인,13,0,2,,,,,https://blog.naver.com/jklovelike/50014499233
2007-02-20,Tue,13,'데미안'의 젊은 날의 초상,자기 확신,5,3,4,,,,,https://blog.naver.com/jklovelike/50014485870
2007-02-16,Fri,12,책의 세계,"굿바이, 게으름",8,0,4,,,,,https://blog.naver.com/jklovelike/50014372860
2007-02-16,Fri,12,배움에 대하여,아이의 지적능력을 높이는 방법들,17,1,7,,,,,https://blog.naver.com/jklovelike/50014372567
2007-02-16,Fri,12,"대학,대학인",하버드대에서 온 메시지,12,0,0,,,,,https://blog.naver.com/jklovelike/50014372190
2007-02-16,Fri,12,"교양,학문,삶,사유",인문학이 위기라고?,10,0,3,,,,,https://blog.naver.com/jklovelike/50014372036
2007-02-16,Fri,12,business strateg,입소문 마케팅 `스토리텔링`,15,0,1,,,,,https://blog.naver.com/jklovelike/50014371942
2007-02-16,Fri,12,삶과 문화,"자살, 예방할 수 있다",12,0,0,,,,,https://blog.naver.com/jklovelike/50014371687
2007-02-16,Fri,12,"교양,학문,삶,사유",`글로벌 리더` 과학기술자의 길,17,0,0,,,,,https://blog.naver.com/jklovelike/50014371533
2007-02-11,Sun,13,Recruit/Career,‘기획형 인간’이 되는 법,14,0,3,,,,,https://blog.naver.com/jklovelike/50014190567
2007-02-11,Sun,13,투자/주식,(가치투자)가치를 만드는 회사,16,0,0,,,,,https://blog.naver.com/jklovelike/50014190357
2007-02-11,Sun,13,투자/주식,"주가와 주식책, 밀월은 끝났다?",17,0,0,,,,,https://blog.naver.com/jklovelike/50014190004
2007-02-11,Sun,12,CEO/Enterpriser,유명한 CEO가 돈도 잘 벌까,16,0,0,,,,,https://blog.naver.com/jklovelike/50014189627
2007-02-11,Sun,12,우리들의 대한민국,나를 슬프게 하는 것,11,0,1,,,,,https://blog.naver.com/jklovelike/50014189547
2007-02-11,Sun,12,우리들의 대한민국,"학벌 엘리트여, 학원에 감사하라",17,0,0,,,,,https://blog.naver.com/jklovelike/50014189362
2007-02-10,Sat,15,투자/주식,(가치투자)가치 판단을 어떻게 할까,20,0,0,,,,,https://blog.naver.com/jklovelike/50014159332
2007-02-10,Sat,15,투자/주식,(가치투자)어느 사형수의 1년,17,0,1,,,,,https://blog.naver.com/jklovelike/50014159197
2007-02-10,Sat,14,삶과 문화,패션은 생선이다?!,10,0,1,,,,,https://blog.naver.com/jklovelike/50014158844
2007-02-10,Sat,14,우리들의 대한민국,삼성을 보는 두 가지 시각,14,0,1,,,,,https://blog.naver.com/jklovelike/50014158741
2007-02-10,Sat,14,Economy,떠나는 인재 붙잡으려면,12,0,0,,,,,https://blog.naver.com/jklovelike/50014158399
2007-02-10,Sat,14,"교양,학문,삶,사유",결핍의 생존학,8,0,0,,,,,https://blog.naver.com/jklovelike/50014158331
2007-02-10,Sat,14,Na,...,3,0,0,,,,,https://blog.naver.com/jklovelike/50014157975
2007-02-09,Fri,19,CEO/Enterpriser,CEO들의 고군분투 외국어 학습기,18,0,0,,,,,https://blog.naver.com/jklovelike/50014131997
2007-02-09,Fri,19,business strateg,‘양손잡이 기업’만이 살아남는다,17,0,0,,,,,https://blog.naver.com/jklovelike/50014131868
2007-02-09,Fri,19,CEO/Enterpriser,인재의 중요성,7,0,1,,,,,https://blog.naver.com/jklovelike/50014131452
2007-02-09,Fri,19,Recruit/Career,브랜드 컨설턴트,8,0,0,,,,,https://blog.naver.com/jklovelike/50014131019
2007-02-09,Fri,19,"교양,학문,삶,사유",황진이에게서 배우는 시간철학,15,0,0,,,,,https://blog.naver.com/jklovelike/50014130874
2007-02-09,Fri,19,우리들의 대한민국,"열풍, 대세, 그리고 소외",14,0,0,,,,,https://blog.naver.com/jklovelike/50014130706
2007-02-09,Fri,18,수능/수능공부법/합격수기,무조건 반복학습보단 약점 집중공략을 하라,22,2,6,1020,0,0,0,https://blog.naver.com/jklovelike/50014130146
2007-02-09,Fri,18,수능/수능공부법/합격수기,수학에도 전략이 필요하다,13,1,2,,,,,https://blog.naver.com/jklovelike/50014130041
2007-02-09,Fri,18,수능/수능공부법/합격수기,"학습 목표, 계획 매일 기록 - 공부 다이어리 쓰자",28,1,3,868,0,0,0,https://blog.naver.com/jklovelike/50014129924
2007-02-09,Fri,16,투자/주식,책 속에 '가치' 있다… '가치투자' 관련서,24,0,0,,,,,https://blog.naver.com/jklovelike/50014123381
2007-02-09,Fri,15,CEO/Enterpriser,운명을 한번 바꿔 보려면,13,0,0,,,,,https://blog.naver.com/jklovelike/50014122958
2007-02-09,Fri,15,삶과 문화,여행을 위한 조언,9,0,0,,,,,https://blog.naver.com/jklovelike/50014122727
2007-02-09,Fri,15,"교양,학문,삶,사유",‘문학소녀’가 사라졌다,12,0,0,,,,,https://blog.naver.com/jklovelike/50014122472
2007-02-07,Wed,19,책의 세계,"'그대, 스스로를 고용하라.'",17,0,1,,,,,https://blog.naver.com/jklovelike/50014058532
2007-02-07,Wed,19,투자/주식,재야 주식고수 시골의사 박경철,16,0,0,,,,,https://blog.naver.com/jklovelike/50014057879
2007-02-07,Wed,19,교육의 혁명,아이에게 선택의 자유를 주자,15,0,1,,,,,https://blog.naver.com/jklovelike/50014057703
2007-02-07,Wed,19,삶과 문화,문화의 힘,5,0,0,,,,,https://blog.naver.com/jklovelike/50014057555
2007-02-07,Wed,19,Economy,기업은 누구의 것인가?,12,0,0,,,,,https://blog.naver.com/jklovelike/50014057370
2007-02-07,Wed,19,교육의 혁명,목표를 상실한 한국 교육,13,0,2,,,,,https://blog.naver.com/jklovelike/50014057258
2007-02-07,Wed,19,Economy,‘시대의 우울’ 공시(公試)족,16,0,0,,,,,https://blog.naver.com/jklovelike/50014057133
2007-02-07,Wed,19,Recruit/Career,"새 취업전략, 공모전을 이용하자",17,0,0,,,,,https://blog.naver.com/jklovelike/50014056961
2007-02-07,Wed,19,우리들의 대한민국,"한국, 세계 최강이 된다?",14,0,0,,,,,https://blog.naver.com/jklovelike/50014056877
2007-02-06,Tue,13,Recruit/Career,직장인을 위한 조언,10,0,0,,,,,https://blog.naver.com/jklovelike/50014007429
2007-02-06,Tue,13,"교양,학문,삶,사유",정치디자이너를 기대하며,12,0,1,,,,,https://blog.naver.com/jklovelike/50014006597
2007-02-06,Tue,12,"통섭,학문,삶,사유",중국말이 세계어가 된다고?,14,0,2,,,,,https://blog.naver.com/jklovelike/50014006373
2007-02-06,Tue,12,Economy,살아남기 위해선 미래를 읽어라,16,0,1,,,,,https://blog.naver.com/jklovelike/50014006142
2007-02-06,Tue,12,business strateg,보다 친숙한 브랜드,10,0,2,,,,,https://blog.naver.com/jklovelike/50014006061
2007-02-06,Tue,12,교육의 혁명,창의적 사고력을 키우려면,13,0,0,,,,,https://blog.naver.com/jklovelike/50014005959
2007-02-06,Tue,12,우리들의 대한민국,하종강 - 30년이 되도록 이뤄지지 않는 꿈,24,0,0,,,,,https://blog.naver.com/jklovelike/50014005735
2007-02-06,Tue,12,business strateg,알파 브랜드를 키워라,11,0,0,,,,,https://blog.naver.com/jklovelike/50014005694
2007-02-04,Sun,18,Recruit/Career,"기획하는 그대, 세상을 다 바꿔라",18,0,0,,,,,https://blog.naver.com/jklovelike/50013943871
2007-02-04,Sun,18,책의 세계,"늙은 부자들이여, 대책을 세우자",18,0,0,,,,,https://blog.naver.com/jklovelike/50013943810
2007-02-04,Sun,18,책의 세계,<부의 미래> 잘 모르겠지만 감명받았다고?,24,0,0,,,,,https://blog.naver.com/jklovelike/50013943708
2007-02-04,Sun,17,책의 세계,재테크를 경계하라,10,0,1,,,,,https://blog.naver.com/jklovelike/50013943592
2007-02-04,Sun,17,'데미안'의 젊은 날의 초상,나의 행복,5,3,4,,,,,https://blog.naver.com/jklovelike/50013943032
2007-02-04,Sun,17,Na,"오늘, 또다른 임계점을 넘었다.",17,0,0,,,,,https://blog.naver.com/jklovelike/50013942184
2007-02-03,Sat,14,Recruit/Career,"국어능력, 왜 중요할까?",13,0,1,,,,,https://blog.naver.com/jklovelike/50013903859
2007-02-03,Sat,14,CEO/Enterpriser,‘애플 신화’ 스티브 잡스의 무한도전,20,0,1,,,,,https://blog.naver.com/jklovelike/50013903826
2007-02-03,Sat,13,Recruit/Career,직장 생활을 할 때...,14,0,1,,,,,https://blog.naver.com/jklovelike/50013903412
2007-02-03,Sat,13,삶과 문화,아들에게 길을 묻다,10,0,1,,,,,https://blog.naver.com/jklovelike/50013903073
2007-02-03,Sat,13,삶과 문화,작은 감동,5,0,-1,,,,,https://blog.naver.com/jklovelike/50013903034
2007-02-03,Sat,13,"교양,학문,삶,사유",‘시뮬레이션 문화’ 시대,13,0,0,,,,,https://blog.naver.com/jklovelike/50013902391
2007-02-03,Sat,13,삶과 문화,낮잠의 경제학,7,0,0,,,,,https://blog.naver.com/jklovelike/50013902322
2007-02-02,Fri,13,투자/주식,부를 이루는 법,8,0,2,,,,,https://blog.naver.com/jklovelike/50013864533
2007-02-02,Fri,13,CEO/Enterpriser,사업가를 위한 조언,10,0,0,,,,,https://blog.naver.com/jklovelike/50013864196
2007-02-02,Fri,13,Na,내가 하고 싶은 대로 살거야,15,0,2,,,,,https://blog.naver.com/jklovelike/50013864003
2007-02-02,Fri,13,'데미안'의 젊은 날의 초상,지난 빈곤의 삶,8,3,4,,,,,https://blog.naver.com/jklovelike/50013863788
2007-02-02,Fri,12,지식의 정리,과외를 많이 하고 싶으시다면...,18,0,8,,,,,https://blog.naver.com/jklovelike/50013862142
2007-02-02,Fri,12,"교양,학문,삶,사유",''붕어빵 강의'',10,0,0,,,,,https://blog.naver.com/jklovelike/50013861638
2007-02-02,Fri,12,"대학,대학인",대학 경쟁력이 국가 경쟁력,14,0,0,,,,,https://blog.naver.com/jklovelike/50013861524
2007-02-01,Thu,19,삶과 문화,적게 일하고 많이 얻기?,14,0,0,,,,,https://blog.naver.com/jklovelike/50013836591
2007-02-01,Thu,18,business strateg,톰 피터스 강연(2),12,0,0,,,,,https://blog.naver.com/jklovelike/50013836321
2007-02-01,Thu,18,business strateg,톰 피터스 강연,8,0,0,,,,,https://blog.naver.com/jklovelike/50013836255
2007-02-01,Thu,18,책을 읽다 [독서목록],"2007년, 1월 독서 - 소모적인 독서는 가라",26,4,4,,,,,https://blog.naver.com/jklovelike/50013834776
2007-01-31,Wed,12,교육의 혁명,'문과-이과 구분부터 없애자',17,3,25,,,,,https://blog.naver.com/jklovelike/50013781307
2007-01-27,Sat,20,인생의 계획(천 개의 꿈),2월 나의 실천 사명서,12,0,14,,,,,https://blog.naver.com/jklovelike/50013639888
2007-01-27,Sat,20,교육의 혁명,생산적인 기다림,8,0,1,,,,,https://blog.naver.com/jklovelike/50013638238
2007-01-27,Sat,19,"교양,학문,삶,사유",이제 삶의 가치를 얘기하자,14,0,0,,,,,https://blog.naver.com/jklovelike/50013637326
2007-01-27,Sat,19,"교양,학문,삶,사유",지식인의 이중성,8,0,0,,,,,https://blog.naver.com/jklovelike/50013637189
2007-01-26,Fri,12,우리들의 대한민국,홍세화 - 새해의 소박한 바람,16,0,2,,,,,https://blog.naver.com/jklovelike/50013583471
2007-01-26,Fri,12,Recruit/Career,변 리 사,5,0,0,,,,,https://blog.naver.com/jklovelike/50013583096
2007-01-26,Fri,12,Recruit/Career,이미지 컨설턴트,8,0,1,,,,,https://blog.naver.com/jklovelike/50013582838
2007-01-26,Fri,12,Na,내가 우울한 이유는...,13,0,5,,,,,https://blog.naver.com/jklovelike/50013582365
2007-01-26,Fri,12,"교양,학문,삶,사유",영어로 학문하기,8,0,0,,,,,https://blog.naver.com/jklovelike/50013582305
2007-01-26,Fri,12,Economy,10년 후에는 뭘 먹고 살지?,16,0,0,,,,,https://blog.naver.com/jklovelike/50013582074
2007-01-26,Fri,12,교육의 혁명,교육의 창조적 파괴,10,0,0,,,,,https://blog.naver.com/jklovelike/50013581864
2007-01-26,Fri,12,"교양,학문,삶,사유",정보전염병,5,0,0,,,,,https://blog.naver.com/jklovelike/50013581645
2007-01-25,Thu,1,책의 세계,포스트 모던 마케팅,10,0,1,,,,,https://blog.naver.com/jklovelike/50013530556
2007-01-25,Thu,1,CEO/Enterpriser,"필립 나이트, 나이키 창업자",15,0,3,,,,,https://blog.naver.com/jklovelike/50013530368
2007-01-25,Thu,1,우리들의 대한민국,'코리안 드림' 만들려면,13,0,0,,,,,https://blog.naver.com/jklovelike/50013530192
2007-01-25,Thu,1,Economy,"한국, 중소기업 경쟁력 높여야 일본 따라 잡는다",26,0,0,,,,,https://blog.naver.com/jklovelike/50013530132
2007-01-25,Thu,1,Economy,혁신지수,4,0,0,,,,,https://blog.naver.com/jklovelike/50013530025
2007-01-25,Thu,1,삶과 문화,사람답게 사는 법,9,0,0,,,,,https://blog.naver.com/jklovelike/50013529966
2007-01-25,Thu,1,삶과 문화,행복하십니까,6,0,0,,,,,https://blog.naver.com/jklovelike/50013529944
2007-01-24,Wed,13,CEO/Enterpriser,"""부자인 채로 죽는 것은 수치다""",18,0,0,,,,,https://blog.naver.com/jklovelike/50013500192
2007-01-24,Wed,13,"교양,학문,삶,사유",일,1,0,0,,,,,https://blog.naver.com/jklovelike/50013499999
2007-01-24,Wed,13,책의 세계,행복한 책 읽기,8,0,0,,,,,https://blog.naver.com/jklovelike/50013499911
2007-01-23,Tue,17,책의 죽비소리,강한 나를 만드는 법,11,0,4,,,,,https://blog.naver.com/jklovelike/50013467828
2007-01-23,Tue,15,Recruit/Career,프레젠테이션을 잘하는 법,13,0,2,,,,,https://blog.naver.com/jklovelike/50013464450
2007-01-23,Tue,15,"대학,대학인",수업에 충실하기,8,0,0,,,,,https://blog.naver.com/jklovelike/50013464315
2007-01-23,Tue,15,business strateg,글로벌 기업의 조건,10,0,0,,,,,https://blog.naver.com/jklovelike/50013464269
2007-01-23,Tue,15,"대학,대학인",글로벌 대학 제대로 만들려면,15,0,0,,,,,https://blog.naver.com/jklovelike/50013464185
2007-01-23,Tue,15,Economy,졸부 국가가 되지 않으려면,14,0,0,,,,,https://blog.naver.com/jklovelike/50013464021
2007-01-23,Tue,15,삶과 문화,나잇값 일깨워 준 사람들,13,0,0,,,,,https://blog.naver.com/jklovelike/50013463253
2007-01-23,Tue,15,삶과 문화,우울증,3,0,0,,,,,https://blog.naver.com/jklovelike/50013463174
2007-01-23,Tue,14,"교양,학문,삶,사유",잡학을 위한 변명,9,0,1,,,,,https://blog.naver.com/jklovelike/50013463040
2007-01-23,Tue,14,CEO/Enterpriser,이미지 메이킹,8,0,0,,,,,https://blog.naver.com/jklovelike/50013462293
2007-01-21,Sun,20,"교양,학문,삶,사유",내가 신문을 읽는 법,11,0,3,,,,,https://blog.naver.com/jklovelike/50013395800
2007-01-21,Sun,19,Recruit/Career,외국계 기업 들어가기,11,0,0,,,,,https://blog.naver.com/jklovelike/50013395029
2007-01-21,Sun,19,우리들의 대한민국,"등록금 후불제, 당장 실시하자",17,0,0,,,,,https://blog.naver.com/jklovelike/50013394990
2007-01-21,Sun,19,"교양,학문,삶,사유",다시 문제는 언론이다,11,0,0,,,,,https://blog.naver.com/jklovelike/50013394600
2007-01-21,Sun,19,우리들의 대한민국,미국 사회의 양면성,10,0,0,,,,,https://blog.naver.com/jklovelike/50013394495
2007-01-21,Sun,19,"교양,학문,삶,사유",게이와 창조지수,8,0,0,,,,,https://blog.naver.com/jklovelike/50013394413
2007-01-21,Sun,19,"교양,학문,삶,사유",한눈팔아야 살아남는다,11,0,0,,,,,https://blog.naver.com/jklovelike/50013394217
2007-01-21,Sun,19,책의 세계,What＇s Next? 2015,17,0,0,,,,,https://blog.naver.com/jklovelike/50013393966
2007-01-21,Sun,19,business strateg,환경이 소비자 지갑 연다,13,0,0,,,,,https://blog.naver.com/jklovelike/50013393896
2007-01-21,Sun,19,"통섭,학문,삶,사유",문화의 차이,6,0,1,,,,,https://blog.naver.com/jklovelike/50013393819
2007-01-21,Sun,19,삶과 문화,행복지수,4,0,0,,,,,https://blog.naver.com/jklovelike/50013393779
2007-01-21,Sun,19,삶과 문화,"든사람, 난사람, 된사람",13,0,0,,,,,https://blog.naver.com/jklovelike/50013393748
2007-01-21,Sun,19,"교양,학문,삶,사유",MIT!!!,6,0,0,,,,,https://blog.naver.com/jklovelike/50013393592
2007-01-21,Sun,7,Na,곧 돌아올게,7,0,2,,,,,https://blog.naver.com/jklovelike/50013376459
2007-01-14,Sun,16,책의 세계,프리에이전트의 시대,11,0,0,,,,,https://blog.naver.com/jklovelike/50013115137
2007-01-09,Tue,12,CEO/Enterpriser,지식과 지혜,6,0,0,,,,,https://blog.naver.com/jklovelike/50012922027
2007-01-09,Tue,12,"교양,학문,삶,사유",오픈 소스의 흐름,9,0,0,,,,,https://blog.naver.com/jklovelike/50012921944
2007-01-06,Sat,12,교육의 혁명,틀려도 괜찮아,8,0,3,,,,,https://blog.naver.com/jklovelike/50012809606
2007-01-06,Sat,11,삶과 문화,나는 2등이 좋다,9,0,0,,,,,https://blog.naver.com/jklovelike/50012808095
2007-01-04,Thu,14,"교양,학문,삶,사유",“인문 - 자연 통합적 사고가 지식사회 무기”,25,0,0,,,,,https://blog.naver.com/jklovelike/50012737922
2007-01-04,Thu,13,삶과 문화,작심삼일,4,0,0,,,,,https://blog.naver.com/jklovelike/50012737074
2007-01-04,Thu,13,우리들의 대한민국,'병영생활 선진화'의 조건,14,0,0,,,,,https://blog.naver.com/jklovelike/50012737019
2007-01-04,Thu,13,business strateg,창조적 가치와 창의적 발상,15,0,0,,,,,https://blog.naver.com/jklovelike/50012736411
2007-01-04,Thu,13,"교양,학문,삶,사유",연민이 아니라 존엄이다,12,0,0,,,,,https://blog.naver.com/jklovelike/50012736320
2007-01-04,Thu,13,책의 세계,고전(古典) 퇴출,9,0,0,,,,,https://blog.naver.com/jklovelike/50012736065
2007-01-04,Thu,13,Recruit/Career,취업 앞둔 젊은이에게,11,0,0,,,,,https://blog.naver.com/jklovelike/50012735604
2007-01-04,Thu,12,Recruit/Career,4년제 대졸자 적정 임금은 …,16,0,1,,,,,https://blog.naver.com/jklovelike/50012735336
2007-01-04,Thu,12,Recruit/Career,얼굴을 바꾸기 전에 표정을 바꿔라,18,0,0,,,,,https://blog.naver.com/jklovelike/50012735231
2007-01-04,Thu,12,Na,새해 첫 블로깅,8,0,1,,,,,https://blog.naver.com/jklovelike/50012735185
2006-12-30,Sat,17,Recruit/Career,이태백에게 드리는 새글,12,0,5,,,,,https://blog.naver.com/jklovelike/50012568548
2006-12-30,Sat,17,우리들의 대한민국,"강준만 - 디자인, 그것은 종교다",18,0,2,,,,,https://blog.naver.com/jklovelike/50012568224
2006-12-30,Sat,17,지식의 정리,이공계의 진정한 현실 ... 의대와 공대..,25,0,7,,,,,https://blog.naver.com/jklovelike/50012567576
2006-12-30,Sat,16,CEO/Enterpriser,CEO가 져야하는 책임들,13,0,0,,,,,https://blog.naver.com/jklovelike/50012565026
2006-12-30,Sat,15,인생의 계획(천 개의 꿈),계획의 편린,6,1,1,,,,,https://blog.naver.com/jklovelike/50012563716
2006-12-30,Sat,14,Na,블로그,3,0,0,,,,,https://blog.naver.com/jklovelike/50012562983
2006-12-30,Sat,14,"교양,학문,삶,사유","왜, 높은 지위를 구하려고 달려드는가?",22,0,0,,,,,https://blog.naver.com/jklovelike/50012562752
2006-12-30,Sat,14,CEO/Enterpriser,아이에게 들려주고 싶은 말,15,0,0,,,,,https://blog.naver.com/jklovelike/50012562637
2006-12-30,Sat,14,"교양,학문,삶,사유",‘제4의 물결’ UCC,12,0,0,,,,,https://blog.naver.com/jklovelike/50012562188
2006-12-30,Sat,14,Economy,사람 떠나는 걸 무서워하라,14,0,0,,,,,https://blog.naver.com/jklovelike/50012561914
2006-12-29,Fri,14,책의 세계,열정과 기질,6,0,1,,,,,https://blog.naver.com/jklovelike/50012527148
2006-12-29,Fri,13,우리들의 대한민국,아시아인의 자부심과 꿈을,13,0,0,,,,,https://blog.naver.com/jklovelike/50012526843
2006-12-29,Fri,13,투자/주식,돈을 좋아하는 게 죄? 쓰는법 모르는 게 죄!,25,0,0,,,,,https://blog.naver.com/jklovelike/50012526475
2006-12-28,Thu,17,책을 읽다 [독서목록],"책읽기, 2006년을 정리한다.",17,19,16,,,,,https://blog.naver.com/jklovelike/50012500985
2006-12-28,Thu,14,Economy,‘행복한 왕자’의 자본주의,14,0,0,,,,,https://blog.naver.com/jklovelike/50012494326
2006-12-28,Thu,14,삶과 문화,스트레스의 주범은 바로 우리,15,0,0,,,,,https://blog.naver.com/jklovelike/50012494202
2006-12-28,Thu,14,"대학,대학인",학교기업,4,0,0,,,,,https://blog.naver.com/jklovelike/50012494012
2006-12-28,Thu,14,Economy,"재벌, 순기능 늘려 사랑 받는 기업집단으로",23,0,0,,,,,https://blog.naver.com/jklovelike/50012493940
2006-12-28,Thu,14,"통섭,학문,삶,사유",‘희망 격차사회’의 공포,13,0,0,,,,,https://blog.naver.com/jklovelike/50012493839
2006-12-28,Thu,14,"교양,학문,삶,사유",통섭(統攝),6,0,1,,,,,https://blog.naver.com/jklovelike/50012493786
2006-12-28,Thu,14,Economy,결국 사람이다!,9,0,0,,,,,https://blog.naver.com/jklovelike/50012493692
2006-12-28,Thu,14,"대학,대학인",사회과학부,5,0,0,,,,,https://blog.naver.com/jklovelike/50012493516
2006-12-28,Thu,13,교육의 혁명,천재의 조건,6,0,1,,,,,https://blog.naver.com/jklovelike/50012493333
2006-12-28,Thu,13,Economy,사모펀드와 함께 사는 법,13,0,0,,,,,https://blog.naver.com/jklovelike/50012493270
2006-12-28,Thu,13,business strateg,아이템이 아니라 마케팅이다,14,0,1,,,,,https://blog.naver.com/jklovelike/50012493089
2006-12-28,Thu,13,business strateg,위대한 기업,6,0,0,,,,,https://blog.naver.com/jklovelike/50012493040
2006-12-28,Thu,13,삶과 문화,오라 인생이여!,8,0,0,,,,,https://blog.naver.com/jklovelike/50012492970
2006-12-28,Thu,13,"교양,학문,삶,사유",귀 기울여 듣고 사는가,12,0,0,,,,,https://blog.naver.com/jklovelike/50012492905
2006-12-28,Thu,13,우리들의 대한민국,박노자 - 신자유주의 시대의 ‘일그러진 영웅’,25,0,0,,,,,https://blog.naver.com/jklovelike/50012492812
2006-12-28,Thu,13,우리들의 대한민국,더 많은 착한 공무원을 기다리며,17,0,0,,,,,https://blog.naver.com/jklovelike/50012492711
2006-12-28,Thu,13,지식의 정리,대학 남자 새내기들을 위한 조언,17,0,0,,,,,https://blog.naver.com/jklovelike/50012492681
2006-12-28,Thu,13,삶과 문화,잃어버린 것들을 찾아서,12,0,0,,,,,https://blog.naver.com/jklovelike/50012492466
2006-12-28,Thu,13,우리들의 대한민국,사회적 자본,6,0,0,,,,,https://blog.naver.com/jklovelike/50012492382
2006-12-28,Thu,13,교육의 혁명,반쪽만 보는 사교육보도,12,0,0,,,,,https://blog.naver.com/jklovelike/50012492332
2006-12-28,Thu,13,우리들의 대한민국,‘1/3사회’ 혹은 ‘2/3사회’,18,0,0,,,,,https://blog.naver.com/jklovelike/50012491582
2006-12-28,Thu,12,우리들의 대한민국,대한민국 병역은 공평한가,13,0,0,,,,,https://blog.naver.com/jklovelike/50012490417
2006-12-27,Wed,12,'데미안'의 젊은 날의 초상,비참한 운명을 거부한다.,13,4,6,,,,,https://blog.naver.com/jklovelike/50012458140
2006-12-25,Mon,9,교육의 혁명,유학이 출세의 도구가 될까요?,19,0,2,,,,,https://blog.naver.com/jklovelike/50012383155
2006-12-25,Mon,9,"대학,대학인",입시의 미래,7,0,1,,,,,https://blog.naver.com/jklovelike/50012383022
2006-12-25,Mon,8,business strateg,몰입의 경영,7,0,0,,,,,https://blog.naver.com/jklovelike/50012382700
2006-12-19,Tue,20,책의 세계,부지런히 읽어야 할 이유,13,0,0,,,,,https://blog.naver.com/jklovelike/50012187553
2006-12-19,Tue,20,Economy,잭 웰치의 '부적절한 비유'가 던진 화두,22,0,0,,,,,https://blog.naver.com/jklovelike/50012187463
2006-12-19,Tue,20,우리들의 대한민국,사상·생활 분리주의,10,0,0,,,,,https://blog.naver.com/jklovelike/50012187348
2006-12-19,Tue,20,Na,노가다,3,0,3,,,,,https://blog.naver.com/jklovelike/50012186997
2006-12-18,Mon,14,책의 세계,책맹(冊盲),7,0,0,,,,,https://blog.naver.com/jklovelike/50012136340
2006-12-18,Mon,14,교육의 혁명,인성교육과 바른 생활습관,13,0,0,,,,,https://blog.naver.com/jklovelike/50012136156
2006-12-17,Sun,19,삶과 문화,기억은 나의 힘!,9,0,0,,,,,https://blog.naver.com/jklovelike/50012107155
2006-12-16,Sat,20,삶과 문화,행복의 길,5,0,0,,,,,https://blog.naver.com/jklovelike/50012068388
2006-12-16,Sat,19,투자/주식,개인 주식투자 어떻게 해야하나,16,0,0,,,,,https://blog.naver.com/jklovelike/50012068093
2006-12-16,Sat,19,"교양,학문,삶,사유",인간 불평등 기원론,10,0,0,,,,,https://blog.naver.com/jklovelike/50012067879
2006-12-16,Sat,19,책의 세계,오백년 전 친구를 만났어…책에서,17,0,0,,,,,https://blog.naver.com/jklovelike/50012067525
2006-12-16,Sat,19,"대학,대학인","대학생, '취업과외' 받으러 학원 간다",21,0,0,,,,,https://blog.naver.com/jklovelike/50012066961
2006-12-15,Fri,20,business strateg,리츠칼튼의 감동,8,0,0,,,,,https://blog.naver.com/jklovelike/50012031242
2006-12-15,Fri,20,교육의 혁명,신자유주의적 교육의 양면성,14,0,0,,,,,https://blog.naver.com/jklovelike/50012030804
2006-12-15,Fri,20,우리들의 대한민국,사람이 희망이다,8,0,0,,,,,https://blog.naver.com/jklovelike/50012030538
2006-12-15,Fri,20,"교양,학문,삶,사유","과학과 예술, 창조로 통한다",15,0,0,,,,,https://blog.naver.com/jklovelike/50012030472
2006-12-15,Fri,20,Economy,단기투자와 코리아 디스카운트,15,0,1,,,,,https://blog.naver.com/jklovelike/50012030378
2006-12-15,Fri,20,"대학,대학인",우리도 이런 대학 하나쯤은,14,0,0,,,,,https://blog.naver.com/jklovelike/50012030214
2006-12-15,Fri,20,우리들의 대한민국,승자(勝者)의 그늘,10,0,0,,,,,https://blog.naver.com/jklovelike/50012029985
2006-12-12,Tue,11,투자/주식,씀씀이를 다스리는 법,12,0,1,,,,,https://blog.naver.com/jklovelike/50011898756
2006-12-12,Tue,11,책의 세계,"칼리 피오리나, 힘든 선택들",15,0,2,,,,,https://blog.naver.com/jklovelike/50011898697
2006-12-12,Tue,10,삶과 문화,여자들의 힘,6,0,0,,,,,https://blog.naver.com/jklovelike/50011898320
2006-12-12,Tue,10,교육의 혁명,영어교육 혁신하려면,10,0,0,,,,,https://blog.naver.com/jklovelike/50011898294
2006-12-10,Sun,20,우리들의 대한민국,"아동서비스 확대, ‘가난 대물림’ 끊어라",22,0,1,,,,,https://blog.naver.com/jklovelike/50011839129
2006-12-10,Sun,20,business strateg,인재 육성이 성장동력이다,13,0,0,,,,,https://blog.naver.com/jklovelike/50011838905
2006-12-10,Sun,20,"교양,학문,삶,사유",학문 융합시대,7,0,0,,,,,https://blog.naver.com/jklovelike/50011838004
2006-12-08,Fri,20,삶과 문화,공존의 상식에 대해,10,0,0,,,,,https://blog.naver.com/jklovelike/50011756563
2006-12-08,Fri,13,삶과 문화,춘천 여행,5,0,0,,,,,https://blog.naver.com/jklovelike/50011741926
2006-12-08,Fri,13,삶과 문화,남이섬 여행길,7,0,0,,,,,https://blog.naver.com/jklovelike/50011741843
2006-12-08,Fri,11,"통섭,학문,삶,사유",신분상승 꿈도 못꾸는 美 의 빈곤층,19,0,0,,,,,https://blog.naver.com/jklovelike/50011739065
2006-12-08,Fri,11,우리들의 대한민국,허무주의 유령,7,0,2,,,,,https://blog.naver.com/jklovelike/50011738986
2006-12-08,Fri,11,Economy,디지털 사회의 허와 실,12,0,0,,,,,https://blog.naver.com/jklovelike/50011738920
2006-12-08,Fri,11,교육의 혁명,입시 해법은 당신의 상상력에 달렸다,19,0,0,,,,,https://blog.naver.com/jklovelike/50011738874
2006-12-08,Fri,11,우리들의 대한민국,한국에 진 빚 어떻게 갚을까?,16,0,0,,,,,https://blog.naver.com/jklovelike/50011738816
2006-12-08,Fri,11,"교양,학문,사유",`로또 신드롬` 벗어나기,13,0,1,,,,,https://blog.naver.com/jklovelike/50011738761
2006-12-08,Fri,11,Economy,구글도 ‘혁신’에서 나왔다,14,0,0,,,,,https://blog.naver.com/jklovelike/50011738405
2006-12-08,Fri,11,CEO/Enterpriser,"美 CEO 최대 무기, PR",15,0,0,,,,,https://blog.naver.com/jklovelike/50011738294
2006-12-06,Wed,20,삶과 문화,위대한 패배자,7,0,0,,,,,https://blog.naver.com/jklovelike/50011685515
2006-12-06,Wed,20,"교양,학문,사유",‘근대’에 갇힌 인문학,12,0,0,,,,,https://blog.naver.com/jklovelike/50011684220
2006-12-05,Tue,14,Economy,상생의 산학협력,9,0,0,,,,,https://blog.naver.com/jklovelike/50011633727
2006-12-05,Tue,14,Na,죽지 마.,5,0,0,,,,,https://blog.naver.com/jklovelike/50011633669
2006-12-05,Tue,14,"대학,대학인",수업시간에 떠드는 대학생,14,0,2,,,,,https://blog.naver.com/jklovelike/50011633519
2006-12-05,Tue,14,"교양,학문,사유","인문학 부흥, 돈 만으론 안된다",17,0,0,,,,,https://blog.naver.com/jklovelike/50011633387
2006-12-05,Tue,14,"통섭,학문,삶,사유","일본, 복종형 근로자의 탄생",15,0,0,,,,,https://blog.naver.com/jklovelike/50011633290
2006-12-05,Tue,14,Economy,제4의 물결,6,0,0,,,,,https://blog.naver.com/jklovelike/50011633176
2006-12-05,Tue,14,Na,오직 모든 것을 걸 뿐...,15,0,1,,,,,https://blog.naver.com/jklovelike/50011632940
2006-12-05,Tue,13,Na,부모님 죄송합니다.,10,0,2,,,,,https://blog.naver.com/jklovelike/50011632730
2006-12-04,Mon,17,책의 세계,나만의 독서법을 찾아서...,16,0,1,,,,,https://blog.naver.com/jklovelike/50011604202
2006-12-04,Mon,16,"대학,대학인","대학생, 두바이 리더십 투어 오세요",20,0,0,,,,,https://blog.naver.com/jklovelike/50011603517
2006-12-04,Mon,16,"대학,대학인",봉사활동으로 자신감 UP,13,0,3,,,,,https://blog.naver.com/jklovelike/50011603223
2006-12-04,Mon,16,Recruit/Career,공무원 시험,6,0,0,,,,,https://blog.naver.com/jklovelike/50011603101
2006-12-04,Mon,16,CEO/Enterpriser,전심전력을 다하라,10,0,0,,,,,https://blog.naver.com/jklovelike/50011602913
2006-12-04,Mon,16,Recruit/Career,자격증 알아보기,9,0,0,,,,,https://blog.naver.com/jklovelike/50011602879
2006-12-04,Mon,16,Recruit/Career,외국계 기업 준비,9,0,0,,,,,https://blog.naver.com/jklovelike/50011602852
2006-12-04,Mon,16,"대학,대학인",여름방학은 이렇게,9,0,2,,,,,https://blog.naver.com/jklovelike/50011602814
2006-12-04,Mon,16,책의 세계,호기심을 잃어버린 중년들 책읽기를 다시 시작하라,26,0,0,,,,,https://blog.naver.com/jklovelike/50011602705
2006-12-04,Mon,16,Recruit/Career,프리젠테이션 자격증,10,0,1,,,,,https://blog.naver.com/jklovelike/50011602625
2006-12-04,Mon,16,Recruit/Career,자기 분석의 중요성,10,0,1,,,,,https://blog.naver.com/jklovelike/50011602595
2006-12-03,Sun,20,교육의 혁명,교육의 핵심은 독서,11,0,0,,,,,https://blog.naver.com/jklovelike/50011576115
2006-12-03,Sun,20,"교양,학문,사유",책 읽을 권리,7,0,0,,,,,https://blog.naver.com/jklovelike/50011576068
2006-12-03,Sun,20,책의 세계,‘50페이지의 규칙’,12,0,0,,,,,https://blog.naver.com/jklovelike/50011575991
2006-12-03,Sun,20,투자/주식,종자돈(seed money),15,0,0,,,,,https://blog.naver.com/jklovelike/50011575871
2006-12-02,Sat,17,로스쿨/사시/행시/CPA,제48회 사법시험 수석 합격기,16,0,16,,,,,https://blog.naver.com/jklovelike/50011537943
2006-12-02,Sat,17,로스쿨/사시/행시/CPA,제48회 사법시험 최종 합격자 인터뷰,20,0,5,,,,,https://blog.naver.com/jklovelike/50011537708
2006-12-02,Sat,16,삶과 문화,외 로 움,5,0,0,,,,,https://blog.naver.com/jklovelike/50011537444
2006-12-02,Sat,16,삶과 문화,나의 한계를 정확히 알 때,14,0,0,,,,,https://blog.naver.com/jklovelike/50011537269
2006-12-02,Sat,16,삶과 문화,"남성들이여, 더 강해져라!",14,0,0,,,,,https://blog.naver.com/jklovelike/50011537045
2006-12-02,Sat,16,"대학,대학인",지방대학도 인재 양성하라,13,0,0,,,,,https://blog.naver.com/jklovelike/50011537010
2006-12-01,Fri,15,CEO/Enterpriser,유연한 사고,7,0,0,,,,,https://blog.naver.com/jklovelike/50011504954
2006-12-01,Fri,14,우리들의 대한민국,이해 안 되는 한국 정치,13,0,0,,,,,https://blog.naver.com/jklovelike/50011504244
2006-12-01,Fri,14,우리들의 대한민국,'법률구조'의 경제학,11,0,0,,,,,https://blog.naver.com/jklovelike/50011504178
2006-12-01,Fri,14,business strateg,기업 PR의 현주소,10,0,0,,,,,https://blog.naver.com/jklovelike/50011504140
2006-12-01,Fri,14,"대학,대학인",101번째 대학,8,0,0,,,,,https://blog.naver.com/jklovelike/50011504086
2006-11-30,Thu,16,가속성장/자기계발,성공적인 삶,6,0,1,,,,,https://blog.naver.com/jklovelike/50011472850
2006-11-30,Thu,16,"교양,학문,사유",모든 이를 위한 클레멘트코스를!,17,0,5,,,,,https://blog.naver.com/jklovelike/50011472801
2006-11-30,Thu,16,"교양,학문,사유",오블리주를 실천하면 누구나 노블레스,20,0,0,,,,,https://blog.naver.com/jklovelike/50011472685
2006-11-30,Thu,16,"교양,학문,사유",부나 권력을 가진 이들의 사회적 책무,21,0,0,,,,,https://blog.naver.com/jklovelike/50011472490
2006-11-30,Thu,16,Recruit/Career,"직장에서도, 가정에서도 성공하려면",18,0,0,,,,,https://blog.naver.com/jklovelike/50011472391
2006-11-30,Thu,15,"대학,대학인",한국대학의 글로벌화를 위한 제언,18,0,0,,,,,https://blog.naver.com/jklovelike/50011471984
2006-11-30,Thu,15,"교양,학문,사유",블루오션의 김위찬 교수,12,0,2,,,,,https://blog.naver.com/jklovelike/50011471456
2006-11-30,Thu,15,Economy,융합시대 콘텐츠 인재 육성,14,0,1,,,,,https://blog.naver.com/jklovelike/50011471421
2006-11-29,Wed,19,business strateg,essentials 디자인,14,0,1,,,,,https://blog.naver.com/jklovelike/50011446660
2006-11-29,Wed,19,Recruit/Career,"""대화의 기술을 터득하라""",14,0,0,,,,,https://blog.naver.com/jklovelike/50011446422
2006-11-29,Wed,19,"대학,대학인",한국 대학의 세계화,10,0,0,,,,,https://blog.naver.com/jklovelike/50011446154
2006-11-29,Wed,19,business strateg,경영파괴 어떻게 할 것인가?,15,0,0,,,,,https://blog.naver.com/jklovelike/50011446004
2006-11-29,Wed,19,교육의 혁명,대학입시 유감,7,0,0,,,,,https://blog.naver.com/jklovelike/50011445940
2006-11-29,Wed,19,CEO/Enterpriser,CEO의 책읽기,9,0,2,,,,,https://blog.naver.com/jklovelike/50011445687
2006-11-29,Wed,18,Recruit/Career,직장인을 위한 이러닝 활용법,15,0,0,,,,,https://blog.naver.com/jklovelike/50011445436
2006-11-29,Wed,18,business strateg,"기업 성공, 디자인에 달렸다",15,0,0,,,,,https://blog.naver.com/jklovelike/50011445245
2006-11-28,Tue,20,"대학,대학인",돈없으면 ‘대략난감’한 대학문화,17,0,3,,,,,https://blog.naver.com/jklovelike/50011408864
2006-11-28,Tue,20,Recruit/Career,자기소개서 잘 쓰면 취업 바늘구멍 뚫는다,22,0,0,,,,,https://blog.naver.com/jklovelike/50011408844
2006-11-28,Tue,20,business strateg,과학적 마케팅,7,0,0,,,,,https://blog.naver.com/jklovelike/50011408575
2006-11-28,Tue,20,"교양,학문,사유",서른아홉의 달밤,9,0,0,,,,,https://blog.naver.com/jklovelike/50011408405
2006-11-28,Tue,20,삶과 문화,뭘 얼마나 알고 그를 평가하는가,17,0,0,,,,,https://blog.naver.com/jklovelike/50011408289
2006-11-28,Tue,20,"교양,학문,사유",고전이 케네디를 구했다,13,0,0,,,,,https://blog.naver.com/jklovelike/50011408161
2006-11-28,Tue,19,우리들의 대한민국,진짜 주먹보다 법이 가까울까?,16,0,0,,,,,https://blog.naver.com/jklovelike/50011407909
2006-11-28,Tue,16,business strateg,질문의 힘,5,0,0,,,,,https://blog.naver.com/jklovelike/50011398797
2006-11-28,Tue,16,우리들의 대한민국,"한국과 일본, 닮은 점 다른 점",17,0,0,,,,,https://blog.naver.com/jklovelike/50011398719
2006-11-28,Tue,16,교육의 혁명,"역사교육, 이대로 좋은가",13,0,0,,,,,https://blog.naver.com/jklovelike/50011398630
2006-11-28,Tue,16,책의 세계,다 쓰고 죽어라,8,0,0,,,,,https://blog.naver.com/jklovelike/50011398536
2006-11-28,Tue,16,우리들의 대한민국,소득 불평등과 영어 격차,13,0,0,,,,,https://blog.naver.com/jklovelike/50011398445
2006-11-28,Tue,16,우리들의 대한민국,타워팰리스 밑 포이동 266번지,17,0,1,,,,,https://blog.naver.com/jklovelike/50011398357
2006-11-28,Tue,16,"대학,대학인",대학 국제화수준 높이려면,13,0,0,,,,,https://blog.naver.com/jklovelike/50011398209
2006-11-28,Tue,15,Economy,즐거운 디지털 미래를 맞으려면,16,0,0,,,,,https://blog.naver.com/jklovelike/50011398002
2006-11-26,Sun,16,책의 세계,소로우의 고전 독서론,11,0,0,,,,,https://blog.naver.com/jklovelike/50011309214
2006-11-26,Sun,16,"교양,학문,사유",'읽었다'는 말,9,0,2,,,,,https://blog.naver.com/jklovelike/50011308685
2006-11-26,Sun,16,CEO/Enterpriser,스피치리더십을 갖추어라 - 성공 CEO의 덕목,25,0,1,,,,,https://blog.naver.com/jklovelike/50011308089
2006-11-26,Sun,15,지식의 정리,구술 면접에서 긴장이 될 때 - 긴장감 해소 요령,27,1,5,,,,,https://blog.naver.com/jklovelike/50011306550
2006-11-25,Sat,18,책의 세계,'책값은 아끼지 말라',13,0,0,,,,,https://blog.naver.com/jklovelike/50011268612
2006-11-25,Sat,18,우리들의 대한민국,고시 열풍의 문제점,10,0,0,,,,,https://blog.naver.com/jklovelike/50011268084
2006-11-25,Sat,18,교육의 혁명,과정 중심적 교육,9,0,1,,,,,https://blog.naver.com/jklovelike/50011267484
2006-11-25,Sat,17,CEO/Enterpriser,칭찬 잘 하는 법,9,0,0,,,,,https://blog.naver.com/jklovelike/50011266423
2006-11-25,Sat,17,Economy,관심이 화폐가 되는 시대,13,0,0,,,,,https://blog.naver.com/jklovelike/50011266365
2006-11-25,Sat,17,삶과 문화,삶의 송곳 같은 물음,11,0,0,,,,,https://blog.naver.com/jklovelike/50011266046
2006-11-24,Fri,19,교육의 혁명,세상에 멍청한 아이는 없다,15,0,0,,,,,https://blog.naver.com/jklovelike/50011224915
2006-11-24,Fri,19,Economy,발상의 전환,7,0,0,,,,,https://blog.naver.com/jklovelike/50011224624
2006-11-24,Fri,19,CEO/Enterpriser,성공한 CEO는 인문학을 좋아한다 - 투자와 인문학,28,0,0,,,,,https://blog.naver.com/jklovelike/50011224541
2006-11-24,Fri,19,CEO/Enterpriser,성공한 CEO는 인문학을 좋아한다 - 인문학은 기업경영의 보고,34,0,0,,,,,https://blog.naver.com/jklovelike/50011224360
2006-11-24,Fri,19,우리들의 대한민국,성공조건,4,0,0,,,,,https://blog.naver.com/jklovelike/50011224111
2006-11-24,Fri,19,business strateg,경영-예술의 만남 ‘아트 마케팅’,18,0,0,,,,,https://blog.naver.com/jklovelike/50011223963
2006-11-24,Fri,19,business strateg,"지속가능경영 1순위, 착한 기업",17,0,0,,,,,https://blog.naver.com/jklovelike/50011223813
2006-11-24,Fri,19,"교양,학문,사유",다른 세계를 만드는 사람들,14,0,0,,,,,https://blog.naver.com/jklovelike/50011223674
2006-11-23,Thu,20,CEO/Enterpriser,독서경영,4,0,0,,,,,https://blog.naver.com/jklovelike/50011180995
2006-11-23,Thu,20,"교양,학문,사유",생산적인 삶,6,0,1,,,,,https://blog.naver.com/jklovelike/50011180871
2006-11-23,Thu,20,"대학,대학인",대학 경쟁력과 진리추구,12,0,0,,,,,https://blog.naver.com/jklovelike/50011180487
2006-11-23,Thu,20,"교양,학문,사유","나는 소유한다, 고로 존재한다?",17,0,2,,,,,https://blog.naver.com/jklovelike/50011180468
2006-11-23,Thu,20,"교양,학문,사유",독창성에 대한 유감,10,0,0,,,,,https://blog.naver.com/jklovelike/50011180383
2006-11-22,Wed,20,교육의 혁명,제발 애들 좀 그만 괴롭히자!,17,0,0,,,,,https://blog.naver.com/jklovelike/50011133870
2006-11-22,Wed,19,투자/주식,20대 부자되는 14가지 방법,17,0,2,,,,,https://blog.naver.com/jklovelike/50011133376
2006-11-22,Wed,19,책의 세계,책과 함께 떠나는 여행,13,0,0,,,,,https://blog.naver.com/jklovelike/50011133207
2006-11-21,Tue,19,Recruit/Career,취업 준비는 이렇게 한 번 해 보세요,20,0,1,,,,,https://blog.naver.com/jklovelike/50011095226
2006-11-21,Tue,19,책의 세계,칼리피오리나,6,0,1,,,,,https://blog.naver.com/jklovelike/50011094923
2006-11-21,Tue,19,Economy,관심의 경제학,7,0,0,,,,,https://blog.naver.com/jklovelike/50011094846
2006-11-21,Tue,18,우리들의 대한민국,누가 ‘여/남’ 되기를 명령하는가,18,0,0,,,,,https://blog.naver.com/jklovelike/50011094104
2006-11-21,Tue,18,교육의 혁명,‘문제풀이 기술자’ 양산하는 사교육,19,0,0,,,,,https://blog.naver.com/jklovelike/50011093935
2006-11-21,Tue,18,삶과 문화,TV와 반대로 살기,10,0,0,,,,,https://blog.naver.com/jklovelike/50011093824
2006-11-19,Sun,16,투자/주식,MQ를 높일 수 있는 대표적인 '무료' 강의 인터넷 사이트,32,0,1,,,,,https://blog.naver.com/jklovelike/50011013967
2006-11-19,Sun,15,"교양,학문,사유",집중력 키우고 싶은데，어떻게？,16,0,1,,,,,https://blog.naver.com/jklovelike/50011010875
2006-11-19,Sun,15,삶과 문화,시시콜콜 메모하는 즐거움!,14,0,0,,,,,https://blog.naver.com/jklovelike/50011010549
2006-11-19,Sun,14,투자/주식,부자되기 쉬운 심리유형은 따로 있다,19,0,0,,,,,https://blog.naver.com/jklovelike/50011010174
2006-11-19,Sun,14,투자/주식,부자가 되지 못하는 3가지 이유,17,0,0,,,,,https://blog.naver.com/jklovelike/50011010093
2006-11-19,Sun,14,CEO/Enterpriser,공부하지 않으면 먹지도 말라,15,0,1,,,,,https://blog.naver.com/jklovelike/50011009678
2006-11-19,Sun,14,책의 세계,역경을 이겨낸 사람들...,14,0,0,,,,,https://blog.naver.com/jklovelike/50011009453
2006-11-19,Sun,14,CEO/Enterpriser,경계를 넓혀가는 사람들,12,0,0,,,,,https://blog.naver.com/jklovelike/50011008807
2006-11-19,Sun,14,지식의 정리,장기(將棋)를 두면 좋은 점,15,0,0,,,,,https://blog.naver.com/jklovelike/50011008462
2006-11-18,Sat,16,투자/주식,좋은 돈,5,0,1,,,,,https://blog.naver.com/jklovelike/50010975644
2006-11-18,Sat,16,책의 세계,어떻게 해야 책읽기 교육이 성공할까,20,0,5,,,,,https://blog.naver.com/jklovelike/50010975170
2006-11-18,Sat,15,"통섭,학문,삶,사유","미국, 중국, 그리고 일본의 미래",19,0,1,,,,,https://blog.naver.com/jklovelike/50010974572
2006-11-18,Sat,10,'데미안'의 젊은 날의 초상,내 인생의 세 가지 죄악,15,3,2,,,,,https://blog.naver.com/jklovelike/50010965588
2006-11-18,Sat,10,'데미안'의 젊은 날의 초상,나 자신이 나의 운명보다 우월하다.,19,5,5,,,,,https://blog.naver.com/jklovelike/50010965306
2006-11-17,Fri,19,책의 세계,책으로 팔자 바꾸기,10,0,0,,,,,https://blog.naver.com/jklovelike/50010946747
2006-11-17,Fri,19,"대학,대학인","대학생, 사교육 시장의 야누스",16,0,0,,,,,https://blog.naver.com/jklovelike/50010946707
2006-11-17,Fri,19,CEO/Enterpriser,마이크로소프트의 2인자 스티브 발머의 성공스토리,26,0,1,,,,,https://blog.naver.com/jklovelike/50010946489
2006-11-17,Fri,11,"대학,대학인",판서 요구하는 대학생의 수학능력,17,0,0,,,,,https://blog.naver.com/jklovelike/50010931688
2006-11-17,Fri,11,"대학,대학인",그깟 대학졸업장 박찬 그들,14,0,0,,,,,https://blog.naver.com/jklovelike/50010931398
2006-11-17,Fri,11,Economy,한국 인터넷 '우물 안 개구리',17,0,0,,,,,https://blog.naver.com/jklovelike/50010931190
2006-11-17,Fri,11,Economy,글로벌 인재의 중요성,11,0,0,,,,,https://blog.naver.com/jklovelike/50010931127
2006-11-17,Fri,10,business strateg,“다름은 창조의 씨앗”,12,0,0,,,,,https://blog.naver.com/jklovelike/50010931001
2006-11-17,Fri,10,"교양,학문,사유","수험생들에게 보내는 편지, ‘수능’ 을 마친 청소년에게",31,0,2,,,,,https://blog.naver.com/jklovelike/50010930563
2006-11-17,Fri,10,"교양,학문,사유",미디어의 무의식적 성차별,13,0,0,,,,,https://blog.naver.com/jklovelike/50010930018
2006-11-17,Fri,10,책의 세계,"나, 구본형의 변화 이야기",14,0,0,,,,,https://blog.naver.com/jklovelike/50010929828
2006-11-17,Fri,10,Recruit/Career,MBA 교육에 대한 단상,13,0,0,,,,,https://blog.naver.com/jklovelike/50010929762
2006-11-17,Fri,10,Recruit/Career,일과 여가의 균형이 필요하다,15,0,0,,,,,https://blog.naver.com/jklovelike/50010929677
2006-11-12,Sun,20,CEO/Enterpriser,어떤 사람,5,0,3,,,,,https://blog.naver.com/jklovelike/50010765661
2006-11-12,Sun,20,로스쿨/사시/행시/CPA,사법연수원 ‘1＋1안’ 허점투성이다,19,0,0,,,,,https://blog.naver.com/jklovelike/50010764356
2006-11-12,Sun,20,수능/수능공부법/합격수기,07수험생을 위한 실전경험 물씬 묻어나는 글,24,0,10,2658,0,1,0,https://blog.naver.com/jklovelike/50010764277
2006-11-12,Sun,15,'데미안'의 수능 칼럼 ,수능 수리 실전 풀이에 대한 조언과 요령,22,0,2,,,,,https://blog.naver.com/jklovelike/50010754374
2006-11-11,Sat,19,삶과 문화,숫자가 다는 아니다,10,0,0,,,,,https://blog.naver.com/jklovelike/50010727984
2006-11-11,Sat,19,"대학,대학인",'꿈'에 대한 현실과 이상 차이,17,0,1,,,,,https://blog.naver.com/jklovelike/50010727698
2006-11-10,Fri,14,CEO/Enterpriser,탁월한 CEO의 조건: from A to I,25,0,0,,,,,https://blog.naver.com/jklovelike/50010680890
2006-11-10,Fri,14,CEO/Enterpriser,앤드류 카네기 자서전,11,0,2,,,,,https://blog.naver.com/jklovelike/50010680830
2006-11-10,Fri,14,삶과 문화,내 친구 블로그,8,0,0,,,,,https://blog.naver.com/jklovelike/50010680192
2006-11-10,Fri,14,책의 세계,40대에 다시 쓰는 내 인생의 이력서,20,0,0,,,,,https://blog.naver.com/jklovelike/50010680029
2006-11-10,Fri,14,CEO/Enterpriser,외국인 CEO ‘한국 속으로…’,17,0,0,,,,,https://blog.naver.com/jklovelike/50010679943
2006-11-09,Thu,20,우리들의 대한민국,빵과 장미,6,0,0,,,,,https://blog.naver.com/jklovelike/50010658088
2006-11-09,Thu,20,Economy,'재벌 사회공헌' 평가절하 이유,17,0,0,,,,,https://blog.naver.com/jklovelike/50010657788
2006-11-09,Thu,20,우리들의 대한민국,개인적 역동성과 공동체 가치,15,0,0,,,,,https://blog.naver.com/jklovelike/50010657721
2006-11-09,Thu,12,우리들의 대한민국,'삼성 대통령'의 21세기 화두,17,0,0,,,,,https://blog.naver.com/jklovelike/50010643328
2006-11-09,Thu,12,"교양,학문,사유",고종석 - 허영의 용도,12,0,0,,,,,https://blog.naver.com/jklovelike/50010643321
2006-11-09,Thu,12,"대학,대학인",주입식 강의보다 토론식 수업 절실,18,0,0,,,,,https://blog.naver.com/jklovelike/50010643234
2006-11-09,Thu,12,교육의 혁명,교육 어디로 가고 있는가?,14,0,0,,,,,https://blog.naver.com/jklovelike/50010643085
2006-11-09,Thu,12,business strateg,"기업, 고객 감성지수에 주목하자",17,0,0,,,,,https://blog.naver.com/jklovelike/50010643022
2006-11-09,Thu,11,수능/수능공부법/합격수기,수능 기출분석의 기본적 방법론에 대한 고찰,23,1,5,2194,0,4,0,https://blog.naver.com/jklovelike/50010642937
2006-11-09,Thu,11,수능/수능공부법/합격수기,D-7 마지막 조언,10,0,1,2542,0,4,0,https://blog.naver.com/jklovelike/50010641875
2006-11-08,Wed,11,책의 세계,20년 벌어 50년 사는 인생설계,18,0,0,,,,,https://blog.naver.com/jklovelike/50010606788
2006-11-07,Tue,13,CEO/Enterpriser,절박함,4,0,1,,,,,https://blog.naver.com/jklovelike/50010573935
2006-11-07,Tue,13,"대학,대학인",믿을 건 오직 자기자신 뿐입니다,17,0,3,,,,,https://blog.naver.com/jklovelike/50010573470
2006-11-07,Tue,11,business strateg,혁신의 첫걸음,7,0,0,,,,,https://blog.naver.com/jklovelike/50010570677
2006-11-07,Tue,11,교육의 혁명,새 교육 화두―글로벌 리더 교육,17,0,1,,,,,https://blog.naver.com/jklovelike/50010570454
2006-11-07,Tue,11,책의 세계,2 막,3,0,0,,,,,https://blog.naver.com/jklovelike/50010570322
2006-11-05,Sun,14,Na,성격테스트 - 내가 보는 나,16,0,2,,,,,https://blog.naver.com/jklovelike/50010495310
2006-11-05,Sun,14,교육의 혁명,세상에 게으른 아이는 없다,14,0,4,,,,,https://blog.naver.com/jklovelike/50010494268
2006-11-04,Sat,14,CEO/Enterpriser,리카싱 회장,7,0,1,,,,,https://blog.naver.com/jklovelike/50010454027
2006-11-04,Sat,14,책의 세계,다독(多讀),7,0,0,,,,,https://blog.naver.com/jklovelike/50010453957
2006-11-04,Sat,14,교육의 혁명,사진 속의 선생님들,10,0,0,,,,,https://blog.naver.com/jklovelike/50010453568
2006-11-04,Sat,14,교육의 혁명,서울대가 소외계층을 배려해야 하는 이유,21,0,0,,,,,https://blog.naver.com/jklovelike/50010453460
2006-11-04,Sat,14,책의 세계,독 서 단 상,7,0,0,,,,,https://blog.naver.com/jklovelike/50010453377
2006-11-04,Sat,13,"대학,대학인","11월, 대학도 매니페스토가 필요하다",20,0,0,,,,,https://blog.naver.com/jklovelike/50010453068
2006-11-03,Fri,19,CEO/Enterpriser,철인 CEO(Chief Endurance Officer),31,0,0,,,,,https://blog.naver.com/jklovelike/50010426906
2006-11-03,Fri,19,투자/주식,직장인이 꼭 알아둬야 할 재테크,17,0,1,,,,,https://blog.naver.com/jklovelike/50010426841
2006-11-03,Fri,19,교양/학문/사유,공적인 일을 하는 사람들,13,0,0,,,,,https://blog.naver.com/jklovelike/50010426190
2006-11-03,Fri,19,Recruit/Career,샐러던트,4,0,0,,,,,https://blog.naver.com/jklovelike/50010426117
2006-11-02,Thu,19,교양/학문/사유,말이 아니라 행동으로,11,0,1,,,,,https://blog.naver.com/jklovelike/50010388619
2006-11-02,Thu,19,Economy,'집의 노예' 된 대한민국 중산층,18,0,0,,,,,https://blog.naver.com/jklovelike/50010387997
2006-11-02,Thu,19,business strateg,윤리경영을 위한 신호등,12,0,0,,,,,https://blog.naver.com/jklovelike/50010387914
2006-11-02,Thu,19,교육의 혁명,논술시험의 딜레마,9,0,0,,,,,https://blog.naver.com/jklovelike/50010387849
2006-11-02,Thu,19,교육의 혁명,"한국 교육, 누가 거짓말 하나?",17,0,0,,,,,https://blog.naver.com/jklovelike/50010387797
2006-11-01,Wed,16,투자/주식,돈 버는 법,7,0,4,,,,,https://blog.naver.com/jklovelike/50010341965
2006-11-01,Wed,16,Na,시간이 지날수록,8,0,0,,,,,https://blog.naver.com/jklovelike/50010341855
2006-11-01,Wed,15,"대학,대학인",맞춤형 인재 양성론의 허실,14,0,0,,,,,https://blog.naver.com/jklovelike/50010341189
2006-11-01,Wed,15,business strateg,잘나가는 기업의 비밀,11,0,1,,,,,https://blog.naver.com/jklovelike/50010341008
2006-11-01,Wed,15,교양/학문/사유,진정한 나,5,0,0,,,,,https://blog.naver.com/jklovelike/50010340851
2006-11-01,Wed,15,우리들의 대한민국,강준만 - 적당주의,10,0,0,,,,,https://blog.naver.com/jklovelike/50010340690
2006-11-01,Wed,15,Economy,창의적 인재양성과 디지털 강국,16,0,1,,,,,https://blog.naver.com/jklovelike/50010340588
2006-10-31,Tue,10,투자/주식,부자가 되는 길,9,0,0,,,,,https://blog.naver.com/jklovelike/50010295062
2006-10-31,Tue,10,business strateg,해외시장 개척 최고의 경쟁력,15,0,0,,,,,https://blog.naver.com/jklovelike/50010294894
2006-10-31,Tue,10,교육의 혁명,"영재교육, 엘리트주의 버려라",15,0,0,,,,,https://blog.naver.com/jklovelike/50010294791
2006-10-31,Tue,10,삶과 문화,두 개의 이름으로 사는 세상,15,0,0,,,,,https://blog.naver.com/jklovelike/50010294734
2006-10-31,Tue,10,교육의 혁명,논술과 책문,6,0,0,,,,,https://blog.naver.com/jklovelike/50010294700
2006-10-31,Tue,10,"대학,대학인",비싼 수업료가 아까운 美 대학교육,18,0,0,,,,,https://blog.naver.com/jklovelike/50010294611
2006-10-29,Sun,14,투자/주식,부를 향한 관문,9,0,0,,,,,https://blog.naver.com/jklovelike/50010224833
2006-10-28,Sat,21,지식의 정리,대학이란 무엇인가?,10,0,0,,,,,https://blog.naver.com/jklovelike/50010202307
2006-10-28,Sat,21,교양/학문/사유,잃어버린 시간을 찾아서…,13,0,0,,,,,https://blog.naver.com/jklovelike/50010201899
2006-10-28,Sat,13,책의 세계,자기계발 저술가 공병호씨,14,0,0,,,,,https://blog.naver.com/jklovelike/50010185325
2006-10-28,Sat,13,교육의 혁명,‘어른들의 빈말’ 세가지,13,0,0,,,,,https://blog.naver.com/jklovelike/50010184871
2006-10-28,Sat,13,Economy,새차 값이 떨어지는 나라,13,0,0,,,,,https://blog.naver.com/jklovelike/50010184717
2006-10-28,Sat,12,교양/학문/사유,백면서생의 변신,8,0,0,,,,,https://blog.naver.com/jklovelike/50010184566
2006-10-28,Sat,12,"대학,대학인",휴학생의 변명,7,0,1,,,,,https://blog.naver.com/jklovelike/50010184456
2006-10-27,Fri,19,우리들의 대한민국,베를루스코니와 삼성,11,0,0,,,,,https://blog.naver.com/jklovelike/50010156373
2006-10-27,Fri,18,책의 세계,이 쓸쓸한 독서의 계절,12,0,0,,,,,https://blog.naver.com/jklovelike/50010156267
2006-10-27,Fri,14,'데미안'의 젊은 날의 초상,나를 닦기는 가을서리처럼 차고 매섭게,20,11,3,,,,,https://blog.naver.com/jklovelike/50010146790
2006-10-27,Fri,12,우리들의 대한민국,법치국가라는 새 유령,11,0,0,,,,,https://blog.naver.com/jklovelike/50010144314
2006-10-27,Fri,12,CEO/Enterpriser,갑부들의 유산,7,0,0,,,,,https://blog.naver.com/jklovelike/50010142994
2006-10-27,Fri,12,Na,SKT 싫다,6,0,0,,,,,https://blog.naver.com/jklovelike/50010142946
2006-10-26,Thu,15,책의 세계,새내기 대학생의 책 읽기,13,0,2,,,,,https://blog.naver.com/jklovelike/50010109773
2006-10-25,Wed,19,"대학,대학인",후배라도 나이 많으면 ‘언니·오빠’…선후배관계 흐려져,29,0,7,,,,,https://blog.naver.com/jklovelike/50010082985
2006-10-25,Wed,19,"대학,대학인",시험 끝나면 책 읽으러 도서관 갈까,19,0,1,,,,,https://blog.naver.com/jklovelike/50010082927
2006-10-25,Wed,19,우리들의 대한민국,공무원 열풍에 대처하는 나의 자세,19,0,6,,,,,https://blog.naver.com/jklovelike/50010082313
2006-10-25,Wed,19,책의 세계,(&lt;월든&gt;) ‘가난한 풍요’ 몸소 일군 경제실험,32,0,2,,,,,https://blog.naver.com/jklovelike/50010081896
2006-10-25,Wed,18,우리들의 대한민국,최규하의 영전에 바칠 꽃은 없다,17,0,0,,,,,https://blog.naver.com/jklovelike/50010081298
2006-10-25,Wed,18,삶과 문화,멋대로 살아라,7,0,0,,,,,https://blog.naver.com/jklovelike/50010081015
2006-10-24,Tue,19,삶과 문화,한 우물만 팔 필요는 없다,14,0,0,,,,,https://blog.naver.com/jklovelike/50010045062
2006-10-24,Tue,19,교양/학문/사유,이해한다는 말을 이해하는가,15,0,0,,,,,https://blog.naver.com/jklovelike/50010044446
2006-10-24,Tue,19,교육의 혁명,영재교육 속에 영재교사가 없다,16,0,0,,,,,https://blog.naver.com/jklovelike/50010044347
2006-10-23,Mon,11,교양/학문/사유,'Becker - Posner 블로그'를 보며,25,0,0,,,,,https://blog.naver.com/jklovelike/50009994544
2006-10-22,Sun,18,CEO/Enterpriser,시대에 맞는 리더십,10,0,0,,,,,https://blog.naver.com/jklovelike/50009967067
2006-10-22,Sun,18,economy,젊은이들을 기다리는 미래,14,0,0,,,,,https://blog.naver.com/jklovelike/50009966730
2006-10-22,Sun,18,투자/주식,돈을 모으는 방법,10,0,0,,,,,https://blog.naver.com/jklovelike/50009966443
2006-10-21,Sat,14,CEO/Enterpriser,학습한다는 것은...,12,0,0,,,,,https://blog.naver.com/jklovelike/50009918704
2006-10-21,Sat,13,교육의 혁명,수능시험 표준화 절실하다,13,0,0,,,,,https://blog.naver.com/jklovelike/50009917419
2006-10-20,Fri,11,교양/학문/사유,"왜, 우리는 철학을 필요로 하는가?",20,0,0,,,,,https://blog.naver.com/jklovelike/50009870340
2006-10-20,Fri,11,Recruit/Career,개인의 경쟁력 강화를 위한 13가지 방법,23,0,1,,,,,https://blog.naver.com/jklovelike/50009870198
2006-10-20,Fri,11,Recruit/Career,글로벌 인재의 조건,11,0,0,,,,,https://blog.naver.com/jklovelike/50009870160
2006-10-20,Fri,11,Recruit/Career,미래가 요구하는 인재,12,0,0,,,,,https://blog.naver.com/jklovelike/50009870086
2006-10-20,Fri,11,CEO/Enterpriser,경영에 성공하는 방법,11,0,0,,,,,https://blog.naver.com/jklovelike/50009869824
2006-10-19,Thu,20,economy,마이클 포터가 한국에 던진 충고,17,0,0,,,,,https://blog.naver.com/jklovelike/50009853606
2006-10-19,Thu,20,교육의 혁명,민주주의와 논술,8,0,0,,,,,https://blog.naver.com/jklovelike/50009853486
2006-10-19,Thu,20,economy,‘얼굴 없는’ 재벌총수,12,0,0,,,,,https://blog.naver.com/jklovelike/50009853307
2006-10-19,Thu,20,교육의 혁명,논술이 인문학 위기의 구세주?,16,0,0,,,,,https://blog.naver.com/jklovelike/50009853221
2006-10-19,Thu,20,교육의 혁명,유대인과 노벨상,8,0,0,,,,,https://blog.naver.com/jklovelike/50009853073
2006-10-19,Thu,9,business strateg,상상력의 힘을 믿으세요,12,0,6,,,,,https://blog.naver.com/jklovelike/50009833406
2006-10-18,Wed,16,Career Coaching,취업스트레스 해소법에 대한 Q&A,18,0,0,,,,,https://blog.naver.com/jklovelike/50009806749
2006-10-18,Wed,16,Career Coaching,효율적으로 일하는 방법,12,0,0,,,,,https://blog.naver.com/jklovelike/50009806626
2006-10-18,Wed,16,교육의 혁명,‘한스 기벤라트’의 어린시절,15,0,0,,,,,https://blog.naver.com/jklovelike/50009806273
2006-10-18,Wed,16,교양/학문/사유,인문학의 부흥,7,0,0,,,,,https://blog.naver.com/jklovelike/50009806021
2006-10-18,Wed,16,삶과 문화,당신이 젊어져야 하는 이유,14,0,0,,,,,https://blog.naver.com/jklovelike/50009805985
2006-10-18,Wed,16,economy,톰 피터슨의 '나쁜 회사',14,0,1,,,,,https://blog.naver.com/jklovelike/50009805922
2006-10-18,Wed,16,교육의 혁명,대한민국 학원공화국,10,0,0,,,,,https://blog.naver.com/jklovelike/50009805874
2006-10-18,Wed,16,우리들의 대한민국,‘대한남아’의 굴레,10,0,0,,,,,https://blog.naver.com/jklovelike/50009805792
2006-10-18,Wed,16,"통섭,학문,삶,사유",우리는 동아시아인이 될 수 있는가?,20,0,0,,,,,https://blog.naver.com/jklovelike/50009805660
2006-10-18,Wed,16,삶과 문화,인생의 공허함의 해결방법은 ‘선행’,19,0,0,,,,,https://blog.naver.com/jklovelike/50009805502
2006-10-18,Wed,16,business strateg,진정 창조경영을 하겠다면,13,0,0,,,,,https://blog.naver.com/jklovelike/50009805285
2006-10-18,Wed,16,우리들의 대한민국,"사회투자국가, 신자유주의의 대안?",18,0,0,,,,,https://blog.naver.com/jklovelike/50009805180
2006-10-18,Wed,16,우리들의 대한민국,‘일류기업’과 ‘사류정치’,14,0,0,,,,,https://blog.naver.com/jklovelike/50009805034
2006-10-18,Wed,16,교양/학문/사유,지식산업시대 기초는 수학,13,0,0,,,,,https://blog.naver.com/jklovelike/50009804915
2006-10-18,Wed,15,우리들의 대한민국,고소득 전문직과 노블레스 오블리주,18,0,1,,,,,https://blog.naver.com/jklovelike/50009804723
2006-10-17,Tue,19,삶과 문화,외국어보다 중요한 자기표현,14,0,0,,,,,https://blog.naver.com/jklovelike/50009772635
2006-10-17,Tue,18,교양/학문/사유,강준만 - 비동시성의 동시성,15,0,0,,,,,https://blog.naver.com/jklovelike/50009772252
2006-10-15,Sun,10,책의 세계,조금 웃기는 가을 독서술 다섯가지,19,0,1,,,,,https://blog.naver.com/jklovelike/50009678084
2006-10-15,Sun,10,CEO/Enterpriser,톰 피터스,5,0,0,,,,,https://blog.naver.com/jklovelike/50009678034
2006-10-14,Sat,19,로스쿨/사시/행시/CPA,사법시험에 합격한다는 것,13,0,14,,,,,https://blog.naver.com/jklovelike/50009661276
2006-10-14,Sat,19,로스쿨/사시/행시/CPA,서울법대생의 사법시험 수험기간에 관계된 몇가지 첨언,28,1,18,,,,,https://blog.naver.com/jklovelike/50009660659
2006-10-14,Sat,19,우리들의 대한민국,검사는 무엇으로 사는가,12,0,0,,,,,https://blog.naver.com/jklovelike/50009660373
2006-10-14,Sat,19,"대학,대학인",고달픈 대학가 '알바생',13,0,0,,,,,https://blog.naver.com/jklovelike/50009660348
2006-10-13,Fri,20,교양/학문/사유,"신영복 - 대립과 갈등의 시대, 진정한 소통을 위하여",30,0,2,,,,,https://blog.naver.com/jklovelike/50009626905
2006-10-13,Fri,20,CEO/Enterpriser,예종석의 'CEO에게 보내는 편지' -  최고의 직장 만들기,34,0,0,,,,,https://blog.naver.com/jklovelike/50009626610
2006-10-13,Fri,19,교양/학문/사유,"인문학의 위기, 현대문명의 위기",17,0,0,,,,,https://blog.naver.com/jklovelike/50009626126
2006-10-13,Fri,19,우리들의 대한민국,서글픈 판검사의 싸움풍경,13,0,0,,,,,https://blog.naver.com/jklovelike/50009625930
2006-10-13,Fri,19,"대학,대학인",대학을 지배하는 어둠의 힘,14,0,0,,,,,https://blog.naver.com/jklovelike/50009625852
2006-10-13,Fri,19,Career Coaching,`나에게 맞는 일자리` 찾기,15,0,0,,,,,https://blog.naver.com/jklovelike/50009625793
2006-10-13,Fri,19,"대학,대학인",대학사회 당면 과제,10,0,0,,,,,https://blog.naver.com/jklovelike/50009625679
2006-10-11,Wed,14,지식의 정리,대학생들의 진로개발 및 경력개발 미션 37가지,26,0,8,,,,,https://blog.naver.com/jklovelike/50009552197
2006-10-11,Wed,14,우리들의 대한민국,"한글을 수출하자, 한국을 수출하자",18,0,0,,,,,https://blog.naver.com/jklovelike/50009551806
2006-10-11,Wed,14,우리들의 대한민국,강준만 - '박원순 모델'의 명암,18,0,0,,,,,https://blog.naver.com/jklovelike/50009551670
2006-10-11,Wed,14,삶과 문화,솔직하게 말하기,8,0,0,,,,,https://blog.naver.com/jklovelike/50009551596
2006-10-11,Wed,13,우리들의 대한민국,박노자 - ‘북방 사극’: 화면 속의 ‘페니스 파시즘’,30,0,1,,,,,https://blog.naver.com/jklovelike/50009550845
2006-10-11,Wed,13,교육의 혁명,자유를 가르쳐준 괴짜,11,0,0,,,,,https://blog.naver.com/jklovelike/50009550674
2006-10-11,Wed,13,삶과 문화,진지함의 아름다움,9,0,0,,,,,https://blog.naver.com/jklovelike/50009550578
2006-10-10,Tue,16,CEO/Enterpriser,"리더들이여, 광고보단 기사를 써라",18,0,0,,,,,https://blog.naver.com/jklovelike/50009521142
2006-10-10,Tue,16,"대학,대학인",통섭의 시대를 위한 대학교육,15,0,3,,,,,https://blog.naver.com/jklovelike/50009520992
2006-10-10,Tue,16,교양/학문/사유,학벌주의 극복은 자기성찰로부터,16,1,3,,,,,https://blog.naver.com/jklovelike/50009520605
2006-10-10,Tue,11,삶과 문화,세월은 제 속도로 간다,12,0,0,,,,,https://blog.naver.com/jklovelike/50009513855
2006-10-09,Mon,11,교양/학문/사유,사형보다 무서운 것은?,13,0,0,,,,,https://blog.naver.com/jklovelike/50009480131
2006-10-08,Sun,12,'데미안'의 젊은 날의 초상,대기만성을 꿈꿔라,9,10,9,,,,,https://blog.naver.com/jklovelike/50009449209
2006-10-08,Sun,10,economy,일자리 먹는 하마,9,0,0,,,,,https://blog.naver.com/jklovelike/50009447139
2006-10-04,Wed,18,삶과 문화,'전업 주부의 희망' 올브라이트,17,0,0,,,,,https://blog.naver.com/jklovelike/50009357914
2006-10-04,Wed,18,교양/학문/사유,"돈에 의한, 돈을 위한",12,0,0,,,,,https://blog.naver.com/jklovelike/50009357774
2006-10-04,Wed,18,Career Coaching,주말 또는 연휴의 경제학,13,0,0,,,,,https://blog.naver.com/jklovelike/50009357697
2006-10-04,Wed,18,삶과 문화,가장 감동적인 선물은 마음입니다,17,0,0,,,,,https://blog.naver.com/jklovelike/50009357607
2006-10-04,Wed,11,책의 세계,시간관리에 대한 두 권의 책,15,0,3,,,,,https://blog.naver.com/jklovelike/50009344923
2006-10-03,Tue,21,교양/학문/사유,자격증과 실력,7,0,0,,,,,https://blog.naver.com/jklovelike/50009329176
2006-10-03,Tue,21,교육의 혁명,학생의 대학 선택은 가능한가,15,0,0,,,,,https://blog.naver.com/jklovelike/50009328972
2006-10-03,Tue,21,교육의 혁명,교육에 대한 단상,9,0,0,,,,,https://blog.naver.com/jklovelike/50009328415
2006-10-03,Tue,21,교양/학문/사유,인문학의 위기,7,0,0,,,,,https://blog.naver.com/jklovelike/50009328173
2006-10-03,Tue,21,우리들의 대한민국,도덕적 선진국의 척도,11,0,0,,,,,https://blog.naver.com/jklovelike/50009328040
2006-10-03,Tue,21,교양/학문/사유,이 시대 인문학과 예술의 자리,16,0,0,,,,,https://blog.naver.com/jklovelike/50009327970
2006-10-03,Tue,21,우리들의 대한민국,나는 &quot;대통령감&quot; 아니다,23,0,0,,,,,https://blog.naver.com/jklovelike/50009327867
2006-10-03,Tue,21,우리들의 대한민국,미국과 중국사이,8,0,0,,,,,https://blog.naver.com/jklovelike/50009327692
2006-10-03,Tue,21,우리들의 대한민국,남성들만 변하면 된다,11,0,3,,,,,https://blog.naver.com/jklovelike/50009327556
2006-10-03,Tue,21,우리들의 대한민국,"여성의 삶, 해방되었는가",13,0,0,,,,,https://blog.naver.com/jklovelike/50009327542
2006-10-03,Tue,21,우리들의 대한민국,법원은 개혁하고 계십니까?,14,0,0,,,,,https://blog.naver.com/jklovelike/50009327368
2006-10-03,Tue,21,교양/학문/사유,진보주의자로 산다는 것,12,0,1,,,,,https://blog.naver.com/jklovelike/50009327167
2006-10-03,Tue,21,"통섭,학문,삶,사유",야심 드러낸 ‘중화 패권주의’,16,0,0,,,,,https://blog.naver.com/jklovelike/50009327095
2006-10-03,Tue,11,투자/주식,부자는 30대 초반에 결정된다,16,0,3,,,,,https://blog.naver.com/jklovelike/50009309196
2006-10-03,Tue,8,economy,여성이 뜬다,6,0,2,,,,,https://blog.naver.com/jklovelike/50009304319
2006-10-03,Tue,8,우리들의 대한민국,감옥 안에서 법조계를 보면서,15,0,0,,,,,https://blog.naver.com/jklovelike/50009304267
2006-10-03,Tue,8,삶과 문화,정신은 마르고 문화는 쇠퇴하고,16,0,0,,,,,https://blog.naver.com/jklovelike/50009304167
2006-10-02,Mon,10,교육의 혁명,사라져야 할 ‘숙제대행업’,14,0,0,,,,,https://blog.naver.com/jklovelike/50009271927
2006-10-01,Sun,20,"대학,대학인",네가 읽으니까 나도 읽는다? 따라 읽는 대학생,26,0,4,,,,,https://blog.naver.com/jklovelike/50009258107
2006-10-01,Sun,20,책의 세계,'실용서'라는 이름의 도깨비,16,0,1,,,,,https://blog.naver.com/jklovelike/50009258042
2006-10-01,Sun,20,교양/학문/사유,[인문학의 위기] ‘인간성’ 상실…‘책읽기’로 복원,29,0,1,,,,,https://blog.naver.com/jklovelike/50009257765
2006-10-01,Sun,20,책의 세계,논리보다 중요한 독서의 즐거움,17,0,0,,,,,https://blog.naver.com/jklovelike/50009257359
2006-10-01,Sun,20,교양/학문/사유,공적공간의 윤리성과 인문교육,15,0,0,,,,,https://blog.naver.com/jklovelike/50009257271
2006-10-01,Sun,20,"통섭,학문,삶,사유",세계화는 변해야 한다,11,0,0,,,,,https://blog.naver.com/jklovelike/50009256982
2006-10-01,Sun,20,economy,두 얼굴의 펀드 자본주의,13,0,0,,,,,https://blog.naver.com/jklovelike/50009256815
2006-10-01,Sun,20,economy,국가경쟁력 '5ㆍ5ㆍ5전략',15,0,0,,,,,https://blog.naver.com/jklovelike/50009256637
2006-10-01,Sun,20,"통섭,학문,삶,사유",프랑스 알제리인과 재일 조선인,16,0,0,,,,,https://blog.naver.com/jklovelike/50009256557
2006-10-01,Sun,20,교양/학문/사유,대한민국에 책방과 도서관을 허하라,18,0,0,,,,,https://blog.naver.com/jklovelike/50009256328
2006-10-01,Sun,20,economy,팽개쳐진 신성장동력 산업,13,0,0,,,,,https://blog.naver.com/jklovelike/50009256049
2006-10-01,Sun,20,우리들의 대한민국,테러만은 안된다,8,0,0,,,,,https://blog.naver.com/jklovelike/50009255967
2006-09-30,Sat,21,교양/학문/사유,인문학이 위기인가?,11,0,0,,,,,https://blog.naver.com/jklovelike/50009226599
2006-09-30,Sat,12,"대학,대학인","대학교육, 대학생의 권리를 보장하라",19,0,0,,,,,https://blog.naver.com/jklovelike/50009208307
2006-09-30,Sat,12,교양/학문/사유,과잉 미디어,6,0,0,,,,,https://blog.naver.com/jklovelike/50009208123
2006-09-30,Sat,12,삶과 문화,당신과 살아서 행복합니다,13,0,0,,,,,https://blog.naver.com/jklovelike/50009208095
2006-09-30,Sat,12,우리들의 대한민국,손학규의 행복과 불행,11,0,2,,,,,https://blog.naver.com/jklovelike/50009207962
2006-09-29,Fri,19,교양/학문/사유,인문학 안팎의 ‘경제주의’,14,0,1,,,,,https://blog.naver.com/jklovelike/50009187308
2006-09-29,Fri,19,교양/학문/사유,콩 세는 사람들과 인문학의 위기,18,0,2,,,,,https://blog.naver.com/jklovelike/50009187218
2006-09-29,Fri,18,교양/학문/사유,인문학 스타출현을 기대한다,14,0,0,,,,,https://blog.naver.com/jklovelike/50009186938
2006-09-29,Fri,9,economy,여성 CEO의 현재와 앞으로의 방향,19,0,0,,,,,https://blog.naver.com/jklovelike/50009170337
2006-09-29,Fri,9,business strateg,미래의 PR 트렌드,10,0,1,,,,,https://blog.naver.com/jklovelike/50009170236
2006-09-29,Fri,9,수능/수능공부법/합격수기,★9월 모의평가 채점 결과 및 기타 정보★(종합),27,0,5,2758,0,198,0,https://blog.naver.com/jklovelike/50009170130
2006-09-28,Thu,21,삶과 문화,한강 르네상스,7,0,0,,,,,https://blog.naver.com/jklovelike/50009159711
2006-09-28,Thu,21,교양/학문/사유,인문학의 효용,7,0,0,,,,,https://blog.naver.com/jklovelike/50009159666
2006-09-28,Thu,20,취업/경력관리 전략,가야할 길,5,0,0,,,,,https://blog.naver.com/jklovelike/50009158391
2006-09-28,Thu,17,CEO/Enterpriser,자기 사업의 길,8,0,0,,,,,https://blog.naver.com/jklovelike/50009151464
2006-09-28,Thu,17,취업/경력관리 전략,게으름은 가장 큰 걸림돌,14,0,0,,,,,https://blog.naver.com/jklovelike/50009151425
2006-09-28,Thu,16,"대학,대학인",우리나라 대학 경쟁력이 없다...한 교수의 변명,26,0,0,,,,,https://blog.naver.com/jklovelike/50009151155
2006-09-28,Thu,16,economy,정이 흐르는 디지털시대,12,0,0,,,,,https://blog.naver.com/jklovelike/50009150939
2006-09-28,Thu,16,economy,이야기꾼이 대접받는 시대,13,0,0,,,,,https://blog.naver.com/jklovelike/50009150831
2006-09-28,Thu,16,책의 세계,독서로 정신의 살 찌우자,13,0,0,,,,,https://blog.naver.com/jklovelike/50009150742
2006-09-28,Thu,11,business strateg,행복한 일터의 출발점,11,0,0,,,,,https://blog.naver.com/jklovelike/50009141784
2006-09-27,Wed,21,"통섭,학문,삶,사유",링컨형 대통령이 필요한 때다,15,0,0,,,,,https://blog.naver.com/jklovelike/50009128834
2006-09-27,Wed,21,교양/학문/사유,고종석 - 인문학의 위기?,14,0,1,,,,,https://blog.naver.com/jklovelike/50009128630
2006-09-27,Wed,21,교육의 혁명,“선생님은 자위하세요?” 라는 질문 어떻게…,24,0,0,,,,,https://blog.naver.com/jklovelike/50009128421
2006-09-27,Wed,21,economy,한국 펀드시장이 가야할 길,14,0,0,,,,,https://blog.naver.com/jklovelike/50009128226
2006-09-27,Wed,21,교육의 혁명,하버드에서의 일주일,10,0,0,,,,,https://blog.naver.com/jklovelike/50009128142
2006-09-27,Wed,20,"통섭,학문,삶,사유","한국 국민 여러분, 고맙습니다",17,0,0,,,,,https://blog.naver.com/jklovelike/50009127785
2006-09-27,Wed,20,삶과 문화,나만의 역사책,7,0,0,,,,,https://blog.naver.com/jklovelike/50009127582
2006-09-27,Wed,20,삶과 문화,여성의 힘,5,0,0,,,,,https://blog.naver.com/jklovelike/50009127374
2006-09-27,Wed,20,교육의 혁명,김우식 과기부 장관 - 문ㆍ이과 통합 절실하다,25,0,0,,,,,https://blog.naver.com/jklovelike/50009127184
2006-09-27,Wed,14,삶과 문화,짧아야 성공한다,8,0,0,,,,,https://blog.naver.com/jklovelike/50009117442
2006-09-27,Wed,14,교육의 혁명,'괴물'스러운 논술고사,12,0,0,,,,,https://blog.naver.com/jklovelike/50009117285
2006-09-27,Wed,14,CEO/Enterpriser,자수성가한 한 인물 이야기,15,0,0,,,,,https://blog.naver.com/jklovelike/50009117077
2006-09-27,Wed,13,취업/경력관리 전략,직업인을 위한 조언,10,0,0,,,,,https://blog.naver.com/jklovelike/50009114960
2006-09-27,Wed,13,CEO/Enterpriser,자기혁신,5,0,0,,,,,https://blog.naver.com/jklovelike/50009114160
2006-09-27,Wed,12,교양/학문/사유,인문학의 위기에는 행동으로,14,0,0,,,,,https://blog.naver.com/jklovelike/50009113900
2006-09-27,Wed,0,Na,바보같다.,5,0,0,,,,,https://blog.naver.com/jklovelike/50009103572
2006-09-26,Tue,23,교육의 혁명,교육산업의 교육 식민지화,13,0,0,,,,,https://blog.naver.com/jklovelike/50009102973
2006-09-26,Tue,20,교양/학문/사유,진중권 - 글쓰기의 영도(零度),17,0,0,,,,,https://blog.naver.com/jklovelike/50009097594
2006-09-26,Tue,20,교육의 혁명,과교흥국(科敎興國),10,0,0,,,,,https://blog.naver.com/jklovelike/50009097125
2006-09-26,Tue,20,교양/학문/사유,&quot;이 녀석아 진리가 변하냐?&quot;,26,0,0,,,,,https://blog.naver.com/jklovelike/50009097073
2006-09-26,Tue,20,우리들의 대한민국,강준만 - 오락 공화국,12,0,0,,,,,https://blog.naver.com/jklovelike/50009097029
2006-09-26,Tue,20,책의 세계,"가을, 독서의 계절 맞나?",14,0,0,,,,,https://blog.naver.com/jklovelike/50009096878
2006-09-26,Tue,20,교양/학문/사유,인문학의 위기,7,0,0,,,,,https://blog.naver.com/jklovelike/50009096818
2006-09-26,Tue,20,교양/학문/사유,홍세화 - 인문학의 위기,13,0,0,,,,,https://blog.naver.com/jklovelike/50009096751
2006-09-26,Tue,16,우리들의 대한민국,"원로님, 참으세요!",10,0,0,,,,,https://blog.naver.com/jklovelike/50009090446
2006-09-26,Tue,16,economy,나쁜 기억이 오래 가는 이유,15,0,0,,,,,https://blog.naver.com/jklovelike/50009090029
2006-09-26,Tue,16,우리들의 대한민국,정치권의 남성중심적 담론,13,0,0,,,,,https://blog.naver.com/jklovelike/50009089946
2006-09-26,Tue,16,economy,한국 자본시장의 미래,11,0,1,,,,,https://blog.naver.com/jklovelike/50009089860
2006-09-26,Tue,15,CEO/Enterpriser,"CEO, 홀로 된다는 것",13,0,0,,,,,https://blog.naver.com/jklovelike/50009089705
2006-09-26,Tue,15,"대학,대학인",대학이 사라진다,8,0,1,,,,,https://blog.naver.com/jklovelike/50009089594
2006-09-26,Tue,15,"통섭,학문,삶,사유",세계화의 진정한 의미,11,0,0,,,,,https://blog.naver.com/jklovelike/50009089352
2006-09-26,Tue,15,business strateg,기업문화 혁신의 新트렌드,13,0,0,,,,,https://blog.naver.com/jklovelike/50009089295
2006-09-26,Tue,12,교육의 혁명,교육열 유감,6,0,0,,,,,https://blog.naver.com/jklovelike/50009084580
2006-09-26,Tue,12,교양/학문/사유,진중권 - 우리 논쟁 수준은 청동기 코드,22,0,0,,,,,https://blog.naver.com/jklovelike/50009084497
2006-09-26,Tue,12,교양/학문/사유,"수백, 수천 명의 리영희가 있는 한국사회라면",24,0,1,,,,,https://blog.naver.com/jklovelike/50009084283
2006-09-26,Tue,12,우리들의 대한민국,홍세화  - 보수를 ‘보수’해내자,19,0,0,,,,,https://blog.naver.com/jklovelike/50009084104
2006-09-25,Mon,11,교양/학문/사유,'인문학 위기' 탈출구는 없는가,17,0,0,,,,,https://blog.naver.com/jklovelike/50009053001
2006-09-25,Mon,11,투자/주식,사소한데 목숨걸지 않고 부자되는 10가지 방법,25,0,2,,,,,https://blog.naver.com/jklovelike/50009052928
2006-09-25,Mon,11,투자/주식,돈벌려면 사소한 걱정을 멀리하라!,18,0,1,,,,,https://blog.naver.com/jklovelike/50009052865
2006-09-25,Mon,11,우리들의 대한민국,성범죄자에 더 엄격히 대응하라,16,0,8,,,,,https://blog.naver.com/jklovelike/50009052598
2006-09-25,Mon,11,economy,글로벌뱅크의 전제조건,11,0,0,,,,,https://blog.naver.com/jklovelike/50009052537
2006-09-25,Mon,10,교양/학문/사유,인문학이 살아나야하는 이유,14,0,0,,,,,https://blog.naver.com/jklovelike/50009052363
2006-09-25,Mon,10,business strateg,''페스카마號의 비극'' 다시 없으려면…,22,0,0,,,,,https://blog.naver.com/jklovelike/50009052265
2006-09-24,Sun,20,"통섭,학문,삶,사유",요시다 쇼인과 아베 신조,13,0,0,,,,,https://blog.naver.com/jklovelike/50009035888
2006-09-24,Sun,20,우리들의 대한민국,세탁의 정치,6,0,0,,,,,https://blog.naver.com/jklovelike/50009035790
2006-09-24,Sun,20,"통섭,학문,삶,사유",한중일 영불독,7,0,0,,,,,https://blog.naver.com/jklovelike/50009035711
2006-09-24,Sun,19,economy,"新 '신의 아들, 어둠의 자식들'",18,0,0,,,,,https://blog.naver.com/jklovelike/50009035550
2006-09-24,Sun,19,삶과 문화,한국의 수퍼우먼,8,0,0,,,,,https://blog.naver.com/jklovelike/50009035474
2006-09-24,Sun,19,economy,"벤처, 벤처기업, 벤처정신...",17,0,1,,,,,https://blog.naver.com/jklovelike/50009035410
2006-09-24,Sun,19,교양/학문/사유,인문학 위기는 이 땅의 위기,15,0,0,,,,,https://blog.naver.com/jklovelike/50009035344
2006-09-24,Sun,19,economy,미래 투자,5,0,0,,,,,https://blog.naver.com/jklovelike/50009034859
2006-09-24,Sun,11,CEO/Enterpriser,성공하는 CEO들의 일하는 방법,17,0,0,,,,,https://blog.naver.com/jklovelike/50009018163
2006-09-24,Sun,11,business strateg,"인재 채용, 또 하나의 결혼",15,0,0,,,,,https://blog.naver.com/jklovelike/50009017904
2006-09-24,Sun,11,교육의 혁명,모두가 하버드에 갈 필요는 없다,17,0,0,,,,,https://blog.naver.com/jklovelike/50009017818
2006-09-24,Sun,10,책의 세계,성취의 법칙(The Secret of Ages),27,0,1,,,,,https://blog.naver.com/jklovelike/50009017500
2006-09-23,Sat,21,교양/학문/사유,버섯 따러 간 천재 수학자,14,0,0,,,,,https://blog.naver.com/jklovelike/50009003166
2006-09-23,Sat,21,취업/경력관리 전략,일에서 도망가지 마라,12,0,1,,,,,https://blog.naver.com/jklovelike/50009002983
2006-09-23,Sat,21,교양/학문/사유,"인문학, 과학과 악수하라",14,0,1,,,,,https://blog.naver.com/jklovelike/50009002529
2006-09-23,Sat,21,책의 세계,종이책이 오래 살아남는 이유,16,0,0,,,,,https://blog.naver.com/jklovelike/50009002425
2006-09-23,Sat,13,"대학,대학인",5분 만에 리포트 쓰는 대딩들,16,0,0,,,,,https://blog.naver.com/jklovelike/50008989360
2006-09-23,Sat,13,교양/학문/사유,인문학이 돌아오고 있다,12,0,0,,,,,https://blog.naver.com/jklovelike/50008989300
2006-09-23,Sat,12,우리들의 대한민국,실질적 재판권을 국민에 돌려주라,18,0,0,,,,,https://blog.naver.com/jklovelike/50008989154
2006-09-23,Sat,12,삶과 문화,별을 잊은 아이들,9,0,0,,,,,https://blog.naver.com/jklovelike/50008989053
2006-09-23,Sat,12,"통섭,학문,삶,사유",유엔의 권위 지키려면,11,0,0,,,,,https://blog.naver.com/jklovelike/50008988975
2006-09-22,Fri,19,교양/학문/사유,신문 논조 신뢰성 위기,12,0,0,,,,,https://blog.naver.com/jklovelike/50008964671
2006-09-22,Fri,19,교양/학문/사유,인문학의 위기는 없다,11,0,3,,,,,https://blog.naver.com/jklovelike/50008964581
2006-09-22,Fri,19,삶과 문화,추석 선물을 준비하는 마음,14,0,0,,,,,https://blog.naver.com/jklovelike/50008964461
2006-09-22,Fri,19,교육의 혁명,논술을 보는 다른 시각,12,0,0,,,,,https://blog.naver.com/jklovelike/50008963480
2006-09-22,Fri,9,수능/수능공부법/합격수기,60일을 앞둔 수험생 여러분들께 보내는 방법론에 대한 이야기.,34,1,1,6492,0,1,0,https://blog.naver.com/jklovelike/50008944197
2006-09-22,Fri,9,투자/주식,우리 아이 부자될지 미리 아는 법,18,0,0,,,,,https://blog.naver.com/jklovelike/50008943972
2006-09-22,Fri,9,투자/주식,돈 복 없는 사람 부자만드는 7가지 처방전,23,0,0,,,,,https://blog.naver.com/jklovelike/50008943803
2006-09-22,Fri,8,교양/학문/사유,"왜, 다시 ‘인문학의 위기’인가?",19,0,0,,,,,https://blog.naver.com/jklovelike/50008943682
2006-09-21,Thu,22,인생의 계획(천 개의 꿈),자기 쇄신의 길,8,2,14,,,,,https://blog.naver.com/jklovelike/50008933818
2006-09-21,Thu,21,삶과 문화,문제는 부모였구나,9,0,0,,,,,https://blog.naver.com/jklovelike/50008932633
2006-09-21,Thu,21,경력관리 전략,취업을 준비하는 젊은이들에게,15,0,0,,,,,https://blog.naver.com/jklovelike/50008932426
2006-09-21,Thu,21,교육의 혁명,서울대 논술 유감,9,0,0,,,,,https://blog.naver.com/jklovelike/50008932380
2006-09-21,Thu,21,우리들의 대한민국,인재 양성에 눈 돌려라,12,0,0,,,,,https://blog.naver.com/jklovelike/50008932305
2006-09-21,Thu,21,economy,한국판 골드만삭스의 조건,13,0,1,,,,,https://blog.naver.com/jklovelike/50008932171
2006-09-21,Thu,21,economy,아시아 자본주의의 미래,12,0,0,,,,,https://blog.naver.com/jklovelike/50008932136
2006-09-21,Thu,11,교양/학문/사유,"영화, 인문학이 숨쉬는 현장",15,0,0,,,,,https://blog.naver.com/jklovelike/50008913622
2006-09-21,Thu,11,교양/학문/사유,인문학의 부흥은 제대로 된 글쓰기부터,20,0,0,,,,,https://blog.naver.com/jklovelike/50008913280
2006-09-21,Thu,11,CEO/Enterpriser,수트는 비즈니스 전투복,12,0,1,,,,,https://blog.naver.com/jklovelike/50008912995
2006-09-21,Thu,11,우리들의 대한민국,"전효숙, 그녀는 그곳에서 결코 졸지 않더라",23,0,0,,,,,https://blog.naver.com/jklovelike/50008912828
2006-09-20,Wed,20,교양/학문/사유,인문학은 학문의 ‘생명수’,15,0,1,,,,,https://blog.naver.com/jklovelike/50008889961
2006-09-20,Wed,20,교양/학문/사유,‘울타리’를 부숴라,12,0,0,,,,,https://blog.naver.com/jklovelike/50008889937
2006-09-20,Wed,20,business strateg,응용 아이디어,7,0,0,,,,,https://blog.naver.com/jklovelike/50008889501
2006-09-20,Wed,20,Na,어지럽다.,5,0,0,,,,,https://blog.naver.com/jklovelike/50008889412
2006-09-20,Wed,20,economy,말뿐인 투자자 보호,10,0,0,,,,,https://blog.naver.com/jklovelike/50008889082
2006-09-20,Wed,20,우리들의 대한민국,'성을 사는 것'에 반대하는 이유,18,0,0,,,,,https://blog.naver.com/jklovelike/50008888827
2006-09-20,Wed,20,교양/학문/사유,인문학의 길,6,0,0,,,,,https://blog.naver.com/jklovelike/50008888620
2006-09-20,Wed,8,우리들의 대한민국,그 아름답던 보수는 어디 갔나?,17,0,0,,,,,https://blog.naver.com/jklovelike/50008862117
2006-09-20,Wed,8,교양/학문/사유,인문학 선언과 황금사과,12,0,0,,,,,https://blog.naver.com/jklovelike/50008862059
2006-09-20,Wed,8,삶과 문화,"디지털, 느림의 미학",11,0,0,,,,,https://blog.naver.com/jklovelike/50008861996
2006-09-19,Tue,22,교양/학문/사유,인문학 이대로 죽일 수 없다,16,0,0,,,,,https://blog.naver.com/jklovelike/50008852467
2006-09-19,Tue,21,economy,'글로벌 사모펀드' 제대로 알아라,18,0,0,,,,,https://blog.naver.com/jklovelike/50008852420
2006-09-19,Tue,21,투자/주식,부자들이 빈털터리가 되는 2가지 이유,21,0,0,,,,,https://blog.naver.com/jklovelike/50008852385
2006-09-19,Tue,19,투자/주식,목표없는 투자는 ‘필패’,13,0,1,,,,,https://blog.naver.com/jklovelike/50008848250
2006-09-19,Tue,19,투자/주식,주식투자 ’감’으로 하지마라,15,0,0,,,,,https://blog.naver.com/jklovelike/50008848162
2006-09-19,Tue,19,투자/주식,꼭 알아두어야 할 저축 상식들,16,0,0,,,,,https://blog.naver.com/jklovelike/50008847680
2006-09-19,Tue,19,교양/학문/사유,"돈 버는 철학, 반성하는 철학",16,0,0,,,,,https://blog.naver.com/jklovelike/50008847443
2006-09-19,Tue,19,교육의 혁명,“선생님들은 철밥통?”,12,0,2,,,,,https://blog.naver.com/jklovelike/50008847356
2006-09-19,Tue,19,"통섭,학문,삶,사유",스웨덴 복지모델의 앞날,12,0,0,,,,,https://blog.naver.com/jklovelike/50008847250
2006-09-19,Tue,19,우리들의 대한민국,강준만 - 기회주의 공화국,14,0,1,,,,,https://blog.naver.com/jklovelike/50008847123
2006-09-19,Tue,19,삶과 문화,명품아 게 서라! 차브족이 있다(?),20,0,0,,,,,https://blog.naver.com/jklovelike/50008847044
2006-09-19,Tue,19,경력관리 전략,송곳의 지혜,6,0,1,,,,,https://blog.naver.com/jklovelike/50008846913
2006-09-19,Tue,19,교양/학문/사유,미디어 감각,6,0,0,,,,,https://blog.naver.com/jklovelike/50008846766
2006-09-19,Tue,18,교양/학문/사유,리영희씨의 퇴장,8,0,0,,,,,https://blog.naver.com/jklovelike/50008846606
2006-09-19,Tue,17,business strateg,IT 도입의 새로운 시각,13,0,0,,,,,https://blog.naver.com/jklovelike/50008843768
2006-09-19,Tue,17,economy,IT인재 육성의 겉과 속,13,0,0,,,,,https://blog.naver.com/jklovelike/50008843735
2006-09-19,Tue,17,business strateg,PR경영? 《수학의 정석》에 있다,18,0,0,,,,,https://blog.naver.com/jklovelike/50008843343
2006-09-19,Tue,17,business strateg,"기업경영, 소림사를 배워라",14,0,0,,,,,https://blog.naver.com/jklovelike/50008843313
2006-09-19,Tue,17,경력관리 전략,샐러리맨의 행복론,9,0,0,,,,,https://blog.naver.com/jklovelike/50008843037
2006-09-19,Tue,17,CEO/Enterpriser,제왕적이지 않은 CEO,12,0,0,,,,,https://blog.naver.com/jklovelike/50008842981
2006-09-19,Tue,17,교양/학문/사유,전자 민주주의,7,0,0,,,,,https://blog.naver.com/jklovelike/50008842827
2006-09-19,Tue,17,economy,‘플래시토피아’의 明暗’,13,0,1,,,,,https://blog.naver.com/jklovelike/50008842734
2006-09-19,Tue,16,수능/수능공부법/합격수기,<60일 집중해서 수리영역 1등급 찍기>,22,0,37,,,,,https://blog.naver.com/jklovelike/50008842541
2006-09-19,Tue,16,수능/수능공부법/합격수기,과연 얼마만큼 치열하게 살아가는가?? 왜 그렇지 못하는 것인가?,35,0,18,,,,,https://blog.naver.com/jklovelike/50008842414
2006-09-19,Tue,16,교육의 혁명,숙제 논쟁,5,0,0,,,,,https://blog.naver.com/jklovelike/50008842111
2006-09-19,Tue,16,교육의 혁명,논술시험에 대한 몇 가지 질문,16,0,0,,,,,https://blog.naver.com/jklovelike/50008841843
2006-09-19,Tue,16,우리들의 대한민국,동북공정 대응논리·연대로,13,0,1,,,,,https://blog.naver.com/jklovelike/50008841778
2006-09-19,Tue,16,우리들의 대한민국,''관행''이라는 이름의 부패 뿌리뽑자,21,0,0,,,,,https://blog.naver.com/jklovelike/50008841584
2006-09-19,Tue,16,교육의 혁명,그 많던 ‘개천의 용’은 어디로 갔을까,21,0,2,,,,,https://blog.naver.com/jklovelike/50008841454
2006-09-19,Tue,16,교양/학문/사유,&quot;한국은 왜 국학을 홀대합니까&quot;,27,0,0,,,,,https://blog.naver.com/jklovelike/50008841332
2006-09-19,Tue,16,business strateg,아름다운 `팔로우어`,11,0,0,,,,,https://blog.naver.com/jklovelike/50008841246
2006-09-19,Tue,16,우리들의 대한민국,강준만 - '희망 상업주의' 호황시대,20,0,0,,,,,https://blog.naver.com/jklovelike/50008841101
2006-09-19,Tue,16,교양/학문/사유,미다스의 선택,7,0,0,,,,,https://blog.naver.com/jklovelike/50008840994
2006-09-19,Tue,15,책의 세계,효과적인 독서의 5가지 요령,15,0,8,,,,,https://blog.naver.com/jklovelike/50008840563
2006-09-17,Sun,21,삶과 문화,나를 일깨운 말 “왜 꿈꾸지 않니？”,20,0,0,,,,,https://blog.naver.com/jklovelike/50008787500
2006-09-17,Sun,21,economy,부국으로 이끄는 혁신의 법칙,15,0,0,,,,,https://blog.naver.com/jklovelike/50008787409
2006-09-17,Sun,21,투자/주식,단숨에 부자 되는 법,11,0,1,,,,,https://blog.naver.com/jklovelike/50008787292
2006-09-17,Sun,21,투자/주식,&quot;부자를 약속하는 투자 원칙 20가지&quot;,31,0,1,,,,,https://blog.naver.com/jklovelike/50008786973
2006-09-17,Sun,21,투자/주식,"주가는 오목볼록한 거울, 기업의 미래 수익가치 봐라",28,0,0,,,,,https://blog.naver.com/jklovelike/50008786832
2006-09-17,Sun,21,투자/주식,사회 초년생의 재테크 상식,14,0,0,,,,,https://blog.naver.com/jklovelike/50008786781
2006-09-17,Sun,21,투자/주식,버핏의 원칙 &quot;참고 기다려라&quot;,26,0,0,,,,,https://blog.naver.com/jklovelike/50008786679
2006-09-17,Sun,21,투자/주식,성공투자의 조건,8,0,0,,,,,https://blog.naver.com/jklovelike/50008786631
2006-09-17,Sun,21,투자/주식,주식투자는 심리게임,10,0,0,,,,,https://blog.naver.com/jklovelike/50008786550
2006-09-17,Sun,21,교육의 혁명,역사교육은 현재를 밝히기 위한 ‘추론’의 시작,25,0,1,,,,,https://blog.naver.com/jklovelike/50008786374
2006-09-17,Sun,21,"통섭,학문,삶,사유",인구 강대국 미국,9,0,0,,,,,https://blog.naver.com/jklovelike/50008785926
2006-09-17,Sun,21,economy,인재를 찾아서,7,0,0,,,,,https://blog.naver.com/jklovelike/50008785839
2006-09-17,Sun,21,economy,트윈슈머,4,0,0,,,,,https://blog.naver.com/jklovelike/50008785783
2006-09-17,Sun,20,"통섭,학문,삶,사유","고이즈미 시대, 아베 시대",14,0,0,,,,,https://blog.naver.com/jklovelike/50008785613
2006-09-17,Sun,20,교육의 혁명,다시 기본으로,7,0,0,,,,,https://blog.naver.com/jklovelike/50008785537
2006-09-17,Sun,20,교육의 혁명,out 3위， in 48위,14,0,0,,,,,https://blog.naver.com/jklovelike/50008785412
2006-09-17,Sun,20,우리들의 대한민국,다른 나라 문화 존중,11,0,0,,,,,https://blog.naver.com/jklovelike/50008785347
2006-09-17,Sun,18,책의 세계,프리에이전트의 시대가 오고 있다,17,0,0,,,,,https://blog.naver.com/jklovelike/50008781489
2006-09-17,Sun,18,투자/주식,확실한 재테크,8,0,0,,,,,https://blog.naver.com/jklovelike/50008780050
2006-09-17,Sun,18,책의 세계,자아와 자기,7,0,1,,,,,https://blog.naver.com/jklovelike/50008779959
2006-09-17,Sun,17,투자/주식,혁명적 부,6,0,0,,,,,https://blog.naver.com/jklovelike/50008779812
2006-09-17,Sun,17,투자/주식,주가 하락이 즐거운 주식을 사라,18,0,0,,,,,https://blog.naver.com/jklovelike/50008779502
2006-09-17,Sun,17,우리들의 대한민국,의식·제도 선진화 하자,12,0,0,,,,,https://blog.naver.com/jklovelike/50008779170
2006-09-17,Sun,17,economy,사회적 공기(公器)로서 증권시장,17,0,0,,,,,https://blog.naver.com/jklovelike/50008779089
2006-09-17,Sun,17,경력관리 전략,월가의 전설 존 슬레이드,13,0,0,,,,,https://blog.naver.com/jklovelike/50008779062
2006-09-16,Sat,20,책의 세계,바보상자의 역습,8,0,0,,,,,https://blog.naver.com/jklovelike/50008752672
2006-09-16,Sat,20,삶과 문화,당신의 행복지수는?,10,0,1,,,,,https://blog.naver.com/jklovelike/50008751842
2006-09-16,Sat,20,business strateg,기업경영이론 대가 톰 피터스 인터뷰,19,0,0,,,,,https://blog.naver.com/jklovelike/50008751735
2006-09-16,Sat,17,economy,"아시아, 10년 도전 대비하라",16,0,0,,,,,https://blog.naver.com/jklovelike/50008747104
2006-09-16,Sat,17,"대학,대학인",모든 것은 생각의 차이,12,0,2,,,,,https://blog.naver.com/jklovelike/50008746976
2006-09-15,Fri,21,경력관리 전략,"지식시대, 자기혁신을 위한 조언",17,0,0,,,,,https://blog.naver.com/jklovelike/50008724088
2006-09-15,Fri,21,책의 세계,죽은 경제학자의 살아있는 아이디어,18,0,2,,,,,https://blog.naver.com/jklovelike/50008723965
2006-09-15,Fri,21,책의 세계,강의: 나의 동양고전 독법,14,0,1,,,,,https://blog.naver.com/jklovelike/50008723791
2006-09-15,Fri,21,삶과 문화,빨리 빨리 한국 ‘디지털 조급증’,18,0,0,,,,,https://blog.naver.com/jklovelike/50008723730
2006-09-15,Fri,21,교양/학문/사유,그들은 ‘보수주의자’가 아니다,16,0,0,,,,,https://blog.naver.com/jklovelike/50008723633
2006-09-15,Fri,21,교육의 혁명,기러기 아빠의 소고,10,0,0,,,,,https://blog.naver.com/jklovelike/50008723524
2006-09-15,Fri,21,삶과 문화,찍기 본능,5,0,2,,,,,https://blog.naver.com/jklovelike/50008723424
2006-09-15,Fri,21,삶과 문화,우주를 향한 꿈,8,0,0,,,,,https://blog.naver.com/jklovelike/50008723356
2006-09-15,Fri,20,책의 세계,젊은이들이 명심해야 할 것,15,0,0,,,,,https://blog.naver.com/jklovelike/50008720776
2006-09-15,Fri,20,교양/학문/사유,지식 답지 않은 지식,11,0,0,,,,,https://blog.naver.com/jklovelike/50008720670
2006-09-15,Fri,20,CEO/Enterpriser,치열함은 삶의 본질이다,13,0,0,,,,,https://blog.naver.com/jklovelike/50008720659
2006-09-15,Fri,20,경력관리 전략,백수들에게 고함,9,0,0,,,,,https://blog.naver.com/jklovelike/50008720614
2006-09-15,Fri,20,교육의 혁명,사교육비가 '재앙' 부른다,14,0,0,,,,,https://blog.naver.com/jklovelike/50008720510
2006-09-15,Fri,20,"대학,대학인",학문보다 취업 좇는 서울대,14,0,0,,,,,https://blog.naver.com/jklovelike/50008720448
2006-09-15,Fri,19,"통섭,학문,삶,사유",잃어버린 10년 되찾은 일본,15,0,0,,,,,https://blog.naver.com/jklovelike/50008720392
2006-09-15,Fri,19,economy,속도의 충돌,6,0,0,,,,,https://blog.naver.com/jklovelike/50008720277
2006-09-15,Fri,19,우리들의 대한민국,무례에 관대한 문화,10,0,0,,,,,https://blog.naver.com/jklovelike/50008720122
2006-09-15,Fri,19,우리들의 대한민국,비판을 사고 파는 부끄러운 언론,17,0,0,,,,,https://blog.naver.com/jklovelike/50008720089
2006-09-15,Fri,19,책의 세계,재테크에 대한 훈수,11,0,0,,,,,https://blog.naver.com/jklovelike/50008719580
2006-09-15,Fri,19,CEO/Enterpriser,사업가,4,0,0,,,,,https://blog.naver.com/jklovelike/50008719501
2006-09-15,Fri,11,책의 세계,자신을 불태우고 그 위에서 새로워져라,21,0,1,,,,,https://blog.naver.com/jklovelike/50008707787
2006-09-15,Fri,11,"통섭,학문,삶,사유",앨 고어가 이야기하는 환경 위기~,19,0,0,,,,,https://blog.naver.com/jklovelike/50008707613
2006-09-15,Fri,11,business strateg,미래에 가치를 창조하라,13,0,0,,,,,https://blog.naver.com/jklovelike/50008707410
2006-09-15,Fri,11,교육의 혁명,"사교육 붐, 소득재분배의 암초",16,0,0,,,,,https://blog.naver.com/jklovelike/50008707102
2006-09-15,Fri,10,삶과 문화,비보잉-그 참을 수 없는,13,0,0,,,,,https://blog.naver.com/jklovelike/50008706994
2006-09-15,Fri,10,교양/학문/교육,유학생 모시기,7,0,0,,,,,https://blog.naver.com/jklovelike/50008706954
2006-09-15,Fri,10,economy,우리가 제 2 창업에 나선 이유,17,0,0,,,,,https://blog.naver.com/jklovelike/50008706918
2006-09-15,Fri,10,우리들의 대한민국,"'개천에서 용 난다'는 건, 다 '옛말'",22,0,0,,,,,https://blog.naver.com/jklovelike/50008706743
2006-09-14,Thu,20,교양/학문/교육,배반의 지성,6,0,0,,,,,https://blog.naver.com/jklovelike/50008690604
2006-09-14,Thu,20,economy,인재를 키워라,7,0,1,,,,,https://blog.naver.com/jklovelike/50008690478
2006-09-14,Thu,20,economy,글로벌 금융제국 되려면,12,0,0,,,,,https://blog.naver.com/jklovelike/50008690393
2006-09-14,Thu,20,business strateg,로망을 위한 고민,9,0,0,,,,,https://blog.naver.com/jklovelike/50008690309
2006-09-14,Thu,15,책의 세계,1인 기업 '벼룩의 시대'에 살아남기,20,0,0,,,,,https://blog.naver.com/jklovelike/50008679644
2006-09-14,Thu,15,경력관리 전략,&quot;귀가 얇으면 덫에 걸리기 쉽다&quot;,28,0,0,,,,,https://blog.naver.com/jklovelike/50008679459
2006-09-14,Thu,15,투자/주식,절대 돈 벌려 하지 마라,13,0,3,,,,,https://blog.naver.com/jklovelike/50008679183
2006-09-14,Thu,15,경력관리 전략,가장 자기다운 것을 만들자,15,0,0,,,,,https://blog.naver.com/jklovelike/50008678853
2006-09-14,Thu,15,책의 세계,자신을 믿어라,7,0,0,,,,,https://blog.naver.com/jklovelike/50008678637
2006-09-14,Thu,15,경력관리 전략,직장인의 내면적 자기 퇴직(退職),18,0,0,,,,,https://blog.naver.com/jklovelike/50008678568
2006-09-14,Thu,12,경력관리 전략,체인지를 찬스로 바라보는 센스,16,0,0,,,,,https://blog.naver.com/jklovelike/50008673282
2006-09-14,Thu,12,우리들의 대한민국,시사저널 사태와 ‘삼성’,13,0,0,,,,,https://blog.naver.com/jklovelike/50008673083
2006-09-14,Thu,12,우리들의 대한민국,라이트들의 참을 수 없는 가벼움,17,0,0,,,,,https://blog.naver.com/jklovelike/50008672988
2006-09-14,Thu,12,"대학,대학인",다원적 질적 평가와 대학의 자율성,18,0,1,,,,,https://blog.naver.com/jklovelike/50008672785
2006-09-13,Wed,21,책의 세계,독서 않는 계절 가을을 맞아,16,0,0,,,,,https://blog.naver.com/jklovelike/50008653282
2006-09-13,Wed,21,business strateg,인문학적 감수성에 대하여,13,0,0,,,,,https://blog.naver.com/jklovelike/50008652975
2006-09-13,Wed,21,교양/학문/교육,‘수능성적 공개’ 판결과 교육경쟁력,19,0,0,,,,,https://blog.naver.com/jklovelike/50008652376
2006-09-13,Wed,21,교양/학문/교육,"영어마을,언어 그리고 문화",14,0,0,,,,,https://blog.naver.com/jklovelike/50008652283
2006-09-13,Wed,21,"대학,대학인",대학 리포트의 제자리 찾기,14,0,0,,,,,https://blog.naver.com/jklovelike/50008652162
2006-09-13,Wed,21,economy,로컬 스탠더드,7,0,0,,,,,https://blog.naver.com/jklovelike/50008651983
2006-09-13,Wed,21,business strateg,글로벌 시대 경쟁력은 '디자인',17,0,0,,,,,https://blog.naver.com/jklovelike/50008651921
2006-09-13,Wed,21,교양/학문/교육,천재가 주는 감동,9,0,0,,,,,https://blog.naver.com/jklovelike/50008651848
2006-09-13,Wed,21,우리들의 대한민국,입시교육의 정치경제학,12,0,0,,,,,https://blog.naver.com/jklovelike/50008651665
2006-09-13,Wed,21,"통섭,학문,삶,사유",부시 대통령이 이렇게 말한다면,16,0,0,,,,,https://blog.naver.com/jklovelike/50008651545
2006-09-13,Wed,21,economy,건강 투자가 성장전략이다,13,0,0,,,,,https://blog.naver.com/jklovelike/50008651474
2006-09-13,Wed,20,교육의 혁명,수능 정보 공개 어떻게 볼 건가,17,0,0,,,,,https://blog.naver.com/jklovelike/50008651359
2006-09-13,Wed,20,"통섭,학문,삶,사유",언력 정치,5,0,0,,,,,https://blog.naver.com/jklovelike/50008651284
2006-09-13,Wed,14,Na,230000 히트 이벤트!!!,17,0,2,,,,,https://blog.naver.com/jklovelike/50008636211
2006-09-13,Wed,12,경력관리 전략,직장인을 위한 제언,10,0,0,,,,,https://blog.naver.com/jklovelike/50008630642
2006-09-13,Wed,12,Recruit/Career,‘1인 주식회사’ 성공 어드바이스,18,3,1,,,,,https://blog.naver.com/jklovelike/50008630518
2006-09-13,Wed,11,책의 세계,구본형 - 이런 책 이렇게,15,0,1,,,,,https://blog.naver.com/jklovelike/50008630395
2006-09-13,Wed,11,경력관리 전략,CEO처럼 판단하고 행동하라,15,0,1,,,,,https://blog.naver.com/jklovelike/50008630042
2006-09-13,Wed,11,economy,"한미 FTA, 넌 누구냐",13,0,0,,,,,https://blog.naver.com/jklovelike/50008628757
2006-09-13,Wed,10,우리들의 대한민국,"강준만 - 최고·최대·최초, 행복하십니까?",23,0,0,,,,,https://blog.naver.com/jklovelike/50008627666
2006-09-13,Wed,9,economy,글로벌 시대의 M&A,11,0,0,,,,,https://blog.naver.com/jklovelike/50008623554
2006-09-13,Wed,9,economy,포스트 브릭스 `베트남`,13,0,0,,,,,https://blog.naver.com/jklovelike/50008623462
2006-09-13,Wed,0,Na,생일축하 이벤트!!!,12,0,32,,,,,https://blog.naver.com/jklovelike/50008609447
2006-09-12,Tue,21,business strateg,영혼이 담긴 경영,9,0,0,,,,,https://blog.naver.com/jklovelike/50008604310
2006-09-12,Tue,21,교양/학문/교육,서로 다르다는 것,9,0,0,,,,,https://blog.naver.com/jklovelike/50008604043
2006-09-12,Tue,21,business strateg,화이트칼라 생산성,9,0,0,,,,,https://blog.naver.com/jklovelike/50008603934
2006-09-12,Tue,21,"대학,대학인","한국 대학, '바닥' 품질에 '바가지' 학비",24,0,0,,,,,https://blog.naver.com/jklovelike/50008603792
2006-09-12,Tue,21,책의 세계,독서의 네가지 유익함,11,0,0,,,,,https://blog.naver.com/jklovelike/50008603484
2006-09-12,Tue,17,경력관리 전략,사랑하는 일을 찾기 위한 열 가지 질문,22,0,0,,,,,https://blog.naver.com/jklovelike/50008596770
2006-09-12,Tue,17,추천도서/권장도서,창의성 관련 서적들,10,0,9,,,,,https://blog.naver.com/jklovelike/50008596224
2006-09-12,Tue,17,추천도서/권장도서,브랜드 관련 참고 서적,12,0,5,,,,,https://blog.naver.com/jklovelike/50008596198
2006-09-12,Tue,17,교양/학문/교육,보수파와 보수주의,9,0,0,,,,,https://blog.naver.com/jklovelike/50008595661
2006-09-12,Tue,17,우리들의 대한민국,8호정신,4,0,0,,,,,https://blog.naver.com/jklovelike/50008595589
2006-09-12,Tue,17,지식의 정리,펀치력 강화를 위한 트레이닝,15,1,5,,,,,https://blog.naver.com/jklovelike/50008595304
2006-09-11,Mon,19,책을 읽다 [독서목록],당분간 읽어야 할 독서 목록,15,2,6,,,,,https://blog.naver.com/jklovelike/50008563835
2006-09-11,Mon,19,Na,도서관에서,5,1,2,,,,,https://blog.naver.com/jklovelike/50008562926
2006-09-11,Mon,19,삶과 문화,`별 누르는 밤`,11,0,2,,,,,https://blog.naver.com/jklovelike/50008562357
2006-09-11,Mon,19,economy,성별 영역마저 사라진 일자리,15,0,0,,,,,https://blog.naver.com/jklovelike/50008561985
2006-09-11,Mon,19,삶과 문화,과거와 미래를 보는 눈,12,0,0,,,,,https://blog.naver.com/jklovelike/50008561865
2006-09-11,Mon,19,삶과 문화,일과 취미,5,0,0,,,,,https://blog.naver.com/jklovelike/50008561799
2006-09-11,Mon,18,교양/학문/교육,박노자 - 페렐만이 괴짜라고?,16,0,0,,,,,https://blog.naver.com/jklovelike/50008561671
2006-09-11,Mon,11,business strateg,성공하는 기업들의 8가지 습관(Built to last)의 간단한 요약,39,0,0,,,,,https://blog.naver.com/jklovelike/50008544071
2006-09-11,Mon,11,economy,[집중토론] 앨빈 토플러 신작 `부의 미래`,24,0,0,,,,,https://blog.naver.com/jklovelike/50008543953
2006-09-11,Mon,11,"통섭,학문,삶,사유",역사를 응시하며 미래를 만든다,16,0,0,,,,,https://blog.naver.com/jklovelike/50008543763
2006-09-11,Mon,11,business strateg,통찰과 감각,6,0,0,,,,,https://blog.naver.com/jklovelike/50008543695
2006-09-11,Mon,11,우리들의 대한민국,나이 차 많으면 친구되기 힘든 나라,19,0,0,,,,,https://blog.naver.com/jklovelike/50008543609
2006-09-10,Sun,20,경력관리 전략,공병호 박사의 자기계발 17가지 제언,20,0,0,,,,,https://blog.naver.com/jklovelike/50008525686
2006-09-10,Sun,20,경력관리 전략,취업 사이트 100% 활용법,15,0,2,,,,,https://blog.naver.com/jklovelike/50008525423
2006-09-10,Sun,20,경력관리 전략,차별화된 개인 이미지를 구축하라,17,0,1,,,,,https://blog.naver.com/jklovelike/50008525068
2006-09-10,Sun,19,책의 세계,군대에서 짓밟히면서도 익혔던 독서습관,21,0,0,,,,,https://blog.naver.com/jklovelike/50008523599
2006-09-10,Sun,19,수능/수능공부법/합격수기,수학공부의 왕도는 ‘이해’,14,0,1,2170,0,0,0,https://blog.naver.com/jklovelike/50008523191
2006-09-10,Sun,19,교육의 혁명,"부모 살아가는 모습, 아이가 따라갈 ‘발자국’이에요",28,0,1,,,,,https://blog.naver.com/jklovelike/50008523105
2006-09-10,Sun,19,교육의 혁명,시는 세상을 향해 열린 사유의 창입니다,21,0,0,,,,,https://blog.naver.com/jklovelike/50008523044
2006-09-10,Sun,19,로스쿨/사시/행시/CPA,현직검사가 말하는 수사 제대로 받는 법,21,0,5,,,,,https://blog.naver.com/jklovelike/50008522959
2006-09-10,Sun,19,교양/학문/교육,보도와 진실 사이,9,0,0,,,,,https://blog.naver.com/jklovelike/50008522760
2006-09-10,Sun,19,삶과 문화,첫 인상의 허실,8,0,0,,,,,https://blog.naver.com/jklovelike/50008522580
2006-09-10,Sun,12,'데미안'의 젊은 날의 초상,게으름과 싸우겠다,9,4,8,,,,,https://blog.naver.com/jklovelike/50008507743
2006-09-10,Sun,10,책의 세계,나만의 고전 목록-3 좋은 책은 좋은 친구만큼이나 만나기 어렵다,35,0,1,,,,,https://blog.naver.com/jklovelike/50008506296
2006-09-10,Sun,10,책의 세계,나만의 고전 목록-2 나의 놀이터,18,0,1,,,,,https://blog.naver.com/jklovelike/50008506266
2006-09-10,Sun,10,책의 세계,나만의 고전 목록-1,11,0,1,,,,,https://blog.naver.com/jklovelike/50008506258
2006-09-09,Sat,19,경력관리 전략,제너럴리스트(generalist)의 두 가지 역할,27,0,0,,,,,https://blog.naver.com/jklovelike/50008486531
2006-09-09,Sat,19,책의 세계,학문의 즐거움,7,0,2,,,,,https://blog.naver.com/jklovelike/50008486380
2006-09-09,Sat,19,교양/학문/교육,공부,2,0,0,,,,,https://blog.naver.com/jklovelike/50008486319
2006-09-09,Sat,19,책의 세계,"마음은 담은 독서, 책은 이렇게 읽어야 한다",24,0,4,,,,,https://blog.naver.com/jklovelike/50008486244
2006-09-09,Sat,19,책의 세계,생각의 지도,6,0,1,,,,,https://blog.naver.com/jklovelike/50008486140
2006-09-09,Sat,19,책의 세계,어려운 책을 읽는다는 것,13,0,1,,,,,https://blog.naver.com/jklovelike/50008486036
2006-09-09,Sat,19,책의 세계,의식혁명,4,0,3,,,,,https://blog.naver.com/jklovelike/50008485945
2006-09-09,Sat,19,책의 세계,책은 이렇게 읽어야 한다,13,0,2,,,,,https://blog.naver.com/jklovelike/50008485877
2006-09-09,Sat,19,경력관리 전략,21세기는 전문가 시대,12,0,0,,,,,https://blog.naver.com/jklovelike/50008485829
2006-09-09,Sat,12,"대학,대학인",책! 책! 책! 책을 읽읍시다,16,0,0,,,,,https://blog.naver.com/jklovelike/50008471671
2006-09-09,Sat,12,삶과 문화,김웅용의 보통 인생,10,0,0,,,,,https://blog.naver.com/jklovelike/50008471625
2006-09-08,Fri,21,투자/주식,돈을 버는 마음의 법칙,13,0,0,,,,,https://blog.naver.com/jklovelike/50008451084
2006-09-08,Fri,21,경력관리 전략,프리 에이전트(Free Agent)들의 독립선언문,27,0,0,,,,,https://blog.naver.com/jklovelike/50008450864
2006-09-08,Fri,21,경제/경영전략,‘착한 기업’,8,0,0,,,,,https://blog.naver.com/jklovelike/50008450491
2006-09-08,Fri,21,경제/경영전략,조순 - FTA 입국?,12,0,0,,,,,https://blog.naver.com/jklovelike/50008450190
2006-09-08,Fri,21,삶과 문화,일하는 정신과 노는 문화,13,0,0,,,,,https://blog.naver.com/jklovelike/50008449715
2006-09-08,Fri,21,경제/경영전략,'하기'와 '당하기',11,0,0,,,,,https://blog.naver.com/jklovelike/50008449614
2006-09-08,Fri,21,교양/학문/교육,리영희 저작집,7,0,0,,,,,https://blog.naver.com/jklovelike/50008449533
2006-09-08,Fri,21,삶과 문화,사회공포증,5,0,0,,,,,https://blog.naver.com/jklovelike/50008449469
2006-09-08,Fri,21,삶과 문화,色 없는 名은 허울이다,12,0,0,,,,,https://blog.naver.com/jklovelike/50008449430
2006-09-08,Fri,20,우리들의 대한민국,"장유유서, 신기하네요",11,0,0,,,,,https://blog.naver.com/jklovelike/50008449357
2006-09-08,Fri,20,"대학,대학인",대학이 바로 서야 나라가 산다,16,0,0,,,,,https://blog.naver.com/jklovelike/50008449279
2006-09-08,Fri,10,교양/학문/교육,나눔의 즐거움,7,0,0,,,,,https://blog.naver.com/jklovelike/50008429502
2006-09-08,Fri,10,경력관리 전략,직장인의 브랜드 개발,11,0,0,,,,,https://blog.naver.com/jklovelike/50008429455
2006-09-08,Fri,10,CEO/Enterpriser,"사교는 그만, 공부 좀 하세요",16,0,0,,,,,https://blog.naver.com/jklovelike/50008429378
2006-09-08,Fri,9,우리들의 대한민국,학벌 세탁,5,0,2,,,,,https://blog.naver.com/jklovelike/50008429313
2006-09-07,Thu,21,CEO/Enterpriser,장수하는 CEO의 5가지 비결,16,0,0,,,,,https://blog.naver.com/jklovelike/50008417082
2006-09-07,Thu,20,삶과 문화,한국에서 사는 일,9,0,0,,,,,https://blog.naver.com/jklovelike/50008415455
2006-09-07,Thu,20,우리들의 대한민국,가방끈,3,0,0,,,,,https://blog.naver.com/jklovelike/50008415335
2006-09-07,Thu,11,Na,미치도록 강해지고 싶다.,14,0,0,,,,,https://blog.naver.com/jklovelike/50008396772
2006-09-07,Thu,11,우리들의 대한민국,절제의 나사가 빠진 사회,13,0,1,,,,,https://blog.naver.com/jklovelike/50008396405
2006-09-07,Thu,11,"대학,대학인",어느덧 나이가 들었나 봅니다.,16,0,0,,,,,https://blog.naver.com/jklovelike/50008396358
2006-09-07,Thu,11,로스쿨/사시/행시/CPA,사법시험과 병역에 관하여,13,0,1,,,,,https://blog.naver.com/jklovelike/50008396310
2006-09-07,Thu,11,"대학,대학인",학자금 대출에 관한 나의 이야기,17,0,3,,,,,https://blog.naver.com/jklovelike/50008396073
2006-09-07,Thu,11,"대학,대학인",책 값을 바라보며 나오는 한숨,16,0,0,,,,,https://blog.naver.com/jklovelike/50008396035
2006-09-07,Thu,10,경제/경영전략,`혁신 네트워크`를 아시나요,15,0,0,,,,,https://blog.naver.com/jklovelike/50008395622
2006-09-07,Thu,10,책의 세계,세계화의 덫,6,0,4,,,,,https://blog.naver.com/jklovelike/50008395550
2006-09-06,Wed,20,우리들의 대한민국,‘한국식 발전 모델’,11,0,0,,,,,https://blog.naver.com/jklovelike/50008379197
2006-09-06,Wed,20,"통섭,학문,삶,사유","미스터리의 나라, 印度",13,0,0,,,,,https://blog.naver.com/jklovelike/50008379137
2006-09-06,Wed,20,경제/경영전략,구직자 93% 외국계 기업 입사 원한다는데… 왜?,28,0,0,,,,,https://blog.naver.com/jklovelike/50008379000
2006-09-06,Wed,20,책의 세계,세상은 변화의 정글… 생존 위해 혁신하라,23,0,1,,,,,https://blog.naver.com/jklovelike/50008378152
2006-09-06,Wed,20,경제/경영전략,"“한국, 이대로 가면 중국에 잡아 먹혀, 선진국시장서 승부하라",34,0,0,,,,,https://blog.naver.com/jklovelike/50008378080
2006-09-06,Wed,20,책의 세계,"북카페의 그대, 단풍보다 아름다워",19,0,2,,,,,https://blog.naver.com/jklovelike/50008378033
2006-09-06,Wed,20,책의 세계,인생 경영법 10세 전부터?… 자기계발서 열풍 어린이까지 가세,35,0,0,,,,,https://blog.naver.com/jklovelike/50008377833
2006-09-06,Wed,20,경제/경영전략,번식력이 생존의 길,10,0,0,,,,,https://blog.naver.com/jklovelike/50008377433
2006-09-06,Wed,20,경제/경영전략,실적 스트레스,7,0,0,,,,,https://blog.naver.com/jklovelike/50008377398
2006-09-06,Wed,20,삶과 문화,'실패학(失敗學)',10,0,0,,,,,https://blog.naver.com/jklovelike/50008377336
2006-09-06,Wed,20,삶과 문화,기부금 용처,6,0,0,,,,,https://blog.naver.com/jklovelike/50008377263
2006-09-06,Wed,19,우리들의 대한민국,"문학의 위기, 국민의 위기",14,0,0,,,,,https://blog.naver.com/jklovelike/50008377238
2006-09-06,Wed,19,우리들의 대한민국,우파는 유능한가,8,0,0,,,,,https://blog.naver.com/jklovelike/50008377008
2006-09-06,Wed,19,경제/경영전략,5%의 무게,6,0,0,,,,,https://blog.naver.com/jklovelike/50008376868
2006-09-06,Wed,19,교양/학문/교육,리영희 생제문(生祭文),12,0,0,,,,,https://blog.naver.com/jklovelike/50008376809
2006-09-06,Wed,13,책의 세계,'나만의 고전 목록'에 대한 몇 가지 실용적인 충고,28,0,4,,,,,https://blog.naver.com/jklovelike/50008365732
2006-09-06,Wed,13,경력관리 전략,소리없는 직장혁명,10,0,0,,,,,https://blog.naver.com/jklovelike/50008365518
2006-09-06,Wed,13,우리들의 대한민국,고개를 가로저으라,9,0,1,,,,,https://blog.naver.com/jklovelike/50008364874
2006-09-06,Wed,13,우리들의 대한민국,시민사회의 뻐꾸기들,10,0,0,,,,,https://blog.naver.com/jklovelike/50008364813
2006-09-06,Wed,13,우리들의 대한민국,대한민국의 힘,7,0,0,,,,,https://blog.naver.com/jklovelike/50008364718
2006-09-06,Wed,13,우리들의 대한민국,정치권력과 보수언론,10,0,0,,,,,https://blog.naver.com/jklovelike/50008364657
2006-09-06,Wed,13,"대학,대학인",글로벌 스탠더드와 대학,12,0,0,,,,,https://blog.naver.com/jklovelike/50008364600
2006-09-06,Wed,13,경제/경영전략,"育兒데이, 育我데이",10,0,0,,,,,https://blog.naver.com/jklovelike/50008364553
2006-09-06,Wed,13,경제/경영전략,수출경쟁력이 살 길이다,12,0,0,,,,,https://blog.naver.com/jklovelike/50008364527
2006-09-06,Wed,12,"통섭,학문,삶,사유",중국의 용틀임을 보라,11,0,1,,,,,https://blog.naver.com/jklovelike/50008364352
2006-09-06,Wed,12,우리들의 대한민국,강준만 - 유시민 이야기,13,0,0,,,,,https://blog.naver.com/jklovelike/50008364247
2006-09-06,Wed,12,"통섭,학문,삶,사유",밀실의 말과 광장의 말,12,0,0,,,,,https://blog.naver.com/jklovelike/50008364181
2006-09-06,Wed,12,교양/학문/교육,긍정의 철학과 부정의 철학,14,0,0,,,,,https://blog.naver.com/jklovelike/50008363960
2006-09-06,Wed,12,경제/경영전략,&quot;우리 경제에 1% 부족한 것&quot;,27,0,0,,,,,https://blog.naver.com/jklovelike/50008363906
2006-09-06,Wed,12,"대학,대학인",'파랑새 신입사원' 왜 늘까,15,0,0,,,,,https://blog.naver.com/jklovelike/50008363862
2006-09-05,Tue,14,경력관리 전략,자기만의 브랜드를 만들어 내는 법,18,0,0,,,,,https://blog.naver.com/jklovelike/50008334040
2006-09-05,Tue,13,책을 읽다 [독서목록],"7,8월 한 여름날의 독서",14,1,7,,,,,https://blog.naver.com/jklovelike/50008333235
2006-09-05,Tue,10,경제/경영전략,경제 불안심리 커진 이유,13,0,0,,,,,https://blog.naver.com/jklovelike/50008329060
2006-09-05,Tue,10,"통섭,학문,삶,사유",사라지는 아이들,8,0,0,,,,,https://blog.naver.com/jklovelike/50008328926
2006-09-05,Tue,10,삶과 문화,예술가의 여인,7,0,0,,,,,https://blog.naver.com/jklovelike/50008328869
2006-09-05,Tue,10,삶과 문화,빛과 형상의 축제,9,0,0,,,,,https://blog.naver.com/jklovelike/50008328822
2006-09-05,Tue,10,"통섭,학문,삶,사유",중국의 세 가지 불평등,13,0,0,,,,,https://blog.naver.com/jklovelike/50008328659
2006-09-05,Tue,10,교양/학문/교육,"한문, 정규과목으로 채택하자",15,0,1,,,,,https://blog.naver.com/jklovelike/50008328559
2006-09-05,Tue,10,경제/경영전략,비즈니스를 리드하는 IT전략,15,0,0,,,,,https://blog.naver.com/jklovelike/50008328523
2006-09-05,Tue,10,우리들의 대한민국,게임의 법칙,6,0,0,,,,,https://blog.naver.com/jklovelike/50008328484
2006-09-05,Tue,10,경제/경영,"한국경제 핵심플롯, IT산업 글로벌화",20,0,0,,,,,https://blog.naver.com/jklovelike/50008328410
2006-09-05,Tue,10,경제/경영,"글로벌 시대, 벤처가 이끈다",15,0,0,,,,,https://blog.naver.com/jklovelike/50008328352
2006-09-05,Tue,10,책의 세계,사다리 걷어차기,8,0,0,,,,,https://blog.naver.com/jklovelike/50008328283
2006-09-05,Tue,10,삶과 문화,반가운 척 할까 말까…,12,0,0,,,,,https://blog.naver.com/jklovelike/50008328173
2006-09-05,Tue,10,삶과 문화,"주산 자격증, 부활할 날 올까",16,0,1,,,,,https://blog.naver.com/jklovelike/50008328033
2006-09-04,Mon,17,경제/경영,‘미래 먹여 살릴 문화산업’ 전문인력 기르고 있나,27,0,0,,,,,https://blog.naver.com/jklovelike/50008299257
2006-09-04,Mon,17,경제/경영,취업의 다양한 얼굴,10,0,0,,,,,https://blog.naver.com/jklovelike/50008299155
2006-09-04,Mon,17,경제/경영,기업의 생존조건,8,0,0,,,,,https://blog.naver.com/jklovelike/50008299023
2006-09-03,Sun,21,경력관리 전략,변화 - 강요당하기 전에 스스로 시작하라,23,0,0,,,,,https://blog.naver.com/jklovelike/50008269525
2006-09-03,Sun,21,경력관리 전략,이력서를 관리하라,10,0,0,,,,,https://blog.naver.com/jklovelike/50008269186
2006-09-03,Sun,21,경력관리 전략,오늘 새로운 일을 하나 시작하자,17,0,1,,,,,https://blog.naver.com/jklovelike/50008268997
2006-09-03,Sun,21,경제/경영,은퇴의 꿈,5,0,0,,,,,https://blog.naver.com/jklovelike/50008268319
2006-09-03,Sun,14,경력관리 전략,올해 안에 자랑스러운 업적 하나를 만들어 내는 법,27,0,0,,,,,https://blog.naver.com/jklovelike/50008253920
2006-09-03,Sun,10,교양/학문/교육,창의력은 기를 수 있는 것인가?,18,0,2,,,,,https://blog.naver.com/jklovelike/50008246198
2006-09-03,Sun,10,교양/학문/교육,공부한다는 것,8,0,0,,,,,https://blog.naver.com/jklovelike/50008246125
2006-09-02,Sat,18,"대학,대학인",이 세상 제일 슬픈 두 글자,15,0,0,,,,,https://blog.naver.com/jklovelike/50008226641
2006-09-02,Sat,15,책의 세계,일상과 철학의 결합,10,0,2,,,,,https://blog.naver.com/jklovelike/50008218733
2006-09-02,Sat,14,삶과 문화,밝은 그림만 찾는 세상,13,0,0,,,,,https://blog.naver.com/jklovelike/50008218513
2006-09-02,Sat,14,책의 세계,대중이 공감하는 순간 새 영토로 떠나라,22,0,1,,,,,https://blog.naver.com/jklovelike/50008218452
2006-09-02,Sat,14,우리들의 대한민국,우물 안 개구리 한국 외교,15,0,0,,,,,https://blog.naver.com/jklovelike/50008218333
2006-09-02,Sat,14,경제/경영,경제와 株價,7,0,0,,,,,https://blog.naver.com/jklovelike/50008218229
2006-09-02,Sat,14,책의 세계,"로빈슨 크루소의 사치 &quot;나는 소비한다, 고로 존재한다&quot;",40,0,0,,,,,https://blog.naver.com/jklovelike/50008218175
2006-09-02,Sat,10,추천도서/권장도서,삶의 질을 높여주는 도서들,14,2,23,,,,,https://blog.naver.com/jklovelike/50008207344
2006-09-02,Sat,9,삶과 문화,흙을 밟으며 살고 싶다,12,0,0,,,,,https://blog.naver.com/jklovelike/50008205883
2006-09-02,Sat,9,삶과 문화,고즈넉한 즐거움에의 초대,13,0,0,,,,,https://blog.naver.com/jklovelike/50008205791
2006-09-02,Sat,9,"통섭,학문,삶,사유",다자간 평화협력기구를 만들자,15,0,0,,,,,https://blog.naver.com/jklovelike/50008205750
2006-09-02,Sat,9,우리들의 대한민국,"따분한 천국, 흥미로운 지옥",15,0,0,,,,,https://blog.naver.com/jklovelike/50008205715
2006-09-01,Fri,19,경력관리 전략,두려움을 극복하라,9,0,0,,,,,https://blog.naver.com/jklovelike/50008182359
2006-09-01,Fri,18,투자/주식,&quot;부자로 가는 길에 포기란 없다&quot;,28,0,0,,,,,https://blog.naver.com/jklovelike/50008181920
2006-09-01,Fri,18,CEO/Enterpriser,바람에 맞서 나는 연습을,13,0,0,,,,,https://blog.naver.com/jklovelike/50008181434
2006-09-01,Fri,18,경력관리 전략,세일즈 능력 키우기 위해…,14,0,0,,,,,https://blog.naver.com/jklovelike/50008181357
2006-09-01,Fri,18,투자/주식,인기 없는 것에 투자하기,13,0,0,,,,,https://blog.naver.com/jklovelike/50008181181
2006-09-01,Fri,18,투자/주식,자녀 경제교육 어떻게 하나,14,0,0,,,,,https://blog.naver.com/jklovelike/50008181096
2006-09-01,Fri,18,투자/주식,유능한 사업가가 투자도 잘한다,16,0,0,,,,,https://blog.naver.com/jklovelike/50008181044
2006-09-01,Fri,18,투자/주식,부자의 눈 기르기,9,0,0,,,,,https://blog.naver.com/jklovelike/50008180974
2006-09-01,Fri,18,투자/주식,기업가 정신 vs 월급쟁이 정신,17,0,0,,,,,https://blog.naver.com/jklovelike/50008180895
2006-09-01,Fri,18,삶과 문화,전문가 되고싶다? 만화책에 물어봐!…,20,0,0,,,,,https://blog.naver.com/jklovelike/50008180272
2006-09-01,Fri,18,경제/경영,"사모펀드, 세계 M&A 시장 장악",18,0,0,,,,,https://blog.naver.com/jklovelike/50008180254
2006-09-01,Fri,18,추천도서/권장도서,독서의 달 '9월의 읽을만한 책' 10권 선정,26,0,2,,,,,https://blog.naver.com/jklovelike/50008180182
2006-09-01,Fri,13,경제/경영,다시 찾아 본 실리콘밸리,13,0,0,,,,,https://blog.naver.com/jklovelike/50008168059
2006-09-01,Fri,13,경제/경영,공정하고 자유로운 경쟁의 의의,16,0,0,,,,,https://blog.naver.com/jklovelike/50008167930
2006-09-01,Fri,13,책의 세계,세계화 시대 초국적기업의 실체,16,0,0,,,,,https://blog.naver.com/jklovelike/50008167848
2006-09-01,Fri,13,CEO/Enterpriser,도덕지능과 성공경영은 비례,14,0,0,,,,,https://blog.naver.com/jklovelike/50008167704
2006-09-01,Fri,13,교양/학문/교육,이 세상 모든 것들은 연결돼 있다,18,0,0,,,,,https://blog.naver.com/jklovelike/50008167616
2006-08-31,Thu,21,우리들의 대한민국,"언어 강국, 한국어의 열풍",14,0,0,,,,,https://blog.naver.com/jklovelike/50008147415
2006-08-31,Thu,21,책의 세계,책 뽀,3,0,1,,,,,https://blog.naver.com/jklovelike/50008147308
2006-08-31,Thu,21,경제/경영,일하는 여성들,7,0,0,,,,,https://blog.naver.com/jklovelike/50008147130
2006-08-31,Thu,21,우리들의 대한민국,"한국과 미국, 얼마나 알고 있나",17,0,0,,,,,https://blog.naver.com/jklovelike/50008147017
2006-08-31,Thu,9,우리들의 대한민국,民과 官의 서비스 격차,12,0,0,,,,,https://blog.naver.com/jklovelike/50008124959
2006-08-30,Wed,20,경력관리 전략,직장생활 180도 바꾸는 ‘비전의 힘’,21,0,0,,,,,https://blog.naver.com/jklovelike/50008109839
2006-08-30,Wed,20,책의 세계,"동화구연, ‘소심 대마왕’이 ‘당당 대마왕’으로",26,0,1,,,,,https://blog.naver.com/jklovelike/50008109730
2006-08-30,Wed,20,우리들의 대한민국,"작은 세계, 큰 세계",11,0,0,,,,,https://blog.naver.com/jklovelike/50008109587
2006-08-30,Wed,20,경력관리 전략,창조력 필요한 일이 ‘뜨는 업종’,18,0,0,,,,,https://blog.naver.com/jklovelike/50008109420
2006-08-30,Wed,20,경력관리 전략,유능한 리더는 ‘네트워크’에 강하다,19,0,0,,,,,https://blog.naver.com/jklovelike/50008109347
2006-08-30,Wed,20,경력관리 전략,"어학연수, 재취업 보증수표 아니다",18,0,0,,,,,https://blog.naver.com/jklovelike/50008109285
2006-08-30,Wed,20,경력관리 전략,함께 일하고 싶은 사람이 되라,16,0,0,,,,,https://blog.naver.com/jklovelike/50008109182
2006-08-30,Wed,20,경력관리 전략,영어공부 꼭 해야 할까,12,0,0,,,,,https://blog.naver.com/jklovelike/50008109107
2006-08-30,Wed,20,경력관리 전략,시간관리는 성공의 필요조건,14,0,0,,,,,https://blog.naver.com/jklovelike/50008109037
2006-08-30,Wed,20,투자/주식,”공부 대신 독립을 가르쳐라”,16,0,0,,,,,https://blog.naver.com/jklovelike/50008108626
2006-08-30,Wed,20,투자/주식,세이노의 성공담,10,0,0,,,,,https://blog.naver.com/jklovelike/50008108484
2006-08-30,Wed,20,투자/주식,당신은 어떤 부류? 일곱 가지 투자 유형 분석,25,0,0,,,,,https://blog.naver.com/jklovelike/50008108319
2006-08-30,Wed,20,투자/주식,부자되기 생각 아닌 행동이 결정 … 큰 꿈꾸며 인생 귀하게 여겨라,36,0,0,,,,,https://blog.naver.com/jklovelike/50008108192
2006-08-30,Wed,20,우리들의 대한민국,[한국인의 魂 한국의 힘]'한국적 가치'가 국제경쟁력,30,0,0,,,,,https://blog.naver.com/jklovelike/50008107835
2006-08-30,Wed,20,경제/경영,천재들이 설 땅,9,0,0,,,,,https://blog.naver.com/jklovelike/50008107699
2006-08-30,Wed,19,경제/경영,경영에 적용되는 수학적 황금률,17,0,0,,,,,https://blog.naver.com/jklovelike/50008107364
2006-08-30,Wed,19,투자/주식,습관이 부자와 빈자를 결정한다.,18,0,0,,,,,https://blog.naver.com/jklovelike/50008107318
2006-08-30,Wed,19,투자/주식,주식투자 이렇게 하면 성공한다,16,0,2,,,,,https://blog.naver.com/jklovelike/50008107194
2006-08-30,Wed,19,투자/주식,신문의 주식시세면을 보는 법,15,0,0,,,,,https://blog.naver.com/jklovelike/50008107163
2006-08-30,Wed,19,투자/주식,초보자를 위한 주식투자 방법,16,0,0,,,,,https://blog.naver.com/jklovelike/50008107037
2006-08-30,Wed,19,투자/주식,부자 아빠가 되는 7가지 법칙,16,0,0,,,,,https://blog.naver.com/jklovelike/50008106943
2006-08-30,Wed,14,책의 세계,책과 우리의 인생의 공통점,14,0,0,,,,,https://blog.naver.com/jklovelike/50008094042
2006-08-30,Wed,14,교양/학문/교육,사서 이름 붙인 도서관을 기다리며,18,0,0,,,,,https://blog.naver.com/jklovelike/50008093900
2006-08-30,Wed,14,경제/경영,6시그마적인 생각과 행동,13,0,0,,,,,https://blog.naver.com/jklovelike/50008093661
2006-08-30,Wed,14,경제/경영,사용자 참여가 인터넷을 바꾼다,16,0,0,,,,,https://blog.naver.com/jklovelike/50008093542
2006-08-29,Tue,21,경제/경영,게임 승리의 법칙,9,0,0,,,,,https://blog.naver.com/jklovelike/50008073027
2006-08-29,Tue,21,삶과 문화,계획 마니아,6,0,0,,,,,https://blog.naver.com/jklovelike/50008072964
2006-08-29,Tue,21,"통섭,학문,삶,사유",인종차별에 우는 사람들,12,0,0,,,,,https://blog.naver.com/jklovelike/50008072516
2006-08-29,Tue,15,책의 세계,점술가에게 배우는 실전 심리학,16,0,0,,,,,https://blog.naver.com/jklovelike/50008056912
2006-08-29,Tue,9,경제/경영,아시아 '질 높은 일자리 창출',18,0,0,,,,,https://blog.naver.com/jklovelike/50008045877
2006-08-29,Tue,9,경제/경영,노후불안 해소의 조건,11,0,0,,,,,https://blog.naver.com/jklovelike/50008045742
2006-08-29,Tue,9,경제/경영,머리ㆍ가슴ㆍ지갑,8,0,0,,,,,https://blog.naver.com/jklovelike/50008045668
2006-08-29,Tue,9,삶과 문화,시간의 초월,6,0,0,,,,,https://blog.naver.com/jklovelike/50008045638
2006-08-29,Tue,9,"통섭,학문,삶,사유",'테러와의 전쟁' 이기는 길,15,0,0,,,,,https://blog.naver.com/jklovelike/50008045574
2006-08-28,Mon,15,'데미안'의 젊은 날의 초상,"내가 좋아하는 기업가, 손정의에 대한 단상",24,2,4,,,,,https://blog.naver.com/jklovelike/50008022347
2006-08-28,Mon,13,교양/학문/교육,‘기회의 언어’,8,0,0,,,,,https://blog.naver.com/jklovelike/50008020236
2006-08-28,Mon,13,경제/경영,스타 디자이너가 기업경쟁력 키운다,18,0,0,,,,,https://blog.naver.com/jklovelike/50008020198
2006-08-28,Mon,13,경제/경영,디지털 경제 시대를 위한 제언,16,0,0,,,,,https://blog.naver.com/jklovelike/50008020158
2006-08-28,Mon,13,경제/경영,벤처투자의 양극화,9,0,0,,,,,https://blog.naver.com/jklovelike/50008020122
2006-08-27,Sun,17,지성과 사랑,꿈이 있는 사람,8,1,1,,,,,https://blog.naver.com/jklovelike/50007993991
2006-08-27,Sun,16,교양/학문/교육,"축구 16강, 과학 16강",14,0,0,,,,,https://blog.naver.com/jklovelike/50007992853
2006-08-26,Sat,16,삶과 문화,"서른 다섯, 물음표에 서다",14,0,0,,,,,https://blog.naver.com/jklovelike/50007954343
2006-08-26,Sat,16,삶과 문화,추천여행지 33선,9,0,0,,,,,https://blog.naver.com/jklovelike/50007953388
2006-08-26,Sat,15,우리들의 대한민국,'물신(物神)'의 시대,12,0,0,,,,,https://blog.naver.com/jklovelike/50007952487
2006-08-26,Sat,15,우리들의 대한민국,한강이 있어 아름다운 서울,14,0,0,,,,,https://blog.naver.com/jklovelike/50007952372
2006-08-26,Sat,15,"대학,대학인",이건 아니잖아!,8,0,0,,,,,https://blog.naver.com/jklovelike/50007952112
2006-08-25,Fri,12,교양/학문/교육,수학천재의 은둔 이야기,12,0,1,,,,,https://blog.naver.com/jklovelike/50007903638
2006-08-25,Fri,12,교양/학문/교육,아이들 해외연수 맹신 말라,14,0,0,,,,,https://blog.naver.com/jklovelike/50007903581
2006-08-25,Fri,12,삶과 문화,''연금술사'' 코엘류 열풍,15,0,0,,,,,https://blog.naver.com/jklovelike/50007903531
2006-08-25,Fri,12,책의 세계,놈 촘스키의 저서 ‘불량국가’,16,0,0,,,,,https://blog.naver.com/jklovelike/50007903353
2006-08-25,Fri,12,우리들의 대한민국,"도박, 그리고 가난한 이들은 먹이감",19,0,0,,,,,https://blog.naver.com/jklovelike/50007903276
2006-08-24,Thu,15,교양/학문/교육,과학교육국이 필요하다,11,0,1,,,,,https://blog.naver.com/jklovelike/50007874775
2006-08-24,Thu,15,책의 세계,어떻게 최고 수다쟁이 됐냐고요?,17,0,3,,,,,https://blog.naver.com/jklovelike/50007874695
2006-08-24,Thu,15,투자/주식,마시멜로 이야기와 경제교육,14,0,1,,,,,https://blog.naver.com/jklovelike/50007874506
2006-08-24,Thu,15,삶과 문화,진짜 예술가로 살아야 한다면…,16,0,3,,,,,https://blog.naver.com/jklovelike/50007874063
2006-08-24,Thu,15,삶과 문화,메시지 중독,6,0,1,,,,,https://blog.naver.com/jklovelike/50007873509
2006-08-24,Thu,14,"통섭,학문,삶,사유",‘싸우는 정치가’ 아베와 한일관계,18,0,0,,,,,https://blog.naver.com/jklovelike/50007873238
2006-08-24,Thu,14,삶과 문화,‘짝퉁’은 가라,8,0,0,,,,,https://blog.naver.com/jklovelike/50007873057
2006-08-24,Thu,14,삶과 문화,보통사람 예찬,7,0,1,,,,,https://blog.naver.com/jklovelike/50007872833
2006-08-24,Thu,14,삶과 문화,‘아픈 몸의 생각’,10,0,1,,,,,https://blog.naver.com/jklovelike/50007872772
2006-08-24,Thu,13,우리들의 대한민국,''암탉''이 울어야 나라가 산다,18,0,0,,,,,https://blog.naver.com/jklovelike/50007870994
2006-08-24,Thu,13,삶과 문화,야간산행을 즐기자,9,0,0,,,,,https://blog.naver.com/jklovelike/50007870898
2006-08-22,Tue,19,삶과 문화,여름이야기,5,0,0,,,,,https://blog.naver.com/jklovelike/50007805160
2006-08-21,Mon,15,책의 세계,“읽기능력 떨어지는 아이들… 답은 독서뿐”,24,0,1,,,,,https://blog.naver.com/jklovelike/50007760447
2006-08-21,Mon,14,경제/경영,혁신으로 거듭나기,9,0,0,,,,,https://blog.naver.com/jklovelike/50007760227
2006-08-21,Mon,14,교양/학문/교육,‘괜찮은 친구’와 ‘우등생’,15,0,0,,,,,https://blog.naver.com/jklovelike/50007760086
2006-08-21,Mon,14,삶과 문화,딸 키우기 무섭다,9,0,0,,,,,https://blog.naver.com/jklovelike/50007759939
2006-08-21,Mon,14,삶과 문화,변변찮은 학벌,7,0,0,,,,,https://blog.naver.com/jklovelike/50007759866
2006-08-21,Mon,14,삶과 문화,백수 날다,5,0,1,,,,,https://blog.naver.com/jklovelike/50007759727
2006-08-21,Mon,14,교양/학문/교육,위인전의 위인은 위인일까,13,0,0,,,,,https://blog.naver.com/jklovelike/50007759628
2006-08-21,Mon,14,우리들의 대한민국,빠르게 심화된 富―학력 대물림 현상,19,0,0,,,,,https://blog.naver.com/jklovelike/50007759410
2006-08-21,Mon,14,교양/학문/교육,600만원짜리 과외,10,0,0,,,,,https://blog.naver.com/jklovelike/50007759339
2006-08-21,Mon,14,교양/학문/교육,600만원짜리 과외,10,0,0,,,,,https://blog.naver.com/jklovelike/50007759276
2006-08-21,Mon,14,CEO/Enterpriser,창업자와 전문경영인,10,0,0,,,,,https://blog.naver.com/jklovelike/50007759191
2006-08-20,Sun,15,추천/권장 도서목록,철학 추천도서,7,0,15,,,,,https://blog.naver.com/jklovelike/50007726031
2006-08-20,Sun,15,삶과 문화,나이의 속도,6,0,0,,,,,https://blog.naver.com/jklovelike/50007725774
2006-08-20,Sun,15,교양/학문/교육,비주얼 시대의 책 안 읽기,14,0,0,,,,,https://blog.naver.com/jklovelike/50007725700
2006-08-20,Sun,15,책의 세계,책을 읽는 것과 소유만 하는 것의 차이,21,0,1,,,,,https://blog.naver.com/jklovelike/50007725471
2006-08-19,Sat,21,지식의 정리,"경제, 경영학과",8,0,6,,,,,https://blog.naver.com/jklovelike/50007703875
2006-08-19,Sat,20,수능/수능공부법/합격수기,"수험생 ‘시간 도둑’ 잡기, 어떻게 할까?",23,0,7,,,,,https://blog.naver.com/jklovelike/50007703033
2006-08-19,Sat,20,수능/수능공부법/합격수기,[수학] 오답 노트를 제대로 만들자,19,0,4,,,,,https://blog.naver.com/jklovelike/50007702833
2006-08-19,Sat,20,'데미안'의 수능 칼럼 ,독학생에게...,8,12,5,,,,,https://blog.naver.com/jklovelike/50007702185
2006-08-19,Sat,20,"통섭,학문,삶,사유","레바논 사태, 한쪽 희생만 보지 말라",20,0,0,,,,,https://blog.naver.com/jklovelike/50007701832
2006-08-19,Sat,14,"대학,대학인","부모 품 떠나, 당당한 홀로서기",17,0,0,,,,,https://blog.naver.com/jklovelike/50007690518
2006-08-19,Sat,0,우리들의 대한민국,자녀교육 열정 해외토픽감,13,0,0,,,,,https://blog.naver.com/jklovelike/50007672743
2006-08-18,Fri,23,삶과 문화,다름의 아름다움,8,0,1,,,,,https://blog.naver.com/jklovelike/50007671857
2006-08-18,Fri,16,경력관리 전략,차이 나게 하는 '메모 기법',17,0,0,,,,,https://blog.naver.com/jklovelike/50007655081
2006-08-18,Fri,15,경력관리 전략,신문에 익숙해지자,9,0,1,,,,,https://blog.naver.com/jklovelike/50007654786
2006-08-18,Fri,15,지식의 정리,21세기 100만부 이상 팔린 책들,19,1,7,,,,,https://blog.naver.com/jklovelike/50007654018
2006-08-18,Fri,15,로스쿨/사시/행시/CPA,신림동 고시촌 지도,10,0,2,,,,,https://blog.naver.com/jklovelike/50007653807
2006-08-18,Fri,15,책의 세계,"다보스, 포르투알레그레 그리고 서울",19,0,0,,,,,https://blog.naver.com/jklovelike/50007652923
2006-08-18,Fri,14,우리들의 대한민국,한국의 참 이미지,9,0,0,,,,,https://blog.naver.com/jklovelike/50007652821
2006-08-17,Thu,20,CEO/Enterpriser,세상은 책대로 움직이지 않는다,16,0,0,,,,,https://blog.naver.com/jklovelike/50007624410
2006-08-17,Thu,20,교양/학문/교육,교육에서 경쟁은 악덕인가?,14,0,0,,,,,https://blog.naver.com/jklovelike/50007623556
2006-08-17,Thu,20,경제/경영,전문직의 자율규제,9,0,0,,,,,https://blog.naver.com/jklovelike/50007623463
2006-08-17,Thu,19,삶과 문화,정보의 바다에서 뭘 건졌나,14,0,0,,,,,https://blog.naver.com/jklovelike/50007623424
2006-08-17,Thu,19,"대학,대학인",서울대와 하버드의 차이,12,0,0,,,,,https://blog.naver.com/jklovelike/50007623304
2006-08-17,Thu,10,경력관리 전략,자신만의 스토리를 구축하라,15,0,0,,,,,https://blog.naver.com/jklovelike/50007601619
2006-08-17,Thu,9,로스쿨/사시/행시/CPA,사법 엘리트주의의 병폐,12,0,0,,,,,https://blog.naver.com/jklovelike/50007600964
2006-08-17,Thu,9,교양/학문/교육,‘열린 법정’의 소통구조가 법조비리 막는다,23,0,0,,,,,https://blog.naver.com/jklovelike/50007600858
2006-08-17,Thu,9,大學/大學生 ,"한국의 대학, 이젠 세계와 경쟁하라",19,0,0,,,,,https://blog.naver.com/jklovelike/50007600723
2006-08-17,Thu,9,"통섭,학문,삶,사유",고속성장 중국 ''빛과 그림자'',18,0,0,,,,,https://blog.naver.com/jklovelike/50007600613
2006-08-16,Wed,20,교양/학문/교육,인문학이 살아야 미래가 산다,16,0,1,,,,,https://blog.naver.com/jklovelike/50007587202
2006-08-16,Wed,20,책의 세계,세계화 이후의 부의 지배,14,0,0,,,,,https://blog.naver.com/jklovelike/50007587072
2006-08-16,Wed,20,大學/大學生 ,‘방학이 허무해’ 여기저기 아우성,18,0,1,,,,,https://blog.naver.com/jklovelike/50007586503
2006-08-16,Wed,20,大學/大學生 ,전공·아이디어 살린 대학생 사장들,18,0,0,,,,,https://blog.naver.com/jklovelike/50007586457
2006-08-16,Wed,20,大學/大學生 ,‘학생이 웬 재테크’ 탓하지 마시라,19,0,2,,,,,https://blog.naver.com/jklovelike/50007586343
2006-08-16,Wed,20,경제/경영,잘나가는 기업뒤엔 ‘매뉴얼’이 있다,19,0,0,,,,,https://blog.naver.com/jklovelike/50007586097
2006-08-16,Wed,20,경제/경영,한국인의 근면성,8,0,0,,,,,https://blog.naver.com/jklovelike/50007586061
2006-08-16,Wed,12,내가 만난 [책],"안광복 - '철학, 역사를 만나다'",19,4,5,,,,,https://blog.naver.com/jklovelike/50007563455
2006-08-16,Wed,11,경제/경영,취업난과 인재난,8,0,0,,,,,https://blog.naver.com/jklovelike/50007558743
2006-08-16,Wed,11,삶과 문화,세상의 모든 비탈,9,0,0,,,,,https://blog.naver.com/jklovelike/50007558540
2006-08-16,Wed,11,우리들의 대한민국,강준만 - 도덕과 도덕주의,14,0,0,,,,,https://blog.naver.com/jklovelike/50007558416
2006-08-15,Tue,14,경력관리 전략,목표를 정확히 조준하라,12,0,0,,,,,https://blog.naver.com/jklovelike/50007510353
2006-08-15,Tue,14,경력관리 전략,브랜드 관리를 통한 커리어 성공전략,19,0,0,,,,,https://blog.naver.com/jklovelike/50007509752
2006-08-15,Tue,13,경제/경영,숨겨진 거대한 자산,10,0,0,,,,,https://blog.naver.com/jklovelike/50007508553
2006-08-15,Tue,13,교양/학문/교육,정치문맹.과학문맹,9,0,0,,,,,https://blog.naver.com/jklovelike/50007508458
2006-08-15,Tue,13,경제/경영,기업은 지금 ‘독서 경영’ 중,16,0,0,,,,,https://blog.naver.com/jklovelike/50007508351
2006-08-15,Tue,13,삶과 문화,베풂의 미덕,6,0,0,,,,,https://blog.naver.com/jklovelike/50007508050
2006-08-15,Tue,13,우리들의 대한민국,'가슴'이 있는 행정들,12,0,0,,,,,https://blog.naver.com/jklovelike/50007507872
2006-08-15,Tue,13,우리들의 대한민국,‘선진화’ 구호의 허실,12,0,0,,,,,https://blog.naver.com/jklovelike/50007507814
2006-08-14,Mon,9,Na,200000 히트 이벤트!!!,17,0,3,,,,,https://blog.naver.com/jklovelike/50007465776
2006-08-13,Sun,18,투자/주식,성인식 통장과 인생의 종잣돈,15,0,0,,,,,https://blog.naver.com/jklovelike/50007449056
2006-08-13,Sun,18,삶과 문화,알뜰 배낭여행 5대 수칙,14,0,0,,,,,https://blog.naver.com/jklovelike/50007449016
2006-08-12,Sat,18,교양/학문/교육,도정일 - 질문의 힘,11,0,3,,,,,https://blog.naver.com/jklovelike/50007417949
2006-08-12,Sat,18,경력관리 전략,경력관리 홈페이지를 구축하라,16,0,2,,,,,https://blog.naver.com/jklovelike/50007417473
2006-08-12,Sat,18,경력관리 전략,정년의 시대에 맞서는 직장인 자기관리법,22,0,0,,,,,https://blog.naver.com/jklovelike/50007417341
2006-08-12,Sat,18,경력관리 전략,성공 직장인을 위한 지침,14,0,0,,,,,https://blog.naver.com/jklovelike/50007417192
2006-08-12,Sat,18,경력관리 전략,생각을 바꿔야 돈을 번다,14,0,0,,,,,https://blog.naver.com/jklovelike/50007417164
2006-08-12,Sat,18,경력관리 전략,"실패는 없다, 거기엔 정보가 있을 뿐이다.",24,0,0,,,,,https://blog.naver.com/jklovelike/50007417090
2006-08-12,Sat,18,경력관리 전략,고난을 두려워하지 마라,12,0,0,,,,,https://blog.naver.com/jklovelike/50007417012
2006-08-11,Fri,19,책의 세계,독서법 - 시간 마련하기,14,0,0,,,,,https://blog.naver.com/jklovelike/50007381771
2006-08-11,Fri,18,"통섭,학문,삶,사유",깨지기 쉬운 평평한 세계,14,0,0,,,,,https://blog.naver.com/jklovelike/50007381204
2006-08-11,Fri,18,삶과 문화,쉰 즈음에,6,0,1,,,,,https://blog.naver.com/jklovelike/50007380853
2006-08-11,Fri,18,"통섭,학문,삶,사유",미국이라는 제국의 가을,12,0,0,,,,,https://blog.naver.com/jklovelike/50007380799
2006-08-11,Fri,14,삶과 문화,휴대폰에 사로잡힌 사회,13,0,0,,,,,https://blog.naver.com/jklovelike/50007372584
2006-08-11,Fri,14,우리들의 대한민국,좌파의 정의,6,0,0,,,,,https://blog.naver.com/jklovelike/50007370970
2006-08-11,Fri,13,삶과 문화,"휴가, 1년의 하프타임",12,0,0,,,,,https://blog.naver.com/jklovelike/50007369015
2006-08-11,Fri,13,삶과 문화,쉼에는 용기가 필요하다,12,0,0,,,,,https://blog.naver.com/jklovelike/50007368932
2006-08-11,Fri,13,우리들의 대한민국,로마인의 지혜,7,0,0,,,,,https://blog.naver.com/jklovelike/50007368758
2006-08-11,Fri,12,교양/학문/교육,경쟁력은 공공재에서 나온다,14,0,0,,,,,https://blog.naver.com/jklovelike/50007368576
2006-08-11,Fri,12,삶과 문화,퓨전문화의 전성시대,10,0,0,,,,,https://blog.naver.com/jklovelike/50007368444
2006-08-11,Fri,12,교양/학문/교육,고통의 불감증과 아이러니,13,0,0,,,,,https://blog.naver.com/jklovelike/50007368382
2006-08-11,Fri,12,교양/학문/교육,퍼스널 컴퓨터 탄생 25주년,15,0,0,,,,,https://blog.naver.com/jklovelike/50007368296
2006-08-11,Fri,12,삶과 문화,아이들과 ‘함께 하는’ 아버지,16,0,0,,,,,https://blog.naver.com/jklovelike/50007368214
2006-08-11,Fri,12,삶과 문화,당신은 ‘행복 의지’가 있나요,16,0,0,,,,,https://blog.naver.com/jklovelike/50007368077
2006-08-10,Thu,13,투자/주식,훌륭한 투자자의 자질은?,14,0,0,,,,,https://blog.naver.com/jklovelike/50007332121
2006-08-10,Thu,13,우리들의 대한민국,"“낳아만 주세요,국가가 있잖아요” 이 한마디면…",27,0,0,,,,,https://blog.naver.com/jklovelike/50007331068
2006-08-10,Thu,13,우리들의 대한민국,성공이 부담되는 사회,11,0,0,,,,,https://blog.naver.com/jklovelike/50007330813
2006-08-10,Thu,12,교양/학문/교육,한석봉과 자녀교육,9,0,1,,,,,https://blog.naver.com/jklovelike/50007330678
2006-08-10,Thu,12,우리들의 대한민국,손학규 같은 사람,9,0,1,,,,,https://blog.naver.com/jklovelike/50007330609
2006-08-10,Thu,12,우리들의 대한민국,‘좋은 아침’의 적들,11,0,0,,,,,https://blog.naver.com/jklovelike/50007330336
2006-08-10,Thu,12,로스쿨/사시/행시/CPA,열린 사법으로 법조 비리 끊어야 한다,20,0,0,,,,,https://blog.naver.com/jklovelike/50007330255
2006-08-09,Wed,18,책의 세계,책읽기는 인생의 가방을 채우는 일,18,0,1,,,,,https://blog.naver.com/jklovelike/50007309223
2006-08-09,Wed,18,책의 세계,당신의 책읽기 문제는 없는가?,17,0,0,,,,,https://blog.naver.com/jklovelike/50007309121
2006-08-09,Wed,18,책의 세계,유비쿼터스 시대에 대한 상상,15,0,0,,,,,https://blog.naver.com/jklovelike/50007308515
2006-08-09,Wed,18,책의 세계,21세기 설득의 영웅,11,0,1,,,,,https://blog.naver.com/jklovelike/50007308383
2006-08-09,Wed,17,경제/경영,진정한 사과,6,0,0,,,,,https://blog.naver.com/jklovelike/50007306850
2006-08-09,Wed,17,경제/경영,정주영，야성적 충동의 화신,14,0,0,,,,,https://blog.naver.com/jklovelike/50007306504
2006-08-09,Wed,17,경제/경영,투자하기 좋은 나라,10,0,0,,,,,https://blog.naver.com/jklovelike/50007306404
2006-08-09,Wed,17,"대학,대학인",<세계석학들이 본 서울대 공대>,17,0,0,,,,,https://blog.naver.com/jklovelike/50007306102
2006-08-09,Wed,17,삶과 문화,재충전 없는 휴가 가기,12,0,0,,,,,https://blog.naver.com/jklovelike/50007306006
2006-08-09,Wed,17,경제/경영,신바람 나는 일터 만들자,13,0,0,,,,,https://blog.naver.com/jklovelike/50007305913
2006-08-08,Tue,16,경제/경영,한국인들의 '비이성적 과열',15,0,0,,,,,https://blog.naver.com/jklovelike/50007268683
2006-08-08,Tue,16,지식의 정리,대학생 과외(과외 선생님의 자질),18,0,1,,,,,https://blog.naver.com/jklovelike/50007268234
2006-08-08,Tue,16,大學/大學生 ,"대학생, 과외",7,0,0,,,,,https://blog.naver.com/jklovelike/50007268057
2006-08-08,Tue,16,우리들의 대한민국,&lt;이상호기자 발언&gt;,16,0,2,,,,,https://blog.naver.com/jklovelike/50007267823
2006-08-08,Tue,16,지식의 정리,법대생의 생활,7,0,4,,,,,https://blog.naver.com/jklovelike/50007267393
2006-08-08,Tue,15,大學/大學生 ,이공계 리더가 사회를 이끈다 - 세계적 수준의 공학도 배출을 위해,36,0,3,,,,,https://blog.naver.com/jklovelike/50007266683
2006-08-08,Tue,15,책의 세계,과학책 읽기 좌담회 - &quot;수학 과학 알면 교양에 날개단 격이죠&quot;,45,0,0,,,,,https://blog.naver.com/jklovelike/50007266028
2006-08-08,Tue,15,교양/학문/교육,漢字 못 읽고 못 쓰는 것은 자랑이 아니다,23,0,0,,,,,https://blog.naver.com/jklovelike/50007265857
2006-08-08,Tue,15,삶과 문화,마 술,3,0,0,,,,,https://blog.naver.com/jklovelike/50007265776
2006-08-08,Tue,15,우리들의 대한민국,여성 1000만 취업의 그림자,16,0,0,,,,,https://blog.naver.com/jklovelike/50007265717
2006-08-08,Tue,15,삶과 문화,스타벅스를 둘러싼 된장녀(?)의 사회심리,22,0,1,,,,,https://blog.naver.com/jklovelike/50007265507
2006-08-07,Mon,22,삶과 문화,하늘 날며 공부하는 기쁨이란,15,0,0,,,,,https://blog.naver.com/jklovelike/50007243099
2006-08-07,Mon,22,교양/학문/교육,개인적 차이와 사회적 차별,14,0,0,,,,,https://blog.naver.com/jklovelike/50007242201
2006-08-07,Mon,21,교양/학문/교육,방학맞은 아이 저녁 준비 시켜보자,18,0,0,,,,,https://blog.naver.com/jklovelike/50007241825
2006-08-07,Mon,3,책의 세계,대가가 들려주는 경영의 요체,16,0,0,,,,,https://blog.naver.com/jklovelike/50007212690
2006-08-07,Mon,3,투자/주식,돈에서 해방되는 확실한 방법,15,0,0,,,,,https://blog.naver.com/jklovelike/50007212134
2006-08-07,Mon,1,투자/주식,"재무설계, 이렇게 하면 성공한다",17,0,0,,,,,https://blog.naver.com/jklovelike/50007211035
2006-08-07,Mon,1,투자/주식,무분별한 재테크를 버려라,13,0,0,,,,,https://blog.naver.com/jklovelike/50007210971
2006-08-06,Sun,20,교양/학문/교육,영어가 무엇이길래…,10,0,0,,,,,https://blog.naver.com/jklovelike/50007202013
2006-08-06,Sun,2,삶과 문화,나만의 '아버지 학교'를 열자,16,0,0,,,,,https://blog.naver.com/jklovelike/50007182400
2006-08-06,Sun,2,삶과 문화,온기와 정이 담긴 여행정보,14,0,0,,,,,https://blog.naver.com/jklovelike/50007182243
2006-08-06,Sun,2,大學/大學生 ,'대화' 그리고 '소통',13,0,0,,,,,https://blog.naver.com/jklovelike/50007182207
2006-08-06,Sun,0,투자/주식,'군 입대 기간 재테크',13,0,1,,,,,https://blog.naver.com/jklovelike/50007180146
2006-08-03,Thu,15,우리들의 대한민국,담론이 사라진 시대,10,0,2,,,,,https://blog.naver.com/jklovelike/50007094645
2006-08-03,Thu,15,삶과 문화,"더불어 살아가는 길, 나눔의 문화",18,0,0,,,,,https://blog.naver.com/jklovelike/50007094506
2006-08-03,Thu,15,경제/경영,글로벌 브랜드를 키우자,12,0,1,,,,,https://blog.naver.com/jklovelike/50007094444
2006-08-03,Thu,15,투자/주식,인생 재테크,6,0,0,,,,,https://blog.naver.com/jklovelike/50007094308
2006-08-03,Thu,14,책의 세계,장관들은 이런 책을 읽는다,14,0,1,,,,,https://blog.naver.com/jklovelike/50007092648
2006-08-02,Wed,18,삶과 문화,독서여행,4,0,0,,,,,https://blog.naver.com/jklovelike/50007065099
2006-08-01,Tue,15,CEO/Enterpriser,CEO는 휴가도 경영전략,13,0,1,,,,,https://blog.naver.com/jklovelike/50007022890
2006-08-01,Tue,15,경제/경영,"기업생존, 역설경영서 찾아라",15,0,1,,,,,https://blog.naver.com/jklovelike/50007022602
2006-08-01,Tue,14,우리들의 대한민국,젊은 남자는 무슨 꿈으로 살까?,17,0,1,,,,,https://blog.naver.com/jklovelike/50007022431
2006-08-01,Tue,14,경제/경영,IT 투자가치의 IT 거버넌스,17,0,1,,,,,https://blog.naver.com/jklovelike/50007022110
2006-08-01,Tue,14,교양/학문/교육,영어화의 역설,7,0,1,,,,,https://blog.naver.com/jklovelike/50007022006
2006-07-30,Sun,10,책의 세계,책은 단숨에 몰아서 읽어라,15,0,4,,,,,https://blog.naver.com/jklovelike/50006945271
2006-07-30,Sun,10,투자/주식,&quot;돈이 기회를 주는게 아니다&quot;,26,0,1,,,,,https://blog.naver.com/jklovelike/50006945235
2006-07-30,Sun,9,투자/주식,&quot;당신의 가족부터 만족시켜라&quot;,27,0,0,,,,,https://blog.naver.com/jklovelike/50006945017
2006-07-30,Sun,9,투자/주식,'돈'에 대한 위선을 버려라,15,0,0,,,,,https://blog.naver.com/jklovelike/50006944865
2006-07-30,Sun,9,투자/주식,부동산에 빨리 눈 떠라,13,0,0,,,,,https://blog.naver.com/jklovelike/50006944833
2006-07-30,Sun,9,투자/주식,빨리 부자되려면 부자들 마음 읽어라,20,0,0,,,,,https://blog.naver.com/jklovelike/50006944794
2006-07-29,Sat,15,투자/주식,"신혼부부, 이렇게 하면 부자된다!",18,0,0,,,,,https://blog.naver.com/jklovelike/50006922067
2006-07-29,Sat,15,투자/주식,재테크 성공 공식을 묻는다면,15,0,2,,,,,https://blog.naver.com/jklovelike/50006921884
2006-07-29,Sat,15,투자/주식,웰빙족 데이트 노하우,11,0,0,,,,,https://blog.naver.com/jklovelike/50006921753
2006-07-29,Sat,15,투자/주식,사회 초년생 재테크 10계명,15,0,2,,,,,https://blog.naver.com/jklovelike/50006921609
2006-07-29,Sat,15,경력관리 전략,외국계 회사로의 이직을 생각한다면 영어회화 가능한 정도론 어림도 없다,38,0,3,,,,,https://blog.naver.com/jklovelike/50006921273
2006-07-29,Sat,15,경력관리 전략,좋은 것보다는 다른 것이 더 강하다 - 경력관리를 위한 블루오션 전략,38,0,2,,,,,https://blog.naver.com/jklovelike/50006921087
2006-07-29,Sat,15,경력관리 전략,열심히 일하지 말고 지혜롭게 일하라,19,0,0,,,,,https://blog.naver.com/jklovelike/50006920938
2006-07-29,Sat,14,경제/경영,직원 교육은 금방 '약발'이 떨어진다?,21,0,2,,,,,https://blog.naver.com/jklovelike/50006920845
2006-07-29,Sat,14,투자/주식,그들이 주식 부자가 된 이유는..,18,0,1,,,,,https://blog.naver.com/jklovelike/50006920701
2006-07-29,Sat,14,투자/주식,&quot;외로움 견딜 힘이 있어야 프로&quot;,28,0,1,,,,,https://blog.naver.com/jklovelike/50006920596
2006-07-29,Sat,14,책의 세계,악마가 쓴 자기 계발서,12,0,2,,,,,https://blog.naver.com/jklovelike/50006920328
2006-07-29,Sat,14,大學/大學生 ,용돈 벌고 경험도 쌓는 ‘알바’,17,0,2,,,,,https://blog.naver.com/jklovelike/50006920050
2006-07-29,Sat,14,大學/大學生 ,"취업길 막는 신용불량의 덫, 파산·면책 활용하면 ‘탈출구’",32,0,0,,,,,https://blog.naver.com/jklovelike/50006919968
2006-07-29,Sat,14,大學/大學生 ,영화 찍기·음반 내기·인턴·여행 “방학이다 네 꿈을 활짝 펼쳐라”,36,0,1,,,,,https://blog.naver.com/jklovelike/50006919873
2006-07-29,Sat,14,大學/大學生 ,외국 유학생들 눈에 비친 한국학생…,21,0,1,,,,,https://blog.naver.com/jklovelike/50006919798
2006-07-29,Sat,14,大學/大學生 ,바늘구멍 취업난에 공모제는 ‘로또’,19,0,1,,,,,https://blog.naver.com/jklovelike/50006919725
2006-07-29,Sat,14,大學/大學生 ,'개인'보다 '공동체'를 위한 방학,19,0,1,,,,,https://blog.naver.com/jklovelike/50006919414
2006-07-28,Fri,21,CEO/Enterpriser,창의력은 성공의 방해꾼? - 다른 사람과 잘 통하는 것이 가장 중요한 능력,41,0,1,,,,,https://blog.naver.com/jklovelike/50006895150
2006-07-28,Fri,20,경제/경영,기업은 주주 전유물 아니다,14,0,1,,,,,https://blog.naver.com/jklovelike/50006894477
2006-07-28,Fri,20,삶과 문화,아름다운 나무 밑에서,11,0,1,,,,,https://blog.naver.com/jklovelike/50006894305
2006-07-28,Fri,20,우리들의 대한민국,똑똑한 사람이 많은 나라,13,0,1,,,,,https://blog.naver.com/jklovelike/50006894259
2006-07-27,Thu,13,추천/권장 도서목록,CEO들은 휴가때 무슨책 읽을까,17,0,0,,,,,https://blog.naver.com/jklovelike/50006838304
2006-07-27,Thu,13,삶과 문화,잘 놀아야 성공한다,10,0,0,,,,,https://blog.naver.com/jklovelike/50006838138
2006-07-27,Thu,13,경제/경영,`잭 웰치`를 버릴 준비가 됐나요,18,0,0,,,,,https://blog.naver.com/jklovelike/50006837734
2006-07-26,Wed,14,투자/주식,성공을 위해선 정부도 활용하라 - 창업 관련한 다양한 정부지원제도,36,0,1,,,,,https://blog.naver.com/jklovelike/50006801181
2006-07-26,Wed,14,경제/경영,항상 '나라 탓'… 그렇다면 당신은?,20,0,1,,,,,https://blog.naver.com/jklovelike/50006800959
2006-07-26,Wed,14,CEO/Enterpriser,'자뻑' 증세를 없애라 - 감정은 약속할 수 없다,27,0,1,,,,,https://blog.naver.com/jklovelike/50006800776
2006-07-25,Tue,21,우리들의 대한민국,강준만 - TV는 책을 말하는데…,18,0,0,,,,,https://blog.naver.com/jklovelike/50006771829
2006-07-25,Tue,13,우리들의 대한민국,강준만 - 정치는 '자해(自害) 산업',21,0,1,,,,,https://blog.naver.com/jklovelike/50006756735
2006-07-25,Tue,13,교양/학문/교육,국가 생존 오직 인재육성에 달렸다,18,0,0,,,,,https://blog.naver.com/jklovelike/50006756649
2006-07-25,Tue,13,경제/경영,"향토기업, 혁신기업",10,0,0,,,,,https://blog.naver.com/jklovelike/50006756548
2006-07-25,Tue,13,교양/학문/교육,노벨상과 교육,7,0,0,,,,,https://blog.naver.com/jklovelike/50006756444
2006-07-25,Tue,13,교양/학문/교육,조선 학자들의 자기 관리,13,0,0,,,,,https://blog.naver.com/jklovelike/50006756289
2006-07-25,Tue,13,우리들의 대한민국,사법부 권위와 힘의 원천,13,0,0,,,,,https://blog.naver.com/jklovelike/50006756149
2006-07-25,Tue,13,우리들의 대한민국,박노자 - 내가 자본주의를 혐오하는 까닭,22,0,0,,,,,https://blog.naver.com/jklovelike/50006756042
2006-07-25,Tue,13,우리들의 대한민국,한국의 지식 공존지수를 높여라,16,0,0,,,,,https://blog.naver.com/jklovelike/50006755958
2006-07-25,Tue,13,CEO/Enterpriser,재계의 ‘스타 CEO’ 가뭄,15,0,0,,,,,https://blog.naver.com/jklovelike/50006755822
2006-07-25,Tue,13,"통섭,학문,삶,사유",누가 세계화를 후퇴시키는가,14,0,0,,,,,https://blog.naver.com/jklovelike/50006755665
2006-07-25,Tue,13,경제/경영,여름휴가는 `휴테크`,11,0,0,,,,,https://blog.naver.com/jklovelike/50006755525
2006-07-25,Tue,13,삶과 문화,지거 스님 조계종 보현의집 원장,18,0,0,,,,,https://blog.naver.com/jklovelike/50006755420
2006-07-25,Tue,13,투자/주식,주식에서 배우는 지혜① 모든 것은 때가 있다,24,0,2,,,,,https://blog.naver.com/jklovelike/50006755284
2006-07-23,Sun,19,투자/주식,"샐러리맨 부자 첫걸음, &quot;너 자신을 알라!&quot;",34,0,0,,,,,https://blog.naver.com/jklovelike/50006691005
2006-07-23,Sun,18,투자/주식,&quot;돈이 돈을 버는거야? 그런거야?&quot;,29,0,1,,,,,https://blog.naver.com/jklovelike/50006690100
2006-07-23,Sun,18,투자/주식,돈 쓰고 싶은 유혹을 느낄 때,16,0,0,,,,,https://blog.naver.com/jklovelike/50006689727
2006-07-23,Sun,18,투자/주식,스트레스 없는 투자가 돈버는 이유,18,0,0,,,,,https://blog.naver.com/jklovelike/50006689641
2006-07-23,Sun,18,투자/주식,실수하는 투자자의 3가지 착각,16,0,0,,,,,https://blog.naver.com/jklovelike/50006689255
2006-07-23,Sun,18,투자/주식,"빈자의 생각, 부자의 생각",14,0,0,,,,,https://blog.naver.com/jklovelike/50006688944
2006-07-22,Sat,16,책의 세계,미쳐야 미친다,7,0,0,,,,,https://blog.naver.com/jklovelike/50006653786
2006-07-22,Sat,16,大學/大學生 ,'취업'과 '꿈' 사이,12,0,0,,,,,https://blog.naver.com/jklovelike/50006653735
2006-07-22,Sat,16,"통섭,학문,삶,사유",지구가 멸망한다면 미국 때문일 것이다,20,0,0,,,,,https://blog.naver.com/jklovelike/50006653634
2006-07-21,Fri,21,교양/학문/교육,"표현의 자유, 표현의 회피",14,0,1,,,,,https://blog.naver.com/jklovelike/50006627617
2006-07-21,Fri,21,경제/경영,누가 그들의 꿈을 빼앗는가,15,0,1,,,,,https://blog.naver.com/jklovelike/50006627533
2006-07-21,Fri,21,교양/학문/교육,지식인들에 대한 반감,11,0,0,,,,,https://blog.naver.com/jklovelike/50006627406
2006-07-21,Fri,21,우리들의 대한민국,두뇌유치 경쟁의 세계화,12,0,0,,,,,https://blog.naver.com/jklovelike/50006627229
2006-07-21,Fri,21,우리들의 대한민국,이슈 그 후 …,8,0,0,,,,,https://blog.naver.com/jklovelike/50006627003
2006-07-21,Fri,18,경제/경영,끝없는 혁신이 낳은 ''구글 신화'',20,0,0,,,,,https://blog.naver.com/jklovelike/50006621310
2006-07-21,Fri,18,경제/경영,문국현 유한킴벌리 대표-친디아와 최후의 일본인,25,0,0,,,,,https://blog.naver.com/jklovelike/50006621103
2006-07-21,Fri,18,경제/경영,경영의 여행,6,0,0,,,,,https://blog.naver.com/jklovelike/50006620964
2006-07-21,Fri,17,경제/경영,따라잡기 vs 뛰어넘기,12,0,0,,,,,https://blog.naver.com/jklovelike/50006620577
2006-07-21,Fri,17,우리들의 대한민국,대학 신입생 학력과 한국의 미래,17,0,0,,,,,https://blog.naver.com/jklovelike/50006620549
2006-07-21,Fri,17,경제/경영,"조직의 유연성, 기업의 가능성",16,0,0,,,,,https://blog.naver.com/jklovelike/50006620406
2006-07-20,Thu,13,경제/경영,신입사원에 대한 이슈,11,0,0,,,,,https://blog.naver.com/jklovelike/50006575935
2006-07-19,Wed,21,교양/학문/교육,이 시대의 모든 이에게 희망 `인문학의 힘`,25,0,1,,,,,https://blog.naver.com/jklovelike/50006554675
2006-07-19,Wed,17,경제/경영,"UCC 시대, 기업의 역할",14,0,0,,,,,https://blog.naver.com/jklovelike/50006545900
2006-07-18,Tue,19,경제/경영,100만원짜리 구멍 난 청바지,17,0,0,,,,,https://blog.naver.com/jklovelike/50006513786
2006-07-18,Tue,19,우리들의 대한민국,법조 비리와 법조계의 동류의식,16,0,0,,,,,https://blog.naver.com/jklovelike/50006513689
2006-07-18,Tue,13,책의 세계,‘하루 30분’ 독서운동 펴자,16,0,0,,,,,https://blog.naver.com/jklovelike/50006501469
2006-07-18,Tue,13,삶과 문화,세상을 살 맛나게 하는 기부의 삶,18,0,0,,,,,https://blog.naver.com/jklovelike/50006501402
2006-07-18,Tue,13,투자/주식,이제는 저축보다 투자의 시대,15,0,0,,,,,https://blog.naver.com/jklovelike/50006501042
2006-07-17,Mon,1,경제/경영,사업을 할 때 알아야 할 것들(1),23,0,1,,,,,https://blog.naver.com/jklovelike/50006451142
2006-07-17,Mon,1,투자/주식,&quot;공개적으로 돈이 좋다고 말하라&quot;,28,0,0,,,,,https://blog.naver.com/jklovelike/50006450239
2006-07-17,Mon,0,교양/학문/교육,미래를 예측한다는 것,11,0,0,,,,,https://blog.naver.com/jklovelike/50006449024
2006-07-17,Mon,0,경제/경영,기술혁신의 여건,8,0,0,,,,,https://blog.naver.com/jklovelike/50006448086
2006-07-16,Sun,23,교양/학문/교육,언어는 부(富)에 어떤 영향 미치나?,20,0,0,,,,,https://blog.naver.com/jklovelike/50006447393
2006-07-16,Sun,23,우리들의 대한민국,법관공화국,5,0,0,,,,,https://blog.naver.com/jklovelike/50006447271
2006-07-13,Thu,14,투자/주식,"한국의 젊은 부자들, 그들은 어떻게 돈을 벌었나",26,0,0,,,,,https://blog.naver.com/jklovelike/50006335893
2006-07-13,Thu,14,투자/주식,"행복의 바로미터-은퇴 이후의 삶, 이렇게 준비하라",27,0,0,,,,,https://blog.naver.com/jklovelike/50006335615
2006-07-13,Thu,14,투자/주식,주식만 하면 조급증 환자 된다?,17,0,0,,,,,https://blog.naver.com/jklovelike/50006335400
2006-07-13,Thu,14,투자/주식,주식투자로 부자되는 방법,13,0,1,,,,,https://blog.naver.com/jklovelike/50006335189
2006-07-13,Thu,14,투자/주식,죽지 않을 만큼 일하는 부자,15,0,2,,,,,https://blog.naver.com/jklovelike/50006335091
2006-07-13,Thu,13,삶과 문화,내 나라 여행도 특별함이 있다,16,0,0,,,,,https://blog.naver.com/jklovelike/50006334552
2006-07-13,Thu,13,우리들의 대한민국,"한국, 전문가의 나라?",12,0,0,,,,,https://blog.naver.com/jklovelike/50006334487
2006-07-13,Thu,13,경제/경영,IT와 ‘나눔의 미학’,12,0,0,,,,,https://blog.naver.com/jklovelike/50006334367
2006-07-13,Thu,13,교양/학문/교육,자살방지 교육 시급하다,12,0,0,,,,,https://blog.naver.com/jklovelike/50006334132
2006-07-12,Wed,17,투자/주식,재무설계 생각과 습관을 바꾸자 - 사회 새내기,25,0,0,,,,,https://blog.naver.com/jklovelike/50006312687
2006-07-12,Wed,17,투자/주식,신용등급 관리는 평소에 치밀하게,17,0,0,,,,,https://blog.naver.com/jklovelike/50006312508
2006-07-12,Wed,15,우리들의 대한민국,정치의 質은 정치인의 질에서 나온다,19,0,0,,,,,https://blog.naver.com/jklovelike/50006307358
2006-07-12,Wed,15,지식의 정리,경제학으로 유학가기 - 2,14,0,1,,,,,https://blog.naver.com/jklovelike/50006307099
2006-07-12,Wed,15,지식의 정리,경제학으로 유학가기.,11,0,1,,,,,https://blog.naver.com/jklovelike/50006306956
2006-07-12,Wed,12,우리들의 대한민국,강준만 - 경로(經路)의 저주,16,0,0,,,,,https://blog.naver.com/jklovelike/50006303123
2006-07-12,Wed,12,로스쿨/사시/행시/CPA,로스쿨 대안론,7,0,0,,,,,https://blog.naver.com/jklovelike/50006303074
2006-07-12,Wed,12,경제/경영,M&A，우리라고 못할쏘냐,13,0,0,,,,,https://blog.naver.com/jklovelike/50006302938
2006-07-11,Tue,13,우리들의 대한민국,강준만 - 강남의 법칙,12,0,0,,,,,https://blog.naver.com/jklovelike/50006269813
2006-07-11,Tue,13,경제/경영,홀대받는 다수를 주목하라,13,0,0,,,,,https://blog.naver.com/jklovelike/50006269701
2006-07-11,Tue,13,삶과 문화,겸손과 인내,6,0,0,,,,,https://blog.naver.com/jklovelike/50006269606
2006-07-11,Tue,12,투자/주식,노후를 위해 은퇴를 설계하자,15,0,0,,,,,https://blog.naver.com/jklovelike/50006269467
2006-07-11,Tue,12,경제/경영,외침만 있는 ‘일자리 창출’,15,0,1,,,,,https://blog.naver.com/jklovelike/50006269352
2006-07-11,Tue,12,경제/경영,왜 윤리경영인가,8,0,0,,,,,https://blog.naver.com/jklovelike/50006269226
2006-07-11,Tue,12,우리들의 대한민국,지도자를 기다리며,9,0,0,,,,,https://blog.naver.com/jklovelike/50006269089
2006-07-09,Sun,12,경제/경영,MBA다운 MBA를 위하여,14,0,0,,,,,https://blog.naver.com/jklovelike/50006200478
2006-07-08,Sat,15,책을 읽다 [독서목록],나의 독서편력,7,45,17,,,,,https://blog.naver.com/jklovelike/50006178565
2006-07-08,Sat,12,삶과 문화,인사 먼저 건네기,9,0,0,,,,,https://blog.naver.com/jklovelike/50006174478
2006-07-08,Sat,12,삶과 문화,일등을 너무 좋아하는 한국 사람들,18,0,1,,,,,https://blog.naver.com/jklovelike/50006174320
2006-07-08,Sat,12,우리들의 대한민국,금기를 어겨야 변화한다,12,0,0,,,,,https://blog.naver.com/jklovelike/50006174142
2006-07-08,Sat,12,大學/大學生 ,요즘 학생들의 학습습관,12,0,0,,,,,https://blog.naver.com/jklovelike/50006173942
2006-07-08,Sat,12,교양/학문/교육,'부모'라는 이름으로 행해지는 폭력,19,0,0,,,,,https://blog.naver.com/jklovelike/50006173834
2006-07-08,Sat,12,우리들의 대한민국,식민지 경험을 승화하는 길,14,0,0,,,,,https://blog.naver.com/jklovelike/50006173696
2006-07-08,Sat,12,교양/학문/교육,"글로벌시대 국가경쟁력, IT와 영어",19,0,0,,,,,https://blog.naver.com/jklovelike/50006173581
2006-07-08,Sat,12,大學/大學生 ,미래를 위한 씨앗,9,0,0,,,,,https://blog.naver.com/jklovelike/50006173195
2006-07-08,Sat,12,삶과 문화,아름다운 기부,7,0,0,,,,,https://blog.naver.com/jklovelike/50006173034
2006-07-08,Sat,12,경제/경영,IT 거버넌스,7,0,0,,,,,https://blog.naver.com/jklovelike/50006172911
2006-07-08,Sat,12,삶과 문화,내 삶을 낭비한 죄,10,0,0,,,,,https://blog.naver.com/jklovelike/50006172754
2006-07-08,Sat,12,大學/大學生 ,대학생이여! 젊음을 두드리자!,16,0,0,,,,,https://blog.naver.com/jklovelike/50006172678
2006-07-08,Sat,11,교양/학문/교육,리영희 -  나의 독서 편력,15,0,3,,,,,https://blog.naver.com/jklovelike/50006171895
2006-07-07,Fri,16,투자/주식,관심없는 재테크,8,0,0,,,,,https://blog.naver.com/jklovelike/50006147688
2006-07-07,Fri,16,경제/경영,현자(賢者) 버핏,9,0,0,,,,,https://blog.naver.com/jklovelike/50006147484
2006-07-07,Fri,16,투자/주식,개인에게 주식투자는 위험하다?,16,0,1,,,,,https://blog.naver.com/jklovelike/50006147112
2006-07-07,Fri,15,경제/경영,지식정보사회의 경영관리,12,0,1,,,,,https://blog.naver.com/jklovelike/50006146595
2006-07-07,Fri,15,경제/경영,경제는 선택과목인가?,11,0,2,,,,,https://blog.naver.com/jklovelike/50006146472
2006-07-07,Fri,15,大學/大學生 ,오늘의 대학생이 나아갈 길,14,0,0,,,,,https://blog.naver.com/jklovelike/50006146389
2006-07-07,Fri,15,교양/학문/교육,지식의 창출과 공유에 있어서 토론의 역할,22,0,1,,,,,https://blog.naver.com/jklovelike/50006146302
2006-07-07,Fri,15,투자/주식,직장인의 경력개발,9,0,0,,,,,https://blog.naver.com/jklovelike/50006146272
2006-07-07,Fri,15,경제/경영,&quot;부자아빠&quot; &quot;가난한 아빠&quot;,36,0,0,,,,,https://blog.naver.com/jklovelike/50006146068
2006-07-07,Fri,15,교양/학문/교육,표절은 범죄다,7,0,0,,,,,https://blog.naver.com/jklovelike/50006146019
2006-07-07,Fri,15,경제/경영,블로그(Blog)와 지식경영,15,0,0,,,,,https://blog.naver.com/jklovelike/50006145962
2006-07-07,Fri,15,경제/경영,알면 사랑하게 된다,10,0,0,,,,,https://blog.naver.com/jklovelike/50006145330
2006-07-07,Fri,14,우리들의 대한민국,대학생들의 시험 답안지,12,0,0,,,,,https://blog.naver.com/jklovelike/50006144863
2006-07-06,Thu,17,책의 세계,정은숙의 &quot;좀 즐기면 안되겠니?&quot;,29,0,0,,,,,https://blog.naver.com/jklovelike/50006098030
2006-07-06,Thu,17,책의 세계,이병률의 맛있는 책과의 만남,16,0,0,,,,,https://blog.naver.com/jklovelike/50006097926
2006-07-06,Thu,17,책의 세계,이덕일의 옛 사람들의 독서법,16,0,1,,,,,https://blog.naver.com/jklovelike/50006097640
2006-07-06,Thu,16,경제/경영,뉴 파워그룹 - 외국계 컨설턴트,18,0,0,,,,,https://blog.naver.com/jklovelike/50006097050
2006-07-06,Thu,16,大學/大學生 ,"새내기여, 무지개를 좇아다오",16,0,0,,,,,https://blog.naver.com/jklovelike/50006096806
2006-07-06,Thu,16,大學/大學生 ,남을 위해 베푸는 방학,12,0,1,,,,,https://blog.naver.com/jklovelike/50006096719
2006-07-06,Thu,16,경제/경영,‘좋은 일자리’ 많이 만들려면,17,0,0,,,,,https://blog.naver.com/jklovelike/50006096199
2006-07-06,Thu,16,우리들의 대한민국,[고종석 칼럼] '버핏의 경기장'을 넘어서,23,0,0,,,,,https://blog.naver.com/jklovelike/50006095972
2006-07-06,Thu,14,책의 세계,'책은 왜 읽는 것일까?',15,0,0,,,,,https://blog.naver.com/jklovelike/50006092536
2006-07-05,Wed,17,책의 세계,[한비야] 책이라는 밥상,14,0,1,,,,,https://blog.naver.com/jklovelike/50006068890
2006-07-05,Wed,17,수능/수능공부법/합격수기,여행자의 이야기 - 신입생을 위하여,20,0,1,,,,,https://blog.naver.com/jklovelike/50006068797
2006-07-05,Wed,17,책의 세계,책을 읽는다는 것은,10,0,0,,,,,https://blog.naver.com/jklovelike/50006068668
2006-07-05,Wed,17,추천/권장 도서목록,20세기 영어 소설 100선,16,0,1,,,,,https://blog.naver.com/jklovelike/50006068525
2006-07-05,Wed,17,추천/권장 도서목록,세계의 문학 명저 100선,14,0,10,,,,,https://blog.naver.com/jklovelike/50006068502
2006-07-05,Wed,17,책을 권하다,그는 왜 쓸모 없는 '책'을 읽을까?,21,0,2,,,,,https://blog.naver.com/jklovelike/50006068309
2006-07-05,Wed,17,책의 세계,책과 함께하라,7,0,0,,,,,https://blog.naver.com/jklovelike/50006068084
2006-07-05,Wed,17,교양/학문/교육,도서관에 대한 몇가지 오해,15,0,0,,,,,https://blog.naver.com/jklovelike/50006067968
2006-07-05,Wed,16,교양/학문/교육,별들 사이에 길을 놓다,13,0,0,,,,,https://blog.naver.com/jklovelike/50006067811
2006-07-05,Wed,16,교양/학문/교육,책맹(冊盲)사회,9,0,0,,,,,https://blog.naver.com/jklovelike/50006067726
2006-07-05,Wed,16,책의 세계,동서고금 독서가들의 책읽기,14,0,0,,,,,https://blog.naver.com/jklovelike/50006067562
2006-07-05,Wed,16,책의 세계,성장소설이 필요하다,11,0,2,,,,,https://blog.naver.com/jklovelike/50006067309
2006-07-05,Wed,16,우리들의 대한민국,‘우라야스’ 를 배우자,13,0,0,,,,,https://blog.naver.com/jklovelike/50006066936
2006-07-05,Wed,16,교양/학문/교육,아이들만 책 읽는 나라,14,0,0,,,,,https://blog.naver.com/jklovelike/50006066861
2006-07-05,Wed,16,교양/학문/교육,위험한 활자 이탈,10,0,0,,,,,https://blog.naver.com/jklovelike/50006066802
2006-07-05,Wed,16,우리들의 대한민국,강준만 - 역사 콤플렉스,14,0,0,,,,,https://blog.naver.com/jklovelike/50006066499
2006-07-05,Wed,16,교양/학문/교육,존경의 도덕과 존중의 도덕,14,0,0,,,,,https://blog.naver.com/jklovelike/50006066349
2006-07-05,Wed,16,삶과 문화,돈과 행복,5,0,0,,,,,https://blog.naver.com/jklovelike/50006066229
2006-07-05,Wed,16,수능/수능공부법/합격수기,[영어 학습 경험론] 수능 공부 100% 활용하기,27,0,1,2979,0,1,0,https://blog.naver.com/jklovelike/50006065929
2006-07-04,Tue,18,우리들의 대한민국,아직도 엽전 바지저고리인가,14,0,0,,,,,https://blog.naver.com/jklovelike/50006033394
2006-07-04,Tue,17,경제/경영,버핏이 ‘오마하의 현인’이 된 4가지 이유,23,0,0,,,,,https://blog.naver.com/jklovelike/50006032951
2006-07-03,Mon,0,삶과 문화,교회에 가면 부자가 되나,14,0,0,,,,,https://blog.naver.com/jklovelike/50005977731
2006-07-01,Sat,10,경제/경영,그럼에도 불구하고,9,0,2,,,,,https://blog.naver.com/jklovelike/50005922517
2006-07-01,Sat,9,교양/학문/교육,10대들에게 단체리플함,12,0,3,,,,,https://blog.naver.com/jklovelike/50005922431
2006-07-01,Sat,9,교양/학문/교육,10대들에게 고백함,10,0,1,,,,,https://blog.naver.com/jklovelike/50005922378
2006-07-01,Sat,9,경제/경영,경영철학,4,0,0,,,,,https://blog.naver.com/jklovelike/50005922164
2006-07-01,Sat,9,교양/학문/교육,실망스런 한국 교육 이야기,14,0,0,,,,,https://blog.naver.com/jklovelike/50005922132
2006-07-01,Sat,9,"통섭,학문,삶,사유",중국의 두 얼굴,8,0,0,,,,,https://blog.naver.com/jklovelike/50005922019
2006-07-01,Sat,9,삶과 문화,'위대한 한국인' 찾기,12,0,0,,,,,https://blog.naver.com/jklovelike/50005921949
2006-07-01,Sat,9,삶과 문화,나눔의 바다를 이루자,11,0,0,,,,,https://blog.naver.com/jklovelike/50005921831
2006-06-30,Fri,16,삶과 문화,투덜대지 않기 연습,10,0,0,,,,,https://blog.naver.com/jklovelike/50005902506
2006-06-30,Fri,16,우리들의 대한민국,"강준만 - 한국인, '들쥐떼 근성'과 '레밍 기질'의 사이",32,0,1,,,,,https://blog.naver.com/jklovelike/50005902167
2006-06-30,Fri,16,교양/학문,도정일 - 아이들을 망치는 가장 확실한 길,23,0,0,,,,,https://blog.naver.com/jklovelike/50005901996
2006-06-30,Fri,16,교양/학문,학구열과 교육열의 차이,12,0,1,,,,,https://blog.naver.com/jklovelike/50005901716
2006-06-30,Fri,2,투자/주식,큰 돈으로 불려가는 8단계 법칙,17,0,0,,,,,https://blog.naver.com/jklovelike/50005823366
2006-06-30,Fri,2,투자/주식,"신혼부부, 이렇게 하면 부자된다!",18,0,0,,,,,https://blog.naver.com/jklovelike/50005823221
2006-06-30,Fri,1,大學/大學生 ,읽음과 배움 결여된 헛소리 경계,18,0,0,,,,,https://blog.naver.com/jklovelike/50005823045
2006-06-30,Fri,1,大學/大學生 ,대학교육의 싸구려 타령,12,0,0,,,,,https://blog.naver.com/jklovelike/50005822994
2006-06-29,Thu,23,삶과 문화,같은 나이만 친구 삼으란 법 없다,18,0,0,,,,,https://blog.naver.com/jklovelike/50005819322
2006-06-29,Thu,23,삶과 문화,나잇값과 행복한 심리,11,0,0,,,,,https://blog.naver.com/jklovelike/50005819268
2006-06-29,Thu,23,교양/교육/학문,"이공계 리더십, 사회를 이끈다 -&lt;2&gt;&quot;나는 이렇게 리더가 됐다&quot;",52,0,0,,,,,https://blog.naver.com/jklovelike/50005819173
2006-06-29,Thu,23,"대학,대학인","이공계 리더십, 사회를 이끈다 - <1>",22,0,0,,,,,https://blog.naver.com/jklovelike/50005819016
2006-06-28,Wed,3,삶과 문화,자꾸만 잃어버리는 것들,13,0,0,,,,,https://blog.naver.com/jklovelike/50005732017
2006-06-28,Wed,3,삶과 문화,"정보의 폭주, 마음의 질서",14,0,0,,,,,https://blog.naver.com/jklovelike/50005731870
2006-06-28,Wed,3,경제/경영,워런 버핏의 `아름다운 기부`,16,0,0,,,,,https://blog.naver.com/jklovelike/50005731802
2006-06-28,Wed,3,책을 권하다,연인들을 위한 책 20선,14,0,0,,,,,https://blog.naver.com/jklovelike/50005730801
2006-06-28,Wed,3,삶과 문화,‘싱글 대디’로 살아남기,13,0,0,,,,,https://blog.naver.com/jklovelike/50005730297
2006-06-28,Wed,3,경제/경영,존경받는 부자,8,0,0,,,,,https://blog.naver.com/jklovelike/50005728727
2006-06-27,Tue,4,경제/경영,돈 쓸 줄 아는 美부자들,14,0,0,,,,,https://blog.naver.com/jklovelike/50005652813
2006-06-26,Mon,5,책의 세계,디지털 시대의 책읽기는 뭔가 다르다?,21,0,1,,,,,https://blog.naver.com/jklovelike/50005621292
2006-06-26,Mon,4,삶과 문화,삶은 현재진행형,8,0,0,,,,,https://blog.naver.com/jklovelike/50005621254
2006-06-26,Mon,4,경제/경영,시장의 신화,6,0,0,,,,,https://blog.naver.com/jklovelike/50005621218
2006-06-25,Sun,2,우리들의 대한민국,재경부스러운 일,8,0,0,,,,,https://blog.naver.com/jklovelike/50005589328
2006-06-25,Sun,2,우리들의 대한민국,"고종석 - 반미, 친북, 촤파",16,0,0,,,,,https://blog.naver.com/jklovelike/50005589013
2006-06-25,Sun,1,투자/주식,이런 사람은 서둘러 창업하지 마라,19,0,1,,,,,https://blog.naver.com/jklovelike/50005587681
2006-06-25,Sun,0,교양/학문,획일적 교육시대의 종말과 홈스쿨의 확산,22,0,1,,,,,https://blog.naver.com/jklovelike/50005587242
2006-06-25,Sun,0,삶과 문화,발견하는 즐거움,8,0,0,,,,,https://blog.naver.com/jklovelike/50005586920
2006-06-25,Sun,0,투자/주식,투잡스는 아무나 하나?,13,0,0,,,,,https://blog.naver.com/jklovelike/50005586597
2006-06-25,Sun,0,책의 세계,낭독 예찬,5,0,0,,,,,https://blog.naver.com/jklovelike/50005586160
2006-06-24,Sat,5,Na,...,3,0,3,,,,,https://blog.naver.com/jklovelike/50005563210
2006-06-22,Thu,3,교양/학문,동네마다 작은도서관 만들기,14,0,0,,,,,https://blog.naver.com/jklovelike/50005500125
2006-06-21,Wed,1,CEO/Enterpriser,나만의 이야기를 만들어라,13,0,0,,,,,https://blog.naver.com/jklovelike/50005466023
2006-06-21,Wed,0,우리들의 대한민국,노래방의 법칙,7,0,0,,,,,https://blog.naver.com/jklovelike/50005464856
2006-06-21,Wed,0,우리들의 대한민국,축구선수가 왜 전사인가,12,0,0,,,,,https://blog.naver.com/jklovelike/50005464722
2006-06-20,Tue,1,삶과 문화,"월드컵, 타인의 고통",12,0,0,,,,,https://blog.naver.com/jklovelike/50005436101
2006-06-20,Tue,1,경제/경영,빌 게이츠,5,0,0,,,,,https://blog.naver.com/jklovelike/50005436019
2006-06-20,Tue,1,우리들의 대한민국,박노자 -  &quot;붉은 악마&quot;에 대한 사회학적 단상,36,0,1,,,,,https://blog.naver.com/jklovelike/50005435847
2006-06-20,Tue,1,우리들의 대한민국,공동체의 바깥,7,0,0,,,,,https://blog.naver.com/jklovelike/50005435740
2006-06-20,Tue,1,우리들의 대한민국,외모는 월급이다?,9,0,1,,,,,https://blog.naver.com/jklovelike/50005435616
2006-06-20,Tue,0,우리들의 대한민국,‘졸업장 프리미엄’은 옳은가,15,0,0,,,,,https://blog.naver.com/jklovelike/50005435228
2006-06-19,Mon,3,우리들의 대한민국,강준만 - 휴대전화 노예공화국,16,0,0,,,,,https://blog.naver.com/jklovelike/50005410232
2006-06-18,Sun,5,우리들의 대한민국,실력? 오만? ‘CEO형 정치인’ 연구,21,0,0,,,,,https://blog.naver.com/jklovelike/50005381151
2006-06-18,Sun,4,CEO/Enterpriser,신임 CEO의 성공 요건,13,0,0,,,,,https://blog.naver.com/jklovelike/50005380862
2006-06-18,Sun,4,우리들의 대한민국,강준만 - 간판 공화국의 주목 투쟁,19,0,0,,,,,https://blog.naver.com/jklovelike/50005380766
2006-06-18,Sun,4,우리들의 대한민국,강준만 - 기 죽지 말고 원없이 놀자,20,0,0,,,,,https://blog.naver.com/jklovelike/50005380663
2006-06-18,Sun,4,교양/교육/학문,“아이들을 때리지 마”,13,0,0,,,,,https://blog.naver.com/jklovelike/50005380547
2006-06-18,Sun,4,교양/학문,서울대에 축구학과를 만드시죠,16,0,0,,,,,https://blog.naver.com/jklovelike/50005380502
2006-06-18,Sun,3,교양/학문,IT영재학교 설립 빠를수록 좋다,18,0,0,,,,,https://blog.naver.com/jklovelike/50005380405
2006-06-18,Sun,3,大學/大學生 ,“지식보다 지혜” 가르쳐 주신 교수님,20,0,0,,,,,https://blog.naver.com/jklovelike/50005380392
2006-06-18,Sun,3,경제/경영,빌 게이츠 - ‘소프트웨어 황제’서 ‘자선사업 황제’로,31,0,0,,,,,https://blog.naver.com/jklovelike/50005380355
2006-06-18,Sun,3,삶과 문화,21세기형 여전사,9,0,0,,,,,https://blog.naver.com/jklovelike/50005380312
2006-06-16,Fri,0,교양/교육/학문,철학이 없으면 삶은 예술이 될 수 없다,21,0,1,,,,,https://blog.naver.com/jklovelike/50005314682
2006-06-14,Wed,8,수능/수능공부법/합격수기,돈으로 공부 잘하게 만들 수 있을까?,20,2,3,2165,0,0,0,https://blog.naver.com/jklovelike/50005253458
2006-06-14,Wed,8,삶과 문화,월드컵이 올림픽보다 못한 것들,16,0,0,,,,,https://blog.naver.com/jklovelike/50005253447
2006-06-14,Wed,8,경제/경영,20대가 50대보다 연봉이 높다(?),20,0,1,,,,,https://blog.naver.com/jklovelike/50005253330
2006-06-13,Tue,7,교양/교육/학문,‘한민족 새로운 탄생’ 희망하며,17,0,0,,,,,https://blog.naver.com/jklovelike/50005223675
2006-06-13,Tue,7,삶과 문화,클래식 음악이 주는 즐거움,14,0,0,,,,,https://blog.naver.com/jklovelike/50005223657
2006-06-13,Tue,7,교양/교육/학문,부지런함과 겸손함,9,0,0,,,,,https://blog.naver.com/jklovelike/50005223609
2006-06-13,Tue,7,교양/교육/학문,신영복 선생님의 고별 강연,14,0,0,,,,,https://blog.naver.com/jklovelike/50005223537
2006-06-13,Tue,7,우리들의 대한민국,고종석 - 한국인으로 사는 기쁨,17,0,0,,,,,https://blog.naver.com/jklovelike/50005223529
2006-06-13,Tue,7,大學/大學生 ,젊은이들에게 보내는 ‘태백산맥’ 작가의 충고,24,0,0,,,,,https://blog.naver.com/jklovelike/50005223517
2006-06-13,Tue,7,大學/大學生 ,대학의 국제인력 양성,11,0,0,,,,,https://blog.naver.com/jklovelike/50005223510
2006-06-13,Tue,6,교양/교육/학문,해설자들의 말솜씨,9,0,0,,,,,https://blog.naver.com/jklovelike/50005223499
2006-06-13,Tue,6,교양/교육/학문,"1,000곳 기적의 도서관을 만들자",19,0,0,,,,,https://blog.naver.com/jklovelike/50005223484
2006-06-13,Tue,6,우리들의 대한민국,"6월, 월드컵, 두소녀의 죽음",16,0,0,,,,,https://blog.naver.com/jklovelike/50005223470
2006-06-13,Tue,6,교양/교육/학문,뿌리깊은 문·이과 구분,12,0,0,,,,,https://blog.naver.com/jklovelike/50005223463
2006-06-13,Tue,6,삶과 문화,죽음이라는 소중한 삶,11,0,0,,,,,https://blog.naver.com/jklovelike/50005223444
2006-06-13,Tue,6,삶과 문화,혼자 있는 시간,8,0,0,,,,,https://blog.naver.com/jklovelike/50005223324
2006-06-13,Tue,6,교양/교육/학문,남학생과 여학생 ‘뇌’가 다르다,18,0,1,,,,,https://blog.naver.com/jklovelike/50005223303
2006-06-13,Tue,6,우리들의 대한민국,지금 일본에 있고 우리에게 없는 것,19,0,0,,,,,https://blog.naver.com/jklovelike/50005223251
2006-06-13,Tue,6,교양/교육/학문,강준만 - '싸가지'가 '메시지'다,19,0,0,,,,,https://blog.naver.com/jklovelike/50005223231
2006-06-13,Tue,6,우리들의 대한민국,강준만 - '암묵지'를 공유하자,17,0,0,,,,,https://blog.naver.com/jklovelike/50005223214
2006-06-12,Mon,15,Na,'세상을 품어라' 정모 후기,16,0,0,,,,,https://blog.naver.com/jklovelike/50005202361
2006-06-11,Sun,13,삶과 문화,스스로를 용서하라,9,0,0,,,,,https://blog.naver.com/jklovelike/50005163960
2006-06-11,Sun,13,삶과 문화,밥상 위의 진보주의자,12,0,0,,,,,https://blog.naver.com/jklovelike/50005163765
2006-06-11,Sun,0,'데미안'의 젊은 날의 초상,시간의 보복,6,3,0,,,,,https://blog.naver.com/jklovelike/50005152641
2006-06-11,Sun,0,삶과 문화,내 마음 속의 마지노선,12,0,0,,,,,https://blog.naver.com/jklovelike/50005151843
2006-06-11,Sun,0,삶과 문화,낯선 사람에게 말 걸기,12,0,1,,,,,https://blog.naver.com/jklovelike/50005151643
2006-06-11,Sun,0,삶과 문화,아름다워지기 위한 미친 짓,14,0,0,,,,,https://blog.naver.com/jklovelike/50005151190
2006-06-11,Sun,0,삶과 문화,세대를 넘어서는 삶의 이야기,16,0,2,,,,,https://blog.naver.com/jklovelike/50005150954
2006-06-11,Sun,0,삶과 문화,절규와 생쇼는 이제 그만,13,0,1,,,,,https://blog.naver.com/jklovelike/50005150830
2006-06-11,Sun,0,교양/교육/학문,中2 수학 세계2위 실력 어디로 갔나,20,0,0,,,,,https://blog.naver.com/jklovelike/50005150627
2006-06-09,Fri,10,우리들의 대한민국,강준만 - '지역주의 해소' 10대 방안,22,0,0,,,,,https://blog.naver.com/jklovelike/50005087751
2006-06-09,Fri,10,우리들의 대한민국,강준만 - '삼국지 열풍'의 사회학,19,0,1,,,,,https://blog.naver.com/jklovelike/50005087577
2006-06-09,Fri,10,우리들의 대한민국,한국 엘리트의 자폐성,11,0,1,,,,,https://blog.naver.com/jklovelike/50005087510
2006-06-09,Fri,10,우리들의 대한민국,강준만  - '돈이 민주주의다',17,0,0,,,,,https://blog.naver.com/jklovelike/50005087257
2006-06-09,Fri,10,우리들의 대한민국,강준만 - 이건희만 돌을 맞아야 하나?,21,0,0,,,,,https://blog.naver.com/jklovelike/50005086996
2006-06-09,Fri,10,우리들의 대한민국,死刑존치론에도 일리는 있지만,15,0,0,,,,,https://blog.naver.com/jklovelike/50005086853
2006-06-09,Fri,10,경제/경영,미래를 보는 특허정보,11,0,0,,,,,https://blog.naver.com/jklovelike/50005086710
2006-06-09,Fri,10,삶과 문화,내가 나를 만나다,9,0,0,,,,,https://blog.naver.com/jklovelike/50005086594
2006-06-09,Fri,10,삶과 문화,남자의 여름은 여자보다 덥다,16,0,0,,,,,https://blog.naver.com/jklovelike/50005086473
2006-06-09,Fri,9,大學/大學生 ,대학서열 고착 심화…10년간 상위30% 거의 불변,27,0,0,,,,,https://blog.naver.com/jklovelike/50005086365
2006-06-09,Fri,9,교양/학문/生覺,"자유와 창조, 학교에서?",13,0,0,,,,,https://blog.naver.com/jklovelike/50005086211
2006-06-09,Fri,9,교양/학문/生覺,“평화롭게 공존하는 세상 교육에 달렸다”,22,0,1,,,,,https://blog.naver.com/jklovelike/50005086128
2006-06-09,Fri,9,경제/경영,건전한 자본주의를 위하여,13,0,1,,,,,https://blog.naver.com/jklovelike/50005086021
2006-06-09,Fri,9,우리들의 대한민국,10대 여성들의 ‘분열’과 소통,17,0,0,,,,,https://blog.naver.com/jklovelike/50005085963
2006-06-09,Fri,9,大學/大學生 ,대학은 지성과 담론의 공간이다,16,0,0,,,,,https://blog.naver.com/jklovelike/50005085932
2006-06-09,Fri,9,大學/大學生 ,[명문대 교육혁명] 미국 예일대,18,0,1,,,,,https://blog.naver.com/jklovelike/50005085794
2006-06-09,Fri,9,大學/大學生 ,[명문대 교육혁명] 미국 하버드대,19,0,0,,,,,https://blog.naver.com/jklovelike/50005085739
2006-06-09,Fri,9,大學/大學生 ,[명문대 교육혁명] 미국 프린스턴대,20,0,0,,,,,https://blog.naver.com/jklovelike/50005085663
2006-06-07,Wed,14,수능/수능공부법/합격수기,똑똑해지자,6,0,2,,,,,https://blog.naver.com/jklovelike/50005031912
2006-06-07,Wed,14,수능/수능공부법/합격수기,"고민없는 공부, 고민하는 공부",17,1,2,,,,,https://blog.naver.com/jklovelike/50005031759
2006-06-07,Wed,14,수능/수능공부법/합격수기,꼭 드리고 싶은 이야기... 목표의 현실성?,24,1,5,,,,,https://blog.naver.com/jklovelike/50005031672
2006-06-07,Wed,14,수능/수능공부법/합격수기,감상에 그치지 말고 행동으로 옮기자,19,0,2,691,0,0,0,https://blog.naver.com/jklovelike/50005031433
2006-06-07,Wed,14,수능/수능공부법/합격수기,수학 모르는 문제는 절대 답을 보면 안된다?,25,1,8,,,,,https://blog.naver.com/jklovelike/50005031307
2006-06-07,Wed,9,교양/학문/生覺,수학을 위한 변명,10,0,1,,,,,https://blog.naver.com/jklovelike/50005024545
2006-06-07,Wed,9,수능/수능공부법/합격수기,언어 기출분석할 때 특히 주의해야 할 점,22,0,12,,,,,https://blog.naver.com/jklovelike/50005023873
2006-06-06,Tue,19,우리들의 대한민국,월드컵을 통해 본 한국인의 심리,17,0,0,,,,,https://blog.naver.com/jklovelike/50005006803
2006-06-04,Sun,5,삶과 문화,나이 듦과 늙음,8,0,0,,,,,https://blog.naver.com/jklovelike/50004924855
2006-06-04,Sun,5,우리들의 대한민국,‘책맹’사회에서 책읽기,12,0,2,,,,,https://blog.naver.com/jklovelike/50004924837
2006-06-04,Sun,5,우리들의 대한민국,나잇값에 멍드는 한국사회,13,0,0,,,,,https://blog.naver.com/jklovelike/50004924830
2006-06-04,Sun,1,'데미안'의 젊은 날의 초상,지금의 나 자신을 되돌이켜 보면서...,21,0,5,,,,,https://blog.naver.com/jklovelike/50004921470
2006-06-03,Sat,22,로스쿨/사시/행시/CPA,"변호사 100년, 새로운 도전",16,0,0,,,,,https://blog.naver.com/jklovelike/50004916782
2006-06-03,Sat,21,책을 권하다,책을 읽지 않는 대학생들을 위한 쓴소리,21,0,1,,,,,https://blog.naver.com/jklovelike/50004914725
2006-06-03,Sat,21,책을 권하다,사람을 거울로 삼는 신영복 선생의 &lt;강의&gt;,29,0,0,,,,,https://blog.naver.com/jklovelike/50004914287
2006-06-03,Sat,21,大學/大學生 ,서울대 학벌을 넘어 &lt;미국대학 학벌사회&gt;로,29,1,2,,,,,https://blog.naver.com/jklovelike/50004914024
2006-06-03,Sat,21,교양/학문/生覺,참 답답한 대학입시 풍경,13,0,0,,,,,https://blog.naver.com/jklovelike/50004913703
2006-06-03,Sat,21,교양/학문/生覺,시와 수능시험,7,0,0,,,,,https://blog.naver.com/jklovelike/50004913631
2006-06-03,Sat,21,교양/학문/生覺,어리석음을 가르치라,11,0,0,,,,,https://blog.naver.com/jklovelike/50004913504
2006-06-03,Sat,21,大學/大學生 ,학벌이 망친 대학교육,12,0,0,,,,,https://blog.naver.com/jklovelike/50004913413
2006-06-03,Sat,2,교양/학문/生覺,문과·이과 벽 허물기,11,0,1,,,,,https://blog.naver.com/jklovelike/50004891710
2006-06-03,Sat,1,삶과 문화,"헬리콥터 부모, 그림자 부모",16,0,0,,,,,https://blog.naver.com/jklovelike/50004891532
2006-06-02,Fri,16,Na,6월 2일...오랜만의 글...,17,0,3,,,,,https://blog.naver.com/jklovelike/50004875517
2006-06-02,Fri,15,삶과 문화,요즘 시 한편 읽으시나요?,14,0,0,,,,,https://blog.naver.com/jklovelike/50004874064
2006-06-02,Fri,15,삶과 문화,너는 누구냐 ?,8,0,1,,,,,https://blog.naver.com/jklovelike/50004873918
2006-06-02,Fri,15,삶과 문화,아름다운 세상,8,0,0,,,,,https://blog.naver.com/jklovelike/50004873801
2006-06-02,Fri,15,삶과 문화,자선의 참의미를 생각하며,13,0,0,,,,,https://blog.naver.com/jklovelike/50004873747
2006-06-02,Fri,15,삶과 문화,호기심 - 인생을 키우는 힘,15,0,0,,,,,https://blog.naver.com/jklovelike/50004873501
2006-06-02,Fri,15,삶과 문화,나이 듦을 두려워 말라,12,0,0,,,,,https://blog.naver.com/jklovelike/50004873380
2006-05-30,Tue,15,삶과 문화,휴대전화 좀 빌려주실래요?,14,0,0,,,,,https://blog.naver.com/jklovelike/50004784536
2006-05-30,Tue,15,삶과 문화,휴대폰이 빼앗아간 것들,12,0,1,,,,,https://blog.naver.com/jklovelike/50004784316
2006-05-30,Tue,1,삶과 문화,휴대전화 벨 좀 꺼주세요,13,0,0,,,,,https://blog.naver.com/jklovelike/50004770909
2006-05-30,Tue,1,삶과 문화,행복을 언제 느끼십니까?,13,0,0,,,,,https://blog.naver.com/jklovelike/50004770734
2006-05-30,Tue,0,삶과 문화,1만원의 의미,7,0,0,,,,,https://blog.naver.com/jklovelike/50004770649
2006-05-30,Tue,0,삶과 문화,위대한 순간은 온다,10,0,0,,,,,https://blog.naver.com/jklovelike/50004769636
2006-05-28,Sun,5,삶과 문화,못했지만 잘했어요,10,0,2,,,,,https://blog.naver.com/jklovelike/50004713965
2006-05-28,Sun,5,삶과 문화,한 일본인 특파원이 준 교훈,15,0,0,,,,,https://blog.naver.com/jklovelike/50004713940
2006-05-28,Sun,4,삶과 문화,사라지는 것들은 아름답다,14,0,1,,,,,https://blog.naver.com/jklovelike/50004713892
2006-05-28,Sun,4,교양/학문/生覺,`인지 부조화`와 `바보의 벽`,17,0,0,,,,,https://blog.naver.com/jklovelike/50004713590
2006-05-28,Sun,4,삶과 문화,대답,2,0,0,,,,,https://blog.naver.com/jklovelike/50004713570
2006-05-28,Sun,4,삶과 문화,"느림, 기다림의 미학",11,0,0,,,,,https://blog.naver.com/jklovelike/50004713542
2006-05-28,Sun,4,삶과 문화,느낌,2,0,0,,,,,https://blog.naver.com/jklovelike/50004713437
2006-05-28,Sun,3,교양/학문/生覺,이 시대 최고의 지식인,12,0,0,,,,,https://blog.naver.com/jklovelike/50004713382
2006-05-28,Sun,3,경제/경영,"인재 채용, `간판` 보다 실력이다",19,0,0,,,,,https://blog.naver.com/jklovelike/50004713353
2006-05-28,Sun,3,우리들의 대한민국,우리의 민족주의는 안전한가,14,0,0,,,,,https://blog.naver.com/jklovelike/50004713337
2006-05-28,Sun,0,로스쿨/사시/행시/CPA,"로스쿨, 부자들만의 잔칫상?",15,0,4,,,,,https://blog.naver.com/jklovelike/50004709171
2006-05-27,Sat,23,교양/학문/生覺,큰일 내려면 읽으세요 ... 신문이 주는 3가지 미덕,30,0,0,,,,,https://blog.naver.com/jklovelike/50004707397
2006-05-27,Sat,23,경제/경영,조직에서 개인으로 권력 이동 : ‘우리’보다 ‘내’가 중심이 되는 시대,39,0,1,,,,,https://blog.naver.com/jklovelike/50004707245
2006-05-27,Sat,23,삶과 문화,결혼하지 말아야할 여덟 사람,16,0,0,,,,,https://blog.naver.com/jklovelike/50004706908
2006-05-26,Fri,7,책을 권하다,하종강의 &lt;그래도 희망은 노동운동&gt;,25,0,1,,,,,https://blog.naver.com/jklovelike/50004655818
2006-05-26,Fri,6,Na,내 삶이 힘들고 지치더라도...,17,0,0,,,,,https://blog.naver.com/jklovelike/50004655784
2006-05-26,Fri,5,삶과 문화,공부 권하는 사회,9,0,0,,,,,https://blog.naver.com/jklovelike/50004655428
2006-05-26,Fri,5,책의 세계,교양 도서 체크포인트,11,0,0,,,,,https://blog.naver.com/jklovelike/50004655380
2006-05-26,Fri,5,책의 세계,책 고르기,5,0,0,,,,,https://blog.naver.com/jklovelike/50004655352
2006-05-26,Fri,5,교양/학문/生覺,모티머 J. 애들러: 교양 교육의 수호신,22,0,0,,,,,https://blog.naver.com/jklovelike/50004655342
2006-05-26,Fri,5,교양/학문/生覺,고전을 위한 하나의 변명,13,0,0,,,,,https://blog.naver.com/jklovelike/50004655322
2006-05-26,Fri,5,투자/주식,재테크 이전에 인생을 찾아라,15,0,0,,,,,https://blog.naver.com/jklovelike/50004655283
2006-05-25,Thu,0,책의 세계,독서 계획을 권함,9,0,0,,,,,https://blog.naver.com/jklovelike/50004623466
2006-05-25,Thu,0,책의 세계,미국의 독서실태조사 결과,13,0,0,,,,,https://blog.naver.com/jklovelike/50004623216
2006-05-25,Thu,0,교양/학문/生覺,칸트를 읽는 고등학생과 주부?,17,0,2,,,,,https://blog.naver.com/jklovelike/50004623106
2006-05-24,Wed,1,책의 세계,좋은 책 고르기,8,0,4,,,,,https://blog.naver.com/jklovelike/50004593892
2006-05-24,Wed,1,CEO/Enterpriser,예종석의 'CEO에게 보내는 편지' - 경영자의 태도,29,0,0,,,,,https://blog.naver.com/jklovelike/50004593621
2006-05-24,Wed,0,책의 세계,책을 부릴 줄 아는 사람,13,0,0,,,,,https://blog.naver.com/jklovelike/50004592794
2006-05-24,Wed,0,책의 세계,열린 책읽기와 그 적들,13,0,0,,,,,https://blog.naver.com/jklovelike/50004592335
2006-05-24,Wed,0,책을 권하다,소유냐 존재냐,7,0,0,,,,,https://blog.naver.com/jklovelike/50004591268
2006-05-23,Tue,22,삶/예술/문화,곡선의 삶 그리고 직선의 삶,16,0,0,,,,,https://blog.naver.com/jklovelike/50004589166
2006-05-23,Tue,22,삶/예술/문화,모니터를 치워보세요,10,0,2,,,,,https://blog.naver.com/jklovelike/50004588898
2006-05-23,Tue,22,삶/예술/문화,아버지께 올리는 사죄의 절,14,0,0,,,,,https://blog.naver.com/jklovelike/50004588843
2006-05-23,Tue,22,우리들의 대한민국,고종석 - 5월 광주가 복권되려면,19,0,1,,,,,https://blog.naver.com/jklovelike/50004588777
2006-05-23,Tue,22,우리들의 대한민국,강준만 - 축구는 한국이다,14,0,0,,,,,https://blog.naver.com/jklovelike/50004588569
2006-05-23,Tue,7,'데미안'의 젊은 날의 초상,강해지리라...,8,3,6,,,,,https://blog.naver.com/jklovelike/50004569137
2006-05-23,Tue,5,우리들의 대한민국,하종강 - 제발 열등감이라도 좀 느끼며 살자,25,0,0,,,,,https://blog.naver.com/jklovelike/50004568910
2006-05-23,Tue,5,우리들의 대한민국,홍세화 - 광주는 아직 끝나지 않았습니다.,23,0,0,,,,,https://blog.naver.com/jklovelike/50004568901
2006-05-23,Tue,5,교양/학문/生覺,[신영복선생] 더불어 숲 - 나의 길 우리의 삶,26,0,0,,,,,https://blog.naver.com/jklovelike/50004568885
2006-05-23,Tue,5,교양/학문/生覺,인터넷 글쓰기에 관한 사적 진술,17,0,0,,,,,https://blog.naver.com/jklovelike/50004568847
2006-05-23,Tue,5,교양/학문/生覺,강준만에게는 무언가 특별한 것이 있다?,21,0,2,,,,,https://blog.naver.com/jklovelike/50004568829
2006-05-23,Tue,5,교양/학문/生覺,'인문 정신'은 무엇으로 사는가,17,0,0,,,,,https://blog.naver.com/jklovelike/50004568798
2006-05-23,Tue,5,우리들의 대한민국,강풀 - 5.18을 되돌아보며..,18,0,0,,,,,https://blog.naver.com/jklovelike/50004568725
2006-05-23,Tue,4,책의 세계,5가지 독서생활 수칙,11,0,2,,,,,https://blog.naver.com/jklovelike/50004568671
2006-05-22,Mon,0,교양/학문/生覺,우리말의 참된 가치,10,0,0,,,,,https://blog.naver.com/jklovelike/50004536062
2006-05-17,Wed,12,투자/주식,증권투자도 좋은 직업 될 수 있다,19,0,1,,,,,https://blog.naver.com/jklovelike/50004399597
2006-05-17,Wed,11,책을 권하다,메타 학습과 독서 기술과의 만남,18,0,0,,,,,https://blog.naver.com/jklovelike/50004399500
2006-05-17,Wed,11,책의 세계,'알밤 줍기 독서법'을 소개합니다,18,0,1,,,,,https://blog.naver.com/jklovelike/50004399370
2006-05-17,Wed,11,책의 세계,날라리 독서가가 전하는 책 이야기,19,0,0,,,,,https://blog.naver.com/jklovelike/50004399287
2006-05-17,Wed,11,책을 권하다,독서에 대한 달콤 쌉싸름한 이야기,18,0,2,,,,,https://blog.naver.com/jklovelike/50004399028
2006-05-17,Wed,11,책을 권하다,'이상 지적 욕구자' 놀라운 독서 이야기,22,0,2,,,,,https://blog.naver.com/jklovelike/50004398819
2006-05-17,Wed,11,교양/학문/生覺,우리는 얼마나 놀 줄 아는가?,16,0,0,,,,,https://blog.naver.com/jklovelike/50004398391
2006-05-17,Wed,10,大學/大學生 ,서울대생에게 과자보다 중요한 것도 있다,22,0,0,,,,,https://blog.naver.com/jklovelike/50004398299
2006-05-17,Wed,10,로스쿨/사시/행시/CPA,초보고시생한테 당부의 글,13,0,13,,,,,https://blog.naver.com/jklovelike/50004398176
2006-05-17,Wed,10,로스쿨/사시/행시/CPA,제48회 (2004) 행정고시 재경직 합격자 합격수기,29,0,11,,,,,https://blog.naver.com/jklovelike/50004398037
2006-05-17,Wed,10,로스쿨/사시/행시/CPA,"행정고시 과목별 공부방법론(경제학, 행정법, 정치학, 재정학, 통계학 등)",42,0,62,,,,,https://blog.naver.com/jklovelike/50004397889
2006-05-17,Wed,10,로스쿨/사시/행시/CPA,법학적 사고에 관하여(행정법 관련),20,0,2,,,,,https://blog.naver.com/jklovelike/50004397793
2006-05-17,Wed,10,로스쿨/사시/행시/CPA,[PSAT 교재에 관한 평가 및 공부방법],23,0,34,,,,,https://blog.naver.com/jklovelike/50004397530
2006-05-16,Tue,4,책을 권하다,아는 것으로 부터의 자유,14,0,0,,,,,https://blog.naver.com/jklovelike/50004368108
2006-05-14,Sun,6,교양/학문/生覺,세계인과 한국인,8,0,0,,,,,https://blog.naver.com/jklovelike/50004307248
2006-05-14,Sun,6,경제/경영,일에 대한 헌신과 개인의 행복,16,0,0,,,,,https://blog.naver.com/jklovelike/50004307232
2006-05-14,Sun,3,책을 권하다,대신 살아줄 수 없는 삶 - 자유와 책임,22,0,0,,,,,https://blog.naver.com/jklovelike/50004306417
2006-05-14,Sun,3,삶/예술/문화,시간과 삶 그리고 경영,12,0,0,,,,,https://blog.naver.com/jklovelike/50004306191
2006-05-14,Sun,2,투자/주식,돈에 대하여,6,0,0,,,,,https://blog.naver.com/jklovelike/50004305542
2006-05-14,Sun,2,경제/경영,브랜드 명성을 얻는 법과 잃지 않는 법,21,0,0,,,,,https://blog.naver.com/jklovelike/50004305420
2006-05-13,Sat,2,책을 권하다,시간을 벗삼아 ...,12,0,0,,,,,https://blog.naver.com/jklovelike/50004280350
2006-05-13,Sat,1,책의 세계,독서의 이로움,8,0,1,,,,,https://blog.naver.com/jklovelike/50004279482
2006-05-12,Fri,15,교양/학문/生覺,보이지 않는 폭력의 학습,13,0,0,,,,,https://blog.naver.com/jklovelike/50004260327
2006-05-12,Fri,14,투자/주식,주식형 부자의 뇌구조는 다르다(하),19,0,0,,,,,https://blog.naver.com/jklovelike/50004259595
2006-05-12,Fri,14,투자/주식,주식형 부자의 뇌구조는 다르다(상),19,0,0,,,,,https://blog.naver.com/jklovelike/50004259585
2006-05-12,Fri,14,투자/주식,"샐러리맨이여, 현실을 직시하라!",17,0,0,,,,,https://blog.naver.com/jklovelike/50004259468
2006-05-12,Fri,14,우리들의 대한민국,강준만 -  평등주의의 겉과 속,19,0,0,,,,,https://blog.naver.com/jklovelike/50004259082
2006-05-12,Fri,14,로스쿨/사시/행시/CPA,좋은 변호사를 만나려면,12,0,3,,,,,https://blog.naver.com/jklovelike/50004258864
2006-05-12,Fri,13,투자/주식,"부자의 논리, 패자의 논리",14,0,0,,,,,https://blog.naver.com/jklovelike/50004258498
2006-05-12,Fri,13,교양/학문/生覺,사람의 우열을 비교해선 안된다?,17,0,2,,,,,https://blog.naver.com/jklovelike/50004258193
2006-05-11,Thu,16,Na,거짓된 삶은 꺼져버려라.,13,0,1,,,,,https://blog.naver.com/jklovelike/50004234764
2006-05-11,Thu,1,투자/주식,5년 후 대한민국 주식시장,14,0,0,,,,,https://blog.naver.com/jklovelike/50004224239
2006-05-11,Thu,1,투자/주식,당신도 부자가 될 수 있습니다,16,0,0,,,,,https://blog.naver.com/jklovelike/50004224105
2006-05-11,Thu,1,투자/주식,내 안의 부자를 깨워라,12,0,0,,,,,https://blog.naver.com/jklovelike/50004224025
2006-05-10,Wed,16,투자/주식,"돈과 독서, 상상력은 비례한다",16,0,0,,,,,https://blog.naver.com/jklovelike/50004210092
2006-05-10,Wed,16,우리들의 대한민국,아름다운 한국인,8,0,0,,,,,https://blog.naver.com/jklovelike/50004209997
2006-05-09,Tue,17,투자/주식,부(富)는 과연 인간을 행복하게 하는가?,22,0,1,,,,,https://blog.naver.com/jklovelike/50004184715
2006-05-09,Tue,4,교양/학문/生覺,"‘나’를 만든 읽기, ‘너’를 향한 쓰기",22,0,0,,,,,https://blog.naver.com/jklovelike/50004173042
2006-05-09,Tue,4,교양/학문/生覺,"우정, 인간관계의 최고 이상형",16,0,0,,,,,https://blog.naver.com/jklovelike/50004172971
2006-05-09,Tue,1,Na,엉성한 오프 후기 ㅠ_ㅠ,13,0,1,,,,,https://blog.naver.com/jklovelike/50004171031
2006-05-08,Mon,20,투자/주식,일의 종류에 따라 부자 되는 길이 다르다.,24,0,0,,,,,https://blog.naver.com/jklovelike/50004162464
2006-05-08,Mon,20,Na,일단 계획하고 생각하는 것들...,18,0,1,,,,,https://blog.naver.com/jklovelike/50004162313
2006-05-08,Mon,1,경제/경영,몸도 기업도 건강할 때 지켜라,16,0,0,,,,,https://blog.naver.com/jklovelike/50004143616
2006-05-08,Mon,1,삶/예술/문화,시간과 돈 그리고 여행,13,0,0,,,,,https://blog.naver.com/jklovelike/50004143518
2006-05-05,Fri,12,CEO/Enterpriser,CEO 탐구 - 삶의 메이저 리그로 들어가는 법,26,0,2,,,,,https://blog.naver.com/jklovelike/50004065001
2006-05-05,Fri,12,교양/학문/生覺,고미숙 - 혁명은 일상을 극복할 때 온다,23,0,1,,,,,https://blog.naver.com/jklovelike/50004064321
2006-05-05,Fri,12,책의 세계,책 안 읽는 사회?,10,0,0,,,,,https://blog.naver.com/jklovelike/50004064207
2006-05-05,Fri,11,교양/학문/生覺,신문은 국어 교과서다,11,0,0,,,,,https://blog.naver.com/jklovelike/50004063934
2006-05-05,Fri,11,경제/경영,최고의 비즈니스는 혁신이다,14,0,0,,,,,https://blog.naver.com/jklovelike/50004063716
2006-05-05,Fri,11,삶/예술/문화,가족보다 애견과 더 친해진 가장,18,0,0,,,,,https://blog.naver.com/jklovelike/50004063268
2006-05-05,Fri,11,교양/학문/깨닫다,‘빨리빨리’가 가져다준 풍요,16,0,0,,,,,https://blog.naver.com/jklovelike/50004063020
2006-05-03,Wed,19,가속성장/자기계발,세이노의 가르침 - 10분 이상 고민하지 말라,25,3,2,,,,,https://blog.naver.com/jklovelike/50004020930
2006-05-03,Wed,13,경제/경영,대통령이 불러도 안 가는 이유,16,0,2,,,,,https://blog.naver.com/jklovelike/50004011163
2006-05-03,Wed,13,투자/주식,하루 아침에 부자 될 꿈은 꾸지도 마라,22,0,0,,,,,https://blog.naver.com/jklovelike/50004010787
2006-05-03,Wed,0,우리들의 대한민국,강준만 - 한국 보수의 '서열 집착증',21,0,0,,,,,https://blog.naver.com/jklovelike/50003999781
2006-05-03,Wed,0,경제/경영,개인의 기업화,8,0,0,,,,,https://blog.naver.com/jklovelike/50003999189
2006-05-03,Wed,0,투자/주식,돈을 위해 살진 않습니까,14,0,0,,,,,https://blog.naver.com/jklovelike/50003998956
2006-05-03,Wed,0,교양/학문,육체의 반역,6,0,0,,,,,https://blog.naver.com/jklovelike/50003998828
2006-05-02,Tue,23,우리들의 대한민국,부드럽지만 강한 군대를 보았다,17,0,0,,,,,https://blog.naver.com/jklovelike/50003998551
2006-05-02,Tue,23,교양/학문,비판을 받는다는 것,10,0,2,,,,,https://blog.naver.com/jklovelike/50003998458
2006-05-02,Tue,23,책의 세계,‘책속의 페로몬’에 취해 보시죠,18,0,2,,,,,https://blog.naver.com/jklovelike/50003998285
2006-05-02,Tue,23,삶/예술/문화,사소함 속의 위대함,11,0,0,,,,,https://blog.naver.com/jklovelike/50003997906
2006-05-02,Tue,23,우리들의 대한민국,한국을 어떻게 생각하세요,13,0,1,,,,,https://blog.naver.com/jklovelike/50003997830
2006-05-02,Tue,23,삶/예술/문화,체벌보다는 마음의 변화를 이끌어야 한다,21,0,0,,,,,https://blog.naver.com/jklovelike/50003997615
2006-05-02,Tue,23,삶/예술/문화,TV 안 보기,8,0,0,,,,,https://blog.naver.com/jklovelike/50003997510
2006-05-02,Tue,23,우리들의 대한민국,강준만 - '조직인간’ 사회,15,0,0,,,,,https://blog.naver.com/jklovelike/50003997462
2006-05-02,Tue,23,우리들의 대한민국,강준만 - 싸움하는 법부터 배우자,19,0,0,,,,,https://blog.naver.com/jklovelike/50003997370
2006-05-02,Tue,22,우리들의 대한민국,강준만 - '내부비판'과 '성찰'에 충실하자,24,0,0,,,,,https://blog.naver.com/jklovelike/50003997226
2006-05-02,Tue,22,우리들의 대한민국,잔인한 교육,6,0,0,,,,,https://blog.naver.com/jklovelike/50003997145
2006-05-02,Tue,22,삶/예술/문화,도서관 전문인력 확충,11,0,0,,,,,https://blog.naver.com/jklovelike/50003996990
2006-05-02,Tue,22,우리들의 대한민국,"정치인의 오만, 유권자의 편견",17,0,0,,,,,https://blog.naver.com/jklovelike/50003996839
2006-05-02,Tue,3,삶/예술/문화,"TV를 끄자, 추억을 만들자",16,0,0,,,,,https://blog.naver.com/jklovelike/50003975943
2006-05-02,Tue,2,책을 권하다,리더십을 위한 책 20선 - 경영·경제·인생 강좌 45편,31,0,0,,,,,https://blog.naver.com/jklovelike/50003975916
2006-05-02,Tue,2,"통섭,학문,삶,사유",美영향력은 전쟁 안할 때 가장 크다,19,0,0,,,,,https://blog.naver.com/jklovelike/50003975910
2006-05-02,Tue,2,교양/학문,자녀가 부모의 대리만족 대상인가,18,0,0,,,,,https://blog.naver.com/jklovelike/50003975841
2006-04-28,Fri,3,교양/학문,인간자본과 인재(人材),13,0,0,,,,,https://blog.naver.com/jklovelike/50003874156
2006-04-28,Fri,3,교양/학문,느림의 미학,7,0,1,,,,,https://blog.naver.com/jklovelike/50003874140
2006-04-28,Fri,2,우리들의 대한민국,두 번 긴장하는 사회,11,0,0,,,,,https://blog.naver.com/jklovelike/50003874041
2006-04-28,Fri,2,우리들의 대한민국,존재를 배반하는 의식화,12,0,1,,,,,https://blog.naver.com/jklovelike/50003874005
2006-04-28,Fri,2,우리들의 대한민국,가족 판타지,6,0,0,,,,,https://blog.naver.com/jklovelike/50003873962
2006-04-28,Fri,2,우리들의 대한민국,독도는 갈매기의 땅,10,0,0,,,,,https://blog.naver.com/jklovelike/50003873655
2006-04-27,Thu,11,우리들의 대한민국,홍세화 씨에 대한 비판,12,0,1,,,,,https://blog.naver.com/jklovelike/50003852482
2006-04-27,Thu,10,책의 세계,200회 특집 TV 책을 말하다를 보고,21,0,1,,,,,https://blog.naver.com/jklovelike/50003852086
2006-04-27,Thu,10,책을 권하다,한국의 아름다운 책 100종,17,0,3,,,,,https://blog.naver.com/jklovelike/50003851997
2006-04-27,Thu,10,책의 세계,좋은 책 많이 읽는 열가지 방법,19,0,2,,,,,https://blog.naver.com/jklovelike/50003851926
2006-04-27,Thu,10,책의 세계,정보시대 청소년의 문화양식과 책 읽기,22,0,0,,,,,https://blog.naver.com/jklovelike/50003851891
2006-04-27,Thu,10,책의 세계,값은 싸지만 사실은 가장 비싼 선물 -  책....,30,0,0,,,,,https://blog.naver.com/jklovelike/50003851561
2006-04-27,Thu,10,책의 세계,독서에 관한 명언 모음,14,0,1,,,,,https://blog.naver.com/jklovelike/50003851428
2006-04-27,Thu,10,추천/권장 도서목록,독서지도 참고도서 목록,14,0,2,,,,,https://blog.naver.com/jklovelike/50003851385
2006-04-27,Thu,10,책의 세계,천천히 음미하며 읽어야 ‘고급독자’,20,0,0,,,,,https://blog.naver.com/jklovelike/50003851175
2006-04-27,Thu,10,책의 세계,책 읽기란 '다 다름'을 느끼는 일,19,0,0,,,,,https://blog.naver.com/jklovelike/50003850990
2006-04-27,Thu,10,교양/학문,'개와 늑대 사이의 인간',14,0,0,,,,,https://blog.naver.com/jklovelike/50003850860
2006-04-27,Thu,10,책의 세계,좋은 책 읽기의 '즐거움',14,0,4,,,,,https://blog.naver.com/jklovelike/50003850805
2006-04-27,Thu,9,추천도서 목록,'성공하는 사람들의 일곱 가지 습관',21,0,1,,,,,https://blog.naver.com/jklovelike/50003850626
2006-04-26,Wed,16,교양/학문,‘나’를 향한 저항,10,0,0,,,,,https://blog.naver.com/jklovelike/50003829372
2006-04-26,Wed,16,책의 세계,좋은 책을 제대로 읽어보자고요,16,0,0,,,,,https://blog.naver.com/jklovelike/50003829179
2006-04-26,Wed,16,우리들의 대한민국,엘리트와 사유의 미국화,12,0,0,,,,,https://blog.naver.com/jklovelike/50003828971
2006-04-26,Wed,15,교양/학문,도정일 - 보르헤스의 ‘천국’과 도서관,22,0,0,,,,,https://blog.naver.com/jklovelike/50003828228
2006-04-26,Wed,5,책의 세계,책과 장미 축제,9,0,0,,,,,https://blog.naver.com/jklovelike/50003817750
2006-04-26,Wed,5,책의 세계,능동적 삶 원한다면 책을 읽어라,18,0,0,,,,,https://blog.naver.com/jklovelike/50003817674
2006-04-26,Wed,5,우리들의 대한민국,"나는 고발한다, 법조계를...",17,0,0,,,,,https://blog.naver.com/jklovelike/50003817667
2006-04-26,Wed,5,우리들의 대한민국,조선조의 한문열풍,10,0,0,,,,,https://blog.naver.com/jklovelike/50003817652
2006-04-26,Wed,5,교양/학문,수학계 석학 김용운 교수 “19단 잘못 외면 바보된다”,30,0,0,,,,,https://blog.naver.com/jklovelike/50003817592
2006-04-26,Wed,4,大學/大學生 ,우리들의 일그러진 교수님,13,0,0,,,,,https://blog.naver.com/jklovelike/50003817561
2006-04-26,Wed,4,우리들의 대한민국,비판적 상상력을 위하여,13,0,0,,,,,https://blog.naver.com/jklovelike/50003817539
2006-04-26,Wed,4,"대학,대학인",신영복 성공회대 교수가 대학 신입생들에게,22,0,3,,,,,https://blog.naver.com/jklovelike/50003817489
2006-04-26,Wed,4,大學/大學生 ,홍세화  - 사회귀족 예비군에게,17,1,2,,,,,https://blog.naver.com/jklovelike/50003817456
2006-04-26,Wed,4,책의 세계,권장도서를 버려라,10,0,0,,,,,https://blog.naver.com/jklovelike/50003817438
2006-04-26,Wed,4,책의 세계,수능 언어 영역 공부와 책읽기,16,0,0,,,,,https://blog.naver.com/jklovelike/50003817419
2006-04-26,Wed,4,추천도서 목록,학벌사회 - 아름다운 논리 언어가 돋보이는 책,26,0,2,,,,,https://blog.naver.com/jklovelike/50003817372
2006-04-26,Wed,4,교양/학문,무릎 꿇고 가르침을 청할 정도로 존경할 사람이 있는가,29,0,1,,,,,https://blog.naver.com/jklovelike/50003817353
2006-04-26,Wed,4,교양/학문,홍세화가 말하는 우리의『자발적 복종』,21,0,0,,,,,https://blog.naver.com/jklovelike/50003817321
2006-04-26,Wed,3,교양/학문,네가 읽으니까 나도 읽는다? 따라 읽는 대학생,25,0,0,,,,,https://blog.naver.com/jklovelike/50003817238
2006-04-26,Wed,3,교양/학문,'실용서'라는 이름의 도깨비,16,0,0,,,,,https://blog.naver.com/jklovelike/50003817218
2006-04-26,Wed,3,Na,경제캠프 세부 일정,10,0,0,,,,,https://blog.naver.com/jklovelike/50003817053
2006-04-25,Tue,15,'데미안'의 젊은 날의 초상,나의 성숙을 위한 오늘의 고뇌...,19,3,3,,,,,https://blog.naver.com/jklovelike/50003801376
2006-04-25,Tue,14,"대학,대학인","""제가 아니라 저의 글로써 평가해주세요.""-법학에 대해..",33,0,0,,,,,https://blog.naver.com/jklovelike/50003799140
2006-04-25,Tue,2,투자/주식,전문직에 종사하면 부자가 될까?,18,0,0,,,,,https://blog.naver.com/jklovelike/50003789189
2006-04-25,Tue,2,투자/주식,가난이 세습되는 이유,12,0,0,,,,,https://blog.naver.com/jklovelike/50003789064
2006-04-25,Tue,2,투자/주식,가난은 사회구조적 현상인가.,16,0,0,,,,,https://blog.naver.com/jklovelike/50003788973
2006-04-24,Mon,11,교양/학문,인간의 행복을 생각하는 기술,15,0,0,,,,,https://blog.naver.com/jklovelike/50003765193
2006-04-23,Sun,14,투자/주식,창업 하지 말아야 할 다섯명의 사람,20,0,0,,,,,https://blog.naver.com/jklovelike/50003740715
2006-04-21,Fri,21,교양/학문,"수학, 나라를 일으켜 세우는 힘",18,0,0,,,,,https://blog.naver.com/jklovelike/50003696626
2006-04-21,Fri,0,수능/수능공부법/합격수기,법률공부를 하는 법에 관해,15,4,17,,,,,https://blog.naver.com/jklovelike/50003674877
2006-04-21,Fri,0,大學/大學生 ,유학에 대한 인식의 전환,13,0,0,,,,,https://blog.naver.com/jklovelike/50003674630
2006-04-21,Fri,0,大學/大學生 ,부자가 되려면 학교공부를 열심히 해야 하는가.,26,0,0,,,,,https://blog.naver.com/jklovelike/50003674257
2006-04-20,Thu,23,大學/大學生 ,고학력은 부자가 되는데 도움이 되는가.,22,0,0,,,,,https://blog.naver.com/jklovelike/50003674057
2006-04-20,Thu,23,大學/大學生 ,전공은 취직하는데 있어 어떤 역할을 할까.,24,0,2,,,,,https://blog.naver.com/jklovelike/50003673870
2006-04-20,Thu,23,大學/大學生 ,학벌 좋은 사람들이 알아야 할 것.,20,0,1,,,,,https://blog.naver.com/jklovelike/50003673614
2006-04-20,Thu,16,책의 세계,‘독서계획’,6,0,0,,,,,https://blog.naver.com/jklovelike/50003662974
2006-04-20,Thu,16,"삶,예술,문화",그 많던 똘똘이들 다 어디 갔나,18,0,0,,,,,https://blog.naver.com/jklovelike/50003662879
2006-04-20,Thu,16,책의 세계,"독서, 두마리 토끼 잡기",14,0,0,,,,,https://blog.naver.com/jklovelike/50003662800
2006-04-20,Thu,16,우리들의 대한민국,‘자살 권하는 사회’,12,0,0,,,,,https://blog.naver.com/jklovelike/50003662745
2006-04-20,Thu,16,"삶,예술,문화",블로그서도 아름다운 사람 만나고 싶다,21,0,0,,,,,https://blog.naver.com/jklovelike/50003662651
2006-04-20,Thu,16,"삶,예술,문화",‘명품 인간’이 그립다,13,0,3,,,,,https://blog.naver.com/jklovelike/50003662474
2006-04-20,Thu,16,"삶,예술,문화",애완동물을 기른다는 것,13,0,0,,,,,https://blog.naver.com/jklovelike/50003662405
2006-04-20,Thu,16,"삶,예술,문화",5만명 도시에 공공도서관 1개뿐이라니...,24,0,0,,,,,https://blog.naver.com/jklovelike/50003662321
2006-04-20,Thu,16,"삶,예술,문화",세상이 따뜻해지는 말 ‘우리’,17,0,0,,,,,https://blog.naver.com/jklovelike/50003662031
2006-04-20,Thu,16,"삶,예술,문화",휴대전화가 사람을 휴대하는 세상,18,0,0,,,,,https://blog.naver.com/jklovelike/50003661978
2006-04-20,Thu,16,우리들의 대한민국,미(美)의 획일화 강요하는 사회,18,0,0,,,,,https://blog.naver.com/jklovelike/50003661831
2006-04-20,Thu,15,大學/大學生 ,대학 수업은 자기가 듣고 싶은 것만 골라 듣나요?,27,0,0,,,,,https://blog.naver.com/jklovelike/50003661015
2006-04-20,Thu,15,지식의 정리,대학 학점.. 과연 중요할까? 인생에 미치는 영향?,28,0,9,,,,,https://blog.naver.com/jklovelike/50003660915
2006-04-19,Wed,3,경제/경영,시간만이 살길이다,9,0,1,,,,,https://blog.naver.com/jklovelike/50003622023
2006-04-19,Wed,3,경제/경영,‘황태자병’의 묘약,10,0,0,,,,,https://blog.naver.com/jklovelike/50003621831
2006-04-19,Wed,3,우리들의 대한민국,왜 대통령이 되고 싶은가,14,0,0,,,,,https://blog.naver.com/jklovelike/50003621812
2006-04-19,Wed,3,경제/경영,기업가 정신은 왜 계승 못하나,17,0,0,,,,,https://blog.naver.com/jklovelike/50003621796
2006-04-19,Wed,3,大學/大學生 ,대학 시위문화 새 바람 기대한다,18,0,0,,,,,https://blog.naver.com/jklovelike/50003621681
2006-04-18,Tue,10,경제/경영,사업을 망치는 가장 큰 원인,15,0,0,,,,,https://blog.naver.com/jklovelike/50003596796
2006-04-18,Tue,10,투자/주식,자식의 재테크를 위해 남기는 유언 13가지,23,0,0,,,,,https://blog.naver.com/jklovelike/50003596700
2006-04-18,Tue,10,경제/경영,경제 성장의 함정,9,0,0,,,,,https://blog.naver.com/jklovelike/50003595549
2006-04-18,Tue,10,교양/학문,사실보도의 위기,8,0,0,,,,,https://blog.naver.com/jklovelike/50003595029
2006-04-18,Tue,10,우리들의 대한민국,국가의 품격,7,0,0,,,,,https://blog.naver.com/jklovelike/50003594039
2006-04-18,Tue,10,우리들의 대한민국,"노동문제, 좀 제대로 가르치자",16,0,1,,,,,https://blog.naver.com/jklovelike/50003593859
2006-04-18,Tue,9,우리들의 대한민국,다를 수 있는 권리,10,0,0,,,,,https://blog.naver.com/jklovelike/50003593367
2006-04-18,Tue,9,교양/학문,상투어에 대한 소고,14,0,1,,,,,https://blog.naver.com/jklovelike/50003593081
2006-04-18,Tue,9,우리들의 대한민국,박노자 - 학력 과잉이라고? 자본과 국가의 한계이다!,29,0,0,,,,,https://blog.naver.com/jklovelike/50003592492
2006-04-18,Tue,9,우리들의 대한민국,"박노자 - 우리에게 없는 것, 일터 민주주의",24,0,0,,,,,https://blog.naver.com/jklovelike/50003592378
2006-04-17,Mon,0,우리들의 대한민국,아이는 ‘자산’ 이다,11,0,0,,,,,https://blog.naver.com/jklovelike/50003535840
2006-04-17,Mon,0,경제/경영,엘리트의 ‘기계적 노동’,13,0,0,,,,,https://blog.naver.com/jklovelike/50003535767
2006-04-17,Mon,0,경제/경영,경쟁력 대 창의성,9,0,0,,,,,https://blog.naver.com/jklovelike/50003535705
2006-04-17,Mon,0,大學/大學生 ,‘학력과잉’ 대학에도 책임있다,17,0,0,,,,,https://blog.naver.com/jklovelike/50003535592
2006-04-17,Mon,0,우리들의 대한민국,자살률 1위의 나라,11,0,0,,,,,https://blog.naver.com/jklovelike/50003535525
2006-04-16,Sun,23,大學/大學生 ,‘게으른 교수’ 차등적 연봉제 도입을...,24,0,0,,,,,https://blog.naver.com/jklovelike/50003535353
2006-04-16,Sun,23,大學/大學生 ,너무 배워 슬픈 사람들,13,0,0,,,,,https://blog.naver.com/jklovelike/50003535202
2006-04-16,Sun,23,大學/大學生 ,따로 노는 대학과 기업,13,0,0,,,,,https://blog.naver.com/jklovelike/50003535144
2006-04-16,Sun,23,책의 세계,"독서, ‘혼의 즐거운 춤’",15,0,0,,,,,https://blog.naver.com/jklovelike/50003534925
2006-04-16,Sun,23,우리들의 대한민국,‘인권과 경제’ 상생의 길,14,0,0,,,,,https://blog.naver.com/jklovelike/50003534828
2006-04-16,Sun,23,경제/경영,일터에서 행복하신가요?,13,0,0,,,,,https://blog.naver.com/jklovelike/50003534729
2006-04-16,Sun,23,경제/경영,친디아에서의 한국경제 미래 개척,17,0,0,,,,,https://blog.naver.com/jklovelike/50003534487
2006-04-16,Sun,23,우리들의 대한민국,"교수님, 제자리로 돌아가세요",15,0,0,,,,,https://blog.naver.com/jklovelike/50003534398
2006-04-16,Sun,23,책의 세계,읽어야 산다,7,0,0,,,,,https://blog.naver.com/jklovelike/50003534283
2006-04-16,Sun,23,大學/大學生 ,"다시, 어떤 비전을 가질 것인가",18,0,0,,,,,https://blog.naver.com/jklovelike/50003533868
2006-04-16,Sun,22,우리들의 대한민국,미·중 양강 시대의 국제 전략,17,0,0,,,,,https://blog.naver.com/jklovelike/50003533694
2006-04-16,Sun,0,경제/경영,앨빈토플러 '미래쇼크',12,0,0,,,,,https://blog.naver.com/jklovelike/50003507358
2006-04-16,Sun,0,경제/경영,경제학과 졸업생의 일반적 진로 현황,19,0,0,,,,,https://blog.naver.com/jklovelike/50003506506
2006-04-14,Fri,21,大學/大學生 ,20대 젊은이들이 사는 방식,15,0,0,,,,,https://blog.naver.com/jklovelike/50003454359
2006-04-14,Fri,21,우리들의 대한민국,‘한국의 토론문화’ 를 토론한다,17,0,0,,,,,https://blog.naver.com/jklovelike/50003454133
2006-04-14,Fri,21,大學/大學生 ,대학생,3,0,0,,,,,https://blog.naver.com/jklovelike/50003453003
2006-04-14,Fri,21,우리들의 대한민국,"대한민국, 국가브랜드를 높일 때다",18,0,0,,,,,https://blog.naver.com/jklovelike/50003452789
2006-04-13,Thu,15,교양,김형효 교수의 테마가 있는 철학산책 - 지식과 마음의 활용,33,0,1,,,,,https://blog.naver.com/jklovelike/50003408659
2006-04-13,Thu,15,교양,김형효 교수의 테마가 있는 철학산책 - 소유에서 존재로,31,0,0,,,,,https://blog.naver.com/jklovelike/50003408639
2006-04-13,Thu,15,교양,김형효 교수의 테마가 있는 철학산책 - 긍정적 사고,28,0,0,,,,,https://blog.naver.com/jklovelike/50003408556
2006-04-12,Wed,16,'데미안'의 젊은 날의 초상,회의와 반성,6,2,7,,,,,https://blog.naver.com/jklovelike/50003382714
2006-04-12,Wed,15,우리들의 대한민국,한국어의 힘을 키우려면,12,0,0,,,,,https://blog.naver.com/jklovelike/50003380864
2006-04-12,Wed,15,우리들의 대한민국,'인정투쟁'의 획일화,11,0,0,,,,,https://blog.naver.com/jklovelike/50003380626
2006-04-12,Wed,15,"삶,예술,문화",진정한 승리자,7,0,0,,,,,https://blog.naver.com/jklovelike/50003380438
2006-04-11,Tue,13,大學/大學生 ,알바 목적이 꼭 '돈'만은 아니다,18,0,1,,,,,https://blog.naver.com/jklovelike/50003349446
2006-04-10,Mon,23,기업가/최고경영자,예종석의 'CEO에게 보내는 편지'  - 의복 매너,28,0,0,,,,,https://blog.naver.com/jklovelike/50003290438
2006-04-10,Mon,13,로스쿨/사시/행시/CPA,동차 합격기 - 공부가 제일 어려웠어요,21,0,5,,,,,https://blog.naver.com/jklovelike/50003267493
2006-04-10,Mon,13,로스쿨/사시/행시/CPA,고시 수석합격자들의 세계,13,0,12,,,,,https://blog.naver.com/jklovelike/50003267314
2006-04-10,Mon,13,교양,이공계 선택한 여성들에게,13,0,0,,,,,https://blog.naver.com/jklovelike/50003266769
2006-04-10,Mon,11,"삶,예술,문화",휴대폰 중독,7,0,0,,,,,https://blog.naver.com/jklovelike/50003263018
2006-04-09,Sun,20,경제/경영,공학·경영학 겸비한 기업인,14,0,0,,,,,https://blog.naver.com/jklovelike/50003246155
2006-04-09,Sun,20,Na,ENFJ,4,5,5,,,,,https://blog.naver.com/jklovelike/50003245456
2006-04-09,Sun,20,책의 세계,신문이 주는 3가지 미덕,13,0,1,,,,,https://blog.naver.com/jklovelike/50003245170
2006-04-07,Fri,10,大學/大學生 ,'좋은 교수님'의 기준,12,0,1,,,,,https://blog.naver.com/jklovelike/50003163282
2006-04-07,Fri,9,경제/경영,뉴 파워그룹 - 최고기술책임자(CTO),22,0,0,,,,,https://blog.naver.com/jklovelike/50003163034
2006-04-07,Fri,9,경제/경영,뉴 파워그룹 - 극과 극 아우르는 ‘잡종의 엘리트’,29,0,0,,,,,https://blog.naver.com/jklovelike/50003162940
2006-04-06,Thu,16,경제/경영,천재를 천재로 키우려면,12,0,0,,,,,https://blog.naver.com/jklovelike/50003144246
2006-04-06,Thu,16,경제/경영,의연하게  극일(克日) 하는 법,17,0,0,,,,,https://blog.naver.com/jklovelike/50003144156
2006-04-06,Thu,16,우리들의 대한민국,시대 역행하는 한국식 한자교육,16,0,0,,,,,https://blog.naver.com/jklovelike/50003144016
2006-04-06,Thu,16,우리들의 대한민국,전문가 정신을 되새기자,12,0,0,,,,,https://blog.naver.com/jklovelike/50003143968
2006-04-06,Thu,16,투자/주식,재테크보다 중요한 노(老)테크,16,0,0,,,,,https://blog.naver.com/jklovelike/50003143821
2006-04-06,Thu,16,우리들의 대한민국,한국 사회 아직 멀었다,12,0,0,,,,,https://blog.naver.com/jklovelike/50003143687
2006-04-06,Thu,16,우리들의 대한민국,"공공도서관 500개, 노래방 9만개",19,0,0,,,,,https://blog.naver.com/jklovelike/50003143609
2006-04-06,Thu,15,우리들의 대한민국,여성문제는 사회 전체의 문제,15,0,0,,,,,https://blog.naver.com/jklovelike/50003143366
2006-04-06,Thu,15,大學/大學生 ,어떤 비전을 가질 것인가?,14,0,0,,,,,https://blog.naver.com/jklovelike/50003143150
2006-04-06,Thu,15,경제/경영,'프로페셔널'의 추구와 청년취업,17,0,0,,,,,https://blog.naver.com/jklovelike/50003143049
2006-04-06,Thu,15,경제/경영,깨지는 '지식경제 신화',13,0,0,,,,,https://blog.naver.com/jklovelike/50003142866
2006-04-06,Thu,15,책의 세계,[글 속에 미래가 있다]명사들이 말하는 책읽기,26,0,1,,,,,https://blog.naver.com/jklovelike/50003142361
2006-04-06,Thu,15,책의 세계,[글 속에 미래가 있다]생각하는 리더의 독서론,26,0,0,,,,,https://blog.naver.com/jklovelike/50003142332
2006-04-05,Wed,15,"삶,예술,문화",요즘 아이들 문제점 2가지!,15,0,0,,,,,https://blog.naver.com/jklovelike/50003116899
2006-04-05,Wed,15,大學/大學生 ,[공유] 교수님들 께서 해주신 말씀들.,22,0,0,,,,,https://blog.naver.com/jklovelike/50003116483
2006-04-05,Wed,14,"삶,예술,문화",&quot;나는 잘 모릅니다&quot;의 감동,25,0,0,,,,,https://blog.naver.com/jklovelike/50003115655
2006-04-05,Wed,14,"삶,예술,문화",진정한 변화의 출발점,11,0,0,,,,,https://blog.naver.com/jklovelike/50003115607
2006-04-05,Wed,14,로스쿨/사시/행시/CPA,"사법고시, 그 열기의 현장을 가보다",19,0,1,,,,,https://blog.naver.com/jklovelike/50003115510
2006-04-05,Wed,14,"삶,예술,문화",'쇼핑의 도시' 도쿄에서,13,0,0,,,,,https://blog.naver.com/jklovelike/50003115419
2006-04-05,Wed,14,교양,인문학의 프라그마,9,0,0,,,,,https://blog.naver.com/jklovelike/50003115328
2006-04-04,Tue,12,大學/大學生 ,비싼 등록금과 빚에 찌든 대학생들…우리의 미래는?,28,0,0,,,,,https://blog.naver.com/jklovelike/50003083454
2006-04-03,Mon,17,교양,'안다'는 것,7,0,2,,,,,https://blog.naver.com/jklovelike/50003064009
2006-04-03,Mon,17,교양,지식인은 어떻게 먹고 사는가,15,0,0,,,,,https://blog.naver.com/jklovelike/50003063980
2006-04-03,Mon,17,교양,방법론적 시니컬,8,0,0,,,,,https://blog.naver.com/jklovelike/50003063923
2006-04-03,Mon,17,교양,패스트푸드 전체주의,10,0,0,,,,,https://blog.naver.com/jklovelike/50003063872
2006-04-03,Mon,10,경제/경영,내가 본 외국인 회사,11,0,0,,,,,https://blog.naver.com/jklovelike/50003053975
2006-04-03,Mon,10,경제/경영,우리 사장은 말이지…,12,0,0,,,,,https://blog.naver.com/jklovelike/50003053722
2006-04-03,Mon,10,경제/경영,산업계 '불확실성'이 화두,14,0,1,,,,,https://blog.naver.com/jklovelike/50003053602
2006-04-03,Mon,10,economy,'월가의 사관학교' 골드만삭스맨의 하루는?,24,0,1,,,,,https://blog.naver.com/jklovelike/50003053555
2006-04-02,Sun,1,로스쿨/사시/행시/CPA,제47회 사법시험 합격수기,14,1,15,,,,,https://blog.naver.com/jklovelike/50003017862
2006-04-02,Sun,0,로스쿨/사시/행시/CPA,사법연수원의 3월,9,0,7,,,,,https://blog.naver.com/jklovelike/50003017698
2006-04-02,Sun,0,책의 세계,읽어야 살 수 있다,10,0,0,,,,,https://blog.naver.com/jklovelike/50003017096
2006-04-02,Sun,0,문화예술,"추리소설, 왜 읽는가",11,1,1,,,,,https://blog.naver.com/jklovelike/50003016853
2006-04-02,Sun,0,경제/경영,"세계화에 대항하기, 대안적 운동과 새로운 미래",25,0,1,,,,,https://blog.naver.com/jklovelike/50003016414
2006-04-01,Sat,23,기업가/최고경영자,예종석의 'CEO에게 보내는 편지'  - 사내외 대인관계의 매너,35,0,0,,,,,https://blog.naver.com/jklovelike/50003014927
2006-04-01,Sat,23,기업가/최고경영자,예종석의 'CEO에게 보내는 편지'  - 정보화혁명 대응전략,33,0,0,,,,,https://blog.naver.com/jklovelike/50003014723
2006-03-31,Fri,10,우리들의 대한민국,"거세된 학문, 인문학의 위기",15,0,3,,,,,https://blog.naver.com/jklovelike/50002967894
2006-03-31,Fri,10,교양,지구촌 어딜 가도 교육이 문제,16,0,0,,,,,https://blog.naver.com/jklovelike/50002967745
2006-03-31,Fri,10,책의 세계,한국인이 책을 읽어야 하는 이유,17,0,0,,,,,https://blog.naver.com/jklovelike/50002967529
2006-03-31,Fri,10,경제/경영,안정적 직장만 찾아선 미래 없다,17,0,0,,,,,https://blog.naver.com/jklovelike/50002967466
2006-03-31,Fri,10,교양,인터넷에서 사람 향기를,13,0,0,,,,,https://blog.naver.com/jklovelike/50002967305
2006-03-31,Fri,10,문화예술,[브이 포 벤데타] 테러리즘의 패션화,22,0,0,,,,,https://blog.naver.com/jklovelike/50002967169
2006-03-30,Thu,15,우리들의 대한민국,이 땅의 부모님들께 드리는 글,17,0,0,,,,,https://blog.naver.com/jklovelike/50002949227
2006-03-30,Thu,15,우리들의 대한민국,좌파 신자유주의,8,0,0,,,,,https://blog.naver.com/jklovelike/50002949081
2006-03-28,Tue,14,Na,텐볼 오프 모임 관련 공지,14,0,1,,,,,https://blog.naver.com/jklovelike/50002893897
2006-03-26,Sun,15,투자/주식,당신의 목표를 적어보세요,13,0,0,,,,,https://blog.naver.com/jklovelike/50002841011
2006-03-26,Sun,15,투자/주식,재테크 성공을 위한 하루 30분 투자,20,0,0,,,,,https://blog.naver.com/jklovelike/50002840890
2006-03-26,Sun,14,투자/주식,"이익 난 주식, 어떡할까",13,0,0,,,,,https://blog.naver.com/jklovelike/50002840551
2006-03-24,Fri,11,大學/大學生 ,'세계 1백위권 대학 10곳 배출하려면',23,0,0,,,,,https://blog.naver.com/jklovelike/50002780830
2006-03-24,Fri,11,우리들의 대한민국,'사장님'과 '선생님',12,0,0,,,,,https://blog.naver.com/jklovelike/50002780766
2006-03-24,Fri,11,大學/大學生 ,그렇게도 등록금 올리고 싶으면 엉터리 교수들 월급부터 깎아라,33,0,0,,,,,https://blog.naver.com/jklovelike/50002780718
2006-03-24,Fri,11,우리들의 대한민국,"2006 풍경, 대학의 절망과 희망",19,0,1,,,,,https://blog.naver.com/jklovelike/50002780576
2006-03-24,Fri,11,우리들의 대한민국,새로운 파시즘,7,0,0,,,,,https://blog.naver.com/jklovelike/50002780515
2006-03-22,Wed,12,'데미안'의 젊은 날의 초상,문득 괴로움을 느낀 날...,15,2,5,,,,,https://blog.naver.com/jklovelike/50002731597
2006-03-22,Wed,12,경제/경영,"에디슨, 빌 게이츠, 발렌베리 그리고…",21,0,0,,,,,https://blog.naver.com/jklovelike/50002730763
2006-03-22,Wed,12,투자/주식,창업 성공을 좌우하는 세가지 요소,18,0,0,,,,,https://blog.naver.com/jklovelike/50002730679
2006-03-21,Tue,13,경제/경영,일에 대한 열정,8,0,0,,,,,https://blog.naver.com/jklovelike/50002705852
2006-03-21,Tue,13,경제/경영,소신있는 프로,7,0,0,,,,,https://blog.naver.com/jklovelike/50002705772
2006-03-21,Tue,11,경제/경영,1만 혁신사업가 육성,11,0,0,,,,,https://blog.naver.com/jklovelike/50002703648
2006-03-21,Tue,11,투자/주식,창업 성공률 높은 전직 1순위...,19,0,0,,,,,https://blog.naver.com/jklovelike/50002703626
2006-03-21,Tue,10,경제/경영,네트워크 사회,7,0,0,,,,,https://blog.naver.com/jklovelike/50002703600
2006-03-18,Sat,12,책의 세계,독서와 시를 통한 마음의 소통,16,0,0,,,,,https://blog.naver.com/jklovelike/50002627879
2006-03-16,Thu,17,경제/경영,1인 기업가를 꿈꿔라,11,0,0,,,,,https://blog.naver.com/jklovelike/50002586324
2006-03-14,Tue,11,투자/주식,나는 과연 '창업형 인간'일까,16,0,0,,,,,https://blog.naver.com/jklovelike/50002530555
2006-03-13,Mon,5,우리들의 대한민국,술 권하는 사회에서 비주류의 생각,19,0,2,,,,,https://blog.naver.com/jklovelike/50002500046
2006-03-13,Mon,5,경제/경영,혁신의 네가지 성공조건,12,0,0,,,,,https://blog.naver.com/jklovelike/50002500015
2006-03-13,Mon,2,수능/수능공부법/합격수기,그 애들은 도대체 어떻게 공부했을까?,20,1,3,7378,0,7,0,https://blog.naver.com/jklovelike/50002499239
2006-03-13,Mon,2,교양,철학의 현실적 쓸모,10,0,2,,,,,https://blog.naver.com/jklovelike/50002499058
2006-03-13,Mon,2,교양,고전의 힘,5,0,0,,,,,https://blog.naver.com/jklovelike/50002498995
2006-03-13,Mon,2,大學/大學生 ,"새내기들, 뜻을 품고 실행하자!",17,0,0,,,,,https://blog.naver.com/jklovelike/50002498949
2006-03-10,Fri,18,Na,100000 히트 이벤트!!!,17,0,2,,,,,https://blog.naver.com/jklovelike/50002435541
2006-03-09,Thu,16,'데미안'의 젊은 날의 초상,3월의 단상(斷想),10,2,0,,,,,https://blog.naver.com/jklovelike/50002411536
2006-03-09,Thu,16,교양,노예는 어떻게 만들어지는가,14,0,3,,,,,https://blog.naver.com/jklovelike/50002410387
2006-03-09,Thu,15,교양,말하기와 글쓰기,8,0,0,,,,,https://blog.naver.com/jklovelike/50002410222
2006-03-09,Thu,15,교양,학문의 세가지 태도,10,0,1,,,,,https://blog.naver.com/jklovelike/50002410193
2006-03-09,Thu,15,책의 세계,독서법,3,0,0,,,,,https://blog.naver.com/jklovelike/50002409926
2006-03-08,Wed,13,투자/주식,성공적인 투잡스를 위한 12가지 지침,20,0,0,,,,,https://blog.naver.com/jklovelike/50002383804
2006-03-08,Wed,13,기업가/최고경영자,세계적 CEO들의 '하루' 관리비법,19,0,0,,,,,https://blog.naver.com/jklovelike/50002383717
2006-03-07,Tue,12,우리들의 대한민국,홍세화 - 자발적 복종,13,0,0,,,,,https://blog.naver.com/jklovelike/50002359150
2006-03-07,Tue,12,우리들의 대한민국,뒤늦지 않고 앞서가는 한국을 꿈꾸며,19,0,0,,,,,https://blog.naver.com/jklovelike/50002359077
2006-03-07,Tue,11,교양,교육과 지식의 함수 관계,13,0,1,,,,,https://blog.naver.com/jklovelike/50002358958
2006-03-07,Tue,11,大學/大學生 ,접목이 필요한 한국의 대학,14,0,0,,,,,https://blog.naver.com/jklovelike/50002358857
2006-03-07,Tue,11,大學/大學生 ,세계적인 대학의 조건,11,0,0,,,,,https://blog.naver.com/jklovelike/50002358737
2006-03-07,Tue,11,大學/大學生 ,무엇을 위해 대학에서 공부하는가?,18,0,0,,,,,https://blog.naver.com/jklovelike/50002358647
2006-03-07,Tue,11,大學/大學生 ,"대학인이여, 청춘을 만끽하고 지성을 노래하라!",25,0,0,,,,,https://blog.naver.com/jklovelike/50002358562
2006-03-06,Mon,14,기업가/최고경영자,내가 문제인데 남을 탓한다,14,0,0,,,,,https://blog.naver.com/jklovelike/50002339164
2006-03-06,Mon,14,기업가/최고경영자,의사ㆍ교수 박차고 기업인 된 까닭은,19,0,0,,,,,https://blog.naver.com/jklovelike/50002339060
2006-03-06,Mon,14,투자/주식,아이에게 전해주는 '부자의 첫번째 공식',23,0,0,,,,,https://blog.naver.com/jklovelike/50002338895
2006-03-06,Mon,13,기업가/최고경영자,훌륭하거나 혹은 뛰어나거나,14,0,0,,,,,https://blog.naver.com/jklovelike/50002338735
2006-03-06,Mon,13,기업가/최고경영자,사람은 이해하면 움직인다,13,0,0,,,,,https://blog.naver.com/jklovelike/50002338688
2006-03-06,Mon,13,기업가/최고경영자,"망가져보라, 즐거움을 위해서",15,0,0,,,,,https://blog.naver.com/jklovelike/50002338516
2006-03-04,Sat,19,수능/수능공부법/합격수기,"영어 공부 비법은, 영어로 사는 것",19,1,3,2338,0,0,0,https://blog.naver.com/jklovelike/50002296132
2006-03-04,Sat,19,책의 세계,죽도록 즐기기 문화 속에서의 독서 혁명,22,0,1,,,,,https://blog.naver.com/jklovelike/50002295982
2006-03-04,Sat,19,大學/大學生 ,세계 최다 노벨상 수상자 배출 시킨 대학은?,24,0,0,,,,,https://blog.naver.com/jklovelike/50002295915
2006-03-04,Sat,19,우리들의 대한민국,진정한 어른이 되자,11,0,0,,,,,https://blog.naver.com/jklovelike/50002295831
2006-03-04,Sat,19,우리들의 대한민국,'정치교수' 만드는 교육법,14,0,0,,,,,https://blog.naver.com/jklovelike/50002295749
2006-03-04,Sat,19,경제/경영,'블루오션'이 능사인가,12,0,0,,,,,https://blog.naver.com/jklovelike/50002295690
2006-03-04,Sat,19,교양,읽음과 배움 결여된 헛소리 경계,18,0,0,,,,,https://blog.naver.com/jklovelike/50002295646
2006-03-04,Sat,19,大學/大學生 ,환락가로 추락한 대학가,12,0,0,,,,,https://blog.naver.com/jklovelike/50002295603
2006-03-04,Sat,19,기업가/최고경영자,"돈버는 기업가, 돈 잘쓰는 기업가",18,0,0,,,,,https://blog.naver.com/jklovelike/50002295543
2006-03-04,Sat,19,大學/大學生 ,대학 새내기들에 바란다,12,0,0,,,,,https://blog.naver.com/jklovelike/50002295482
2006-03-04,Sat,19,기업가/최고경영자,CEO의 경쟁력,8,0,0,,,,,https://blog.naver.com/jklovelike/50002295429
2006-03-04,Sat,19,大學/大學生 ,대학의 실험 정신,9,0,0,,,,,https://blog.naver.com/jklovelike/50002295381
2006-03-04,Sat,19,大學/大學生 ,글로벌 경쟁력과 산학협력,13,0,0,,,,,https://blog.naver.com/jklovelike/50002295331
2006-03-04,Sat,19,우리들의 대한민국,국내 두뇌유출의 심각성,13,0,3,,,,,https://blog.naver.com/jklovelike/50002295176
2006-03-04,Sat,19,大學/大學生 ,대학교 1학년,8,0,21,,,,,https://blog.naver.com/jklovelike/50002295023
2006-03-03,Fri,16,경제/경영,"Hard time, 성공으로 가는 디딤돌!",23,0,0,,,,,https://blog.naver.com/jklovelike/50002268779
2006-03-03,Fri,11,투자/주식,재테크 이상의 그 무엇,12,0,0,,,,,https://blog.naver.com/jklovelike/50002262640
2006-03-03,Fri,11,투자/주식,창업에 요행수는 없다,11,0,0,,,,,https://blog.naver.com/jklovelike/50002262498
2006-03-02,Thu,16,기업가/최고경영자,소신껏 살아가기,8,0,0,,,,,https://blog.naver.com/jklovelike/50002245214
2006-03-02,Thu,16,경제/경영,미래사회의 인기 직업(2),15,0,0,,,,,https://blog.naver.com/jklovelike/50002244759
2006-03-02,Thu,16,경제/경영,미래사회의 인기 직업(1),14,0,0,,,,,https://blog.naver.com/jklovelike/50002244628
2006-02-28,Tue,10,우리들의 대한민국,박노자 - ‘말을 잘 안 듣는 아이’를 위하여,25,0,0,,,,,https://blog.naver.com/jklovelike/50002179166
2006-02-28,Tue,9,大學/大學生 ,대학생들이여 스스로를 마케팅하라,17,0,0,,,,,https://blog.naver.com/jklovelike/50002178367
2006-02-28,Tue,9,大學/大學生 ,어느 조교 선생님 이야기,14,0,0,,,,,https://blog.naver.com/jklovelike/50002178259
2006-02-28,Tue,0,우리들의 대한민국,한국인의 세가지 단점,11,0,0,,,,,https://blog.naver.com/jklovelike/50002172131
2006-02-27,Mon,2,투자/주식,재테크냐 자테크냐 이것이 문제로다?,21,0,0,,,,,https://blog.naver.com/jklovelike/50002143863
2006-02-27,Mon,2,투자/주식,꼭 창업해야겠니?,9,0,0,,,,,https://blog.naver.com/jklovelike/50002143847
2006-02-26,Sun,15,우리들의 대한민국,재테크 열풍을 생각한다..,15,0,0,,,,,https://blog.naver.com/jklovelike/50002127141
2006-02-26,Sun,15,우리들의 대한민국,귀여니와 유시민...,12,0,1,,,,,https://blog.naver.com/jklovelike/50002127059
2006-02-26,Sun,14,大學/大學生 ,[대학 초년생들에게] 대학행정 아는만큼 유리하다.,28,0,1,,,,,https://blog.naver.com/jklovelike/50002126282
2006-02-26,Sun,14,大學/大學生 ,[대학 초년생들에게] 좋아하는 것에 집중하라,26,0,1,,,,,https://blog.naver.com/jklovelike/50002126204
2006-02-26,Sun,14,大學/大學生 ,"악화일로의 대학, 우리 모두의 문제",20,1,0,,,,,https://blog.naver.com/jklovelike/50002126064
2006-02-26,Sun,14,大學/大學生 ,대학생들이여! 자신의 미래를 계획하라,21,0,0,,,,,https://blog.naver.com/jklovelike/50002125928
2006-02-26,Sun,13,기업가/최고경영자,(주)김정문알로에 김정문 회장 - 신념을 가진 자는 결코 죽지 않는다,38,0,1,,,,,https://blog.naver.com/jklovelike/50002125355
2006-02-24,Fri,21,Na,사법시험 1차 시험...,13,0,3,,,,,https://blog.naver.com/jklovelike/50002085121
2006-02-24,Fri,21,로스쿨/사시/행시/CPA,[공유] 1992년 제34회 사법시험 수석 합격 - 원희룡,32,0,6,,,,,https://blog.naver.com/jklovelike/50002084409
2006-02-24,Fri,21,大學/大學生 ,새벽 4시의 하바드 대학 도서관 풍경,20,0,0,,,,,https://blog.naver.com/jklovelike/50002084354
2006-02-24,Fri,14,우리들의 대한민국,'명품 인생' 속에 담긴 삶의 상품화,20,0,0,,,,,https://blog.naver.com/jklovelike/50002073026
2006-02-24,Fri,14,기업가/최고경영자,예종석의 'CEO에게 보내는 편지' -  &quot;기업은 곧 사람이다&quot;,45,0,0,,,,,https://blog.naver.com/jklovelike/50002072889
2006-02-24,Fri,14,경제/경영,제프리 페퍼 - 기업 생존은 우수 인재의 확보에 달렸다,30,0,0,,,,,https://blog.naver.com/jklovelike/50002072796
2006-02-24,Fri,14,경제/경영,앨빈 토플러 - 창의적 교육으로 똑똑한 시스템 구축해야 한다,33,0,0,,,,,https://blog.naver.com/jklovelike/50002072636
2006-02-24,Fri,14,교양,언론보도에서 사실과 진실의 괴리,17,0,3,,,,,https://blog.naver.com/jklovelike/50002072393
2006-02-23,Thu,20,경제/경영,왜 소프트웨어를 하기 위해 영어가 중요한가?,25,0,0,,,,,https://blog.naver.com/jklovelike/50002052792
2006-02-23,Thu,20,기업가/최고경영자,예종석의 'CEO에게 보내는 편지' - 경영자의 비즈니스 매너,34,0,0,,,,,https://blog.naver.com/jklovelike/50002052665
2006-02-23,Thu,20,기업가/최고경영자,예종석의 'CEO에게 보내는 편지'  -  대화의 매너,30,0,0,,,,,https://blog.naver.com/jklovelike/50002052557
2006-02-23,Thu,20,기업가/최고경영자,예종석의 'CEO에게 보내는 편지'  -  테이블 매너,30,0,3,,,,,https://blog.naver.com/jklovelike/50002052479
2006-02-23,Thu,20,기업가/최고경영자,예종석의 'CEO에게 보내는 편지' - 최고경영자의 역할과 자질,36,0,0,,,,,https://blog.naver.com/jklovelike/50002052005
2006-02-23,Thu,20,기업가/CEO,예종석의 'CEO에게 보내는 편지'  - 최고경영자의 근무자세,37,0,0,,,,,https://blog.naver.com/jklovelike/50002051865
2006-02-23,Thu,20,기업가/CEO,예종석의 'CEO에게 보내는 편지' -  '공평무사'와 '인간적 매력',39,0,0,,,,,https://blog.naver.com/jklovelike/50002051711
2006-02-23,Thu,20,기업가/CEO,예종석의 'CEO에게 보내는 편지' - 경영자의 역량,29,0,0,,,,,https://blog.naver.com/jklovelike/50002051619
2006-02-23,Thu,20,기업가/CEO,"경영 혁명가, 잭 웰치의 비밀",16,0,2,,,,,https://blog.naver.com/jklovelike/50002051469
2006-02-23,Thu,19,우리들의 대한민국,"빈곤과 자살, 그리고 현대인의 사랑",19,0,0,,,,,https://blog.naver.com/jklovelike/50002051252
2006-02-23,Thu,19,경제/경영,기업 윤리경영은 청렴과 통한다,17,0,1,,,,,https://blog.naver.com/jklovelike/50002051167
2006-02-23,Thu,19,삶과 문화,"너를 알고, 나를 알리고 싶다",16,0,0,,,,,https://blog.naver.com/jklovelike/50002050928
2006-02-23,Thu,19,문화예술,살리에리를 위한 변명,11,0,3,,,,,https://blog.naver.com/jklovelike/50002050689
2006-02-23,Thu,19,문화예술,예술 감각에 대하여,10,0,0,,,,,https://blog.naver.com/jklovelike/50002050651
2006-02-23,Thu,19,우리들의 대한민국,'조직 인간'이 저지르는 야만성,17,0,0,,,,,https://blog.naver.com/jklovelike/50002050590
2006-02-23,Thu,19,경제/경영,비판적 인재를 뽑아라,12,0,0,,,,,https://blog.naver.com/jklovelike/50002050481
2006-02-23,Thu,18,大學/大學生 ,미국대학의 리더십 교육,13,0,0,,,,,https://blog.naver.com/jklovelike/50002048799
2006-02-22,Wed,20,기업가/CEO,城을 쌓는 자는 멸망한다.,15,0,0,,,,,https://blog.naver.com/jklovelike/50002020627
2006-02-22,Wed,4,우리들의 대한민국,"‘경제 제일’ 가치 전도, 우린 물구나무 서 있다",27,0,0,,,,,https://blog.naver.com/jklovelike/50002000382
2006-02-22,Wed,4,우리들의 대한민국,‘민족 자본’이라는 말이 우습다,17,0,0,,,,,https://blog.naver.com/jklovelike/50002000329
2006-02-22,Wed,4,교양,학문의 길,5,0,1,,,,,https://blog.naver.com/jklovelike/50002000312
2006-02-22,Wed,4,교양,21세기는 창의력이 힘이다,14,0,0,,,,,https://blog.naver.com/jklovelike/50002000276
2006-02-22,Wed,4,우리들의 대한민국,의식·문화개혁이 먼저다,12,0,0,,,,,https://blog.naver.com/jklovelike/50002000253
2006-02-22,Wed,4,교양,"도로, 길, 그리고 교육관의 차이",19,0,0,,,,,https://blog.naver.com/jklovelike/50002000234
2006-02-22,Wed,4,大學/大學生 ,기본이 된 대학사회 절실하다,15,0,0,,,,,https://blog.naver.com/jklovelike/50002000210
2006-02-22,Wed,3,교양,일관성 바로 세우기,10,0,0,,,,,https://blog.naver.com/jklovelike/50002000157
2006-02-22,Wed,3,교양,왜 인문학이 위기인가,11,0,0,,,,,https://blog.naver.com/jklovelike/50002000108
2006-02-22,Wed,3,우리들의 대한민국,왜 국어를 홀대하는가,11,0,0,,,,,https://blog.naver.com/jklovelike/50002000044
2006-02-22,Wed,3,책의 세계,무엇을 어떻게 읽을 것인가(3),18,0,2,,,,,https://blog.naver.com/jklovelike/50002000006
2006-02-22,Wed,3,책의 세계,무엇을 어떻게 읽을 것인가(2),18,0,0,,,,,https://blog.naver.com/jklovelike/50002000004
2006-02-22,Wed,3,책의 세계,무엇을 어떻게 읽을 것인가(1),18,0,0,,,,,https://blog.naver.com/jklovelike/50002000002
2006-02-22,Wed,3,문화예술,평면에서 빛나는 밝은 색의 이미지 - 에두아르 마네,28,0,0,,,,,https://blog.naver.com/jklovelike/50001999951
2006-02-22,Wed,3,기업가/CEO,CEO 안철수 님의 아름다운 퇴진,18,0,0,,,,,https://blog.naver.com/jklovelike/50001999933
2006-02-22,Wed,3,교양,인품이 돋보이는 이메일을 쓰는 법,18,0,3,,,,,https://blog.naver.com/jklovelike/50001999884
2006-02-22,Wed,3,"대학,대학인",삼수이상이 대학에서 살아남는 법,17,0,14,,,,,https://blog.naver.com/jklovelike/50001999829
2006-02-19,Sun,18,기업가/CEO,홍콩 창장(長江) 그룹 리자청 회장,20,0,5,,,,,https://blog.naver.com/jklovelike/50001931777
2006-02-19,Sun,17,大學/大學生 ,아르바이트는 인생 성공을위한 기초 수련과정,24,0,4,,,,,https://blog.naver.com/jklovelike/50001931038
2006-02-19,Sun,17,大學/大學生 ,아르바이트가 둘도 없는 경력이 된다,19,0,3,,,,,https://blog.naver.com/jklovelike/50001930932
2006-02-19,Sun,17,大學/大學生 ,"대학생들의 주류 문화, 아르바이트",19,0,0,,,,,https://blog.naver.com/jklovelike/50001930879
2006-02-19,Sun,17,경제/경영,로스차일드가 vs 메디치가,15,0,10,,,,,https://blog.naver.com/jklovelike/50001930417
2006-02-17,Fri,20,大學*大學生 ,대학생의 성공적인 사회 진출 전략,19,0,0,,,,,https://blog.naver.com/jklovelike/50001884419
2006-02-17,Fri,20,大學*大學生 ,대학생의 진로탐색행동과 의미,16,0,9,,,,,https://blog.naver.com/jklovelike/50001884313
2006-02-17,Fri,15,大學*大學生 ,대학 새내기가 가져야 할 이미지,18,0,2,,,,,https://blog.naver.com/jklovelike/50001876135
2006-02-17,Fri,15,大學*大學生 ,"대학생들의 주류 문화, 아르바이트",19,0,1,,,,,https://blog.naver.com/jklovelike/50001876113
2006-02-17,Fri,15,大學*大學生 ,대학생들의 생활시간 조사결과와 과제,19,0,2,,,,,https://blog.naver.com/jklovelike/50001876089
2006-02-17,Fri,15,기업가*CEO,신경제 CEO - 조영탁 휴넷 대표이사,21,0,1,,,,,https://blog.naver.com/jklovelike/50001876025
2006-02-16,Thu,20,책의 세계,리더(Leader)는 리더(Reader)다,24,0,1,,,,,https://blog.naver.com/jklovelike/50001854452
2006-02-15,Wed,18,로스쿨/사시/행시/CPA,행정고시 재경직렬 관련 질문에 대한 답변,22,0,13,,,,,https://blog.naver.com/jklovelike/50001824132
2006-02-15,Wed,14,기업가*CEO,교세라그룹 이나모리 가즈오 명예회장,19,0,5,,,,,https://blog.naver.com/jklovelike/50001817430
2006-02-14,Tue,18,로스쿨/사시/행시/CPA,제42회 사법시험 수석합격 - 선택에 확신을 갖고 열심히 하세요,35,0,3,,,,,https://blog.naver.com/jklovelike/50001795235
2006-02-14,Tue,18,로스쿨/사시/행시/CPA,제45회 행정고시 최연소 합격(재경직)기,23,0,5,,,,,https://blog.naver.com/jklovelike/50001795073
2006-02-14,Tue,18,로스쿨/사시/행시/CPA,"사법시험 입문자를 위하여 -  김상훈(서울법대졸, 사시 43회 합격)",39,0,3,,,,,https://blog.naver.com/jklovelike/50001794956
2006-02-14,Tue,18,大學*大學生 ,새터에 가기 싫으세요?,13,0,0,,,,,https://blog.naver.com/jklovelike/50001794813
2006-02-14,Tue,18,지식의 정리,대학 성적은 어떻게 나와요?,16,0,1,,,,,https://blog.naver.com/jklovelike/50001794706
2006-02-14,Tue,17,지식의 정리,"판사, 검사의 직업조건",13,1,17,,,,,https://blog.naver.com/jklovelike/50001794525
2006-02-14,Tue,17,로스쿨/사시/행시/CPA,한자 공부하시는 분들께...,16,0,3,,,,,https://blog.naver.com/jklovelike/50001794324
2006-02-14,Tue,17,로스쿨/사시/행시/CPA,신림동의 장점에 대한 고찰,15,0,1,,,,,https://blog.naver.com/jklovelike/50001794172
2006-02-14,Tue,17,로스쿨/사시/행시/CPA,하도 학벌질문이 많이 올라오지만 이마 학벌은 붕괴되었습니다,32,0,1,,,,,https://blog.naver.com/jklovelike/50001794078
2006-02-14,Tue,17,로스쿨/사시/행시/CPA,법학의 4차원과 법학학습방법론,18,0,4,,,,,https://blog.naver.com/jklovelike/50001793808
2006-02-14,Tue,17,로스쿨/사시/행시/CPA,고시산적떼의 몇 가지 특징...!!!,21,0,3,,,,,https://blog.naver.com/jklovelike/50001793562
2006-02-14,Tue,17,로스쿨/사시/행시/CPA,사법시험 2차시험 본격준비,14,0,5,,,,,https://blog.naver.com/jklovelike/50001793073
2006-02-14,Tue,16,로스쿨/사시/행시/CPA,사법시험 1차시험 본격 준비,15,0,5,,,,,https://blog.naver.com/jklovelike/50001793022
2006-02-13,Mon,19,경제*경영,세계화와 최고교육 책임자,13,0,0,,,,,https://blog.naver.com/jklovelike/50001769477
2006-02-13,Mon,19,경제*경영,메가쇼크 10가지,10,0,0,,,,,https://blog.naver.com/jklovelike/50001769409
2006-02-13,Mon,19,경제*경영,끝없는 끝,5,0,0,,,,,https://blog.naver.com/jklovelike/50001769287
2006-02-13,Mon,19,경제*경영,최초가 되라,6,0,0,,,,,https://blog.naver.com/jklovelike/50001769223
2006-02-13,Mon,19,경제*경영,한국의 견인차 CEO,11,0,0,,,,,https://blog.naver.com/jklovelike/50001769127
2006-02-13,Mon,19,기업가*CEO,참된 카리스마,7,0,0,,,,,https://blog.naver.com/jklovelike/50001769050
2006-02-13,Mon,19,우리들의 대한민국,"강지원 - 좌파·우파여, 中央을 향하라",21,0,0,,,,,https://blog.naver.com/jklovelike/50001769000
2006-02-13,Mon,19,기업가*CEO,지식경영자,5,0,0,,,,,https://blog.naver.com/jklovelike/50001768858
2006-02-13,Mon,14,기업가*CEO,일화로 본 박태준 - “실패하면 모두 바다에 빠져 죽을거요!”,35,0,0,,,,,https://blog.naver.com/jklovelike/50001759907
2006-02-13,Mon,13,투자/주식,투잡스족이 되기 위한 기초 설계,18,0,3,,,,,https://blog.naver.com/jklovelike/50001759393
2006-02-13,Mon,13,투자/주식,"청년창업, 성공전략과 마인드",16,0,1,,,,,https://blog.naver.com/jklovelike/50001759369
2006-02-13,Mon,13,투자/주식,전문가 기고 -체면을 떼놓고 비바람에 맞설 각오가 있다,31,0,0,,,,,https://blog.naver.com/jklovelike/50001759332
2006-02-13,Mon,13,투자/주식,청년창업 어떻게할까? - 철저히 준비하고 시작하라,28,0,1,,,,,https://blog.naver.com/jklovelike/50001759293
2006-02-13,Mon,13,투자/주식,청년창업현황 - 규모는 줄었지만 분야.아이디어는 다양,30,0,3,,,,,https://blog.naver.com/jklovelike/50001759260
2006-02-13,Mon,13,투자/주식,전국 대학생 창업성향 설문조사,17,0,1,,,,,https://blog.naver.com/jklovelike/50001759226
2006-02-13,Mon,13,대학 이야기,대학생 진로탐색의 추진방향,15,1,4,,,,,https://blog.naver.com/jklovelike/50001759125
2006-02-13,Mon,13,투자/주식,저자&강사되기 - 가볍게 창업하고 커리어도 쌓자,27,0,1,,,,,https://blog.naver.com/jklovelike/50001759061
2006-02-13,Mon,13,대학 이야기,출신대학에 따라 성공이 정해진다 -자기계발과 노력으로 선입견을 극복해야,39,0,1,,,,,https://blog.naver.com/jklovelike/50001758958
2006-02-13,Mon,13,대학 이야기,성적 인플레이션을 뛰어넘어 능력과 자질을 향상시켜라,29,0,1,,,,,https://blog.naver.com/jklovelike/50001758881
2006-02-13,Mon,13,투자/주식,청년 창업자에게 적합한 아이템,17,0,1,,,,,https://blog.naver.com/jklovelike/50001758774
2006-02-13,Mon,13,투자/주식,청년창업을 다시 생각한다,14,0,0,,,,,https://blog.naver.com/jklovelike/50001758733
2006-02-13,Mon,13,투자/주식,아이디어가 돈을 만든다,13,0,0,,,,,https://blog.naver.com/jklovelike/50001758536
2006-02-13,Mon,13,기업가*CEO,"올드 CEO, 뉴 CEO",14,0,1,,,,,https://blog.naver.com/jklovelike/50001758487
2006-02-13,Mon,13,투자/주식,"창업 1세 기업인 이야기 - “돈을 따른 것이 아니라, 돈이 나를 따라왔다”",42,0,1,,,,,https://blog.naver.com/jklovelike/50001758429
2006-02-13,Mon,13,투자/주식,창업 성공을 미리 체크하는 간단한 비결!,23,0,0,,,,,https://blog.naver.com/jklovelike/50001758378
2006-02-13,Mon,13,투자/주식,창업 성공 10계명-체면 버리고 인내심 길러야 성공 가능,31,0,2,,,,,https://blog.naver.com/jklovelike/50001758356
2006-02-13,Mon,13,투자/주식,"퇴직 직장인, 창업으로 제2의 인생 설계",23,0,1,,,,,https://blog.naver.com/jklovelike/50001758267
2006-02-13,Mon,12,경제*경영,창업형 경력관리 - 축적된 노하우로 창업하기,25,0,0,,,,,https://blog.naver.com/jklovelike/50001758060
2006-02-13,Mon,12,우리들의 대한민국,"학력 지상주의가 가져온 병폐, 청년실업",23,1,9,,,,,https://blog.naver.com/jklovelike/50001757828
2006-02-13,Mon,12,투자/주식,돈을 모아야만 하는 중요한 이유,18,0,1,,,,,https://blog.naver.com/jklovelike/50001757727
2006-02-11,Sat,14,우리들의 대한민국,책 안 읽는 사회,9,0,0,,,,,https://blog.naver.com/jklovelike/50001711434
2006-02-11,Sat,14,기업가*CEO,CEO는 사람이다,9,0,0,,,,,https://blog.naver.com/jklovelike/50001711323
2006-02-11,Sat,14,기업가*CEO,장님보다 못한 애꾸,10,0,0,,,,,https://blog.naver.com/jklovelike/50001711280
2006-02-11,Sat,14,기업가*CEO,순간의 선택,7,0,0,,,,,https://blog.naver.com/jklovelike/50001711251
2006-02-11,Sat,14,기업가*CEO,실천하라 또 파괴하라,11,0,0,,,,,https://blog.naver.com/jklovelike/50001711203
2006-02-11,Sat,13,기업가*CEO,CEO깜은?,6,0,0,,,,,https://blog.naver.com/jklovelike/50001711107
2006-02-11,Sat,13,경제*경영,지식기반 3D,7,0,0,,,,,https://blog.naver.com/jklovelike/50001711057
2006-02-11,Sat,13,경제*경영,소비자 라이프스타일 변화를 읽어라,18,0,0,,,,,https://blog.naver.com/jklovelike/50001711012
2006-02-11,Sat,13,경제*경영,‘인(人)프라’를 구축하라,14,0,0,,,,,https://blog.naver.com/jklovelike/50001710968
2006-02-11,Sat,13,기업가*CEO,"CEO, 너 자신부터 변하라",15,0,0,,,,,https://blog.naver.com/jklovelike/50001710927
2006-02-11,Sat,13,경제*경영,"한국, 진정한 IT강국 되려면 NQ가 필수",24,0,0,,,,,https://blog.naver.com/jklovelike/50001710892
2006-02-11,Sat,10,Na,80000 히트 이벤트!!!,16,0,3,,,,,https://blog.naver.com/jklovelike/50001707105
2006-02-10,Fri,12,'데미안'의 젊은 날의 초상,긍정의 힘을 믿는다.,11,2,5,,,,,https://blog.naver.com/jklovelike/50001682045
2006-02-10,Fri,11,경제*경영,내 주변의 인재를 살펴봐라,15,0,0,,,,,https://blog.naver.com/jklovelike/50001679730
2006-02-10,Fri,11,경제*경영,기업이 원하는 인재는 이런 사람이다,19,0,0,,,,,https://blog.naver.com/jklovelike/50001679517
2006-02-10,Fri,10,문화예술,죽기 전에 꼭 가봐야 할 여행 33,19,0,0,,,,,https://blog.naver.com/jklovelike/50001678994
2006-02-10,Fri,10,문화예술,음악감상은 고차원적인 지적 활동,17,0,0,,,,,https://blog.naver.com/jklovelike/50001678945
2006-02-10,Fri,10,문화예술,다빈치 프로젝트 - 새로운 예술교육,19,0,0,,,,,https://blog.naver.com/jklovelike/50001678777
2006-02-10,Fri,10,삶과 문화,백남준의 작품 세계와 예술관,16,0,6,,,,,https://blog.naver.com/jklovelike/50001678682
2006-02-10,Fri,10,교양,갈등의 관리와 해결책,11,0,2,,,,,https://blog.naver.com/jklovelike/50001678625
2006-02-10,Fri,10,우리들의 대한민국,소수의 엘리트가 나머지를 먹여살린다?,20,0,0,,,,,https://blog.naver.com/jklovelike/50001678193
2006-02-09,Thu,11,책의 세계,독서에 관한 글귀들,10,0,4,,,,,https://blog.naver.com/jklovelike/50001652114
2006-02-09,Thu,11,책의 세계,아이들에게 독서의 좋은 점,14,0,1,,,,,https://blog.naver.com/jklovelike/50001651737
2006-02-09,Thu,10,우리들의 대한민국,‘수능 중독증’과 재벌2세 드라마,18,0,4,,,,,https://blog.naver.com/jklovelike/50001651108
2006-02-09,Thu,10,교양,현대 한국의 사상흐름 - 지식인 지도,20,0,1,,,,,https://blog.naver.com/jklovelike/50001650972
2006-02-09,Thu,10,교양,"사르트르,《지식인을 위한 변명》- 지식인의 운명",27,0,2,,,,,https://blog.naver.com/jklovelike/50001650759
2006-02-09,Thu,10,우리들의 대한민국,홍세화 - 진보에 관한 작은 생각,18,0,0,,,,,https://blog.naver.com/jklovelike/50001650145
2006-02-08,Wed,14,문화예술,스릴러 영화 제대로 즐기는 4가지 수칙,21,0,0,,,,,https://blog.naver.com/jklovelike/50001629422
2006-02-04,Sat,12,기업가*CEO,유한양행 설립자 유일한-최선을 다한 오늘이 어제와 내일을 만든다,35,0,13,,,,,https://blog.naver.com/jklovelike/50001522126
2006-02-04,Sat,11,수능/수능공부법/합격수기,언어영역...교수와 대담,13,0,5,,,,,https://blog.naver.com/jklovelike/50001520800
2006-02-03,Fri,12,문화예술,죽음 통해 삶을 응시한 표현파 거장 - 에드바르드 뭉크,30,0,1,,,,,https://blog.naver.com/jklovelike/50001495242
2006-02-03,Fri,11,문화예술,꿈틀거리는 색채는 죽은 뒤에 빛났다 - 빈센트 반 고흐,30,0,0,,,,,https://blog.naver.com/jklovelike/50001495201
2006-02-03,Fri,11,우리들의 대한민국,'연애는 사랑이고 결혼은 현실이다.'라는 요상한 진리?,30,0,3,,,,,https://blog.naver.com/jklovelike/50001495111
2006-02-03,Fri,11,우리들의 대한민국,조기 유학과 조기 영어연수는 왜?,18,0,0,,,,,https://blog.naver.com/jklovelike/50001495024
2006-02-02,Thu,15,로스쿨/사시/행시/CPA,사법시험 준비 - 슬럼프의극복,16,0,4,,,,,https://blog.naver.com/jklovelike/50001473060
2006-02-02,Thu,15,로스쿨/사시/행시/CPA,사법시험 준비 - 체력관리,15,0,4,,,,,https://blog.naver.com/jklovelike/50001473009
2006-02-02,Thu,15,로스쿨/사시/행시/CPA,사법시험 준비 - 시간계획 : 얼마나 공부하면 합격할까?,31,0,6,,,,,https://blog.naver.com/jklovelike/50001472970
2006-02-02,Thu,15,로스쿨/사시/행시/CPA,사법시험 합격에 유리한 공부장소,17,1,16,,,,,https://blog.naver.com/jklovelike/50001472859
2006-02-02,Thu,14,로스쿨/사시/행시/CPA,46회 사법시험 수석 초대석 - 최선을 다하고 나서...,31,0,2,,,,,https://blog.naver.com/jklovelike/50001471506
2006-02-02,Thu,14,수능/수능공부법/합격수기,유학기 -  Yale Law School과 나의 인생,29,1,6,,,,,https://blog.naver.com/jklovelike/50001471401
2006-01-31,Tue,15,우리들의 대한민국,"21세기에 어떤 개인, 학교, 지역, 기업, 국가가 발전할 것인가?",37,0,0,,,,,https://blog.naver.com/jklovelike/50001414390
2006-01-29,Sun,20,로스쿨/사시/행시/CPA,"사법시험 왕초보, 도대체 어떻게 공부를 시작해야 하는 걸까",32,0,6,,,,,https://blog.naver.com/jklovelike/50001376754
2006-01-29,Sun,20,수능/수능공부법/합격수기,사법시험과 재수 이야기,12,0,1,4428,0,0,0,https://blog.naver.com/jklovelike/50001376474
2006-01-27,Fri,12,우리들의 사회,청년들의 근황,8,0,0,,,,,https://blog.naver.com/jklovelike/50001328415
2006-01-27,Fri,12,우리들의 사회,"홍세화 - 교육인가, 야만인가",16,0,0,,,,,https://blog.naver.com/jklovelike/50001328147
2006-01-27,Fri,12,대학 이야기,하버드大 교포학생 4명이 본 ‘하버드’,21,0,0,,,,,https://blog.naver.com/jklovelike/50001328076
2006-01-27,Fri,11,로스쿨/사시/행시/CPA,행시 합격자가 생각하는 공부법,16,0,10,,,,,https://blog.naver.com/jklovelike/50001327593
2006-01-27,Fri,11,로스쿨/사시/행시/CPA,방학을 이용하여 입문하시려는 초보 고시생분들의 유의할 점,31,0,5,,,,,https://blog.naver.com/jklovelike/50001327323
2006-01-27,Fri,11,로스쿨/사시/행시/CPA,초보 고시생분들의 주의점(총정리),18,0,11,,,,,https://blog.naver.com/jklovelike/50001327260
2006-01-25,Wed,19,우리들의 사회,위대한 삶,5,0,0,,,,,https://blog.naver.com/jklovelike/50001283256
2006-01-25,Wed,19,우리들의 사회,한국인으로 사는 기쁨,11,0,0,,,,,https://blog.naver.com/jklovelike/50001282891
2006-01-25,Wed,19,우리들의 사회,홍세화 - 존재와 의식,12,0,0,,,,,https://blog.naver.com/jklovelike/50001282774
2006-01-25,Wed,19,우리들의 사회,홍세화 - '불안'이 지배하는 사회,19,0,0,,,,,https://blog.naver.com/jklovelike/50001282686
2006-01-25,Wed,19,우리들의 사회,진중권 - 굶어죽는 아이들,16,0,0,,,,,https://blog.naver.com/jklovelike/50001282504
2006-01-25,Wed,19,Na,70000 히트 이벤트!!!,16,0,5,,,,,https://blog.naver.com/jklovelike/50001282314
2006-01-25,Wed,19,우리들의 사회,박노자 - 마음을 파괴하는 사회,17,0,0,,,,,https://blog.naver.com/jklovelike/50001282121
2006-01-25,Wed,19,우리들의 사회,박노자 - 사회의 첫 경험 ‘알바’,19,0,0,,,,,https://blog.naver.com/jklovelike/50001282048
2006-01-25,Wed,18,우리들의 사회,박노자 - 가장 부끄러운 일,15,0,0,,,,,https://blog.naver.com/jklovelike/50001281988
2006-01-25,Wed,18,우리들의 사회,박노자 - ‘바보상자’를 산 것은 실수였다,23,0,0,,,,,https://blog.naver.com/jklovelike/50001281897
2006-01-25,Wed,18,우리들의 사회,"박노자 - 성형수술, 혹은 욕망의 노예화",22,0,0,,,,,https://blog.naver.com/jklovelike/50001281837
2006-01-24,Tue,12,책의 세계,책을 읽으면 얻게 되는 12가지 이익,21,0,2,,,,,https://blog.naver.com/jklovelike/50001240732
2006-01-22,Sun,14,로스쿨/사시/행시/CPA,&lt;&lt; 고시생이 합격하기까지의 수험과정 &gt;&gt;,36,0,9,,,,,https://blog.naver.com/jklovelike/50001184623
2006-01-22,Sun,14,로스쿨/사시/행시/CPA,'04 사법시험 최연소 합격자 수기,20,0,4,,,,,https://blog.naver.com/jklovelike/50001184542
2006-01-22,Sun,14,로스쿨/사시/행시/CPA,2003년 행시 직렬별 수석합격자 9명의 &quot;성공담&quot;,39,0,5,,,,,https://blog.naver.com/jklovelike/50001184475
2006-01-22,Sun,14,로스쿨/사시/행시/CPA,"중앙인사위, 수험생 자주 하는 질문모음",22,0,1,,,,,https://blog.naver.com/jklovelike/50001184402
2006-01-22,Sun,14,로스쿨/사시/행시/CPA,고시 공부 잘하는 비결,12,0,8,,,,,https://blog.naver.com/jklovelike/50001184279
2006-01-22,Sun,14,로스쿨/사시/행시/CPA,행정고시에 관한 몇 가지 조언과 수험 방법,23,0,9,,,,,https://blog.naver.com/jklovelike/50001184074
2006-01-22,Sun,13,로스쿨/사시/행시/CPA,서울대 경영학과 홈피에서 고시에 관한 선배와 후배의 문답.,32,0,7,,,,,https://blog.naver.com/jklovelike/50001183846
2006-01-22,Sun,13,로스쿨/사시/행시/CPA,행정고시 합격 후 장교 복무에 관한 정보,23,0,4,,,,,https://blog.naver.com/jklovelike/50001183796
2006-01-22,Sun,13,로스쿨/사시/행시/CPA,새로운 제도하에서의 수험전략,16,0,3,,,,,https://blog.naver.com/jklovelike/50001183726
2006-01-22,Sun,13,로스쿨/사시/행시/CPA,행정고시의 모든 것...,13,0,4,,,,,https://blog.naver.com/jklovelike/50001183692
2006-01-20,Fri,13,로스쿨/사시/행시/CPA,제43회 사법시험 재학중 합격기,17,0,5,,,,,https://blog.naver.com/jklovelike/50001123964
2006-01-20,Fri,13,로스쿨/사시/행시/CPA,제44회 사법시험 수석 합격기-나의 페이스에 맞는 수험생활을…,34,0,4,,,,,https://blog.naver.com/jklovelike/50001123873
2006-01-20,Fri,13,로스쿨/사시/행시/CPA,제46회 행정고시 수석 합격기-최선을 다한 꿈,25,0,16,,,,,https://blog.naver.com/jklovelike/50001123813
2006-01-20,Fri,13,로스쿨/사시/행시/CPA,제46회 행정고시 최연소 합격기-지나간 시간의 문을 살짝 열며,34,1,8,,,,,https://blog.naver.com/jklovelike/50001123770
2006-01-20,Fri,13,로스쿨/사시/행시/CPA,제42회 사법시험 합격기-꿈꾸는 靑年,20,0,3,,,,,https://blog.naver.com/jklovelike/50001123718
2006-01-20,Fri,13,로스쿨/사시/행시/CPA,"제45회 행정고시 전체수석 합격-나의 수험생활, 그 시작과 끝",34,0,3,,,,,https://blog.naver.com/jklovelike/50001123664
2006-01-20,Fri,13,로스쿨/사시/행시/CPA,제42회 사법시험수석합격기-평범했던 수험생활,24,0,5,,,,,https://blog.naver.com/jklovelike/50001123595
2006-01-20,Fri,12,로스쿨/사시/행시/CPA,제43회 사법시험 수석합격-그래야만 하는가?그래야만 한다.,32,0,3,,,,,https://blog.naver.com/jklovelike/50001123125
2006-01-19,Thu,20,기업가*CEO,CEO를 꿈꾸려면 대학시절 철저한 창업 준비를 하라!,29,0,1,,,,,https://blog.naver.com/jklovelike/50001108384
2006-01-19,Thu,20,기업가*CEO,신경제 CEO - 민들레영토 지승룡대표,21,0,0,,,,,https://blog.naver.com/jklovelike/50001108325
2006-01-19,Thu,20,책의 세계,'대충대충 시대'를 혼내는 매서운 채찍,22,0,1,,,,,https://blog.naver.com/jklovelike/50001108209
2006-01-19,Thu,20,우리들의 사회,인문학이 희망이다.,11,0,0,,,,,https://blog.naver.com/jklovelike/50001108134
2006-01-18,Wed,21,우리들의 사회,대학의 풍경,7,0,0,,,,,https://blog.naver.com/jklovelike/50001079194
2006-01-18,Wed,21,우리들의 사회,‘성공’의 멍에,9,0,0,,,,,https://blog.naver.com/jklovelike/50001079079
2006-01-18,Wed,21,우리들의 사회,홍세화 - 존재를 배반하는 의식,17,0,0,,,,,https://blog.naver.com/jklovelike/50001078565
2006-01-14,Sat,15,추천/권장 도서목록,주제별로 읽는 논술·구술 필독서,18,0,5,,,,,https://blog.naver.com/jklovelike/50000919162
2006-01-14,Sat,15,추천/권장 도서목록,[펌] 대학생이 읽어야 할 책,16,0,17,,,,,https://blog.naver.com/jklovelike/50000919035
2006-01-12,Thu,17,대학 이야기,"아웃사이더와 대학생활, 동아리, 그리고 운동권",25,1,12,,,,,https://blog.naver.com/jklovelike/50000864751
2006-01-12,Thu,17,대학 이야기,술자리에서의 센스,9,0,0,,,,,https://blog.naver.com/jklovelike/50000864717
2006-01-07,Sat,18,경제*경영,사회적 자본(social capital),22,0,1,,,,,https://blog.naver.com/jklovelike/50000726360
2006-01-07,Sat,18,우리들의 사회,거리의 인문학 교실,11,0,0,,,,,https://blog.naver.com/jklovelike/50000726339
2006-01-07,Sat,18,책의 세계,메마른 디지털 시대 책이 `감성의 가습기`,24,0,1,,,,,https://blog.naver.com/jklovelike/50000726229
2006-01-06,Fri,9,경제*경영,월스트리트에서 본 한국,12,0,2,,,,,https://blog.naver.com/jklovelike/50000694782
2006-01-04,Wed,18,대학 이야기,[펌] 학력이나 학벌이 빈약한 경우 어떻게 하여야 하나.,32,0,3,,,,,https://blog.naver.com/jklovelike/50000661945
2006-01-04,Wed,15,대학 이야기,[펌] 전공은 실전에서 어떤 의미가 있는가.,25,0,0,,,,,https://blog.naver.com/jklovelike/50000656906
2006-01-04,Wed,2,책의 세계,[펌] 책을 어떻게 읽을 것인가,18,0,1,,,,,https://blog.naver.com/jklovelike/50000648060
2006-01-04,Wed,2,우리들의 사회,"한류, 자랑스럽기만 한가?",15,0,3,,,,,https://blog.naver.com/jklovelike/50000647984
2006-01-02,Mon,18,우리들의 사회,영웅은 더 나와야 한다,13,0,0,,,,,https://blog.naver.com/jklovelike/50000614070
2006-01-02,Mon,18,우리들의 사회,젊은 과학도의 반성,10,0,0,,,,,https://blog.naver.com/jklovelike/50000613793
2006-01-02,Mon,14,대학 이야기,대학 경쟁력 향상 방안,12,0,0,,,,,https://blog.naver.com/jklovelike/50000607977
2006-01-02,Mon,13,우리들의 사회,기본이 된 사람과 사회를 위하여,17,0,1,,,,,https://blog.naver.com/jklovelike/50000606927
2006-01-01,Sun,12,우리들의 사회,‘신분상승 신화’ 더 이상 없다,17,0,0,,,,,https://blog.naver.com/jklovelike/50000586226
2006-01-01,Sun,12,우리들의 사회,‘세계지성 100인’ 한국인이 안보인다,22,0,0,,,,,https://blog.naver.com/jklovelike/50000586150
2006-01-01,Sun,12,책의 세계,K씨 가족의 주말독서,12,0,0,,,,,https://blog.naver.com/jklovelike/50000586085
2006-01-01,Sun,12,우리들의 사회,지식생태계가 붕괴된다,12,0,0,,,,,https://blog.naver.com/jklovelike/50000586042
2006-01-01,Sun,12,우리들의 사회,‘三國志’만으론 부족하다,14,0,0,,,,,https://blog.naver.com/jklovelike/50000585996
2006-01-01,Sun,11,책의 세계,책 읽는 국민이라야 산다,14,0,0,,,,,https://blog.naver.com/jklovelike/50000585891
2006-01-01,Sun,11,우리들의 사회,文史哲 학자들도 분발하자,14,0,0,,,,,https://blog.naver.com/jklovelike/50000585842
2006-01-01,Sun,11,책의 세계,"대입 논술, 독서가 해답이다",15,0,0,,,,,https://blog.naver.com/jklovelike/50000585812
2006-01-01,Sun,11,경제*경영,MBA는 ‘윤리’와 함께할 때 빛난다,21,0,0,,,,,https://blog.naver.com/jklovelike/50000585781
2006-01-01,Sun,11,경제*경영,한국기업 ‘상상력’ 어디 갔나,16,0,0,,,,,https://blog.naver.com/jklovelike/50000585747
2005-12-31,Sat,15,우리들의 사회,‘이공계 푸대접’ 향해 쏘는 한 젊은 물리학자의 直說,30,1,3,,,,,https://blog.naver.com/jklovelike/50000573120
2005-12-31,Sat,15,우리들의 사회,중국 이야기 + 우리가 할 일...,19,0,0,,,,,https://blog.naver.com/jklovelike/50000573028
2005-12-31,Sat,13,추천/권장 도서목록,[책 읽는 대한민국]‘직장인의 필독서 20선’,25,0,8,,,,,https://blog.naver.com/jklovelike/50000571895
2005-12-31,Sat,13,책의 세계,올해를 빛낸 3권의 책 꼽으라면...,20,0,0,,,,,https://blog.naver.com/jklovelike/50000571741
2005-12-30,Fri,1,경제*경영,다음 10년: 의학과 정보통신기술의 융합,22,0,0,,,,,https://blog.naver.com/jklovelike/50000545509
2005-12-30,Fri,1,大學/大學生 ,그대 이름은 무식한 대학생,15,1,10,,,,,https://blog.naver.com/jklovelike/50000545475
2005-12-27,Tue,22,'데미안'의 젊은 날의 초상,나 자신의 슬픈 자화상,12,3,0,,,,,https://blog.naver.com/jklovelike/50000500680
2005-12-27,Tue,17,사회를 보는 논리,서울대 이면우 교수-이공계의 위기는 대한민국의 위기,28,0,3,,,,,https://blog.naver.com/jklovelike/50000496184
2005-12-23,Fri,18,CEO*Leader,결단의 순간 - 리더를 리더이게 하는 바로 그 순간,28,0,1,,,,,https://blog.naver.com/jklovelike/50000422825
2005-12-23,Fri,16,투자/주식,최고부자가 되는 세 가지 원칙,16,3,2,,,,,https://blog.naver.com/jklovelike/50000419699
2005-12-21,Wed,15,사회를 보는 논리,교육의 사회적 책임,10,0,0,,,,,https://blog.naver.com/jklovelike/50000377930
2005-12-21,Wed,14,경제*경영,[경제초점] 핀란드처럼 선진국 되는 길,21,0,0,,,,,https://blog.naver.com/jklovelike/50000377834
2005-12-21,Wed,14,경제*경영,"뜨는 IT산업, 위기 대비하자.",17,0,0,,,,,https://blog.naver.com/jklovelike/50000377791
2005-12-21,Wed,14,경제*경영,[IT리더스포럼]비즈니스모델도 진화한다,21,0,0,,,,,https://blog.naver.com/jklovelike/50000377609
2005-12-21,Wed,14,책의 세계,"잭 웰치가 귀띔하는 성공비결 '잭 웰치, 위대한 승리'",30,0,0,,,,,https://blog.naver.com/jklovelike/50000377489
2005-12-21,Wed,14,CEO*Leader,CEO 독서량 보면 회사의 앞날 보인다,21,0,2,,,,,https://blog.naver.com/jklovelike/50000377433
2005-12-21,Wed,14,사회를 보는 논리,고졸자에게도 자기계발 기회 줘야...,20,0,0,,,,,https://blog.naver.com/jklovelike/50000377370
2005-12-21,Wed,14,대학 이야기,대학생 사회진출방안 - 미래 위한 자기계발에 매진할 때,31,0,1,,,,,https://blog.naver.com/jklovelike/50000377275
2005-12-20,Tue,17,대학 이야기,전공 선택 가이드,9,0,3,,,,,https://blog.naver.com/jklovelike/50000361345
2005-12-20,Tue,17,대학 이야기,"room-mate, 타인과 함께 살기",20,0,0,,,,,https://blog.naver.com/jklovelike/50000361286
2005-12-20,Tue,17,지식의 정리,"복수전공,이중전공,부전공... 진실 혹은 거짓...",28,1,65,,,,,https://blog.naver.com/jklovelike/50000361209
2005-12-19,Mon,16,CEO*Leader,안철수가 전하는 메세지,12,0,0,,,,,https://blog.naver.com/jklovelike/50000342731
2005-12-19,Mon,11,'데미안'의 젊은 날의 초상,더이상 뒤를 돌아보지 않겠다.,16,2,2,,,,,https://blog.naver.com/jklovelike/50000337610
2005-12-17,Sat,15,로스쿨/사시/행시/CPA,제45회 사법시험 수석합격기-최선을 다한 수험생활,27,0,3,,,,,https://blog.naver.com/jklovelike/50000305553
2005-12-17,Sat,15,로스쿨/사시/행시/CPA,제44회 사법시험 최연소 합격기,17,0,2,,,,,https://blog.naver.com/jklovelike/50000305522
2005-12-17,Sat,15,로스쿨/사시/행시/CPA,제44회 사법시험 합격기-새로운 꿈을 향해,23,0,6,,,,,https://blog.naver.com/jklovelike/50000305505
2005-12-17,Sat,15,로스쿨/사시/행시/CPA,제45회 사법시험 합격(10등)기,18,0,5,,,,,https://blog.naver.com/jklovelike/50000305450
2005-12-17,Sat,15,로스쿨/사시/행시/CPA,제40회 변리사시험수석합격기,15,0,2,,,,,https://blog.naver.com/jklovelike/50000305410
2005-12-17,Sat,14,로스쿨/사시/행시/CPA,제45회 사법시험 합격기-성실한 사람에게는 반드시 기회가 옵니다.,36,0,7,,,,,https://blog.naver.com/jklovelike/50000305376
2005-12-17,Sat,14,로스쿨/사시/행시/CPA,제48회 행시 재경직 수석 합격기,18,0,2,,,,,https://blog.naver.com/jklovelike/50000305339
2005-12-17,Sat,14,로스쿨/사시/행시/CPA,제46회 사법시험 수석 합격기,16,0,4,,,,,https://blog.naver.com/jklovelike/50000304902
2005-12-13,Tue,11,'데미안'의 젊은 날의 초상,나란 한 인물에 대하여...,15,9,13,,,,,https://blog.naver.com/jklovelike/50000224085
2005-12-12,Mon,17,大學生,"대학생 취업준비, 빠를수록 좋아...",21,0,7,,,,,https://blog.naver.com/jklovelike/50000211334
2005-12-07,Wed,10,책을 읽다 [독서목록],2005년의 마지막 계획,13,1,7,,,,,https://blog.naver.com/jklovelike/50000111825
2005-12-05,Mon,16,Na,50000 히트 이벤트!!!,16,0,4,,,,,https://blog.naver.com/jklovelike/50000081318
2005-12-03,Sat,3,Na,12.3,4,0,2,,,,,https://blog.naver.com/jklovelike/50000038796
2005-12-02,Fri,15,기업가*CEO,(성공스토리)이투스 그룹 김문수 대표 누두 교과서로 떠오른 교육 벤처,38,0,0,,,,,https://blog.naver.com/jklovelike/50000027254
2005-12-02,Fri,15,CEO*Leader,스타벅스 최고경영자 하워드 슐츠,17,0,1,,,,,https://blog.naver.com/jklovelike/50000027224
2005-12-01,Thu,23,Na,日新日新 又日新 !,10,0,1,,,,,https://blog.naver.com/jklovelike/50000016477
2005-11-30,Wed,14,CEO*Leader,안철수의 리더십론,9,0,1,,,,,https://blog.naver.com/jklovelike/40020165787
2005-11-29,Tue,20,대학 이야기,학년별 취업 준비 전략,12,0,6,,,,,https://blog.naver.com/jklovelike/40020138142
2005-11-28,Mon,11,Na,2005.11.28.월,12,0,1,,,,,https://blog.naver.com/jklovelike/40020075098
2005-11-27,Sun,22,책의 세계,[펌] 문학을 하려는 청소년 들에게 / 이승하,26,0,1,,,,,https://blog.naver.com/jklovelike/40020061526
2005-11-27,Sun,22,"대학,대학인",[공유] 대학생이 알아야 할 것들,18,0,9,,,,,https://blog.naver.com/jklovelike/40020061463
2005-11-26,Sat,23,추천/권장 도서목록,젊은 문학독자에게 추천하는 책,16,0,2,,,,,https://blog.naver.com/jklovelike/40020025367
2005-11-25,Fri,13,Na,정신을 차리자.,8,0,0,,,,,https://blog.naver.com/jklovelike/40019962081
2005-11-25,Fri,13,수능/수능공부법/합격수기,오르비 운영자 님의 점수 분포에 관한 글,22,0,2,2503,0,0,0,https://blog.naver.com/jklovelike/40019961236
2005-11-24,Thu,21,사 회,외모지상주의의 문제점과 대책방안,17,0,0,,,,,https://blog.naver.com/jklovelike/40019936275
2005-11-21,Mon,23,Na,D-1,3,5,3,,,,,https://blog.naver.com/jklovelike/40019817625
2005-11-05,Sat,6,'데미안'의 수능 칼럼 ,우리가 신화를 꿈꾸어야만 하는 이유...,22,1,4,8645,0,0,0,https://blog.naver.com/jklovelike/40019235339
2005-11-03,Thu,20,수능/수능공부법/합격수기,공부 시작 하는 법,11,1,3,,,,,https://blog.naver.com/jklovelike/40019184381
2005-11-03,Thu,20,수능/수능공부법/합격수기,수능 기출분석의 기본적 방법론에 대한 고찰,24,0,0,,,,,https://blog.naver.com/jklovelike/40019184318
2005-11-03,Thu,20,수능/수능공부법/합격수기,내 눈으로 보는 바람직한 수학 공부법(‘D-150’ ~ ‘D-50’),38,0,3,7910,0,1,0,https://blog.naver.com/jklovelike/40019183571
2005-11-03,Thu,19,수능/수능공부법/합격수기,[기출분석] 수능 언어영역 마스터하기,20,0,19,,,,,https://blog.naver.com/jklovelike/40019183322
2005-11-02,Wed,9,대학 이야기,대학생大學生,7,0,0,,,,,https://blog.naver.com/jklovelike/40019132571
2005-10-30,Sun,14,수능/수능공부법/합격수기,[기출분석] 고래밥 - 기출분석이란 무엇인가?,26,1,8,,,,,https://blog.naver.com/jklovelike/40019031324
2005-10-25,Tue,16,'데미안'의 젊은 날의 초상,전진하라!,5,2,2,,,,,https://blog.naver.com/jklovelike/40018871016
2005-10-25,Tue,14,'데미안'의 젊은 날의 초상,의미 있게 살고 싶다.,12,3,3,,,,,https://blog.naver.com/jklovelike/40018868207
2005-10-23,Sun,0,'데미안'의 젊은 날의 초상,Contract with eureka,20,1,0,,,,,https://blog.naver.com/jklovelike/40018792121
2005-10-23,Sun,0,수능/수능공부법/합격수기,오르비 운영자의 언어 공부법,15,1,29,10025,0,1,0,https://blog.naver.com/jklovelike/40018791499
2005-10-23,Sun,0,수능/수능공부법/합격수기,언어도 단기간에 점수 올릴 수 있습니다.,22,0,6,,,,,https://blog.naver.com/jklovelike/40018791398
2005-10-21,Fri,16,Na,치열해질 것인가?아니면 스스로 목숨을 끊어야 할 것인가?,31,1,1,,,,,https://blog.naver.com/jklovelike/40018744384
2005-10-19,Wed,4,수능/수능공부법/합격수기,언어영역에 대한 대비 전략,14,0,4,,,,,https://blog.naver.com/jklovelike/40018659900
2005-10-19,Wed,4,수능/수능공부법/합격수기,지문을 빠르고 정확하게 읽는 방법,18,1,6,2599,0,0,0,https://blog.naver.com/jklovelike/40018659859
2005-10-19,Wed,4,수능/수능공부법/합격수기,언어영역 공부에 대하여,12,0,2,,,,,https://blog.naver.com/jklovelike/40018659838
2005-10-19,Wed,4,수능/수능공부법/합격수기,언어 최종 분석,8,0,1,,,,,https://blog.naver.com/jklovelike/40018659832
2005-10-19,Wed,3,수능/수능공부법/합격수기,언어 양치기만은 절대로 하지마라!(1),21,0,0,,,,,https://blog.naver.com/jklovelike/40018659747
2005-10-17,Mon,4,'데미안'의 수능 칼럼 ,集 中,3,0,1,,,,,https://blog.naver.com/jklovelike/40018590565
2005-10-16,Sun,2,'데미안'의 젊은 날의 초상,오직 나 자신에 대한 믿음 하나로 전진을 하겠다!,27,2,6,,,,,https://blog.naver.com/jklovelike/40018559075
2005-10-12,Wed,2,CEO*Leader,정주영 -【빈대가 준 교훈이 내인생을 이끌었다.】,27,0,1,,,,,https://blog.naver.com/jklovelike/40018432452
2005-10-07,Fri,2,'데미안'의 젊은 날의 초상,자유인...,6,3,1,,,,,https://blog.naver.com/jklovelike/40018280047
2005-10-05,Wed,10,'데미안'의 젊은 날의 초상,이전의 모든 것은 연습에 불과하다!,19,8,2,,,,,https://blog.naver.com/jklovelike/40018220243
2005-10-04,Tue,22,책의 세계,외국 소설 명대사 모음,12,0,3,,,,,https://blog.naver.com/jklovelike/40018208807
2005-10-02,Sun,0,수능/수능공부법/합격수기,<황 우 석 - 등 안 대기 클럽>,19,0,5,,,,,https://blog.naver.com/jklovelike/40018120613
2005-09-20,Tue,17,책의 세계,독후감쓰는 요령,8,0,1,,,,,https://blog.naver.com/jklovelike/40017742487
2005-09-16,Fri,19,수능/수능공부법/합격수기,수능 D-2 수험생 여러분들께 보내는 메세지,25,0,4,,,,,https://blog.naver.com/jklovelike/40017639594
2005-09-13,Tue,4,'데미안'의 젊은 날의 초상,결 단,3,3,5,,,,,https://blog.naver.com/jklovelike/40017500854
2005-09-08,Thu,15,CEO*Leader,마이클 델의 성공비결,11,0,0,,,,,https://blog.naver.com/jklovelike/40017326487
2005-09-08,Thu,14,수능/수능공부법/합격수기,예비고사 혹은 학력고사 수석 합격자들은 지금 어떻게 살고 있을까.,37,2,4,,,,,https://blog.naver.com/jklovelike/40017326025
2005-09-05,Mon,12,CEO*Leader,CEO 오다 노부나가 경영 10법칙,19,0,0,,,,,https://blog.naver.com/jklovelike/40017174198
2005-09-05,Mon,12,책의 세계,사람들은 왜 책에 열광할까?,16,0,3,,,,,https://blog.naver.com/jklovelike/40017174053
2005-09-03,Sat,1,대학 이야기,하버드에 들어가기 위한 8가지 전략,19,0,3,,,,,https://blog.naver.com/jklovelike/40017040159
2005-08-31,Wed,1,'데미안'의 젊은 날의 초상,盟誓,2,2,3,,,,,https://blog.naver.com/jklovelike/40016886476
2005-08-28,Sun,0,대학 이야기,"외롭고, 힘들고, 재미없는 대학생활을 보내시는 분들께.",30,1,16,,,,,https://blog.naver.com/jklovelike/40016782674
2005-08-24,Wed,20,책의 세계,최근 대학생들의 책 읽기 문화,16,0,2,,,,,https://blog.naver.com/jklovelike/40016666891
2005-08-24,Wed,20,책의 세계,논술에 쓰이는 명언,10,0,2,,,,,https://blog.naver.com/jklovelike/40016666851
2005-08-24,Wed,20,책의 세계,책 읽는 방법,7,0,1,,,,,https://blog.naver.com/jklovelike/40016666831
2005-08-24,Wed,20,책의 세계,책을 알면 인생의 전환점,13,0,0,,,,,https://blog.naver.com/jklovelike/40016666753
2005-08-24,Wed,20,책의 세계,독서의 필요성,7,0,0,,,,,https://blog.naver.com/jklovelike/40016666710
2005-08-24,Wed,18,투자/주식,부자 되는 7가지 법칙,12,0,2,,,,,https://blog.naver.com/jklovelike/40016663822
2005-08-24,Wed,18,투자/주식,부자 아빠만들기,8,0,3,,,,,https://blog.naver.com/jklovelike/40016663790
2005-08-04,Thu,13,수능/수능공부법/합격수기,수능을 백일 앞두고. 공부는 적당히 요령있게.[수리편],30,0,0,1916,0,2,0,https://blog.naver.com/jklovelike/40015982119
2005-08-04,Thu,5,Na,8월 4일 아침,8,0,1,,,,,https://blog.naver.com/jklovelike/40015971043
2005-07-30,Sat,9,Na,어느 하루의 아침.,10,1,3,,,,,https://blog.naver.com/jklovelike/40015791799
2005-07-29,Fri,0,추천/권장 도서목록,한국과학자들이 청소년에게 권하는 과학도서,22,0,8,,,,,https://blog.naver.com/jklovelike/40015747127
2005-07-09,Sat,23,수능/수능공부법/합격수기,영어단어 암기법,8,1,4,1956,0,0,0,https://blog.naver.com/jklovelike/40015065751
2005-07-09,Sat,23,대학 이야기,한국 대학과 미국 대학의 차이,17,0,0,,,,,https://blog.naver.com/jklovelike/40015065413
2005-07-09,Sat,23,수능/수능공부법/합격수기,"중요한 것은 ""무엇을"" 공부하느냐가 아니라 ""어떻게""공부하느냐 입니다.",39,1,1,1331,0,0,0,https://blog.naver.com/jklovelike/40015064975
2005-07-09,Sat,23,Na,7월 첫째 주 텐볼일지 합계,15,0,0,,,,,https://blog.naver.com/jklovelike/40015064947
2005-07-09,Sat,23,수능/수능공부법/합격수기,남은 70일동안 영어를 효과적으로 공부하는 방법 (상변선생님의 글),37,2,1,2300,0,0,0,https://blog.naver.com/jklovelike/40015064852
2005-07-09,Sat,22,책의 죽비소리,지금 현재를 살아라,10,0,3,,,,,https://blog.naver.com/jklovelike/40015064205
2005-07-09,Sat,20,수능/수능공부법/합격수기,sodong 님의 내 눈으로 보는 수학 공부법 2005 -2,33,0,6,7930,0,0,0,https://blog.naver.com/jklovelike/40015060258
2005-07-05,Tue,4,수능/수능공부법/합격수기,영어공부십계명,7,0,7,185,0,0,0,https://blog.naver.com/jklovelike/40014888337
2005-07-05,Tue,4,수능/수능공부법/합격수기,수능 당일 - 여러분께 드리고 싶은 글,21,0,3,,,,,https://blog.naver.com/jklovelike/40014888251
2005-07-02,Sat,2,Na,이 세상이 문학과 같다면...,16,0,1,,,,,https://blog.naver.com/jklovelike/40014791497
2005-07-02,Sat,2,Na,"정의는 승리한다. 아니, 나는 승리한다.",22,0,0,,,,,https://blog.naver.com/jklovelike/40014791058
2005-06-28,Tue,9,내가 만난 [책],체 게바라 평전,8,2,6,,,,,https://blog.naver.com/jklovelike/40014642947
2005-06-26,Sun,6,수능/수능공부법/합격수기,모의고사를 받아들이는 자세에 대한 작은 조언,24,0,2,,,,,https://blog.naver.com/jklovelike/40014566808
2005-06-26,Sun,6,수능/수능공부법/합격수기,수능 시험장에서의 테크닉,13,0,13,,,,,https://blog.naver.com/jklovelike/40014566777
2005-06-24,Fri,1,'데미안'의 젊은 날의 초상,주사위는 던져졌다.,10,2,8,,,,,https://blog.naver.com/jklovelike/40014495999
2005-06-24,Fri,0,대학이야기,"inside, outside",15,0,1,,,,,https://blog.naver.com/jklovelike/40014495075
2005-06-21,Tue,17,Na,불꽃!,3,1,1,,,,,https://blog.naver.com/jklovelike/40014406791
2005-06-20,Mon,15,책의 세계,속독에 대한 반론 글입니다...,18,0,6,,,,,https://blog.naver.com/jklovelike/40014368730
2005-06-19,Sun,11,내가 만난 [책],호밀밭의 파수꾼,8,2,12,,,,,https://blog.naver.com/jklovelike/40014324782
2005-06-16,Thu,0,대학이야기,서울대학교 학사과정 지원자들을 위한 경영학에 대한 문답형식의 글입니다.,39,0,7,,,,,https://blog.naver.com/jklovelike/40014209486
2005-06-15,Wed,23,경제*경영,`블로그` 혁명에 주목하라!,15,0,1,,,,,https://blog.naver.com/jklovelike/40014208751
2005-06-13,Mon,3,로스쿨/사시/행시/CPA,2005년 제47회 사법시험 1차 합격기,22,0,9,,,,,https://blog.naver.com/jklovelike/40014106014
2005-06-12,Sun,1,Na,새로운 시작을 꿈꾸며...,14,0,1,,,,,https://blog.naver.com/jklovelike/40014073209
2005-06-10,Fri,13,'데미안'의 수능 칼럼 ,투쟁하라!,5,1,0,6046,0,0,0,https://blog.naver.com/jklovelike/40014018132
2005-06-07,Tue,13,'데미안'의 젊은 날의 초상,내가 탑재해야 할 무기들...,16,10,2,,,,,https://blog.naver.com/jklovelike/40013909069
2005-06-06,Mon,21,경제*경영,경제학과 졸업생의 진로,12,0,0,,,,,https://blog.naver.com/jklovelike/40013889630
2005-06-06,Mon,21,추천/권장 도서목록,도쿄대 권장도서 40권,12,0,5,,,,,https://blog.naver.com/jklovelike/40013889261
2005-06-03,Fri,22,'데미안'의 젊은 날의 초상,즐기는 사람이 되리라!,12,4,3,,,,,https://blog.naver.com/jklovelike/40013799549
2005-05-29,Sun,15,배움에 대하여,어느 독서광의 생산적 책읽기 50,18,1,10,2252,0,0,0,https://blog.naver.com/jklovelike/40013604418
2005-05-29,Sun,5,지식의 정리,서울대 경영학과 3학년이신 분의 이야기,21,0,19,,,,,https://blog.naver.com/jklovelike/40013593300
2005-05-28,Sat,17,'데미안'의 수능 칼럼 ,수험생활에 대한 몇 가지 이야기...,20,6,2,7495,0,0,0,https://blog.naver.com/jklovelike/40013576581
2005-05-27,Fri,3,추천/권장 도서목록,서울대 연대 고려대 권장도서 60권,19,0,23,,,,,https://blog.naver.com/jklovelike/40013523538
2005-05-26,Thu,11,'데미안'의 수능 칼럼 ,수능 수리영역에 대한 고찰...,17,1,3,6009,0,0,0,https://blog.naver.com/jklovelike/40013496720
2005-05-22,Sun,23,인생의 계획(천 개의 꿈),"2005년의 원칙...오늘부터, 나는 치열하기를 선택하겠다.",33,3,1,,,,,https://blog.naver.com/jklovelike/40013386284
2005-05-22,Sun,22,수능/수능공부법/합격수기,[공부법]다시 써보는 언어공부법 1/3,21,0,4,2557,0,4,0,https://blog.naver.com/jklovelike/40013385415
2005-05-20,Fri,21,추천/권장 도서목록,대학생 추천 도서,9,0,3,,,,,https://blog.naver.com/jklovelike/40013322726
2005-05-19,Thu,22,책의 세계,독서 재미나게 하는 법,12,0,0,,,,,https://blog.naver.com/jklovelike/40013293578
2005-05-19,Thu,22,경제*경영,경영학과 경제학의 차이,12,0,1,,,,,https://blog.naver.com/jklovelike/40013293361
2005-05-19,Thu,22,책의 세계,논리적 독서법,7,0,0,,,,,https://blog.naver.com/jklovelike/40013293238
2005-05-19,Thu,22,경제*경영,델 컴퓨터,5,0,0,,,,,https://blog.naver.com/jklovelike/40013293004
2005-05-19,Thu,17,'데미안'의 젊은 날의 초상,내 자신의 성장을 위한 변화의 기치를 높이 들어라!,28,2,2,,,,,https://blog.naver.com/jklovelike/40013283012
2005-05-19,Thu,4,수능/수능공부법/합격수기,언어에 대한 이야기 하나 - 언어의 본질... by 소천후,32,0,2,,,,,https://blog.naver.com/jklovelike/40013266348
2005-05-19,Thu,4,수능/수능공부법/합격수기,"하면 되는 사람, 해도 안되는 사람 ?",21,3,6,1888,0,0,0,https://blog.naver.com/jklovelike/40013265945
2005-05-16,Mon,23,CEO*Leader,[펌] CEO가 되려면..,14,0,1,,,,,https://blog.naver.com/jklovelike/40013180851
2005-05-13,Fri,16,'데미안'의 젊은 날의 초상,자기 초월의 욕구,9,1,4,,,,,https://blog.naver.com/jklovelike/40013072287
2005-05-12,Thu,3,'데미안'의 젊은 날의 초상,내일은 오지 않는다.,11,10,5,,,,,https://blog.naver.com/jklovelike/40013024243
2005-05-10,Tue,17,"'데미안'의 단상, 생각",우리 자신의 가치 창조,12,5,1,,,,,https://blog.naver.com/jklovelike/40012972322
2005-05-07,Sat,21,책의 죽비소리,흑백논리,4,0,1,,,,,https://blog.naver.com/jklovelike/40012887382
2005-05-07,Sat,5,'데미안'의 수능 칼럼 ,가난으로 힘들어 하시는 수험생분들께...,22,68,15,3200,0,0,0,https://blog.naver.com/jklovelike/40012868625
2005-05-05,Thu,13,로스쿨/사시/행시/CPA,고시폐지와 로스쿨에 관한 글,15,0,7,,,,,https://blog.naver.com/jklovelike/40012812035
2005-05-04,Wed,4,Na,졸린 가운데 잠시 오늘의 하루를 생각해보니...,26,0,0,,,,,https://blog.naver.com/jklovelike/40012771278
2005-05-03,Tue,13,"대학,대학인","이범-""이공계 기피현상과 나""",17,0,5,,,,,https://blog.naver.com/jklovelike/40012747958
2005-05-01,Sun,9,추천도서/권장도서,인생의 성공을 스스로를 돕게 하는 12권의 위대한 책,29,8,7,,,,,https://blog.naver.com/jklovelike/40012682252
2005-04-29,Fri,2,수능/수능공부법/합격수기,한석원 선생님의 공부 이야기,15,4,89,,,,,https://blog.naver.com/jklovelike/40012621985
2005-04-28,Thu,10,'데미안'의 젊은 날의 초상,돈키호테를 생각하며...,13,4,2,,,,,https://blog.naver.com/jklovelike/40012594198
2005-04-27,Wed,18,"대학,대학인",서울대학교 공과대학의 진실,14,0,2,,,,,https://blog.naver.com/jklovelike/40012575879
2005-04-21,Thu,2,CEO*Leader,비즈니스 천재의 5가지 얼굴,15,0,1,,,,,https://blog.naver.com/jklovelike/40012365717
2005-04-20,Wed,13,경제*경영,마쓰시타 정경숙,8,0,0,,,,,https://blog.naver.com/jklovelike/40012342558
2005-04-18,Mon,2,'데미안'의 수능 칼럼 ,매일매일 나는 나의 길을 간다.,17,2,3,461,0,35,0,https://blog.naver.com/jklovelike/40012269376
2005-04-17,Sun,20,CEO*Leader,워렌 버핏이 젊은이에게 들려 주는 충고,21,0,0,,,,,https://blog.naver.com/jklovelike/40012259523
2005-04-16,Sat,20,CEO*Leader,[펌] 디지털 시대 '경제 칭기즈칸' - '이건희 경영'의 6가지 키워드,40,0,1,,,,,https://blog.naver.com/jklovelike/40012233162
2005-04-16,Sat,2,'데미안'의 젊은 날의 초상,내 운명과 미래를 건 맹세!,15,159,33,,,,,https://blog.naver.com/jklovelike/40012214381
2005-04-14,Thu,12,CEO*Leader,이건희삼성그룹 회장의 리더십 비결,18,0,2,,,,,https://blog.naver.com/jklovelike/40012161972
2005-04-14,Thu,12,CEO*Leader,삼성 이건희 개혁 10년,13,1,4,,,,,https://blog.naver.com/jklovelike/40012161941
2005-04-14,Thu,12,CEO*Leader,[펌] CISCO 존 챔버스 회장 스크랩,22,0,0,,,,,https://blog.naver.com/jklovelike/40012161909
2005-04-13,Wed,0,CEO*Leader,[펌] 월가를 움직이는 사람들,16,0,0,,,,,https://blog.naver.com/jklovelike/40012124002
2005-04-13,Wed,0,'데미안'의 젊은 날의 초상,손정의,3,0,7,,,,,https://blog.naver.com/jklovelike/40012123637
2005-04-12,Tue,17,수능/수능공부법/합격수기,힘들고 지칠때는... 부모님을 생각하며,21,3,1,3533,0,0,0,https://blog.naver.com/jklovelike/40012113031
2005-04-09,Sat,20,'데미안'의 젊은 날의 초상,시지프스와 이카루스,10,6,1,,,,,https://blog.naver.com/jklovelike/40012012550
2005-04-09,Sat,16,책의 세계,"클린턴, “독서는 나의 힘, 연간 60~300권 읽는다”",31,0,0,,,,,https://blog.naver.com/jklovelike/40012004371
2005-04-09,Sat,7,CEO,발레리나에서 벤처갑부로-이수영,16,0,0,,,,,https://blog.naver.com/jklovelike/40011993557
2005-04-09,Sat,7,CEO,진정한 편집광 앤디 그로브,14,0,0,,,,,https://blog.naver.com/jklovelike/40011993553
2005-04-09,Sat,7,CEO,이병철과 이건희의 리더십 비교,16,0,0,,,,,https://blog.naver.com/jklovelike/40011993549
2005-04-09,Sat,7,CEO,몽상하는 경영자 이건희,12,0,1,,,,,https://blog.naver.com/jklovelike/40011993544
2005-04-09,Sat,7,CEO,인간 이건희의 열등감,11,0,0,,,,,https://blog.naver.com/jklovelike/40011993539
2005-04-09,Sat,7,CEO,20세기 최고의 경영자 잭웰치,16,0,0,,,,,https://blog.naver.com/jklovelike/40011993528
2005-04-09,Sat,7,CEO,크라이슬러를 살린 리 아이아코카,17,0,0,,,,,https://blog.naver.com/jklovelike/40011993519
2005-04-08,Fri,21,'데미안'의 젊은 날의 초상,혁명을 원한다면...,11,13,6,,,,,https://blog.naver.com/jklovelike/40011984456
2005-04-08,Fri,4,수능/수능공부법/합격수기,공부의 대원칙,7,1,0,2142,0,1,0,https://blog.naver.com/jklovelike/40011964311
2005-04-08,Fri,4,수능/수능공부법/합격수기,『淸。筆。山。』님의 ■ [淸] English Study For 수능 ■,39,9,3,7287,0,0,1,https://blog.naver.com/jklovelike/40011964220
2005-04-07,Thu,14,"대학,대학인",「w이론」의 창시자 서울 工大 李冕雨 교수의 경고,28,0,0,,,,,https://blog.naver.com/jklovelike/40011944746
2005-04-05,Tue,21,책을 읽다 [독서목록],2005년 4월 독서 계획,14,3,0,,,,,https://blog.naver.com/jklovelike/40011896197
2005-04-03,Sun,22,Na,4월3일 밤,6,1,8,,,,,https://blog.naver.com/jklovelike/40011840382
2005-03-28,Mon,13,경제*경영,‘세계 5위’ 기업 삼성전자 대해부,20,0,1,,,,,https://blog.naver.com/jklovelike/40011661073
2005-03-28,Mon,13,수능/수능공부법/합격수기,MD보카33000,9,0,0,754,0,0,0,https://blog.naver.com/jklovelike/40011660422
2005-03-28,Mon,13,수능/수능공부법/합격수기,프린시피아 구문 독해,11,0,1,471,0,0,0,https://blog.naver.com/jklovelike/40011660389
2005-03-25,Fri,14,경제*경영,中國의 진면목,7,0,0,,,,,https://blog.naver.com/jklovelike/40011577814
2005-03-25,Fri,14,경제*경영,한국재벌과 美재벌의 차이,13,0,1,,,,,https://blog.naver.com/jklovelike/40011577783
2005-03-25,Fri,14,경제*경영,위기일수록 핵심역량에 집중하라,16,0,0,,,,,https://blog.naver.com/jklovelike/40011577772
2005-03-25,Fri,14,경제*경영,경영 이론과 현실의 괴리,13,0,0,,,,,https://blog.naver.com/jklovelike/40011577737
2005-03-25,Fri,14,경제*경영,우리가 배워야 할 중국의 경영 교육,19,0,0,,,,,https://blog.naver.com/jklovelike/40011577712
2005-03-25,Fri,14,경제*경영,진짜 영웅은 따로있다,11,0,0,,,,,https://blog.naver.com/jklovelike/40011577673
2005-03-25,Fri,14,경제*경영,考試에 과학과목 포함시키자,14,0,1,,,,,https://blog.naver.com/jklovelike/40011577646
2005-03-25,Fri,14,기업가*CEO,지도자의 덕목,7,0,1,,,,,https://blog.naver.com/jklovelike/40011577593
2005-03-25,Fri,14,경제*경영,[경영에세이] '컨버전스'가 대세다,19,0,0,,,,,https://blog.naver.com/jklovelike/40011577570
2005-03-25,Fri,14,경제*경영,[아침을 열며]우리대학의 경쟁력,17,0,0,,,,,https://blog.naver.com/jklovelike/40011577544
2005-03-25,Fri,14,大學/大學生 ,전공선택에 시장실패 경계를..朱尤進 &lt;서울대교수·경영학&gt;,37,0,0,,,,,https://blog.naver.com/jklovelike/40011577518
2005-03-25,Fri,14,CEO,이건희 회장이 최고 기업가일 수 없는 이유,24,0,0,,,,,https://blog.naver.com/jklovelike/40011577430
2005-03-25,Fri,13,Leader,세계를 움직이는 억만장자 25인,17,0,0,,,,,https://blog.naver.com/jklovelike/40011577267
2005-03-25,Fri,13,CEO,상식을 뛰어넘는 사업가 정주영,17,0,0,,,,,https://blog.naver.com/jklovelike/40011577230
2005-03-25,Fri,0,Na,나는 오늘 치열하기를 선택하겠다.,18,2,1,,,,,https://blog.naver.com/jklovelike/40011564948
2005-03-24,Thu,0,마이클 델,"DELL, 마이클 델 퇴진하다",16,0,0,,,,,https://blog.naver.com/jklovelike/40011534007
2005-03-24,Thu,0,마이클 델,`델컴퓨터’ 마이클 델 회장,15,0,0,,,,,https://blog.naver.com/jklovelike/40011533895
2005-03-24,Thu,0,마이클 델,마이클델 - ZDNET 인터뷰,16,0,0,,,,,https://blog.naver.com/jklovelike/40011533880
2005-03-18,Fri,11,투자/주식,부자,2,0,2,,,,,https://blog.naver.com/jklovelike/40011372077
2005-03-18,Fri,11,기업가*CEO,세계 2위 갑부 워런 버핏의 이야기,19,0,0,,,,,https://blog.naver.com/jklovelike/40011371786
2005-03-18,Fri,0,추천/권장 도서목록,추천 경제학 서적,9,0,4,,,,,https://blog.naver.com/jklovelike/40011363645
2005-03-15,Tue,15,빌 게이츠,"빌 게이츠, 세계 갑부 명단서 부동의 1위",23,0,0,,,,,https://blog.naver.com/jklovelike/40011290721
2005-03-14,Mon,15,손정의,소프트뱅크의 신화 '손정의',15,0,2,,,,,https://blog.naver.com/jklovelike/40011260856
2005-03-14,Mon,15,손정의,창업성공사례 소프트뱅크와 손정의 사장의 비전,25,0,6,,,,,https://blog.naver.com/jklovelike/40011260484
2005-03-14,Mon,15,기업가*CEO,"아웃사이더: 정주영,손정의,스티브잡스,박병엽",24,0,0,,,,,https://blog.naver.com/jklovelike/40011260465
2005-03-14,Mon,10,피터 드러커,피터 드러커-프로페셔널의 조건,16,0,0,,,,,https://blog.naver.com/jklovelike/40011253442
2005-03-12,Sat,0,'데미안'의 수능 칼럼 ,8개월 남은 3월...어떻게 보낼 것인가?,23,4,5,4594,0,0,0,https://blog.naver.com/jklovelike/40011195361
2005-03-12,Sat,0,'데미안'의 수능 칼럼 ,공부와 플러스 발상,10,7,4,3862,0,0,0,https://blog.naver.com/jklovelike/40011195335
2005-03-03,Thu,18,피터 드러커,거목 피터 드러커와의 대화,14,0,3,,,,,https://blog.naver.com/jklovelike/40010966368
2005-03-03,Thu,18,경제+경영,재벌 총수들 “화술도 경영이다”,17,0,0,,,,,https://blog.naver.com/jklovelike/40010966355
2005-03-03,Thu,17,추천/권장 도서목록,&lt;제36회 문화관광부 추천도서-교양부문 선정목록&gt;,33,0,2,,,,,https://blog.naver.com/jklovelike/40010965875
2005-02-27,Sun,15,추천/권장 도서목록,연세대 추천 도서 200,13,0,8,,,,,https://blog.naver.com/jklovelike/40010852865
2005-02-26,Sat,13,추천/권장 도서목록,서울대학교 권장도서+미 대학위원회 선정 SAT추천도서,29,0,14,,,,,https://blog.naver.com/jklovelike/40010823902
2005-02-26,Sat,13,추천/권장 도서목록,[추천] Time지가 꼽은 20세기 최고의 책 100가지..♡,35,0,5,,,,,https://blog.naver.com/jklovelike/40010822826
2005-02-26,Sat,13,책의 세계,[정보] 내가 살던 마을의 작은 도서관이 나를 만들었다,30,0,1,,,,,https://blog.naver.com/jklovelike/40010822719
2005-02-26,Sat,13,책의 세계,[정보] 독서관련 싸이트 모음..,18,0,1,,,,,https://blog.naver.com/jklovelike/40010822652
2005-02-26,Sat,13,책의 세계,[정보] 책을 읽는 방법은 달라야 한다,21,0,0,,,,,https://blog.naver.com/jklovelike/40010822592
2005-02-26,Sat,13,책의 세계,"[정보] 독서란 밥을 먹는 것처럼, 숨을 쉬는 것처럼 자연스러운..",37,0,1,,,,,https://blog.naver.com/jklovelike/40010822481
2005-02-26,Sat,12,추천/권장 도서목록,좋은 책 추천... 경제 경영서,18,0,1,,,,,https://blog.naver.com/jklovelike/40010822227
2005-02-25,Fri,11,책의 세계,독서에 관하여.,8,0,0,,,,,https://blog.naver.com/jklovelike/40010789591
2005-02-25,Fri,2,추천/권장 도서목록,[인터파크]대학 새내기를 위한 추천도서,22,0,0,,,,,https://blog.naver.com/jklovelike/40010782344
2005-02-24,Thu,2,책을 권하다,도쿄대생은 바보가 되었는가,14,0,3,,,,,https://blog.naver.com/jklovelike/40010750674
2005-02-23,Wed,18,추천/권장 도서목록,추천 교양+경영+실용서적,13,1,6,,,,,https://blog.naver.com/jklovelike/40010738997
2005-02-23,Wed,14,Na,오늘 볼 책,6,2,2,,,,,https://blog.naver.com/jklovelike/40010732627
2005-02-22,Tue,20,추천/권장 도서목록,자기계발 관련 서적,11,0,2,,,,,https://blog.naver.com/jklovelike/40010711204
2005-02-22,Tue,20,책의 세계,[정보] 책 읽는 선수가 되는 비결,19,0,0,,,,,https://blog.naver.com/jklovelike/40010711069
2005-02-22,Tue,19,추천/권장 도서목록,[추천] 21세기에 남을 고전 130권,21,0,3,,,,,https://blog.naver.com/jklovelike/40010710483
2005-02-22,Tue,19,책의 세계,[정보] 홍석기님의 좋은 책 많이 읽는 법..,25,0,1,,,,,https://blog.naver.com/jklovelike/40010709704
2005-02-22,Tue,19,추천/권장 도서목록,[추천] KAIST 테크노 경영대학원 신입생 대상 추천도서!,33,0,1,,,,,https://blog.naver.com/jklovelike/40010709628
2005-02-22,Tue,18,책의 세계,국내의 성공한 독서광들,12,0,1,,,,,https://blog.naver.com/jklovelike/40010706952
2005-02-22,Tue,18,책의 세계,세계의 명사들은 독서광,12,0,0,,,,,https://blog.naver.com/jklovelike/40010706941
2005-02-22,Tue,18,책의 세계,[정보] 성장을 위한 독서 기술,17,0,1,,,,,https://blog.naver.com/jklovelike/40010706897
2005-02-19,Sat,17,추천/권장 도서목록,☆。카페 도서 목록 [2004. 10. 14],25,0,4,,,,,https://blog.naver.com/jklovelike/40010618726
2005-02-18,Fri,22,내가 만난 [책],위대한 개츠비,7,3,2,,,,,https://blog.naver.com/jklovelike/40010599019
2005-02-17,Thu,13,지성과 사랑,"불가능, 그것은 아무것도 아니다",17,2,1,,,,,https://blog.naver.com/jklovelike/40010554238
2005-02-16,Wed,18,문화예술,icolas Hely Hutchinson의 파스텔화,29,0,4,,,,,https://blog.naver.com/jklovelike/40010533239
2005-02-13,Sun,13,책의 세계,재테크를 공부하면서 내겐 새로운 취미가 하나 생겼다. 바로 독서이다.,38,0,1,,,,,https://blog.naver.com/jklovelike/40010434130
2005-02-13,Sun,0,책의 세계,안유석의 독서의 기술,11,0,1,,,,,https://blog.naver.com/jklovelike/40010424159
2005-02-13,Sun,0,책의 세계,독서의 기술,6,0,1,,,,,https://blog.naver.com/jklovelike/40010424028
2005-02-04,Fri,22,지식의 정리,과외토박이의 과외하는 방법,14,3,7,,,,,https://blog.naver.com/jklovelike/40010233437
2005-02-04,Fri,12,수능/수능공부법/합격수기,고승덕 씨 강연 내용 中,13,2,20,1535,0,0,0,https://blog.naver.com/jklovelike/40010213591
2005-02-03,Thu,15,책의 세계,CEO는 책을 얼마나 읽을까?,17,0,1,,,,,https://blog.naver.com/jklovelike/40010186961
2005-02-01,Tue,19,빌 게이츠,비지니스 천재 빌게이츠,12,0,0,,,,,https://blog.naver.com/jklovelike/40010131134
2005-02-01,Tue,19,CEO,젝웰치 GE 전회장의 경영혁신 관련 어록 중,24,0,0,,,,,https://blog.naver.com/jklovelike/40010131074
2005-02-01,Tue,19,CEO,기업 ceo의 가치와 브랜드화(강추자료),22,0,1,,,,,https://blog.naver.com/jklovelike/40010131057
2005-02-01,Tue,18,손정의,손정의,3,0,0,,,,,https://blog.naver.com/jklovelike/40010129224
2005-01-27,Thu,0,CEO,잭웰치가 우리에게 주는 10가지 교훈,21,0,0,,,,,https://blog.naver.com/jklovelike/40009966627
2005-01-27,Thu,0,추천/권장 도서목록,세계를 움직인 100권의 책,15,0,4,,,,,https://blog.naver.com/jklovelike/40009965710
2005-01-27,Thu,0,워렌 버펫,워렌버펫의 가치투자,11,0,2,,,,,https://blog.naver.com/jklovelike/40009965606
2005-01-21,Fri,22,인생의 계획(천 개의 꿈),자기 혁신을 꿈꾸며...,13,5,7,,,,,https://blog.naver.com/jklovelike/40009824979
2005-01-15,Sat,14,CEO,CEO가 되고 싶은 사람들을 위한 7가지 조언,26,0,0,,,,,https://blog.naver.com/jklovelike/40009643902
2005-01-15,Sat,14,CEO,알찬 독서로 경영활력 얻는 CEO들,19,0,0,,,,,https://blog.naver.com/jklovelike/40009643873
2005-01-15,Sat,13,CEO,CEO란?,5,0,0,,,,,https://blog.naver.com/jklovelike/40009643831
2005-01-15,Sat,13,CEO,CEO의 다이어리엔 뭔가 비밀이 있다,20,0,0,,,,,https://blog.naver.com/jklovelike/40009643818
2005-01-11,Tue,12,책의 세계,1주에 책 한 권 읽기!! 많은 추천 부탁드립니다^^,29,0,2,,,,,https://blog.naver.com/jklovelike/40009525520
2005-01-08,Sat,13,Na,일어나자!,5,2,0,,,,,https://blog.naver.com/jklovelike/40009447814
2004-12-27,Mon,13,Na,2004년 12월 27일 [결단의 순간],22,1,0,,,,,https://blog.naver.com/jklovelike/40009121634
2004-12-20,Mon,10,Na,12월 20일 월요일 아침...,17,0,0,,,,,https://blog.naver.com/jklovelike/40008941435
2004-12-11,Sat,5,Na,새벽 5시 사색의 시간...,15,0,0,,,,,https://blog.naver.com/jklovelike/40008693434
2004-12-10,Fri,10,Na,여행 갈 때의 준비물...,14,0,0,,,,,https://blog.naver.com/jklovelike/40008668792
2004-12-09,Thu,19,책의 세계,독 서 법,5,0,1,,,,,https://blog.naver.com/jklovelike/40008654291
2004-12-04,Sat,12,추천/권장 도서목록,서울대 권장도서 200권,13,0,10,,,,,https://blog.naver.com/jklovelike/40008503051
2004-12-03,Fri,19,Na,내가 살고 싶은 집...,13,0,3,,,,,https://blog.naver.com/jklovelike/40008485105
2004-12-02,Thu,16,'데미안'의 젊은 날의 초상,내가 존경하는 링컨...,13,48,9,,,,,https://blog.naver.com/jklovelike/40008450830
2004-10-20,Wed,2,Na,<어린왕자의 10월 19일 일지>,18,2,0,,,,,https://blog.naver.com/jklovelike/40006970060
2004-10-09,Sat,4,Na,[D-49...나에게 하는 말]나의 혁명!,23,1,0,,,,,https://blog.naver.com/jklovelike/40006613661
2004-10-08,Fri,1,Na,앞으로 5일....,10,2,2,,,,,https://blog.naver.com/jklovelike/40006559219
2004-10-07,Thu,11,Na,천재...,5,39,9,,,,,https://blog.naver.com/jklovelike/40006537318
